model,region,aa,ig_value
Transformer-onehot,HCDR3,A,0.0030060564167797
Transformer-onehot,HCDR3,A,-0.0202335361391305
Transformer-onehot,HCDR3,A,0.0728810280561447
Transformer-onehot,HCDR3,A,0.036090187728405
Transformer-onehot,HCDR3,A,0.074785441160202
Transformer-onehot,HCDR3,A,0.6135555505752563
Transformer-onehot,HCDR3,A,0.0246035605669021
Transformer-onehot,HCDR3,A,0.1144626438617706
Transformer-onehot,HCDR3,A,0.0163730513304471
Transformer-onehot,HCDR3,A,-0.0233661849051713
Transformer-onehot,HCDR3,A,0.0008358046761713
Transformer-onehot,HCDR3,A,0.4981539845466614
Transformer-onehot,HCDR3,A,-0.000397448282456
Transformer-onehot,HCDR3,A,-0.0044358260929584
Transformer-onehot,HCDR3,A,-0.0221526212990283
Transformer-onehot,HCDR3,A,0.288018137216568
Transformer-onehot,HCDR3,A,0.1830918043851852
Transformer-onehot,HCDR3,A,0.0908175334334373
Transformer-onehot,HCDR3,A,0.0037793545052409
Transformer-onehot,HCDR3,A,-0.0272114258259534
Transformer-onehot,HCDR3,A,0.0019107698462903
Transformer-onehot,HCDR3,A,2.527129650115967
Transformer-onehot,HCDR3,A,0.0947970151901245
Transformer-onehot,HCDR3,A,0.2872669100761413
Transformer-onehot,HCDR3,A,0.1461497843265533
Transformer-onehot,HCDR3,A,0.0037617711350321
Transformer-onehot,HCDR3,A,0.4849342703819275
Transformer-onehot,HCDR3,A,0.6000706553459167
Transformer-onehot,HCDR3,A,0.3740200400352478
Transformer-onehot,HCDR3,A,0.03851068764925
Transformer-onehot,HCDR3,A,0.0932387933135032
Transformer-onehot,HCDR3,A,-0.0281781703233718
Transformer-onehot,HCDR3,A,-0.0159578416496515
Transformer-onehot,HCDR3,A,0.5198653936386108
Transformer-onehot,HCDR3,A,0.0105320075526833
Transformer-onehot,HCDR3,A,-0.0020169308409094
Transformer-onehot,HCDR3,A,0.6762114763259888
Transformer-onehot,HCDR3,A,0.0039887344464659
Transformer-onehot,HCDR3,A,0.002847033785656
Transformer-onehot,HCDR3,A,-0.0320119522511959
Transformer-onehot,HCDR3,A,0.430513322353363
Transformer-onehot,HCDR3,A,-0.0395268760621547
Transformer-onehot,HCDR3,A,0.2504116296768188
Transformer-onehot,HCDR3,A,0.0032260464504361
Transformer-onehot,HCDR3,A,-0.0060667488723993
Transformer-onehot,HCDR3,A,-0.0769296213984489
Transformer-onehot,HCDR3,A,-0.0598126910626888
Transformer-onehot,HCDR3,A,0.002345229499042
Transformer-onehot,HCDR3,A,0.2103495001792907
Transformer-onehot,HCDR3,A,0.0191114768385887
Transformer-onehot,HCDR3,A,0.0473474152386188
Transformer-onehot,HCDR3,A,-0.0392850637435913
Transformer-onehot,HCDR3,A,0.0023089086171239
Transformer-onehot,HCDR3,A,0.1728986799716949
Transformer-onehot,HCDR3,A,0.0480202361941337
Transformer-onehot,HCDR3,A,-0.0263125803321599
Transformer-onehot,HCDR3,A,-0.0170102305710315
Transformer-onehot,HCDR3,A,0.0018602227792143
Transformer-onehot,HCDR3,A,0.1932733952999115
Transformer-onehot,HCDR3,A,-0.0277613811194896
Transformer-onehot,HCDR3,A,-0.0598637908697128
Transformer-onehot,HCDR3,A,0.0012847733451053
Transformer-onehot,HCDR3,A,-0.0002479877439327
Transformer-onehot,HCDR3,A,-0.0213606897741556
Transformer-onehot,HCDR3,A,-0.005644354969263
Transformer-onehot,HCDR3,A,0.1032524779438972
Transformer-onehot,HCDR3,A,0.1588147282600402
Transformer-onehot,HCDR3,A,0.2997360229492187
Transformer-onehot,HCDR3,A,-0.0098197907209396
Transformer-onehot,HCDR3,A,-0.0134402960538864
Transformer-onehot,HCDR3,A,0.4058797657489776
Transformer-onehot,HCDR3,A,-0.0083088539540767
Transformer-onehot,HCDR3,A,-0.0051680267788469
Transformer-onehot,HCDR3,A,0.0024423736613243
Transformer-onehot,HCDR3,A,1.048303246498108
Transformer-onehot,HCDR3,A,0.0
Transformer-onehot,HCDR3,A,-0.0477545335888862
Transformer-onehot,HCDR3,A,0.0048064612783491
Transformer-onehot,HCDR3,A,1.1327545642852783
Transformer-onehot,HCDR3,A,0.0014136877143755
Transformer-onehot,HCDR3,A,0.0820129141211509
Transformer-onehot,HCDR3,A,0.1383987963199615
Transformer-onehot,HCDR3,A,0.0154753969982266
Transformer-onehot,HCDR3,A,0.3505804240703583
Transformer-onehot,HCDR3,A,0.2919920980930328
Transformer-onehot,HCDR3,A,0.5667316913604736
Transformer-onehot,HCDR3,A,0.4935141801834106
Transformer-onehot,HCDR3,A,0.3594968020915985
Transformer-onehot,HCDR3,A,0.1383715718984604
Transformer-onehot,HCDR3,A,-0.0153992110863327
Transformer-onehot,HCDR3,A,-0.0540805719792842
Transformer-onehot,HCDR3,A,0.0026781694032251
Transformer-onehot,HCDR3,A,0.0767473503947258
Transformer-onehot,HCDR3,A,0.040628507733345
Transformer-onehot,HCDR3,A,0.0033599517773836
Transformer-onehot,HCDR3,A,-0.0088855186477303
Transformer-onehot,HCDR3,A,-0.0259345341473817
Transformer-onehot,HCDR3,A,-0.0211435761302709
Transformer-onehot,HCDR3,A,0.6859950423240662
Transformer-onehot,HCDR3,A,0.0032330797985196
Transformer-onehot,HCDR3,A,0.1499852538108825
Transformer-onehot,HCDR3,A,0.0254981592297554
Transformer-onehot,HCDR3,A,-0.0041266418993473
Transformer-onehot,HCDR3,A,-0.0388748236000537
Transformer-onehot,HCDR3,A,-0.0407554171979427
Transformer-onehot,HCDR3,A,-0.0084419660270214
Transformer-onehot,HCDR3,A,0.3290928900241852
Transformer-onehot,HCDR3,A,1.6119712591171265
Transformer-onehot,HCDR3,A,1.0169225931167605
Transformer-onehot,HCDR3,A,0.0035968064330518
Transformer-onehot,HCDR3,A,-0.0081107188016176
Transformer-onehot,HCDR3,A,0.0214676763862371
Transformer-onehot,HCDR3,A,0.0511156506836414
Transformer-onehot,HCDR3,A,-0.0210934914648532
Transformer-onehot,HCDR3,A,-0.0318325832486152
Transformer-onehot,HCDR3,A,0.0027615283615887
Transformer-onehot,HCDR3,A,0.0029812001157552
Transformer-onehot,HCDR3,A,-0.027560893446207
Transformer-onehot,HCDR3,A,0.0033239044714719
Transformer-onehot,HCDR3,A,0.0634670406579971
Transformer-onehot,HCDR3,A,0.0179863441735506
Transformer-onehot,HCDR3,A,-0.0136554297059774
Transformer-onehot,HCDR3,A,0.0018684145761653
Transformer-onehot,HCDR3,A,0.2167675346136093
Transformer-onehot,HCDR3,A,0.6703698039054871
Transformer-onehot,HCDR3,A,0.1131294667720794
Transformer-onehot,HCDR3,A,0.0896836891770362
Transformer-onehot,HCDR3,A,0.2371960580348968
Transformer-onehot,HCDR3,A,-0.0277211163192987
Transformer-onehot,HCDR3,A,0.0483079738914966
Transformer-onehot,HCDR3,A,0.0023946897126734
Transformer-onehot,HCDR3,A,0.0020190011709928
Transformer-onehot,HCDR3,A,-0.0124087054282426
Transformer-onehot,HCDR3,A,0.0029184473678469
Transformer-onehot,HCDR3,A,0.3724104464054107
Transformer-onehot,HCDR3,A,-0.0071899280883371
Transformer-onehot,HCDR3,A,-0.0301540829241275
Transformer-onehot,HCDR3,A,-0.0660776495933532
Transformer-onehot,HCDR3,A,0.3753190040588379
Transformer-onehot,HCDR3,A,0.0896060317754745
Transformer-onehot,HCDR3,A,0.0019231139449402
Transformer-onehot,HCDR3,A,0.0029076794162392
Transformer-onehot,HCDR3,A,0.3829776346683502
Transformer-onehot,HCDR3,A,0.0040921852923929
Transformer-onehot,HCDR3,A,0.0541751980781555
Transformer-onehot,HCDR3,A,0.2144714891910553
Transformer-onehot,HCDR3,A,0.7364909648895264
Transformer-onehot,HCDR3,A,-0.0354735255241394
Transformer-onehot,HCDR3,A,0.0812176764011383
Transformer-onehot,HCDR3,A,-0.0262338612228631
Transformer-onehot,HCDR3,A,0.0181149076670408
Transformer-onehot,HCDR3,A,0.0802130028605461
Transformer-onehot,HCDR3,A,0.3398169279098511
Transformer-onehot,HCDR3,A,-0.0030497866682708
Transformer-onehot,HCDR3,A,0.1542099118232727
Transformer-onehot,HCDR3,A,1.716069221496582
Transformer-onehot,HCDR3,A,-0.0062024965882301
Transformer-onehot,HCDR3,A,-0.0023570288904011
Transformer-onehot,HCDR3,A,0.0630626529455185
Transformer-onehot,HCDR3,A,0.231570303440094
Transformer-onehot,HCDR3,A,0.6409644484519958
Transformer-onehot,HCDR3,A,0.0365371368825435
Transformer-onehot,HCDR3,A,0.907100796699524
Transformer-onehot,HCDR3,A,0.0025320507120341
Transformer-onehot,HCDR3,A,0.2577359676361084
Transformer-onehot,HCDR3,A,1.146691918373108
Transformer-onehot,HCDR3,A,0.0797444954514503
Transformer-onehot,HCDR3,A,0.0011785413371399
Transformer-onehot,HCDR3,A,0.0750731080770492
Transformer-onehot,HCDR3,A,0.6107171773910522
Transformer-onehot,HCDR3,A,-0.0003124086360912
Transformer-onehot,HCDR3,A,-0.0190417598932981
Transformer-onehot,HCDR3,A,0.0016549483407288
Transformer-onehot,HCDR3,A,-0.0140337534248828
Transformer-onehot,HCDR3,A,0.0333590470254421
Transformer-onehot,HCDR3,A,0.0551436282694339
Transformer-onehot,HCDR3,A,0.0533672124147415
Transformer-onehot,HCDR3,A,0.0029779821634292
Transformer-onehot,HCDR3,A,0.1559549272060394
Transformer-onehot,HCDR3,A,-0.0036492743529379
Transformer-onehot,HCDR3,A,0.0029489297885447
Transformer-onehot,HCDR3,A,0.0769125670194625
Transformer-onehot,HCDR3,A,0.0674285143613815
Transformer-onehot,HCDR3,A,-0.0882143303751945
Transformer-onehot,HCDR3,A,-0.0029925722628831
Transformer-onehot,HCDR3,A,0.0031409834045916
Transformer-onehot,HCDR3,A,0.1025466471910476
Transformer-onehot,HCDR3,A,0.0957969427108764
Transformer-onehot,HCDR3,A,3.089205265045166
Transformer-onehot,HCDR3,A,0.0020972967613488
Transformer-onehot,HCDR3,A,-0.0052248509600758
Transformer-onehot,HCDR3,A,-0.0440102890133857
Transformer-onehot,HCDR3,A,0.7603789567947388
Transformer-onehot,HCDR3,A,0.263212114572525
Transformer-onehot,HCDR3,A,-0.0434737876057624
Transformer-onehot,HCDR3,A,-0.0191672462970018
Transformer-onehot,HCDR3,A,0.145430326461792
Transformer-onehot,HCDR3,A,0.0745007917284965
Transformer-onehot,HCDR3,A,0.0878493189811706
Transformer-onehot,HCDR3,A,-0.0681899189949035
Transformer-onehot,HCDR3,A,-0.0415635593235492
Transformer-onehot,HCDR3,A,0.4819626212120056
Transformer-onehot,HCDR3,A,0.5431865453720093
Transformer-onehot,HCDR3,A,0.5031206607818604
Transformer-onehot,HCDR3,A,0.1382286548614502
Transformer-onehot,HCDR3,A,0.7971964478492737
Transformer-onehot,HCDR3,A,0.0956019163131713
Transformer-onehot,HCDR3,A,0.0996736362576484
Transformer-onehot,HCDR3,A,0.143318310379982
Transformer-onehot,HCDR3,A,0.351389616727829
Transformer-onehot,HCDR3,A,0.0925704538822174
Transformer-onehot,HCDR3,A,-0.010199099779129
Transformer-onehot,HCDR3,A,0.4248146414756775
Transformer-onehot,HCDR3,A,-0.0007905616075731
Transformer-onehot,HCDR3,A,-0.0039388691075146
Transformer-onehot,HCDR3,A,0.6539921760559082
Transformer-onehot,HCDR3,A,-0.0341466292738914
Transformer-onehot,HCDR3,A,0.0399777777493
Transformer-onehot,HCDR3,A,-0.000610192248132
Transformer-onehot,HCDR3,A,0.6604489684104919
Transformer-onehot,HCDR3,A,0.2058185487985611
Transformer-onehot,HCDR3,A,0.1462391763925552
Transformer-onehot,HCDR3,A,0.2567395865917206
Transformer-onehot,HCDR3,A,-0.0368895716965198
Transformer-onehot,HCDR3,A,0.0959667563438415
Transformer-onehot,HCDR3,A,0.0873873904347419
Transformer-onehot,HCDR3,A,0.002096805954352
Transformer-onehot,HCDR3,A,-0.000892911280971
Transformer-onehot,HCDR3,A,0.1034046337008476
Transformer-onehot,HCDR3,A,0.2588982284069061
Transformer-onehot,HCDR3,A,0.3221025466918945
Transformer-onehot,HCDR3,A,0.1654909253120422
Transformer-onehot,HCDR3,A,0.0486960411071777
Transformer-onehot,HCDR3,A,0.8401263952255249
Transformer-onehot,HCDR3,A,-0.0538009703159332
Transformer-onehot,HCDR3,A,-0.0039241812191903
Transformer-onehot,HCDR3,A,0.0573592148721218
Transformer-onehot,HCDR3,A,-0.0046217208728194
Transformer-onehot,HCDR3,A,0.0022853643167763
Transformer-onehot,HCDR3,A,0.0906402915716171
Transformer-onehot,HCDR3,A,0.285531222820282
Transformer-onehot,HCDR3,A,0.0008140505524352
Transformer-onehot,HCDR3,A,0.0802850127220153
Transformer-onehot,HCDR3,A,-0.0115170013159513
Transformer-onehot,HCDR3,A,0.0212453138083219
Transformer-onehot,HCDR3,A,-0.0315666794776916
Transformer-onehot,HCDR3,A,0.5525256991386414
Transformer-onehot,HCDR3,A,0.7036885619163513
Transformer-onehot,HCDR3,A,-0.0386627353727817
Transformer-onehot,HCDR3,A,0.0713620409369468
Transformer-onehot,HCDR3,A,-0.0050093117170035
Transformer-onehot,HCDR3,A,0.1343127340078354
Transformer-onehot,HCDR3,A,0.0005467205774039
Transformer-onehot,HCDR3,A,0.0011079855030402
Transformer-onehot,HCDR3,A,1.4692602157592771
Transformer-onehot,HCDR3,A,0.4048051834106445
Transformer-onehot,HCDR3,A,0.5400814414024353
Transformer-onehot,HCDR3,A,-0.0026341604534536
Transformer-onehot,HCDR3,A,0.0023493433836847
Transformer-onehot,HCDR3,A,-0.0057598450221121
Transformer-onehot,HCDR3,A,-0.0049728485755622
Transformer-onehot,HCDR3,A,-0.0065449737012386
Transformer-onehot,HCDR3,A,0.800033450126648
Transformer-onehot,HCDR3,A,0.0026729987002909
Transformer-onehot,HCDR3,A,-0.0510165281593799
Transformer-onehot,HCDR3,A,0.1194373965263366
Transformer-onehot,HCDR3,A,0.6605634689331055
Transformer-onehot,HCDR3,A,0.4957497417926788
Transformer-onehot,HCDR3,A,0.0024968436919152
Transformer-onehot,HCDR3,A,0.0516738072037696
Transformer-onehot,HCDR3,A,0.1977642327547073
Transformer-onehot,HCDR3,A,-0.0034068170934915
Transformer-onehot,HCDR3,A,0.6523975133895874
Transformer-onehot,HCDR3,A,0.1948909163475036
Transformer-onehot,HCDR3,A,0.0019008091185241
Transformer-onehot,HCDR3,A,-0.0096795670688152
Transformer-onehot,HCDR3,A,0.0012760402169078
Transformer-onehot,HCDR3,A,0.4657684862613678
Transformer-onehot,HCDR3,A,0.044373195618391
Transformer-onehot,HCDR3,A,-0.0108693456277251
Transformer-onehot,HCDR3,A,0.0017691636458039
Transformer-onehot,HCDR3,A,0.114382155239582
Transformer-onehot,HCDR3,A,0.3464596569538116
Transformer-onehot,HCDR3,A,0.0010341014713048
Transformer-onehot,HCDR3,A,0.795730710029602
Transformer-onehot,HCDR3,A,-0.0057934923097491
Transformer-onehot,HCDR3,A,0.1292434781789779
Transformer-onehot,HCDR3,A,0.2182750552892685
Transformer-onehot,HCDR3,A,0.002407255815342
Transformer-onehot,HCDR3,A,0.4816939532756805
Transformer-onehot,HCDR3,A,0.4851131439208984
Transformer-onehot,HCDR3,A,0.3943939208984375
Transformer-onehot,HCDR3,A,0.1502507030963897
Transformer-onehot,HCDR3,A,-0.0039575533010065
Transformer-onehot,HCDR3,A,-0.0061719785444438
Transformer-onehot,HCDR3,A,0.2816323041915893
Transformer-onehot,HCDR3,A,-0.0020732393022626
Transformer-onehot,HCDR3,A,0.9444864988327026
Transformer-onehot,HCDR3,A,-0.0154110910370945
Transformer-onehot,HCDR3,A,0.4614879190921783
Transformer-onehot,HCDR3,A,1.2056760787963867
Transformer-onehot,HCDR3,A,-0.0010507792467251
Transformer-onehot,HCDR3,A,0.1614855229854583
Transformer-onehot,HCDR3,A,-0.0164784211665391
Transformer-onehot,HCDR3,A,-0.0011220193700864
Transformer-onehot,HCDR3,A,-0.0090508591383695
Transformer-onehot,HCDR3,A,0.0013425698271021
Transformer-onehot,HCDR3,A,-0.0520421005785465
Transformer-onehot,HCDR3,A,-0.0022402256727218
Transformer-onehot,HCDR3,A,0.5491019487380981
Transformer-onehot,HCDR3,A,0.0024345614947378
Transformer-onehot,HCDR3,A,0.0987381190061569
Transformer-onehot,HCDR3,A,0.2491763979196548
Transformer-onehot,HCDR3,A,0.5443935394287109
Transformer-onehot,HCDR3,A,0.2492463588714599
Transformer-onehot,HCDR3,A,-0.0029052898753434
Transformer-onehot,HCDR3,A,0.0019314491655677
Transformer-onehot,HCDR3,A,0.1615050733089447
Transformer-onehot,HCDR3,A,0.5877832770347595
Transformer-onehot,HCDR3,A,0.0008188126957975
Transformer-onehot,HCDR3,A,0.0715306848287582
Transformer-onehot,HCDR3,A,0.5843585729598999
Transformer-onehot,HCDR3,A,0.0486889481544494
Transformer-onehot,HCDR3,A,0.0016840418102219
Transformer-onehot,HCDR3,A,-0.0076516335830092
Transformer-onehot,HCDR3,A,0.1723215728998184
Transformer-onehot,HCDR3,A,-0.005469549447298
Transformer-onehot,HCDR3,A,0.287281334400177
Transformer-onehot,HCDR3,A,0.0009744571289047
Transformer-onehot,HCDR3,A,-0.0005746477399952
Transformer-onehot,HCDR3,A,0.0021765735000371
Transformer-onehot,HCDR3,A,-0.0069461297243833
Transformer-onehot,HCDR3,A,0.4070841073989868
Transformer-onehot,HCDR3,A,0.002532375510782
Transformer-onehot,HCDR3,A,-0.0070934048853814
Transformer-onehot,HCDR3,A,0.2459830194711685
Transformer-onehot,HCDR3,A,-0.0105101903900504
Transformer-onehot,HCDR3,A,1.738192796707153
Transformer-onehot,HCDR3,A,0.4335106611251831
Transformer-onehot,HCDR3,A,0.001486690249294
Transformer-onehot,HCDR3,A,0.314524382352829
Transformer-onehot,HCDR3,A,-0.0021021633874624
Transformer-onehot,HCDR3,A,-0.0016179346712306
Transformer-onehot,HCDR3,A,0.3975276350975036
Transformer-onehot,HCDR3,A,1.375836730003357
Transformer-onehot,HCDR3,A,-0.0077470601536333
Transformer-onehot,HCDR3,A,0.787601113319397
Transformer-onehot,HCDR3,A,0.2133456468582153
Transformer-onehot,HCDR3,A,0.3072398900985718
Transformer-onehot,HCDR3,A,0.2618225216865539
Transformer-onehot,HCDR3,A,0.550979733467102
Transformer-onehot,HCDR3,A,0.078333206474781
Transformer-onehot,HCDR3,A,0.5560914278030396
Transformer-onehot,HCDR3,A,-0.0029003890231251
Transformer-onehot,HCDR3,A,0.1383667141199112
Transformer-onehot,HCDR3,A,-0.0015749235171824
Transformer-onehot,HCDR3,A,-0.0080364122986793
Transformer-onehot,HCDR3,A,0.1008820161223411
Transformer-onehot,HCDR3,A,-0.009087442420423
Transformer-onehot,HCDR3,A,0.4183451533317566
Transformer-onehot,HCDR3,A,0.0025522890500724
Transformer-onehot,HCDR3,A,0.2717052102088928
Transformer-onehot,HCDR3,A,0.4247771203517914
Transformer-onehot,HCDR3,A,0.3768969476222992
Transformer-onehot,HCDR3,A,-0.0423357225954532
Transformer-onehot,HCDR3,A,1.1830358505249023
Transformer-onehot,HCDR3,A,0.0020138097461313
Transformer-onehot,HCDR3,A,-0.0032696181442588
Transformer-onehot,HCDR3,A,0.5414210557937622
Transformer-onehot,HCDR3,A,0.2674450278282165
Transformer-onehot,HCDR3,A,0.06642447412014
Transformer-onehot,HCDR3,A,0.1752267479896545
Transformer-onehot,HCDR3,A,0.3160068690776825
Transformer-onehot,HCDR3,A,-0.005144570954144
Transformer-onehot,HCDR3,A,0.0017214494291692
Transformer-onehot,HCDR3,A,-0.0048253331333398
Transformer-onehot,HCDR3,A,-0.0031230917666107
Transformer-onehot,HCDR3,A,-0.0209675338119268
Transformer-onehot,HCDR3,A,0.0560842268168926
Transformer-onehot,HCDR3,A,0.0026821589563041
Transformer-onehot,HCDR3,A,0.2662670016288757
Transformer-onehot,HCDR3,A,6.591006240341812e-05
Transformer-onehot,HCDR3,A,-0.0092569785192608
Transformer-onehot,HCDR3,A,0.2065191715955734
Transformer-onehot,HCDR3,A,0.922619104385376
Transformer-onehot,HCDR3,A,0.0026920565869659
Transformer-onehot,HCDR3,A,-0.0017498144879937
Transformer-onehot,HCDR3,A,0.0005129809724166
Transformer-onehot,HCDR3,A,-0.0007035181042738
Transformer-onehot,HCDR3,A,0.1081710532307624
Transformer-onehot,HCDR3,A,0.0018267852719873
Transformer-onehot,HCDR3,A,-0.0047823837958276
Transformer-onehot,HCDR3,A,-0.0148607427254319
Transformer-onehot,HCDR3,A,0.0887151658535003
Transformer-onehot,HCDR3,A,-0.0041617047972977
Transformer-onehot,HCDR3,A,-0.0199830587953329
Transformer-onehot,HCDR3,A,-0.0104575594887137
Transformer-onehot,HCDR3,A,0.7332905530929565
Transformer-onehot,HCDR3,A,0.3027231395244598
Transformer-onehot,HCDR3,A,-0.0105744265019893
Transformer-onehot,HCDR3,A,-0.006769785657525
Transformer-onehot,HCDR3,A,0.2321453988552093
Transformer-onehot,HCDR3,A,-0.0099524650722742
Transformer-onehot,HCDR3,A,0.4114507138729095
Transformer-onehot,HCDR3,A,0.6951109170913696
Transformer-onehot,HCDR3,A,0.0021703492384403
Transformer-onehot,HCDR3,A,-0.0070362887345254
Transformer-onehot,HCDR3,A,0.3077132403850555
Transformer-onehot,HCDR3,A,0.7827425003051758
Transformer-onehot,HCDR3,A,0.1451430767774582
Transformer-onehot,HCDR3,A,0.1605013012886047
Transformer-onehot,HCDR3,A,-0.0049798288382589
Transformer-onehot,HCDR3,A,-0.0407730489969253
Transformer-onehot,HCDR3,A,-0.0061668693087995
Transformer-onehot,HCDR3,A,0.4747627973556518
Transformer-onehot,HCDR3,A,0.0012036935659125
Transformer-onehot,HCDR3,A,-0.0893036350607872
Transformer-onehot,HCDR3,A,1.0563302040100098
Transformer-onehot,HCDR3,A,0.8257505893707275
Transformer-onehot,HCDR3,A,-0.0027280077338218
Transformer-onehot,HCDR3,A,-0.0031573006417602
Transformer-onehot,HCDR3,A,0.297728955745697
Transformer-onehot,HCDR3,A,0.0010822657495737
Transformer-onehot,HCDR3,A,0.4204483032226562
Transformer-onehot,HCDR3,A,-0.0559925138950347
Transformer-onehot,HCDR3,A,-0.0028581016231328
Transformer-onehot,HCDR3,A,0.0024154349230229
Transformer-onehot,HCDR3,A,-0.0080056330189108
Transformer-onehot,HCDR3,A,-0.0409590229392051
Transformer-onehot,HCDR3,A,0.2021030187606811
Transformer-onehot,HCDR3,A,0.2570886611938476
Transformer-onehot,HCDR3,A,-0.0093412874266505
Transformer-onehot,HCDR3,A,0.0032748403027653
Transformer-onehot,HCDR3,A,-0.0161921363323926
Transformer-onehot,HCDR3,A,-0.002704978454858
Transformer-onehot,HCDR3,A,-0.0068551716394722
Transformer-onehot,HCDR3,A,0.0020725182257592
Transformer-onehot,HCDR3,A,0.4462492763996124
Transformer-onehot,HCDR3,A,-0.0001033319203997
Transformer-onehot,HCDR3,A,0.003253333736211
Transformer-onehot,HCDR3,A,-0.0005254988209344
Transformer-onehot,HCDR3,A,0.1169171556830406
Transformer-onehot,HCDR3,A,-0.0161609146744012
Transformer-onehot,HCDR3,A,-0.0213940665125846
Transformer-onehot,HCDR3,A,1.5705267190933228
Transformer-onehot,HCDR3,A,0.4245260953903198
Transformer-onehot,HCDR3,A,-0.021349798887968
Transformer-onehot,HCDR3,A,-0.0007056461181491
Transformer-onehot,HCDR3,A,0.245085135102272
Transformer-onehot,HCDR3,A,0.276895523071289
Transformer-onehot,HCDR3,A,-0.0040132678113877
Transformer-onehot,HCDR3,A,0.3827287852764129
Transformer-onehot,HCDR3,A,0.1414899677038192
Transformer-onehot,HCDR3,A,-0.0052083590999245
Transformer-onehot,HCDR3,A,0.5492867827415466
Transformer-onehot,HCDR3,A,-0.0039477739483118
Transformer-onehot,HCDR3,A,0.0026228607166558
Transformer-onehot,HCDR3,A,0.2796717882156372
Transformer-onehot,HCDR3,A,0.0606678053736686
Transformer-onehot,HCDR3,A,0.0494450442492961
Transformer-onehot,HCDR3,A,0.0740899667143821
Transformer-onehot,HCDR3,A,-0.0001072169688995
Transformer-onehot,HCDR3,A,0.62159264087677
Transformer-onehot,HCDR3,A,0.001448679016903
Transformer-onehot,HCDR3,A,-0.00240472657606
Transformer-onehot,HCDR3,A,0.7199132442474365
Transformer-onehot,HCDR3,A,-0.0206525679677724
Transformer-onehot,HCDR3,A,-0.0097841322422027
Transformer-onehot,HCDR3,A,0.0019612743053585
Transformer-onehot,HCDR3,A,0.569537341594696
Transformer-onehot,HCDR3,A,0.0010514257010072
Transformer-onehot,HCDR3,A,0.2141072750091552
Transformer-onehot,HCDR3,A,0.0138120576739311
Transformer-onehot,HCDR3,A,0.2898210287094116
Transformer-onehot,HCDR3,A,0.0027132392860949
Transformer-onehot,HCDR3,A,0.1686631590127945
Transformer-onehot,HCDR3,A,0.4773315787315368
Transformer-onehot,HCDR3,A,0.0027002820279449
Transformer-onehot,HCDR3,A,0.734237551689148
Transformer-onehot,HCDR3,A,0.3452576100826263
Transformer-onehot,HCDR3,A,0.3540629148483276
Transformer-onehot,HCDR3,A,1.3193871974945068
Transformer-onehot,HCDR3,A,0.0004450046108104
Transformer-onehot,HCDR3,A,0.1272925287485122
Transformer-onehot,HCDR3,A,0.6008206009864807
Transformer-onehot,HCDR3,A,0.4470367133617401
Transformer-onehot,HCDR3,A,0.4614593088626861
Transformer-onehot,HCDR3,A,-0.0481457933783531
Transformer-onehot,HCDR3,A,0.0022125162649899
Transformer-onehot,HCDR3,A,0.2990887463092804
Transformer-onehot,HCDR3,A,0.028873261064291
Transformer-onehot,HCDR3,A,-0.0022065811790525
Transformer-onehot,HCDR3,A,-0.0137736508622765
Transformer-onehot,HCDR3,A,0.2102241814136505
Transformer-onehot,HCDR3,A,0.1770416349172592
Transformer-onehot,HCDR3,A,0.0018924790201708
Transformer-onehot,HCDR3,A,-0.0247128643095493
Transformer-onehot,HCDR3,A,-0.0147852441295981
Transformer-onehot,HCDR3,A,0.0879649966955185
Transformer-onehot,HCDR3,A,0.1941645592451095
Transformer-onehot,HCDR3,C,0.0155689995735883
Transformer-onehot,HCDR3,C,0.1327003091573715
Transformer-onehot,HCDR3,C,0.0125830266624689
Transformer-onehot,HCDR3,C,0.0234407968819141
Transformer-onehot,HCDR3,C,0.0139223234727978
Transformer-onehot,HCDR3,C,0.1016485467553138
Transformer-onehot,HCDR3,C,0.0139872739091515
Transformer-onehot,HCDR3,C,0.0128572899848222
Transformer-onehot,HCDR3,C,0.0159922949969768
Transformer-onehot,HCDR3,C,0.1636658906936645
Transformer-onehot,HCDR3,C,0.0391608290374279
Transformer-onehot,HCDR3,C,0.1390657126903534
Transformer-onehot,HCDR3,C,0.0171582102775573
Transformer-onehot,HCDR3,C,0.0528664328157901
Transformer-onehot,HCDR3,C,0.0917757302522659
Transformer-onehot,HCDR3,C,0.0554178655147552
Transformer-onehot,HCDR3,C,0.0340159088373184
Transformer-onehot,HCDR3,C,0.0609711781144142
Transformer-onehot,HCDR3,C,0.0093568284064531
Transformer-onehot,HCDR3,C,0.1348308622837066
Transformer-onehot,HCDR3,C,0.0217998754233121
Transformer-onehot,HCDR3,C,0.14296555519104
Transformer-onehot,HCDR3,C,0.0212639383971691
Transformer-onehot,HCDR3,C,0.0976520404219627
Transformer-onehot,HCDR3,C,0.0234237816184759
Transformer-onehot,HCDR3,C,0.0089908046647906
Transformer-onehot,HCDR3,C,0.0802792310714721
Transformer-onehot,HCDR3,C,0.1104523167014122
Transformer-onehot,HCDR3,C,0.091739647090435
Transformer-onehot,HCDR3,C,0.0226937811821699
Transformer-onehot,HCDR3,C,0.0246654395014047
Transformer-onehot,HCDR3,C,0.1397942304611206
Transformer-onehot,HCDR3,C,0.0539945662021636
Transformer-onehot,HCDR3,C,0.1118038073182106
Transformer-onehot,HCDR3,C,0.0103506026789546
Transformer-onehot,HCDR3,C,0.0544149689376354
Transformer-onehot,HCDR3,C,0.1595083028078079
Transformer-onehot,HCDR3,C,0.039905160665512
Transformer-onehot,HCDR3,C,0.0085370000451803
Transformer-onehot,HCDR3,C,0.1319590955972671
Transformer-onehot,HCDR3,C,0.1106641516089439
Transformer-onehot,HCDR3,C,0.1512350440025329
Transformer-onehot,HCDR3,C,0.0341760329902172
Transformer-onehot,HCDR3,C,0.0143297165632247
Transformer-onehot,HCDR3,C,0.0620770826935768
Transformer-onehot,HCDR3,C,0.1528887152671814
Transformer-onehot,HCDR3,C,0.1898747831583023
Transformer-onehot,HCDR3,C,0.0236690714955329
Transformer-onehot,HCDR3,C,0.021204799413681
Transformer-onehot,HCDR3,C,0.0144843664020299
Transformer-onehot,HCDR3,C,0.0354432016611099
Transformer-onehot,HCDR3,C,0.1167943403124809
Transformer-onehot,HCDR3,C,0.0045499824918806
Transformer-onehot,HCDR3,C,0.0310223009437322
Transformer-onehot,HCDR3,C,0.0287605561316013
Transformer-onehot,HCDR3,C,0.1064210832118988
Transformer-onehot,HCDR3,C,0.0435052700340747
Transformer-onehot,HCDR3,C,0.0101429196074604
Transformer-onehot,HCDR3,C,0.0579106546938419
Transformer-onehot,HCDR3,C,0.1265478432178497
Transformer-onehot,HCDR3,C,0.2071741074323654
Transformer-onehot,HCDR3,C,0.0242733415216207
Transformer-onehot,HCDR3,C,0.0182732827961444
Transformer-onehot,HCDR3,C,0.0820134580135345
Transformer-onehot,HCDR3,C,0.0442840978503227
Transformer-onehot,HCDR3,C,0.049578670412302
Transformer-onehot,HCDR3,C,0.0671120136976242
Transformer-onehot,HCDR3,C,0.1668077558279037
Transformer-onehot,HCDR3,C,0.0992733314633369
Transformer-onehot,HCDR3,C,0.0348359495401382
Transformer-onehot,HCDR3,C,0.1012697592377662
Transformer-onehot,HCDR3,C,0.0565202012658119
Transformer-onehot,HCDR3,C,0.0447599813342094
Transformer-onehot,HCDR3,C,0.0137674221768975
Transformer-onehot,HCDR3,C,0.0969628021121025
Transformer-onehot,HCDR3,C,0.0012385903391987
Transformer-onehot,HCDR3,C,0.1234494671225547
Transformer-onehot,HCDR3,C,0.0177029091864824
Transformer-onehot,HCDR3,C,0.0955262631177902
Transformer-onehot,HCDR3,C,0.0296890027821064
Transformer-onehot,HCDR3,C,0.0932010784745216
Transformer-onehot,HCDR3,C,0.0206828508526086
Transformer-onehot,HCDR3,C,0.0067656799219548
Transformer-onehot,HCDR3,C,0.0779038667678833
Transformer-onehot,HCDR3,C,0.0749601423740387
Transformer-onehot,HCDR3,C,0.1642953306436538
Transformer-onehot,HCDR3,C,0.0934797823429107
Transformer-onehot,HCDR3,C,0.1493078619241714
Transformer-onehot,HCDR3,C,0.0241418238729238
Transformer-onehot,HCDR3,C,0.0584389343857765
Transformer-onehot,HCDR3,C,0.2456578612327575
Transformer-onehot,HCDR3,C,0.0095862187445163
Transformer-onehot,HCDR3,C,0.0268743261694908
Transformer-onehot,HCDR3,C,0.0363020524382591
Transformer-onehot,HCDR3,C,0.0480305217206478
Transformer-onehot,HCDR3,C,0.071213848888874
Transformer-onehot,HCDR3,C,0.1405171751976013
Transformer-onehot,HCDR3,C,0.1112106367945671
Transformer-onehot,HCDR3,C,0.1824173033237457
Transformer-onehot,HCDR3,C,0.0142803974449634
Transformer-onehot,HCDR3,C,0.0223754290491342
Transformer-onehot,HCDR3,C,0.0299035049974918
Transformer-onehot,HCDR3,C,0.0520555563271045
Transformer-onehot,HCDR3,C,0.1228555291891098
Transformer-onehot,HCDR3,C,0.1561825424432754
Transformer-onehot,HCDR3,C,0.0741622224450111
Transformer-onehot,HCDR3,C,0.0537774339318275
Transformer-onehot,HCDR3,C,0.2250986844301223
Transformer-onehot,HCDR3,C,0.2273062318563461
Transformer-onehot,HCDR3,C,0.0104485610499978
Transformer-onehot,HCDR3,C,0.0343520455062389
Transformer-onehot,HCDR3,C,0.0126321837306022
Transformer-onehot,HCDR3,C,0.0509058944880962
Transformer-onehot,HCDR3,C,0.0552132129669189
Transformer-onehot,HCDR3,C,0.0689774751663208
Transformer-onehot,HCDR3,C,0.0138097191229462
Transformer-onehot,HCDR3,C,0.0251121390610933
Transformer-onehot,HCDR3,C,0.1794265806674957
Transformer-onehot,HCDR3,C,0.0101489219814538
Transformer-onehot,HCDR3,C,0.0167494211345911
Transformer-onehot,HCDR3,C,0.0187147818505764
Transformer-onehot,HCDR3,C,0.035048708319664
Transformer-onehot,HCDR3,C,0.0141914561390876
Transformer-onehot,HCDR3,C,0.0222865249961614
Transformer-onehot,HCDR3,C,0.1772217750549316
Transformer-onehot,HCDR3,C,0.2152374386787414
Transformer-onehot,HCDR3,C,0.0159385055303573
Transformer-onehot,HCDR3,C,0.0491195172071456
Transformer-onehot,HCDR3,C,0.1325488984584808
Transformer-onehot,HCDR3,C,0.0081794494763016
Transformer-onehot,HCDR3,C,0.0174585189670324
Transformer-onehot,HCDR3,C,0.0044265715405344
Transformer-onehot,HCDR3,C,0.1100765392184257
Transformer-onehot,HCDR3,C,0.0114828813821077
Transformer-onehot,HCDR3,C,0.0550937242805957
Transformer-onehot,HCDR3,C,0.0330488607287406
Transformer-onehot,HCDR3,C,0.1352778077125549
Transformer-onehot,HCDR3,C,0.1318880319595337
Transformer-onehot,HCDR3,C,0.107850857079029
Transformer-onehot,HCDR3,C,0.0193148776888847
Transformer-onehot,HCDR3,C,0.0163269992917776
Transformer-onehot,HCDR3,C,0.0138992965221405
Transformer-onehot,HCDR3,C,0.1387965977191925
Transformer-onehot,HCDR3,C,0.0110820205882191
Transformer-onehot,HCDR3,C,0.0156243741512298
Transformer-onehot,HCDR3,C,0.0969613417983055
Transformer-onehot,HCDR3,C,0.0760736092925071
Transformer-onehot,HCDR3,C,0.1251838505268097
Transformer-onehot,HCDR3,C,0.0537426695227623
Transformer-onehot,HCDR3,C,0.0884404927492141
Transformer-onehot,HCDR3,C,0.0122310612350702
Transformer-onehot,HCDR3,C,0.0143516007810831
Transformer-onehot,HCDR3,C,0.0398263148963451
Transformer-onehot,HCDR3,C,0.0592827200889587
Transformer-onehot,HCDR3,C,0.1819671541452407
Transformer-onehot,HCDR3,C,0.1952318102121353
Transformer-onehot,HCDR3,C,0.0538983009755611
Transformer-onehot,HCDR3,C,0.0388315021991729
Transformer-onehot,HCDR3,C,0.0400959476828575
Transformer-onehot,HCDR3,C,0.0944923385977745
Transformer-onehot,HCDR3,C,0.0530916005373001
Transformer-onehot,HCDR3,C,0.0254366211593151
Transformer-onehot,HCDR3,C,0.0811401307582855
Transformer-onehot,HCDR3,C,0.0128577211871743
Transformer-onehot,HCDR3,C,0.035899844020605
Transformer-onehot,HCDR3,C,0.2446887195110321
Transformer-onehot,HCDR3,C,0.0461817905306816
Transformer-onehot,HCDR3,C,0.027819775044918
Transformer-onehot,HCDR3,C,0.050306212157011
Transformer-onehot,HCDR3,C,0.0990049093961715
Transformer-onehot,HCDR3,C,0.0422309786081314
Transformer-onehot,HCDR3,C,0.116413414478302
Transformer-onehot,HCDR3,C,0.0083560943603515
Transformer-onehot,HCDR3,C,0.055177979171276
Transformer-onehot,HCDR3,C,0.0182777158915996
Transformer-onehot,HCDR3,C,0.0078244851902127
Transformer-onehot,HCDR3,C,0.0101187722757458
Transformer-onehot,HCDR3,C,0.0061288359574973
Transformer-onehot,HCDR3,C,0.0253030899912118
Transformer-onehot,HCDR3,C,0.0653684511780738
Transformer-onehot,HCDR3,C,0.0108255241066217
Transformer-onehot,HCDR3,C,0.1064766570925712
Transformer-onehot,HCDR3,C,0.0777539014816284
Transformer-onehot,HCDR3,C,0.2507096230983734
Transformer-onehot,HCDR3,C,0.0533312149345874
Transformer-onehot,HCDR3,C,0.0104330098256468
Transformer-onehot,HCDR3,C,0.1057625785470008
Transformer-onehot,HCDR3,C,0.0184551812708377
Transformer-onehot,HCDR3,C,0.2036395967006683
Transformer-onehot,HCDR3,C,0.0061851264908909
Transformer-onehot,HCDR3,C,0.0699268504977226
Transformer-onehot,HCDR3,C,0.1856546849012375
Transformer-onehot,HCDR3,C,0.2012749463319778
Transformer-onehot,HCDR3,C,0.0318678244948387
Transformer-onehot,HCDR3,C,0.0961063802242279
Transformer-onehot,HCDR3,C,0.1118069663643837
Transformer-onehot,HCDR3,C,0.0304737091064453
Transformer-onehot,HCDR3,C,0.0157762505114078
Transformer-onehot,HCDR3,C,0.0569927170872688
Transformer-onehot,HCDR3,C,0.1151346564292907
Transformer-onehot,HCDR3,C,0.1260209828615188
Transformer-onehot,HCDR3,C,0.0442280061542987
Transformer-onehot,HCDR3,C,0.1161947548389434
Transformer-onehot,HCDR3,C,0.0652976036071777
Transformer-onehot,HCDR3,C,0.0259518884122371
Transformer-onehot,HCDR3,C,0.2480587214231491
Transformer-onehot,HCDR3,C,0.0159050654619932
Transformer-onehot,HCDR3,C,0.017489019781351
Transformer-onehot,HCDR3,C,0.0228997040539979
Transformer-onehot,HCDR3,C,0.0673760846257209
Transformer-onehot,HCDR3,C,0.0241659041494131
Transformer-onehot,HCDR3,C,0.065409354865551
Transformer-onehot,HCDR3,C,0.1654289066791534
Transformer-onehot,HCDR3,C,0.0321242474019527
Transformer-onehot,HCDR3,C,0.0594942085444927
Transformer-onehot,HCDR3,C,0.1255515813827514
Transformer-onehot,HCDR3,C,0.1822961270809173
Transformer-onehot,HCDR3,C,0.0098896911367774
Transformer-onehot,HCDR3,C,0.0216190312057733
Transformer-onehot,HCDR3,C,0.2428189218044281
Transformer-onehot,HCDR3,C,0.047797966748476
Transformer-onehot,HCDR3,C,0.0289680510759353
Transformer-onehot,HCDR3,C,0.0562622062861919
Transformer-onehot,HCDR3,C,0.2470345944166183
Transformer-onehot,HCDR3,C,0.1481059193611145
Transformer-onehot,HCDR3,C,0.0993620529770851
Transformer-onehot,HCDR3,C,0.010700648650527
Transformer-onehot,HCDR3,C,0.0406494922935962
Transformer-onehot,HCDR3,C,0.1019030958414077
Transformer-onehot,HCDR3,C,0.1798261702060699
Transformer-onehot,HCDR3,C,0.0755432769656181
Transformer-onehot,HCDR3,C,0.206397071480751
Transformer-onehot,HCDR3,C,0.0139546198770403
Transformer-onehot,HCDR3,C,0.140813410282135
Transformer-onehot,HCDR3,C,0.138624221086502
Transformer-onehot,HCDR3,C,0.0445426516234874
Transformer-onehot,HCDR3,C,0.1024677827954292
Transformer-onehot,HCDR3,C,0.0463599301874637
Transformer-onehot,HCDR3,C,0.0166071206331253
Transformer-onehot,HCDR3,C,0.0310023538768291
Transformer-onehot,HCDR3,C,0.1948356479406356
Transformer-onehot,HCDR3,C,0.022272303700447
Transformer-onehot,HCDR3,C,0.0160723347216844
Transformer-onehot,HCDR3,C,0.0851298794150352
Transformer-onehot,HCDR3,C,0.0044215815141797
Transformer-onehot,HCDR3,C,0.121972307562828
Transformer-onehot,HCDR3,C,0.0365935750305652
Transformer-onehot,HCDR3,C,0.2528723776340484
Transformer-onehot,HCDR3,C,0.1655033677816391
Transformer-onehot,HCDR3,C,0.0128319831565022
Transformer-onehot,HCDR3,C,0.078742004930973
Transformer-onehot,HCDR3,C,0.0567551031708717
Transformer-onehot,HCDR3,C,0.0131051456555724
Transformer-onehot,HCDR3,C,0.0067367674782872
Transformer-onehot,HCDR3,C,0.1539100855588913
Transformer-onehot,HCDR3,C,0.0776596218347549
Transformer-onehot,HCDR3,C,0.0745613425970077
Transformer-onehot,HCDR3,C,0.0345837958157062
Transformer-onehot,HCDR3,C,0.0034478046000003
Transformer-onehot,HCDR3,C,0.0442086234688758
Transformer-onehot,HCDR3,C,0.0726735740900039
Transformer-onehot,HCDR3,C,0.1013061925768852
Transformer-onehot,HCDR3,C,0.2296804934740066
Transformer-onehot,HCDR3,C,0.004352324642241
Transformer-onehot,HCDR3,C,0.2299068123102188
Transformer-onehot,HCDR3,C,0.0100963534787297
Transformer-onehot,HCDR3,C,0.0971344485878944
Transformer-onehot,HCDR3,C,0.0553669556975364
Transformer-onehot,HCDR3,C,0.0044495547190308
Transformer-onehot,HCDR3,C,0.0043277409859001
Transformer-onehot,HCDR3,C,0.0590800382196903
Transformer-onehot,HCDR3,C,0.047884751111269
Transformer-onehot,HCDR3,C,0.0551780760288238
Transformer-onehot,HCDR3,C,0.073220781981945
Transformer-onehot,HCDR3,C,0.006759793497622
Transformer-onehot,HCDR3,C,0.0756199955940246
Transformer-onehot,HCDR3,C,0.0062468741089105
Transformer-onehot,HCDR3,C,0.0848879665136337
Transformer-onehot,HCDR3,C,0.005561108700931
Transformer-onehot,HCDR3,C,0.0700465366244316
Transformer-onehot,HCDR3,C,0.0094533851370215
Transformer-onehot,HCDR3,C,0.0283071305602788
Transformer-onehot,HCDR3,C,0.0868590697646141
Transformer-onehot,HCDR3,C,0.0085264155641198
Transformer-onehot,HCDR3,C,0.1111069023609161
Transformer-onehot,HCDR3,C,0.1079030856490135
Transformer-onehot,HCDR3,C,0.0176352672278881
Transformer-onehot,HCDR3,C,0.0769626796245575
Transformer-onehot,HCDR3,C,0.0023854090832173
Transformer-onehot,HCDR3,C,0.0817147940397262
Transformer-onehot,HCDR3,C,0.078169360756874
Transformer-onehot,HCDR3,C,0.0789620280265808
Transformer-onehot,HCDR3,C,0.0334822125732898
Transformer-onehot,HCDR3,C,0.0469818860292434
Transformer-onehot,HCDR3,C,0.0725354179739952
Transformer-onehot,HCDR3,C,0.1003556549549102
Transformer-onehot,HCDR3,C,0.0284869596362113
Transformer-onehot,HCDR3,C,0.1215665116906166
Transformer-onehot,HCDR3,C,0.1535073518753051
Transformer-onehot,HCDR3,C,0.0754590332508087
Transformer-onehot,HCDR3,C,0.1087378114461898
Transformer-onehot,HCDR3,C,0.0128037249669432
Transformer-onehot,HCDR3,C,0.0364317037165164
Transformer-onehot,HCDR3,C,0.1180365681648254
Transformer-onehot,HCDR3,C,0.0146192777901887
Transformer-onehot,HCDR3,C,0.061603657901287
Transformer-onehot,HCDR3,C,0.0047374251298606
Transformer-onehot,HCDR3,C,0.1365354210138321
Transformer-onehot,HCDR3,C,0.0673998221755027
Transformer-onehot,HCDR3,C,0.0749209597706794
Transformer-onehot,HCDR3,C,0.0032239214051514
Transformer-onehot,HCDR3,C,0.0061282985843718
Transformer-onehot,HCDR3,C,0.0394310802221298
Transformer-onehot,HCDR3,C,0.0862183645367622
Transformer-onehot,HCDR3,C,0.0471042618155479
Transformer-onehot,HCDR3,C,0.0658816546201706
Transformer-onehot,HCDR3,C,0.0081706037744879
Transformer-onehot,HCDR3,C,0.0271921288222074
Transformer-onehot,HCDR3,C,0.0559754036366939
Transformer-onehot,HCDR3,C,0.0114279733970761
Transformer-onehot,HCDR3,C,0.0078414576128125
Transformer-onehot,HCDR3,C,0.0522038601338863
Transformer-onehot,HCDR3,C,0.0068693305365741
Transformer-onehot,HCDR3,C,0.0030771123711019
Transformer-onehot,HCDR3,C,0.0847770422697067
Transformer-onehot,HCDR3,C,0.0261042155325412
Transformer-onehot,HCDR3,C,0.0623136162757873
Transformer-onehot,HCDR3,C,0.0504450611770153
Transformer-onehot,HCDR3,C,0.0071134236641228
Transformer-onehot,HCDR3,C,0.0192985590547323
Transformer-onehot,HCDR3,C,0.0041602221317589
Transformer-onehot,HCDR3,C,0.0229339897632598
Transformer-onehot,HCDR3,C,0.0674091354012489
Transformer-onehot,HCDR3,C,0.0058795590884983
Transformer-onehot,HCDR3,C,0.0263522639870643
Transformer-onehot,HCDR3,C,0.0374223478138446
Transformer-onehot,HCDR3,C,0.0715153142809867
Transformer-onehot,HCDR3,C,0.1266021281480789
Transformer-onehot,HCDR3,C,0.0739997178316116
Transformer-onehot,HCDR3,C,0.0070431143976747
Transformer-onehot,HCDR3,C,0.0595666766166687
Transformer-onehot,HCDR3,C,0.0248416904360055
Transformer-onehot,HCDR3,C,0.0241770315915346
Transformer-onehot,HCDR3,C,0.0591125860810279
Transformer-onehot,HCDR3,C,0.1397312730550766
Transformer-onehot,HCDR3,C,0.054905641824007
Transformer-onehot,HCDR3,C,0.0684199854731559
Transformer-onehot,HCDR3,C,0.0380438715219497
Transformer-onehot,HCDR3,C,0.0795478820800781
Transformer-onehot,HCDR3,C,0.0653930604457855
Transformer-onehot,HCDR3,C,0.0639452710747718
Transformer-onehot,HCDR3,C,0.0086307674646377
Transformer-onehot,HCDR3,C,0.0961678475141525
Transformer-onehot,HCDR3,C,0.0311931353062391
Transformer-onehot,HCDR3,C,0.0104174250736832
Transformer-onehot,HCDR3,C,0.0645022094249725
Transformer-onehot,HCDR3,C,0.0835982263088226
Transformer-onehot,HCDR3,C,0.0201437082141637
Transformer-onehot,HCDR3,C,0.0621786639094352
Transformer-onehot,HCDR3,C,0.0412343852221965
Transformer-onehot,HCDR3,C,0.0045947427861392
Transformer-onehot,HCDR3,C,0.0672208592295646
Transformer-onehot,HCDR3,C,0.0820497423410415
Transformer-onehot,HCDR3,C,0.0714017823338508
Transformer-onehot,HCDR3,C,0.1414237469434738
Transformer-onehot,HCDR3,C,0.1075910478830337
Transformer-onehot,HCDR3,C,0.0043113422580063
Transformer-onehot,HCDR3,C,0.033132828772068
Transformer-onehot,HCDR3,C,0.1364781111478805
Transformer-onehot,HCDR3,C,0.0500348508358001
Transformer-onehot,HCDR3,C,0.0711356848478317
Transformer-onehot,HCDR3,C,0.099727988243103
Transformer-onehot,HCDR3,C,0.0276412013918161
Transformer-onehot,HCDR3,C,0.046167753636837
Transformer-onehot,HCDR3,C,0.0073740649968385
Transformer-onehot,HCDR3,C,0.054799884557724
Transformer-onehot,HCDR3,C,0.0305039267987012
Transformer-onehot,HCDR3,C,0.0462794229388237
Transformer-onehot,HCDR3,C,0.0049449256621301
Transformer-onehot,HCDR3,C,0.0026778026949614
Transformer-onehot,HCDR3,C,0.1792680472135543
Transformer-onehot,HCDR3,C,0.0083053112030029
Transformer-onehot,HCDR3,C,0.090308628976345
Transformer-onehot,HCDR3,C,0.0361523143947124
Transformer-onehot,HCDR3,C,0.1336166709661483
Transformer-onehot,HCDR3,C,0.0059562204405665
Transformer-onehot,HCDR3,C,0.0280090607702732
Transformer-onehot,HCDR3,C,0.0093713067471981
Transformer-onehot,HCDR3,C,0.0169584173709154
Transformer-onehot,HCDR3,C,0.0891247391700744
Transformer-onehot,HCDR3,C,0.0049619227647781
Transformer-onehot,HCDR3,C,0.0652261525392532
Transformer-onehot,HCDR3,C,0.09744144231081
Transformer-onehot,HCDR3,C,0.0147762829437851
Transformer-onehot,HCDR3,C,0.0703895762562751
Transformer-onehot,HCDR3,C,0.1286696940660476
Transformer-onehot,HCDR3,C,0.091486319899559
Transformer-onehot,HCDR3,C,0.0827734246850013
Transformer-onehot,HCDR3,C,0.0642018988728523
Transformer-onehot,HCDR3,C,0.0661791712045669
Transformer-onehot,HCDR3,C,0.0239626597613096
Transformer-onehot,HCDR3,C,0.0743879377841949
Transformer-onehot,HCDR3,C,0.0747638270258903
Transformer-onehot,HCDR3,C,0.0230924673378467
Transformer-onehot,HCDR3,C,0.0554785169661045
Transformer-onehot,HCDR3,C,0.0034511310514062
Transformer-onehot,HCDR3,C,0.087323285639286
Transformer-onehot,HCDR3,C,0.1056505963206291
Transformer-onehot,HCDR3,C,0.0837093442678451
Transformer-onehot,HCDR3,C,0.0240512993186712
Transformer-onehot,HCDR3,C,0.0355678647756576
Transformer-onehot,HCDR3,C,0.0805106461048126
Transformer-onehot,HCDR3,C,0.1639204174280166
Transformer-onehot,HCDR3,C,0.0662741959095001
Transformer-onehot,HCDR3,C,0.0967102497816085
Transformer-onehot,HCDR3,C,0.0087256468832492
Transformer-onehot,HCDR3,C,0.1499137282371521
Transformer-onehot,HCDR3,C,0.1728966385126114
Transformer-onehot,HCDR3,C,0.0949936434626579
Transformer-onehot,HCDR3,C,0.0217773262411355
Transformer-onehot,HCDR3,C,0.0522768981754779
Transformer-onehot,HCDR3,C,0.0561122521758079
Transformer-onehot,HCDR3,C,0.0119485901668667
Transformer-onehot,HCDR3,C,0.0666752308607101
Transformer-onehot,HCDR3,C,0.1123236492276191
Transformer-onehot,HCDR3,C,0.0414117537438869
Transformer-onehot,HCDR3,C,0.0019543780945241
Transformer-onehot,HCDR3,C,0.0960546433925628
Transformer-onehot,HCDR3,C,0.1172092035412788
Transformer-onehot,HCDR3,C,0.0607225336134433
Transformer-onehot,HCDR3,C,0.0673325881361961
Transformer-onehot,HCDR3,C,0.0877061411738395
Transformer-onehot,HCDR3,C,0.0036088093183934
Transformer-onehot,HCDR3,C,0.0686218440532684
Transformer-onehot,HCDR3,C,0.0357202813029289
Transformer-onehot,HCDR3,C,0.0546375475823879
Transformer-onehot,HCDR3,C,0.0026004891842603
Transformer-onehot,HCDR3,C,0.0852448791265487
Transformer-onehot,HCDR3,C,0.0199888311326503
Transformer-onehot,HCDR3,C,0.0051036346703767
Transformer-onehot,HCDR3,C,0.0180677995085716
Transformer-onehot,HCDR3,C,0.1209172010421752
Transformer-onehot,HCDR3,C,0.1483345627784729
Transformer-onehot,HCDR3,C,0.0520439445972442
Transformer-onehot,HCDR3,C,0.1260497123003006
Transformer-onehot,HCDR3,C,0.0866787731647491
Transformer-onehot,HCDR3,C,0.102497398853302
Transformer-onehot,HCDR3,C,0.0124946096912026
Transformer-onehot,HCDR3,C,0.0478226765990257
Transformer-onehot,HCDR3,C,0.0438025780022144
Transformer-onehot,HCDR3,C,0.0487109273672103
Transformer-onehot,HCDR3,C,0.0737006738781929
Transformer-onehot,HCDR3,C,0.0312326401472091
Transformer-onehot,HCDR3,C,0.0636254772543907
Transformer-onehot,HCDR3,C,0.1236417517066001
Transformer-onehot,HCDR3,C,0.0402668863534927
Transformer-onehot,HCDR3,C,0.0053972592577338
Transformer-onehot,HCDR3,C,0.098449595272541
Transformer-onehot,HCDR3,C,0.0074649741873145
Transformer-onehot,HCDR3,C,0.0514625012874603
Transformer-onehot,HCDR3,C,0.0876417011022567
Transformer-onehot,HCDR3,C,0.0257530212402343
Transformer-onehot,HCDR3,C,0.1455913335084915
Transformer-onehot,HCDR3,C,0.0084371361881494
Transformer-onehot,HCDR3,C,0.0131907220929861
Transformer-onehot,HCDR3,C,0.0620166584849357
Transformer-onehot,HCDR3,C,0.1283897906541824
Transformer-onehot,HCDR3,C,0.0774976685643196
Transformer-onehot,HCDR3,C,0.0057907574810087
Transformer-onehot,HCDR3,C,0.0778083950281143
Transformer-onehot,HCDR3,C,0.0100991148501634
Transformer-onehot,HCDR3,C,0.0399571545422077
Transformer-onehot,HCDR3,C,0.1156627684831619
Transformer-onehot,HCDR3,C,0.0842399522662162
Transformer-onehot,HCDR3,C,0.0034578079357743
Transformer-onehot,HCDR3,C,0.0713147968053817
Transformer-onehot,HCDR3,C,0.0769249871373176
Transformer-onehot,HCDR3,C,0.004269849974662
Transformer-onehot,HCDR3,C,0.067466139793396
Transformer-onehot,HCDR3,C,0.0300946421921253
Transformer-onehot,HCDR3,C,0.0597350150346756
Transformer-onehot,HCDR3,C,0.0718609616160392
Transformer-onehot,HCDR3,C,0.0096520353108644
Transformer-onehot,HCDR3,C,0.0644027292728424
Transformer-onehot,HCDR3,C,0.142166331410408
Transformer-onehot,HCDR3,C,0.0837341099977493
Transformer-onehot,HCDR3,C,0.051278255879879
Transformer-onehot,HCDR3,C,0.2210231274366378
Transformer-onehot,HCDR3,C,0.0028722616843879
Transformer-onehot,HCDR3,C,0.1024818941950798
Transformer-onehot,HCDR3,C,0.0014535740483552
Transformer-onehot,HCDR3,C,0.0239298213273286
Transformer-onehot,HCDR3,C,0.1251762211322784
Transformer-onehot,HCDR3,C,0.0368350632488727
Transformer-onehot,HCDR3,C,0.0906873941421508
Transformer-onehot,HCDR3,C,0.0023557753302156
Transformer-onehot,HCDR3,C,0.1112727373838424
Transformer-onehot,HCDR3,C,0.1235024258494377
Transformer-onehot,HCDR3,C,0.0147906392812728
Transformer-onehot,HCDR3,C,0.0336880125105381
Transformer-onehot,HCDR3,D,0.2155786007642746
Transformer-onehot,HCDR3,D,6.597358226776123
Transformer-onehot,HCDR3,D,0.1831898987293243
Transformer-onehot,HCDR3,D,0.3014527857303619
Transformer-onehot,HCDR3,D,0.1635320484638214
Transformer-onehot,HCDR3,D,4.166916847229004
Transformer-onehot,HCDR3,D,0.4615495204925537
Transformer-onehot,HCDR3,D,0.1166337132453918
Transformer-onehot,HCDR3,D,0.1457712799310684
Transformer-onehot,HCDR3,D,1.8164727687835691
Transformer-onehot,HCDR3,D,0.3886184990406036
Transformer-onehot,HCDR3,D,4.600236892700195
Transformer-onehot,HCDR3,D,0.1494359523057937
Transformer-onehot,HCDR3,D,0.4694660902023315
Transformer-onehot,HCDR3,D,2.2742300033569336
Transformer-onehot,HCDR3,D,0.5171310901641846
Transformer-onehot,HCDR3,D,0.302749365568161
Transformer-onehot,HCDR3,D,1.2070306539535522
Transformer-onehot,HCDR3,D,0.1321015357971191
Transformer-onehot,HCDR3,D,4.234109878540039
Transformer-onehot,HCDR3,D,0.1966761350631714
Transformer-onehot,HCDR3,D,3.310122489929199
Transformer-onehot,HCDR3,D,0.6479334235191345
Transformer-onehot,HCDR3,D,1.2571667432785034
Transformer-onehot,HCDR3,D,0.2452031522989273
Transformer-onehot,HCDR3,D,0.118217334151268
Transformer-onehot,HCDR3,D,0.8832494616508484
Transformer-onehot,HCDR3,D,1.3382201194763184
Transformer-onehot,HCDR3,D,0.9312439560890198
Transformer-onehot,HCDR3,D,0.2000179290771484
Transformer-onehot,HCDR3,D,0.2159304171800613
Transformer-onehot,HCDR3,D,4.300321578979492
Transformer-onehot,HCDR3,D,2.023622512817383
Transformer-onehot,HCDR3,D,1.3696720600128174
Transformer-onehot,HCDR3,D,0.092155821621418
Transformer-onehot,HCDR3,D,2.5431249141693115
Transformer-onehot,HCDR3,D,1.7601141929626465
Transformer-onehot,HCDR3,D,0.6536246538162231
Transformer-onehot,HCDR3,D,0.0889192596077919
Transformer-onehot,HCDR3,D,1.3597105741500854
Transformer-onehot,HCDR3,D,1.1041830778121948
Transformer-onehot,HCDR3,D,1.5064897537231443
Transformer-onehot,HCDR3,D,0.3088382482528686
Transformer-onehot,HCDR3,D,0.1505312174558639
Transformer-onehot,HCDR3,D,1.8574414253234863
Transformer-onehot,HCDR3,D,2.0195083618164062
Transformer-onehot,HCDR3,D,6.384750843048096
Transformer-onehot,HCDR3,D,0.2908144295215606
Transformer-onehot,HCDR3,D,0.4473889768123626
Transformer-onehot,HCDR3,D,0.1480902135372162
Transformer-onehot,HCDR3,D,0.4965994656085968
Transformer-onehot,HCDR3,D,3.335993528366089
Transformer-onehot,HCDR3,D,0.0601296573877334
Transformer-onehot,HCDR3,D,0.374288409948349
Transformer-onehot,HCDR3,D,0.2548694312572479
Transformer-onehot,HCDR3,D,4.91018533706665
Transformer-onehot,HCDR3,D,0.9535127878189088
Transformer-onehot,HCDR3,D,0.0925304070115089
Transformer-onehot,HCDR3,D,2.3461122512817383
Transformer-onehot,HCDR3,D,2.8468260765075684
Transformer-onehot,HCDR3,D,5.959542274475098
Transformer-onehot,HCDR3,D,0.2312275320291519
Transformer-onehot,HCDR3,D,0.1620000600814819
Transformer-onehot,HCDR3,D,2.7733054161071777
Transformer-onehot,HCDR3,D,1.1637420654296875
Transformer-onehot,HCDR3,D,1.0276309251785278
Transformer-onehot,HCDR3,D,0.9165284633636476
Transformer-onehot,HCDR3,D,3.66771936416626
Transformer-onehot,HCDR3,D,3.0829386711120605
Transformer-onehot,HCDR3,D,0.8410192131996155
Transformer-onehot,HCDR3,D,1.0258432626724243
Transformer-onehot,HCDR3,D,0.5037917494773865
Transformer-onehot,HCDR3,D,0.3941201865673065
Transformer-onehot,HCDR3,D,0.1220741048455238
Transformer-onehot,HCDR3,D,2.908979892730713
Transformer-onehot,HCDR3,D,0.1586190462112426
Transformer-onehot,HCDR3,D,1.397608757019043
Transformer-onehot,HCDR3,D,0.4997815787792206
Transformer-onehot,HCDR3,D,0.8810144066810608
Transformer-onehot,HCDR3,D,0.2742583751678467
Transformer-onehot,HCDR3,D,0.9645149111747742
Transformer-onehot,HCDR3,D,0.1809629946947097
Transformer-onehot,HCDR3,D,0.0876401737332344
Transformer-onehot,HCDR3,D,0.7506043314933777
Transformer-onehot,HCDR3,D,1.7892398834228516
Transformer-onehot,HCDR3,D,1.596866250038147
Transformer-onehot,HCDR3,D,1.1806650161743164
Transformer-onehot,HCDR3,D,1.893468141555786
Transformer-onehot,HCDR3,D,0.2224790751934051
Transformer-onehot,HCDR3,D,0.570022463798523
Transformer-onehot,HCDR3,D,2.517860412597656
Transformer-onehot,HCDR3,D,0.2088639736175537
Transformer-onehot,HCDR3,D,0.2346388548612594
Transformer-onehot,HCDR3,D,1.184739351272583
Transformer-onehot,HCDR3,D,0.5047662258148193
Transformer-onehot,HCDR3,D,2.0300991535186768
Transformer-onehot,HCDR3,D,1.2769221067428589
Transformer-onehot,HCDR3,D,0.9872151613235474
Transformer-onehot,HCDR3,D,5.428040981292725
Transformer-onehot,HCDR3,D,0.1465709954500198
Transformer-onehot,HCDR3,D,0.2027202248573303
Transformer-onehot,HCDR3,D,0.2713935077190399
Transformer-onehot,HCDR3,D,1.4454843997955322
Transformer-onehot,HCDR3,D,1.306027054786682
Transformer-onehot,HCDR3,D,1.5537725687026978
Transformer-onehot,HCDR3,D,0.7912410497665405
Transformer-onehot,HCDR3,D,2.5576915740966797
Transformer-onehot,HCDR3,D,2.3645951747894287
Transformer-onehot,HCDR3,D,2.1279585361480713
Transformer-onehot,HCDR3,D,0.1272521615028381
Transformer-onehot,HCDR3,D,0.3380614221096039
Transformer-onehot,HCDR3,D,0.4222264289855957
Transformer-onehot,HCDR3,D,2.7990827560424805
Transformer-onehot,HCDR3,D,1.0027062892913818
Transformer-onehot,HCDR3,D,0.8557336330413818
Transformer-onehot,HCDR3,D,0.1441316157579422
Transformer-onehot,HCDR3,D,0.3686480224132538
Transformer-onehot,HCDR3,D,1.80177903175354
Transformer-onehot,HCDR3,D,0.1376943290233612
Transformer-onehot,HCDR3,D,0.1773948669433593
Transformer-onehot,HCDR3,D,0.3987957835197449
Transformer-onehot,HCDR3,D,1.5356169939041138
Transformer-onehot,HCDR3,D,0.1305785030126571
Transformer-onehot,HCDR3,D,0.2755411267280578
Transformer-onehot,HCDR3,D,5.3795976638793945
Transformer-onehot,HCDR3,D,2.1525299549102783
Transformer-onehot,HCDR3,D,0.2308170050382614
Transformer-onehot,HCDR3,D,0.5364073514938354
Transformer-onehot,HCDR3,D,4.614367961883545
Transformer-onehot,HCDR3,D,0.1105826050043106
Transformer-onehot,HCDR3,D,0.1587648689746856
Transformer-onehot,HCDR3,D,0.0517609044909477
Transformer-onehot,HCDR3,D,1.1212924718856812
Transformer-onehot,HCDR3,D,0.2698476314544678
Transformer-onehot,HCDR3,D,1.5484943389892578
Transformer-onehot,HCDR3,D,1.41171395778656
Transformer-onehot,HCDR3,D,1.4059160947799685
Transformer-onehot,HCDR3,D,1.7141656875610352
Transformer-onehot,HCDR3,D,1.6508839130401611
Transformer-onehot,HCDR3,D,0.1995392143726349
Transformer-onehot,HCDR3,D,0.1672499328851699
Transformer-onehot,HCDR3,D,0.1381044089794159
Transformer-onehot,HCDR3,D,4.834283351898193
Transformer-onehot,HCDR3,D,0.1486937254667282
Transformer-onehot,HCDR3,D,0.1417942494153976
Transformer-onehot,HCDR3,D,0.9975025653839112
Transformer-onehot,HCDR3,D,0.7752126455307007
Transformer-onehot,HCDR3,D,1.3219459056854248
Transformer-onehot,HCDR3,D,0.6631791591644287
Transformer-onehot,HCDR3,D,0.9168495535850524
Transformer-onehot,HCDR3,D,0.2613782286643982
Transformer-onehot,HCDR3,D,0.1464079171419143
Transformer-onehot,HCDR3,D,0.5205520987510681
Transformer-onehot,HCDR3,D,2.3471109867095947
Transformer-onehot,HCDR3,D,1.999253273010254
Transformer-onehot,HCDR3,D,2.023242712020874
Transformer-onehot,HCDR3,D,0.4699798226356506
Transformer-onehot,HCDR3,D,0.3512126803398132
Transformer-onehot,HCDR3,D,1.882263660430908
Transformer-onehot,HCDR3,D,1.0349268913269043
Transformer-onehot,HCDR3,D,1.110305905342102
Transformer-onehot,HCDR3,D,0.5622054934501648
Transformer-onehot,HCDR3,D,0.7685978412628174
Transformer-onehot,HCDR3,D,0.1160700991749763
Transformer-onehot,HCDR3,D,0.3221141397953033
Transformer-onehot,HCDR3,D,2.4534800052642822
Transformer-onehot,HCDR3,D,0.4219446778297424
Transformer-onehot,HCDR3,D,0.2612876296043396
Transformer-onehot,HCDR3,D,2.1669766902923584
Transformer-onehot,HCDR3,D,1.2287530899047852
Transformer-onehot,HCDR3,D,1.329702377319336
Transformer-onehot,HCDR3,D,1.1607959270477295
Transformer-onehot,HCDR3,D,0.0737114921212196
Transformer-onehot,HCDR3,D,0.5585487484931946
Transformer-onehot,HCDR3,D,0.1605832576751709
Transformer-onehot,HCDR3,D,0.1068929657340049
Transformer-onehot,HCDR3,D,0.1198406741023063
Transformer-onehot,HCDR3,D,0.0840398371219635
Transformer-onehot,HCDR3,D,0.2599828541278839
Transformer-onehot,HCDR3,D,2.7623705863952637
Transformer-onehot,HCDR3,D,0.1355617642402649
Transformer-onehot,HCDR3,D,1.0791064500808716
Transformer-onehot,HCDR3,D,0.9253714084625244
Transformer-onehot,HCDR3,D,2.316981077194214
Transformer-onehot,HCDR3,D,0.6832433938980103
Transformer-onehot,HCDR3,D,0.1075463145971298
Transformer-onehot,HCDR3,D,3.0807113647460938
Transformer-onehot,HCDR3,D,0.4968121647834778
Transformer-onehot,HCDR3,D,2.126004219055176
Transformer-onehot,HCDR3,D,0.2000560760498047
Transformer-onehot,HCDR3,D,2.8780150413513184
Transformer-onehot,HCDR3,D,5.435596942901611
Transformer-onehot,HCDR3,D,1.9446407556533811
Transformer-onehot,HCDR3,D,0.2906117737293243
Transformer-onehot,HCDR3,D,1.1749627590179443
Transformer-onehot,HCDR3,D,1.0820857286453247
Transformer-onehot,HCDR3,D,0.3629089295864105
Transformer-onehot,HCDR3,D,0.1936922520399093
Transformer-onehot,HCDR3,D,1.35876727104187
Transformer-onehot,HCDR3,D,1.7684537172317505
Transformer-onehot,HCDR3,D,1.3475016355514526
Transformer-onehot,HCDR3,D,1.498147964477539
Transformer-onehot,HCDR3,D,1.6681960821151731
Transformer-onehot,HCDR3,D,0.6354952454566956
Transformer-onehot,HCDR3,D,0.9882960915565492
Transformer-onehot,HCDR3,D,2.5222201347351074
Transformer-onehot,HCDR3,D,0.4490954875946045
Transformer-onehot,HCDR3,D,0.1583735942840576
Transformer-onehot,HCDR3,D,0.2891744971275329
Transformer-onehot,HCDR3,D,1.9060275554656985
Transformer-onehot,HCDR3,D,0.8110309839248657
Transformer-onehot,HCDR3,D,2.14685320854187
Transformer-onehot,HCDR3,D,5.592691898345947
Transformer-onehot,HCDR3,D,0.2989048659801483
Transformer-onehot,HCDR3,D,2.829864025115967
Transformer-onehot,HCDR3,D,3.649637937545776
Transformer-onehot,HCDR3,D,1.9407774209976196
Transformer-onehot,HCDR3,D,0.102858580648899
Transformer-onehot,HCDR3,D,0.1917639225721359
Transformer-onehot,HCDR3,D,2.522481679916382
Transformer-onehot,HCDR3,D,0.4227944314479828
Transformer-onehot,HCDR3,D,0.3046418130397796
Transformer-onehot,HCDR3,D,0.5829240679740906
Transformer-onehot,HCDR3,D,7.354239463806152
Transformer-onehot,HCDR3,D,1.455000638961792
Transformer-onehot,HCDR3,D,2.788774013519287
Transformer-onehot,HCDR3,D,0.0970904529094696
Transformer-onehot,HCDR3,D,1.2260304689407349
Transformer-onehot,HCDR3,D,3.1447267532348633
Transformer-onehot,HCDR3,D,1.895022988319397
Transformer-onehot,HCDR3,D,0.6913033723831177
Transformer-onehot,HCDR3,D,1.920029878616333
Transformer-onehot,HCDR3,D,0.1256658136844635
Transformer-onehot,HCDR3,D,4.222794532775879
Transformer-onehot,HCDR3,D,4.436375617980957
Transformer-onehot,HCDR3,D,0.4097440838813782
Transformer-onehot,HCDR3,D,0.9975258708000184
Transformer-onehot,HCDR3,D,1.3632971048355105
Transformer-onehot,HCDR3,D,0.4270573854446411
Transformer-onehot,HCDR3,D,0.2757934927940368
Transformer-onehot,HCDR3,D,6.200798034667969
Transformer-onehot,HCDR3,D,0.2032094150781631
Transformer-onehot,HCDR3,D,0.1440382897853851
Transformer-onehot,HCDR3,D,0.8086062669754028
Transformer-onehot,HCDR3,D,0.0579165033996105
Transformer-onehot,HCDR3,D,1.2408031225204468
Transformer-onehot,HCDR3,D,0.3240730762481689
Transformer-onehot,HCDR3,D,2.8031277656555176
Transformer-onehot,HCDR3,D,1.9828394651412964
Transformer-onehot,HCDR3,D,0.1572704315185547
Transformer-onehot,HCDR3,D,2.39665150642395
Transformer-onehot,HCDR3,D,2.1846120357513428
Transformer-onehot,HCDR3,D,0.2282159924507141
Transformer-onehot,HCDR3,D,0.5315302014350891
Transformer-onehot,HCDR3,D,1.4649269580841064
Transformer-onehot,HCDR3,D,2.334019422531128
Transformer-onehot,HCDR3,D,2.8763906955718994
Transformer-onehot,HCDR3,D,0.4016700983047485
Transformer-onehot,HCDR3,D,0.2493148446083068
Transformer-onehot,HCDR3,D,2.9308059215545654
Transformer-onehot,HCDR3,D,3.5344226360321045
Transformer-onehot,HCDR3,D,0.9388296604156494
Transformer-onehot,HCDR3,D,2.578575611114502
Transformer-onehot,HCDR3,D,0.2931931018829345
Transformer-onehot,HCDR3,D,2.274027109146118
Transformer-onehot,HCDR3,D,0.4797793626785278
Transformer-onehot,HCDR3,D,0.9788814783096312
Transformer-onehot,HCDR3,D,1.4926297664642334
Transformer-onehot,HCDR3,D,0.3064110279083252
Transformer-onehot,HCDR3,D,0.2837923169136047
Transformer-onehot,HCDR3,D,2.2408270835876465
Transformer-onehot,HCDR3,D,0.550534188747406
Transformer-onehot,HCDR3,D,2.252115249633789
Transformer-onehot,HCDR3,D,0.8309633731842041
Transformer-onehot,HCDR3,D,0.3752513527870178
Transformer-onehot,HCDR3,D,3.618261814117432
Transformer-onehot,HCDR3,D,0.6630793809890747
Transformer-onehot,HCDR3,D,2.414182186126709
Transformer-onehot,HCDR3,D,0.1544951200485229
Transformer-onehot,HCDR3,D,0.8272699117660522
Transformer-onehot,HCDR3,D,0.6670759320259094
Transformer-onehot,HCDR3,D,1.1874778270721436
Transformer-onehot,HCDR3,D,2.862938165664673
Transformer-onehot,HCDR3,D,0.4739475846290588
Transformer-onehot,HCDR3,D,1.274725079536438
Transformer-onehot,HCDR3,D,1.032730221748352
Transformer-onehot,HCDR3,D,0.2944743931293487
Transformer-onehot,HCDR3,D,2.342485189437866
Transformer-onehot,HCDR3,D,0.2892017364501953
Transformer-onehot,HCDR3,D,2.2318849563598633
Transformer-onehot,HCDR3,D,1.625451683998108
Transformer-onehot,HCDR3,D,1.6649372577667236
Transformer-onehot,HCDR3,D,1.0881898403167725
Transformer-onehot,HCDR3,D,1.5679600238800049
Transformer-onehot,HCDR3,D,2.022226095199585
Transformer-onehot,HCDR3,D,3.00316858291626
Transformer-onehot,HCDR3,D,1.0672622919082642
Transformer-onehot,HCDR3,D,1.399806022644043
Transformer-onehot,HCDR3,D,1.524526596069336
Transformer-onehot,HCDR3,D,3.172175168991089
Transformer-onehot,HCDR3,D,2.5039634704589844
Transformer-onehot,HCDR3,D,0.6119823455810547
Transformer-onehot,HCDR3,D,1.1363495588302612
Transformer-onehot,HCDR3,D,1.2158349752426147
Transformer-onehot,HCDR3,D,0.3297100365161896
Transformer-onehot,HCDR3,D,0.9052687287330629
Transformer-onehot,HCDR3,D,0.4997013211250305
Transformer-onehot,HCDR3,D,4.576436519622803
Transformer-onehot,HCDR3,D,2.4847230911254883
Transformer-onehot,HCDR3,D,0.8130857944488525
Transformer-onehot,HCDR3,D,0.1376161724328994
Transformer-onehot,HCDR3,D,0.4738250374794006
Transformer-onehot,HCDR3,D,0.4485372900962829
Transformer-onehot,HCDR3,D,0.9862130880355836
Transformer-onehot,HCDR3,D,0.5401841998100281
Transformer-onehot,HCDR3,D,1.896925687789917
Transformer-onehot,HCDR3,D,0.3831099569797516
Transformer-onehot,HCDR3,D,0.8645268082618713
Transformer-onehot,HCDR3,D,1.545222282409668
Transformer-onehot,HCDR3,D,0.2595069408416748
Transformer-onehot,HCDR3,D,0.1421329826116562
Transformer-onehot,HCDR3,D,2.500458002090454
Transformer-onehot,HCDR3,D,0.4065605401992798
Transformer-onehot,HCDR3,D,0.3529151380062103
Transformer-onehot,HCDR3,D,2.5615572929382324
Transformer-onehot,HCDR3,D,0.4131730198860168
Transformer-onehot,HCDR3,D,2.0742640495300293
Transformer-onehot,HCDR3,D,2.895838737487793
Transformer-onehot,HCDR3,D,0.3542208075523376
Transformer-onehot,HCDR3,D,0.404069185256958
Transformer-onehot,HCDR3,D,0.127772182226181
Transformer-onehot,HCDR3,D,0.9662357568740844
Transformer-onehot,HCDR3,D,2.665590763092041
Transformer-onehot,HCDR3,D,0.3381283283233642
Transformer-onehot,HCDR3,D,0.5391743183135986
Transformer-onehot,HCDR3,D,1.16863214969635
Transformer-onehot,HCDR3,D,2.0699691772460938
Transformer-onehot,HCDR3,D,1.352011799812317
Transformer-onehot,HCDR3,D,3.5417473316192627
Transformer-onehot,HCDR3,D,0.5217817425727844
Transformer-onehot,HCDR3,D,1.7385408878326416
Transformer-onehot,HCDR3,D,0.7612167596817017
Transformer-onehot,HCDR3,D,1.179859638214111
Transformer-onehot,HCDR3,D,2.731398105621338
Transformer-onehot,HCDR3,D,1.3023678064346311
Transformer-onehot,HCDR3,D,1.7297022342681885
Transformer-onehot,HCDR3,D,1.9005563259124756
Transformer-onehot,HCDR3,D,1.6222913265228271
Transformer-onehot,HCDR3,D,0.8282611966133118
Transformer-onehot,HCDR3,D,2.1728439331054688
Transformer-onehot,HCDR3,D,1.7811800241470337
Transformer-onehot,HCDR3,D,0.3786878585815429
Transformer-onehot,HCDR3,D,2.439319610595703
Transformer-onehot,HCDR3,D,0.8869588375091553
Transformer-onehot,HCDR3,D,0.4566322565078735
Transformer-onehot,HCDR3,D,2.580877780914306
Transformer-onehot,HCDR3,D,0.8547883629798889
Transformer-onehot,HCDR3,D,0.8051099181175232
Transformer-onehot,HCDR3,D,3.206505298614502
Transformer-onehot,HCDR3,D,2.43878173828125
Transformer-onehot,HCDR3,D,0.4691952764987945
Transformer-onehot,HCDR3,D,2.20046329498291
Transformer-onehot,HCDR3,D,2.5837788581848145
Transformer-onehot,HCDR3,D,1.9956979751586912
Transformer-onehot,HCDR3,D,4.459955215454102
Transformer-onehot,HCDR3,D,3.261702299118042
Transformer-onehot,HCDR3,D,0.1667195856571197
Transformer-onehot,HCDR3,D,1.0528825521469116
Transformer-onehot,HCDR3,D,1.7013126611709597
Transformer-onehot,HCDR3,D,0.5672479867935181
Transformer-onehot,HCDR3,D,1.9341174364089968
Transformer-onehot,HCDR3,D,4.782435894012451
Transformer-onehot,HCDR3,D,0.8730815649032593
Transformer-onehot,HCDR3,D,0.544785737991333
Transformer-onehot,HCDR3,D,0.4319427609443664
Transformer-onehot,HCDR3,D,1.7963184118270874
Transformer-onehot,HCDR3,D,1.4784362316131592
Transformer-onehot,HCDR3,D,0.92316472530365
Transformer-onehot,HCDR3,D,0.1365600973367691
Transformer-onehot,HCDR3,D,0.1231627166271209
Transformer-onehot,HCDR3,D,1.7142693996429443
Transformer-onehot,HCDR3,D,0.4613056182861328
Transformer-onehot,HCDR3,D,2.655117988586426
Transformer-onehot,HCDR3,D,0.4160189628601074
Transformer-onehot,HCDR3,D,3.8491811752319336
Transformer-onehot,HCDR3,D,0.1570014208555221
Transformer-onehot,HCDR3,D,0.9654628038406372
Transformer-onehot,HCDR3,D,0.6926698684692383
Transformer-onehot,HCDR3,D,0.7857679128646851
Transformer-onehot,HCDR3,D,1.0910632610321045
Transformer-onehot,HCDR3,D,0.1439769566059112
Transformer-onehot,HCDR3,D,1.9278943538665771
Transformer-onehot,HCDR3,D,1.1024569272994995
Transformer-onehot,HCDR3,D,0.2454469054937362
Transformer-onehot,HCDR3,D,1.9994633197784424
Transformer-onehot,HCDR3,D,1.2559798955917358
Transformer-onehot,HCDR3,D,2.204699754714966
Transformer-onehot,HCDR3,D,3.5305655002593994
Transformer-onehot,HCDR3,D,1.9989800453186035
Transformer-onehot,HCDR3,D,0.7472569346427917
Transformer-onehot,HCDR3,D,1.1019549369812012
Transformer-onehot,HCDR3,D,0.7108169198036194
Transformer-onehot,HCDR3,D,0.8770303726196289
Transformer-onehot,HCDR3,D,1.2274513244628906
Transformer-onehot,HCDR3,D,0.6183554530143738
Transformer-onehot,HCDR3,D,0.3776229918003082
Transformer-onehot,HCDR3,D,2.6565370559692383
Transformer-onehot,HCDR3,D,1.4847038984298706
Transformer-onehot,HCDR3,D,0.9350942373275756
Transformer-onehot,HCDR3,D,1.2211768627166748
Transformer-onehot,HCDR3,D,0.4083199799060821
Transformer-onehot,HCDR3,D,2.497638702392578
Transformer-onehot,HCDR3,D,1.909146785736084
Transformer-onehot,HCDR3,D,0.6302272081375122
Transformer-onehot,HCDR3,D,2.9719371795654297
Transformer-onehot,HCDR3,D,0.4303024709224701
Transformer-onehot,HCDR3,D,7.751255989074707
Transformer-onehot,HCDR3,D,7.584775924682617
Transformer-onehot,HCDR3,D,1.1747550964355469
Transformer-onehot,HCDR3,D,0.3657591044902801
Transformer-onehot,HCDR3,D,2.2635374069213867
Transformer-onehot,HCDR3,D,2.336596727371216
Transformer-onehot,HCDR3,D,0.8408029079437256
Transformer-onehot,HCDR3,D,1.8614039421081543
Transformer-onehot,HCDR3,D,1.4945999383926392
Transformer-onehot,HCDR3,D,0.4722454249858856
Transformer-onehot,HCDR3,D,0.2262622714042663
Transformer-onehot,HCDR3,D,4.327472686767578
Transformer-onehot,HCDR3,D,3.1963062286376953
Transformer-onehot,HCDR3,D,1.7233643531799316
Transformer-onehot,HCDR3,D,0.7874552011489868
Transformer-onehot,HCDR3,D,2.6867733001708984
Transformer-onehot,HCDR3,D,0.128868743777275
Transformer-onehot,HCDR3,D,3.244155168533325
Transformer-onehot,HCDR3,D,1.1196945905685425
Transformer-onehot,HCDR3,D,4.110888481140137
Transformer-onehot,HCDR3,D,0.2128326147794723
Transformer-onehot,HCDR3,D,0.7762501835823059
Transformer-onehot,HCDR3,D,0.8518942594528198
Transformer-onehot,HCDR3,D,0.1737905889749527
Transformer-onehot,HCDR3,D,0.3076757192611694
Transformer-onehot,HCDR3,D,2.9224398136138916
Transformer-onehot,HCDR3,D,4.187477111816406
Transformer-onehot,HCDR3,D,1.9397430419921875
Transformer-onehot,HCDR3,D,1.2142871618270874
Transformer-onehot,HCDR3,D,3.7565135955810542
Transformer-onehot,HCDR3,D,1.1966006755828855
Transformer-onehot,HCDR3,D,0.8354150652885437
Transformer-onehot,HCDR3,D,0.5328307747840881
Transformer-onehot,HCDR3,D,0.4902165830135345
Transformer-onehot,HCDR3,D,1.364224910736084
Transformer-onehot,HCDR3,D,2.015096426010132
Transformer-onehot,HCDR3,D,1.58166241645813
Transformer-onehot,HCDR3,D,1.8898751735687256
Transformer-onehot,HCDR3,D,7.075170516967773
Transformer-onehot,HCDR3,D,0.4642871618270874
Transformer-onehot,HCDR3,D,0.1456878036260604
Transformer-onehot,HCDR3,D,2.030540227890014
Transformer-onehot,HCDR3,D,0.5658465623855591
Transformer-onehot,HCDR3,D,2.9193201065063477
Transformer-onehot,HCDR3,D,1.8959994316101072
Transformer-onehot,HCDR3,D,1.2876622676849363
Transformer-onehot,HCDR3,D,4.33875846862793
Transformer-onehot,HCDR3,D,0.4091110825538635
Transformer-onehot,HCDR3,D,0.6972552537918091
Transformer-onehot,HCDR3,D,2.4359827041625977
Transformer-onehot,HCDR3,D,3.347039222717285
Transformer-onehot,HCDR3,D,1.6598992347717283
Transformer-onehot,HCDR3,D,0.1511706113815307
Transformer-onehot,HCDR3,D,0.7347372770309448
Transformer-onehot,HCDR3,D,0.3248320519924164
Transformer-onehot,HCDR3,D,0.4490739405155182
Transformer-onehot,HCDR3,D,1.5977370738983154
Transformer-onehot,HCDR3,D,2.6627004146575928
Transformer-onehot,HCDR3,D,0.2959566712379455
Transformer-onehot,HCDR3,D,2.7779202461242676
Transformer-onehot,HCDR3,D,2.1012582778930664
Transformer-onehot,HCDR3,D,0.2716726660728454
Transformer-onehot,HCDR3,D,1.3723515272140503
Transformer-onehot,HCDR3,D,1.5876011848449707
Transformer-onehot,HCDR3,D,0.6720255017280579
Transformer-onehot,HCDR3,D,1.876344919204712
Transformer-onehot,HCDR3,D,0.461688756942749
Transformer-onehot,HCDR3,D,0.6029656529426575
Transformer-onehot,HCDR3,D,4.247073173522949
Transformer-onehot,HCDR3,D,2.270918130874634
Transformer-onehot,HCDR3,D,2.0620741844177246
Transformer-onehot,HCDR3,D,2.1910226345062256
Transformer-onehot,HCDR3,D,0.3567084074020386
Transformer-onehot,HCDR3,D,3.2611887454986572
Transformer-onehot,HCDR3,D,0.2818151414394378
Transformer-onehot,HCDR3,D,0.8175065517425537
Transformer-onehot,HCDR3,D,3.663510799407959
Transformer-onehot,HCDR3,D,1.163122534751892
Transformer-onehot,HCDR3,D,0.8510989546775818
Transformer-onehot,HCDR3,D,0.3065459728240967
Transformer-onehot,HCDR3,D,1.3590335845947266
Transformer-onehot,HCDR3,D,1.224942326545715
Transformer-onehot,HCDR3,D,0.6135019063949585
Transformer-onehot,HCDR3,D,1.0571238994598389
Transformer-onehot,HCDR3,E,0.0
Transformer-onehot,HCDR3,E,1.0228222608566284
Transformer-onehot,HCDR3,E,0.0
Transformer-onehot,HCDR3,E,0.0
Transformer-onehot,HCDR3,E,0.0
Transformer-onehot,HCDR3,E,0.0
Transformer-onehot,HCDR3,E,0.0
Transformer-onehot,HCDR3,E,0.0
Transformer-onehot,HCDR3,E,0.0
Transformer-onehot,HCDR3,E,0.0
Transformer-onehot,HCDR3,E,0.0
Transformer-onehot,HCDR3,E,0.0
Transformer-onehot,HCDR3,E,0.0
Transformer-onehot,HCDR3,E,0.0
Transformer-onehot,HCDR3,E,0.0
Transformer-onehot,HCDR3,E,0.0
Transformer-onehot,HCDR3,E,0.0
Transformer-onehot,HCDR3,E,0.0
Transformer-onehot,HCDR3,E,0.0
Transformer-onehot,HCDR3,E,1.1828070878982544
Transformer-onehot,HCDR3,E,0.0
Transformer-onehot,HCDR3,E,0.0
Transformer-onehot,HCDR3,E,0.0
Transformer-onehot,HCDR3,E,0.0
Transformer-onehot,HCDR3,E,0.0
Transformer-onehot,HCDR3,E,0.0
Transformer-onehot,HCDR3,E,0.0
Transformer-onehot,HCDR3,E,0.0
Transformer-onehot,HCDR3,E,0.0
Transformer-onehot,HCDR3,E,0.2208028882741928
Transformer-onehot,HCDR3,E,0.0
Transformer-onehot,HCDR3,E,0.0
Transformer-onehot,HCDR3,E,0.6782014966011047
Transformer-onehot,HCDR3,E,1.5070093870162964
Transformer-onehot,HCDR3,E,0.0
Transformer-onehot,HCDR3,E,0.0
Transformer-onehot,HCDR3,E,0.0
Transformer-onehot,HCDR3,E,0.0
Transformer-onehot,HCDR3,E,0.0
Transformer-onehot,HCDR3,E,0.0
Transformer-onehot,HCDR3,E,0.0
Transformer-onehot,HCDR3,E,0.0
Transformer-onehot,HCDR3,E,0.0
Transformer-onehot,HCDR3,E,0.0
Transformer-onehot,HCDR3,E,0.5975770950317383
Transformer-onehot,HCDR3,E,0.0
Transformer-onehot,HCDR3,E,0.0
Transformer-onehot,HCDR3,E,0.0
Transformer-onehot,HCDR3,E,0.0
Transformer-onehot,HCDR3,E,0.0
Transformer-onehot,HCDR3,E,0.0
Transformer-onehot,HCDR3,E,0.0
Transformer-onehot,HCDR3,E,0.0
Transformer-onehot,HCDR3,E,0.0
Transformer-onehot,HCDR3,E,0.3234469890594482
Transformer-onehot,HCDR3,E,1.511513352394104
Transformer-onehot,HCDR3,E,0.0
Transformer-onehot,HCDR3,E,0.0838388577103614
Transformer-onehot,HCDR3,E,0.4446688592433929
Transformer-onehot,HCDR3,E,0.0
Transformer-onehot,HCDR3,E,2.4105570316314697
Transformer-onehot,HCDR3,E,0.0
Transformer-onehot,HCDR3,E,0.0
Transformer-onehot,HCDR3,E,1.7899179458618164
Transformer-onehot,HCDR3,E,0.0
Transformer-onehot,HCDR3,E,0.0
Transformer-onehot,HCDR3,E,0.0
Transformer-onehot,HCDR3,E,0.0
Transformer-onehot,HCDR3,E,0.0
Transformer-onehot,HCDR3,E,0.0
Transformer-onehot,HCDR3,E,0.0
Transformer-onehot,HCDR3,E,0.677754282951355
Transformer-onehot,HCDR3,E,0.0
Transformer-onehot,HCDR3,E,0.0
Transformer-onehot,HCDR3,E,0.0
Transformer-onehot,HCDR3,E,0.0279129650443792
Transformer-onehot,HCDR3,E,1.3876739740371704
Transformer-onehot,HCDR3,E,0.0
Transformer-onehot,HCDR3,E,0.0
Transformer-onehot,HCDR3,E,0.2157659232616424
Transformer-onehot,HCDR3,E,0.0
Transformer-onehot,HCDR3,E,0.0
Transformer-onehot,HCDR3,E,0.0
Transformer-onehot,HCDR3,E,0.0
Transformer-onehot,HCDR3,E,0.0
Transformer-onehot,HCDR3,E,1.7119873762130735
Transformer-onehot,HCDR3,E,0.0
Transformer-onehot,HCDR3,E,0.0
Transformer-onehot,HCDR3,E,0.0
Transformer-onehot,HCDR3,E,0.5239399075508118
Transformer-onehot,HCDR3,E,2.844619035720825
Transformer-onehot,HCDR3,E,0.0
Transformer-onehot,HCDR3,E,0.0
Transformer-onehot,HCDR3,E,0.0
Transformer-onehot,HCDR3,E,0.0
Transformer-onehot,HCDR3,E,0.0
Transformer-onehot,HCDR3,E,0.0
Transformer-onehot,HCDR3,E,0.0
Transformer-onehot,HCDR3,E,0.0
Transformer-onehot,HCDR3,E,0.0
Transformer-onehot,HCDR3,E,0.0
Transformer-onehot,HCDR3,E,0.0
Transformer-onehot,HCDR3,E,0.0
Transformer-onehot,HCDR3,E,0.0
Transformer-onehot,HCDR3,E,0.0
Transformer-onehot,HCDR3,E,0.0
Transformer-onehot,HCDR3,E,0.3842878043651581
Transformer-onehot,HCDR3,E,1.9492084980010984
Transformer-onehot,HCDR3,E,0.0
Transformer-onehot,HCDR3,E,0.0
Transformer-onehot,HCDR3,E,0.0
Transformer-onehot,HCDR3,E,0.0
Transformer-onehot,HCDR3,E,0.6241031289100647
Transformer-onehot,HCDR3,E,0.5852370262145996
Transformer-onehot,HCDR3,E,0.0
Transformer-onehot,HCDR3,E,0.0
Transformer-onehot,HCDR3,E,0.0
Transformer-onehot,HCDR3,E,0.0
Transformer-onehot,HCDR3,E,0.0
Transformer-onehot,HCDR3,E,0.0
Transformer-onehot,HCDR3,E,0.0
Transformer-onehot,HCDR3,E,0.0
Transformer-onehot,HCDR3,E,0.0
Transformer-onehot,HCDR3,E,0.0
Transformer-onehot,HCDR3,E,1.5613348484039309
Transformer-onehot,HCDR3,E,0.0
Transformer-onehot,HCDR3,E,0.101200945675373
Transformer-onehot,HCDR3,E,0.0
Transformer-onehot,HCDR3,E,1.6048859357833862
Transformer-onehot,HCDR3,E,0.071756899356842
Transformer-onehot,HCDR3,E,0.0
Transformer-onehot,HCDR3,E,0.0
Transformer-onehot,HCDR3,E,0.0
Transformer-onehot,HCDR3,E,0.0
Transformer-onehot,HCDR3,E,0.0
Transformer-onehot,HCDR3,E,0.3274613618850708
Transformer-onehot,HCDR3,E,0.0
Transformer-onehot,HCDR3,E,0.0
Transformer-onehot,HCDR3,E,0.0
Transformer-onehot,HCDR3,E,0.0
Transformer-onehot,HCDR3,E,0.0
Transformer-onehot,HCDR3,E,0.0
Transformer-onehot,HCDR3,E,1.5870649814605713
Transformer-onehot,HCDR3,E,0.0907155275344848
Transformer-onehot,HCDR3,E,0.0
Transformer-onehot,HCDR3,E,0.0
Transformer-onehot,HCDR3,E,0.0
Transformer-onehot,HCDR3,E,0.0
Transformer-onehot,HCDR3,E,0.0
Transformer-onehot,HCDR3,E,0.0
Transformer-onehot,HCDR3,E,0.0
Transformer-onehot,HCDR3,E,0.0
Transformer-onehot,HCDR3,E,0.2697374522686004
Transformer-onehot,HCDR3,E,0.4594113528728485
Transformer-onehot,HCDR3,E,0.0
Transformer-onehot,HCDR3,E,0.0
Transformer-onehot,HCDR3,E,0.0
Transformer-onehot,HCDR3,E,0.0
Transformer-onehot,HCDR3,E,0.0
Transformer-onehot,HCDR3,E,0.0
Transformer-onehot,HCDR3,E,0.0
Transformer-onehot,HCDR3,E,0.0
Transformer-onehot,HCDR3,E,0.6580753922462463
Transformer-onehot,HCDR3,E,0.0
Transformer-onehot,HCDR3,E,0.0
Transformer-onehot,HCDR3,E,2.631594181060791
Transformer-onehot,HCDR3,E,0.0
Transformer-onehot,HCDR3,E,0.0
Transformer-onehot,HCDR3,E,0.4946206212043762
Transformer-onehot,HCDR3,E,0.0
Transformer-onehot,HCDR3,E,0.0
Transformer-onehot,HCDR3,E,0.0
Transformer-onehot,HCDR3,E,0.0
Transformer-onehot,HCDR3,E,0.0
Transformer-onehot,HCDR3,E,0.0
Transformer-onehot,HCDR3,E,0.0
Transformer-onehot,HCDR3,E,0.0
Transformer-onehot,HCDR3,E,0.0
Transformer-onehot,HCDR3,E,0.0
Transformer-onehot,HCDR3,E,1.0276169776916504
Transformer-onehot,HCDR3,E,0.0
Transformer-onehot,HCDR3,E,0.0
Transformer-onehot,HCDR3,E,0.0
Transformer-onehot,HCDR3,E,1.973493576049805
Transformer-onehot,HCDR3,E,0.4957434237003326
Transformer-onehot,HCDR3,E,0.0
Transformer-onehot,HCDR3,E,0.0
Transformer-onehot,HCDR3,E,0.0
Transformer-onehot,HCDR3,E,0.0
Transformer-onehot,HCDR3,E,0.0
Transformer-onehot,HCDR3,E,0.5048644542694092
Transformer-onehot,HCDR3,E,0.0
Transformer-onehot,HCDR3,E,0.0
Transformer-onehot,HCDR3,E,0.0
Transformer-onehot,HCDR3,E,0.0
Transformer-onehot,HCDR3,E,0.0
Transformer-onehot,HCDR3,E,0.0
Transformer-onehot,HCDR3,E,0.0
Transformer-onehot,HCDR3,E,0.0
Transformer-onehot,HCDR3,E,0.0
Transformer-onehot,HCDR3,E,1.345610499382019
Transformer-onehot,HCDR3,E,0.0
Transformer-onehot,HCDR3,E,0.0
Transformer-onehot,HCDR3,E,0.0
Transformer-onehot,HCDR3,E,0.0
Transformer-onehot,HCDR3,E,0.0
Transformer-onehot,HCDR3,E,0.0
Transformer-onehot,HCDR3,E,0.0
Transformer-onehot,HCDR3,E,0.0
Transformer-onehot,HCDR3,E,0.0
Transformer-onehot,HCDR3,E,0.4805929660797119
Transformer-onehot,HCDR3,E,1.6529622077941897
Transformer-onehot,HCDR3,E,0.0
Transformer-onehot,HCDR3,E,0.4966745376586914
Transformer-onehot,HCDR3,E,0.0
Transformer-onehot,HCDR3,E,1.4791085720062256
Transformer-onehot,HCDR3,E,0.0
Transformer-onehot,HCDR3,E,0.0
Transformer-onehot,HCDR3,E,0.2083556354045868
Transformer-onehot,HCDR3,E,2.71535587310791
Transformer-onehot,HCDR3,E,0.0
Transformer-onehot,HCDR3,E,0.3053934276103973
Transformer-onehot,HCDR3,E,0.0
Transformer-onehot,HCDR3,E,0.0
Transformer-onehot,HCDR3,E,0.0
Transformer-onehot,HCDR3,E,0.0
Transformer-onehot,HCDR3,E,0.0
Transformer-onehot,HCDR3,E,0.0
Transformer-onehot,HCDR3,E,0.0
Transformer-onehot,HCDR3,E,0.0
Transformer-onehot,HCDR3,E,0.93538236618042
Transformer-onehot,HCDR3,E,0.0
Transformer-onehot,HCDR3,E,0.132652536034584
Transformer-onehot,HCDR3,E,0.0
Transformer-onehot,HCDR3,E,1.4929276704788208
Transformer-onehot,HCDR3,E,0.0
Transformer-onehot,HCDR3,E,1.2603840827941897
Transformer-onehot,HCDR3,E,0.0
Transformer-onehot,HCDR3,E,0.0
Transformer-onehot,HCDR3,E,0.0
Transformer-onehot,HCDR3,E,0.0
Transformer-onehot,HCDR3,E,0.0
Transformer-onehot,HCDR3,E,0.0
Transformer-onehot,HCDR3,E,0.0
Transformer-onehot,HCDR3,E,0.0
Transformer-onehot,HCDR3,E,0.0
Transformer-onehot,HCDR3,E,0.0
Transformer-onehot,HCDR3,E,0.0
Transformer-onehot,HCDR3,E,0.0
Transformer-onehot,HCDR3,E,0.0
Transformer-onehot,HCDR3,E,0.9700308442115784
Transformer-onehot,HCDR3,E,0.6972052454948425
Transformer-onehot,HCDR3,E,0.0
Transformer-onehot,HCDR3,E,0.151010662317276
Transformer-onehot,HCDR3,E,1.7753349542617798
Transformer-onehot,HCDR3,E,0.0
Transformer-onehot,HCDR3,E,0.0
Transformer-onehot,HCDR3,E,0.7813950777053833
Transformer-onehot,HCDR3,E,0.0772256627678871
Transformer-onehot,HCDR3,E,0.0
Transformer-onehot,HCDR3,E,0.0
Transformer-onehot,HCDR3,E,0.7257025241851807
Transformer-onehot,HCDR3,E,0.0
Transformer-onehot,HCDR3,E,0.0770822018384933
Transformer-onehot,HCDR3,E,1.944546580314636
Transformer-onehot,HCDR3,E,0.0
Transformer-onehot,HCDR3,E,0.9384027123451232
Transformer-onehot,HCDR3,E,0.5010873079299927
Transformer-onehot,HCDR3,E,0.0
Transformer-onehot,HCDR3,E,0.0
Transformer-onehot,HCDR3,E,0.4409446120262146
Transformer-onehot,HCDR3,E,0.0
Transformer-onehot,HCDR3,E,0.0
Transformer-onehot,HCDR3,E,0.0
Transformer-onehot,HCDR3,E,0.1131191179156303
Transformer-onehot,HCDR3,E,0.0
Transformer-onehot,HCDR3,E,0.0
Transformer-onehot,HCDR3,E,0.0
Transformer-onehot,HCDR3,E,0.1002276912331581
Transformer-onehot,HCDR3,E,0.0
Transformer-onehot,HCDR3,E,0.1298948526382446
Transformer-onehot,HCDR3,E,0.4025045037269592
Transformer-onehot,HCDR3,E,0.0
Transformer-onehot,HCDR3,E,0.0
Transformer-onehot,HCDR3,E,0.0
Transformer-onehot,HCDR3,E,0.0
Transformer-onehot,HCDR3,E,0.0
Transformer-onehot,HCDR3,E,0.0
Transformer-onehot,HCDR3,E,0.0564360730350017
Transformer-onehot,HCDR3,E,0.0
Transformer-onehot,HCDR3,E,0.0
Transformer-onehot,HCDR3,E,0.0
Transformer-onehot,HCDR3,E,0.0
Transformer-onehot,HCDR3,E,0.5032433867454529
Transformer-onehot,HCDR3,E,0.0
Transformer-onehot,HCDR3,E,0.7891242504119873
Transformer-onehot,HCDR3,E,0.0
Transformer-onehot,HCDR3,E,0.0
Transformer-onehot,HCDR3,E,0.0
Transformer-onehot,HCDR3,E,0.0
Transformer-onehot,HCDR3,E,0.0
Transformer-onehot,HCDR3,E,0.0
Transformer-onehot,HCDR3,E,0.0
Transformer-onehot,HCDR3,E,0.9859641790390016
Transformer-onehot,HCDR3,E,0.0
Transformer-onehot,HCDR3,E,0.0
Transformer-onehot,HCDR3,E,0.1020478680729866
Transformer-onehot,HCDR3,E,1.1732263565063477
Transformer-onehot,HCDR3,E,0.0
Transformer-onehot,HCDR3,E,0.0
Transformer-onehot,HCDR3,E,0.0
Transformer-onehot,HCDR3,E,0.0618213824927806
Transformer-onehot,HCDR3,E,0.5010783076286316
Transformer-onehot,HCDR3,E,0.6933485865592957
Transformer-onehot,HCDR3,E,0.0
Transformer-onehot,HCDR3,E,0.644135594367981
Transformer-onehot,HCDR3,E,0.0
Transformer-onehot,HCDR3,E,0.0
Transformer-onehot,HCDR3,E,0.5195462703704834
Transformer-onehot,HCDR3,E,0.1669455170631408
Transformer-onehot,HCDR3,E,0.331135630607605
Transformer-onehot,HCDR3,E,0.0
Transformer-onehot,HCDR3,E,0.1164253279566764
Transformer-onehot,HCDR3,E,0.0
Transformer-onehot,HCDR3,E,0.0
Transformer-onehot,HCDR3,E,0.0
Transformer-onehot,HCDR3,E,0.3834162950515747
Transformer-onehot,HCDR3,E,0.3992535471916199
Transformer-onehot,HCDR3,E,0.0
Transformer-onehot,HCDR3,E,0.0
Transformer-onehot,HCDR3,E,0.0843706503510475
Transformer-onehot,HCDR3,E,0.3284512758255005
Transformer-onehot,HCDR3,E,0.0
Transformer-onehot,HCDR3,E,0.0
Transformer-onehot,HCDR3,E,0.0
Transformer-onehot,HCDR3,E,0.0
Transformer-onehot,HCDR3,E,0.0
Transformer-onehot,HCDR3,E,0.0
Transformer-onehot,HCDR3,E,0.521971583366394
Transformer-onehot,HCDR3,E,0.1457505822181701
Transformer-onehot,HCDR3,E,0.5552552342414856
Transformer-onehot,HCDR3,E,0.2427386492490768
Transformer-onehot,HCDR3,E,0.2557591497898102
Transformer-onehot,HCDR3,E,0.0
Transformer-onehot,HCDR3,E,0.0
Transformer-onehot,HCDR3,E,0.0
Transformer-onehot,HCDR3,E,0.0
Transformer-onehot,HCDR3,E,1.1637158393859863
Transformer-onehot,HCDR3,E,1.449756145477295
Transformer-onehot,HCDR3,E,0.0
Transformer-onehot,HCDR3,E,0.0
Transformer-onehot,HCDR3,E,0.1212500855326652
Transformer-onehot,HCDR3,E,0.0
Transformer-onehot,HCDR3,E,0.3383639454841614
Transformer-onehot,HCDR3,E,0.0
Transformer-onehot,HCDR3,E,0.7248561382293701
Transformer-onehot,HCDR3,E,1.6486953496932983
Transformer-onehot,HCDR3,E,0.2698578834533691
Transformer-onehot,HCDR3,E,0.0
Transformer-onehot,HCDR3,E,0.0
Transformer-onehot,HCDR3,E,0.0
Transformer-onehot,HCDR3,E,0.0
Transformer-onehot,HCDR3,E,0.0
Transformer-onehot,HCDR3,E,1.2398146390914917
Transformer-onehot,HCDR3,E,0.0
Transformer-onehot,HCDR3,E,0.0
Transformer-onehot,HCDR3,E,0.0
Transformer-onehot,HCDR3,E,0.0
Transformer-onehot,HCDR3,E,0.0
Transformer-onehot,HCDR3,E,0.5291057229042053
Transformer-onehot,HCDR3,E,0.0
Transformer-onehot,HCDR3,E,0.0
Transformer-onehot,HCDR3,E,0.2261545956134796
Transformer-onehot,HCDR3,E,0.3653421103954315
Transformer-onehot,HCDR3,E,0.0
Transformer-onehot,HCDR3,E,0.5301024913787842
Transformer-onehot,HCDR3,E,0.2540353834629059
Transformer-onehot,HCDR3,E,0.6355105638504028
Transformer-onehot,HCDR3,E,0.0884496644139289
Transformer-onehot,HCDR3,E,0.0608796402812004
Transformer-onehot,HCDR3,E,1.302526831626892
Transformer-onehot,HCDR3,E,0.1278340369462967
Transformer-onehot,HCDR3,E,0.0
Transformer-onehot,HCDR3,E,0.3033695816993713
Transformer-onehot,HCDR3,E,1.4164974689483645
Transformer-onehot,HCDR3,E,0.0
Transformer-onehot,HCDR3,E,0.5435471534729004
Transformer-onehot,HCDR3,E,0.239851176738739
Transformer-onehot,HCDR3,E,0.0
Transformer-onehot,HCDR3,E,0.6570663452148438
Transformer-onehot,HCDR3,E,0.0660146251320838
Transformer-onehot,HCDR3,E,0.0
Transformer-onehot,HCDR3,E,0.0
Transformer-onehot,HCDR3,E,0.0
Transformer-onehot,HCDR3,E,0.6790130734443665
Transformer-onehot,HCDR3,E,1.3218483924865725
Transformer-onehot,HCDR3,E,0.0
Transformer-onehot,HCDR3,E,0.0
Transformer-onehot,HCDR3,E,0.0
Transformer-onehot,HCDR3,E,0.0
Transformer-onehot,HCDR3,E,0.3641517460346222
Transformer-onehot,HCDR3,E,0.7591093182563782
Transformer-onehot,HCDR3,E,0.5393120646476746
Transformer-onehot,HCDR3,E,0.1748429387807846
Transformer-onehot,HCDR3,E,0.0
Transformer-onehot,HCDR3,E,0.0
Transformer-onehot,HCDR3,E,0.0
Transformer-onehot,HCDR3,E,1.3994702100753784
Transformer-onehot,HCDR3,E,1.0783144235610962
Transformer-onehot,HCDR3,E,0.2569922506809234
Transformer-onehot,HCDR3,E,0.3746803402900696
Transformer-onehot,HCDR3,E,0.0
Transformer-onehot,HCDR3,E,0.0
Transformer-onehot,HCDR3,E,1.3192728757858276
Transformer-onehot,HCDR3,E,0.9271644949913024
Transformer-onehot,HCDR3,E,0.0
Transformer-onehot,HCDR3,E,0.0
Transformer-onehot,HCDR3,E,0.0
Transformer-onehot,HCDR3,E,0.995323657989502
Transformer-onehot,HCDR3,E,0.0
Transformer-onehot,HCDR3,E,0.4179137051105499
Transformer-onehot,HCDR3,E,0.0
Transformer-onehot,HCDR3,E,0.0
Transformer-onehot,HCDR3,E,0.0
Transformer-onehot,HCDR3,E,0.0
Transformer-onehot,HCDR3,E,0.4400787353515625
Transformer-onehot,HCDR3,E,0.0410932004451751
Transformer-onehot,HCDR3,E,0.0
Transformer-onehot,HCDR3,E,1.551560401916504
Transformer-onehot,HCDR3,E,0.4708287417888641
Transformer-onehot,HCDR3,E,0.6720004677772522
Transformer-onehot,HCDR3,E,0.7123226523399353
Transformer-onehot,HCDR3,E,0.0735370963811874
Transformer-onehot,HCDR3,E,0.7508758306503296
Transformer-onehot,HCDR3,E,0.0
Transformer-onehot,HCDR3,E,0.3856846392154693
Transformer-onehot,HCDR3,E,0.0652023553848266
Transformer-onehot,HCDR3,E,0.0
Transformer-onehot,HCDR3,E,0.0
Transformer-onehot,HCDR3,E,0.0
Transformer-onehot,HCDR3,E,0.0
Transformer-onehot,HCDR3,E,0.9586806893348694
Transformer-onehot,HCDR3,E,0.0
Transformer-onehot,HCDR3,E,1.192667007446289
Transformer-onehot,HCDR3,E,0.0
Transformer-onehot,HCDR3,E,0.0
Transformer-onehot,HCDR3,E,0.0
Transformer-onehot,HCDR3,E,0.1425755620002746
Transformer-onehot,HCDR3,E,0.4649145603179931
Transformer-onehot,HCDR3,E,0.4573792815208435
Transformer-onehot,HCDR3,E,0.4210445284843445
Transformer-onehot,HCDR3,E,0.0
Transformer-onehot,HCDR3,E,0.0
Transformer-onehot,HCDR3,E,1.378570318222046
Transformer-onehot,HCDR3,E,0.0
Transformer-onehot,HCDR3,E,0.5182688236236572
Transformer-onehot,HCDR3,E,0.1840090006589889
Transformer-onehot,HCDR3,E,0.0
Transformer-onehot,HCDR3,E,0.1065407544374466
Transformer-onehot,HCDR3,E,0.4579671919345855
Transformer-onehot,HCDR3,E,0.6808679699897766
Transformer-onehot,HCDR3,E,0.4653425812721252
Transformer-onehot,HCDR3,E,1.8485066890716553
Transformer-onehot,HCDR3,E,0.1188572719693183
Transformer-onehot,HCDR3,E,0.0
Transformer-onehot,HCDR3,E,0.0
Transformer-onehot,HCDR3,E,0.0
Transformer-onehot,HCDR3,E,0.9177032709121704
Transformer-onehot,HCDR3,E,0.108448252081871
Transformer-onehot,HCDR3,E,0.5604304075241089
Transformer-onehot,HCDR3,E,0.0
Transformer-onehot,HCDR3,E,0.0
Transformer-onehot,HCDR3,E,1.523884654045105
Transformer-onehot,HCDR3,E,0.5191293954849243
Transformer-onehot,HCDR3,E,0.0
Transformer-onehot,HCDR3,E,0.0
Transformer-onehot,HCDR3,E,0.0
Transformer-onehot,HCDR3,E,0.0
Transformer-onehot,HCDR3,E,0.7770018577575684
Transformer-onehot,HCDR3,E,0.2275179475545883
Transformer-onehot,HCDR3,E,0.0
Transformer-onehot,HCDR3,E,0.0
Transformer-onehot,HCDR3,E,0.1511397659778595
Transformer-onehot,HCDR3,E,1.942901372909546
Transformer-onehot,HCDR3,E,1.8103212118148804
Transformer-onehot,HCDR3,E,0.0
Transformer-onehot,HCDR3,E,0.0
Transformer-onehot,HCDR3,E,2.210448741912842
Transformer-onehot,HCDR3,E,0.0
Transformer-onehot,HCDR3,E,0.0
Transformer-onehot,HCDR3,E,0.0
Transformer-onehot,HCDR3,E,0.5890409350395203
Transformer-onehot,HCDR3,E,1.2728314399719238
Transformer-onehot,HCDR3,E,0.3695765733718872
Transformer-onehot,HCDR3,E,0.843367338180542
Transformer-onehot,HCDR3,E,0.0
Transformer-onehot,HCDR3,E,1.519267439842224
Transformer-onehot,HCDR3,E,2.3291454315185547
Transformer-onehot,HCDR3,E,0.1963100135326385
Transformer-onehot,HCDR3,E,0.0
Transformer-onehot,HCDR3,F,-0.0271509885787963
Transformer-onehot,HCDR3,F,-0.1949427723884582
Transformer-onehot,HCDR3,F,-0.0235147289931774
Transformer-onehot,HCDR3,F,-0.0238682944327592
Transformer-onehot,HCDR3,F,-0.0674331709742546
Transformer-onehot,HCDR3,F,-0.1027055382728576
Transformer-onehot,HCDR3,F,-0.0135875092819333
Transformer-onehot,HCDR3,F,-0.0102604432031512
Transformer-onehot,HCDR3,F,-0.01278558652848
Transformer-onehot,HCDR3,F,-0.0419130735099315
Transformer-onehot,HCDR3,F,-0.0268297232687473
Transformer-onehot,HCDR3,F,-0.8264063596725464
Transformer-onehot,HCDR3,F,-0.0275676567107439
Transformer-onehot,HCDR3,F,-0.0771311372518539
Transformer-onehot,HCDR3,F,-0.2170722782611847
Transformer-onehot,HCDR3,F,-0.0811881721019744
Transformer-onehot,HCDR3,F,-0.0519787594676017
Transformer-onehot,HCDR3,F,-0.2803921401500702
Transformer-onehot,HCDR3,F,-0.0220350120216608
Transformer-onehot,HCDR3,F,-0.0573487803339958
Transformer-onehot,HCDR3,F,-0.0159861557185649
Transformer-onehot,HCDR3,F,-1.0494083166122437
Transformer-onehot,HCDR3,F,-0.0066875834017992
Transformer-onehot,HCDR3,F,-0.3493023216724396
Transformer-onehot,HCDR3,F,-0.007531960029155
Transformer-onehot,HCDR3,F,-0.0270010940730571
Transformer-onehot,HCDR3,F,-0.0220188908278942
Transformer-onehot,HCDR3,F,-0.8970380425453186
Transformer-onehot,HCDR3,F,-0.2193462401628494
Transformer-onehot,HCDR3,F,-0.0354634448885917
Transformer-onehot,HCDR3,F,-0.0385609716176986
Transformer-onehot,HCDR3,F,-0.0584956593811512
Transformer-onehot,HCDR3,F,-0.2015345990657806
Transformer-onehot,HCDR3,F,-0.1166840642690658
Transformer-onehot,HCDR3,F,-0.0086560770869255
Transformer-onehot,HCDR3,F,-0.0947858095169067
Transformer-onehot,HCDR3,F,-0.3880288302898407
Transformer-onehot,HCDR3,F,-0.0911819636821746
Transformer-onehot,HCDR3,F,-0.0040745087899267
Transformer-onehot,HCDR3,F,-0.3048738837242126
Transformer-onehot,HCDR3,F,-0.2570271492004394
Transformer-onehot,HCDR3,F,-0.3424699902534485
Transformer-onehot,HCDR3,F,-0.0529176630079746
Transformer-onehot,HCDR3,F,-0.0058315210044384
Transformer-onehot,HCDR3,F,-0.0488863512873649
Transformer-onehot,HCDR3,F,-0.4901624619960785
Transformer-onehot,HCDR3,F,-0.0169254411011934
Transformer-onehot,HCDR3,F,-0.024498226121068
Transformer-onehot,HCDR3,F,-0.0160606447607278
Transformer-onehot,HCDR3,F,-0.0055480194278061
Transformer-onehot,HCDR3,F,-0.0583110600709915
Transformer-onehot,HCDR3,F,-0.2668408155441284
Transformer-onehot,HCDR3,F,-0.0089634796604514
Transformer-onehot,HCDR3,F,-0.0323381125926971
Transformer-onehot,HCDR3,F,-0.044778935611248
Transformer-onehot,HCDR3,F,-0.455983430147171
Transformer-onehot,HCDR3,F,-0.1678989082574844
Transformer-onehot,HCDR3,F,-0.0480250045657157
Transformer-onehot,HCDR3,F,-0.0977019220590591
Transformer-onehot,HCDR3,F,-0.9645801782608032
Transformer-onehot,HCDR3,F,-1.220103740692139
Transformer-onehot,HCDR3,F,-0.0178914573043584
Transformer-onehot,HCDR3,F,-0.0293127465993165
Transformer-onehot,HCDR3,F,-0.8168121576309204
Transformer-onehot,HCDR3,F,-0.0652582868933677
Transformer-onehot,HCDR3,F,-0.1677328646183014
Transformer-onehot,HCDR3,F,-0.3046853542327881
Transformer-onehot,HCDR3,F,-0.0865770876407623
Transformer-onehot,HCDR3,F,-0.1369434148073196
Transformer-onehot,HCDR3,F,-0.1418614536523819
Transformer-onehot,HCDR3,F,-0.2406632602214813
Transformer-onehot,HCDR3,F,-0.0823071748018264
Transformer-onehot,HCDR3,F,-0.0659708753228187
Transformer-onehot,HCDR3,F,-0.0111610339954495
Transformer-onehot,HCDR3,F,-0.454026311635971
Transformer-onehot,HCDR3,F,-0.0134594300761818
Transformer-onehot,HCDR3,F,-0.2864294648170471
Transformer-onehot,HCDR3,F,-0.0389459505677223
Transformer-onehot,HCDR3,F,-0.1299050450325012
Transformer-onehot,HCDR3,F,-0.0215975623577833
Transformer-onehot,HCDR3,F,-0.0349616855382919
Transformer-onehot,HCDR3,F,-0.0328035689890384
Transformer-onehot,HCDR3,F,-0.0184031967073678
Transformer-onehot,HCDR3,F,-0.0461333394050598
Transformer-onehot,HCDR3,F,-0.1031625270843505
Transformer-onehot,HCDR3,F,-0.5918704271316528
Transformer-onehot,HCDR3,F,-0.3323046863079071
Transformer-onehot,HCDR3,F,-0.4716732203960418
Transformer-onehot,HCDR3,F,-0.018339455127716
Transformer-onehot,HCDR3,F,-0.1404136419296264
Transformer-onehot,HCDR3,F,-0.300415962934494
Transformer-onehot,HCDR3,F,-0.0103984493762254
Transformer-onehot,HCDR3,F,-0.0411599539220333
Transformer-onehot,HCDR3,F,-0.1349629759788513
Transformer-onehot,HCDR3,F,-0.0150972781702876
Transformer-onehot,HCDR3,F,-0.0621341429650783
Transformer-onehot,HCDR3,F,-0.1891682893037796
Transformer-onehot,HCDR3,F,-0.581725537776947
Transformer-onehot,HCDR3,F,-0.0710597857832908
Transformer-onehot,HCDR3,F,-0.0061832428909838
Transformer-onehot,HCDR3,F,-0.1159336790442466
Transformer-onehot,HCDR3,F,-0.0214547272771596
Transformer-onehot,HCDR3,F,-0.0295098293572664
Transformer-onehot,HCDR3,F,-0.2924436628818512
Transformer-onehot,HCDR3,F,-0.3491069376468658
Transformer-onehot,HCDR3,F,-0.0208818260580301
Transformer-onehot,HCDR3,F,-0.0918247774243354
Transformer-onehot,HCDR3,F,-0.0231774058192968
Transformer-onehot,HCDR3,F,-0.1148878931999206
Transformer-onehot,HCDR3,F,-0.0496256798505783
Transformer-onehot,HCDR3,F,-0.1851211786270141
Transformer-onehot,HCDR3,F,-0.0219902396202087
Transformer-onehot,HCDR3,F,-0.2054032087326049
Transformer-onehot,HCDR3,F,-0.2190081030130386
Transformer-onehot,HCDR3,F,-0.252136081457138
Transformer-onehot,HCDR3,F,-0.0539072081446647
Transformer-onehot,HCDR3,F,-0.0456345938146114
Transformer-onehot,HCDR3,F,-0.1133465096354484
Transformer-onehot,HCDR3,F,-0.0190363153815269
Transformer-onehot,HCDR3,F,-0.0067932861857116
Transformer-onehot,HCDR3,F,-0.0881925225257873
Transformer-onehot,HCDR3,F,-0.1404553949832916
Transformer-onehot,HCDR3,F,-0.0117324804887175
Transformer-onehot,HCDR3,F,-0.0229828115552663
Transformer-onehot,HCDR3,F,-0.2215659618377685
Transformer-onehot,HCDR3,F,-0.8258461952209473
Transformer-onehot,HCDR3,F,-0.0297967214137315
Transformer-onehot,HCDR3,F,-0.014047703705728
Transformer-onehot,HCDR3,F,-0.123340792953968
Transformer-onehot,HCDR3,F,-0.0150529509410262
Transformer-onehot,HCDR3,F,-0.0138043966144323
Transformer-onehot,HCDR3,F,-0.0050153452903032
Transformer-onehot,HCDR3,F,-0.0608768053352832
Transformer-onehot,HCDR3,F,-0.0119785331189632
Transformer-onehot,HCDR3,F,-0.08027995377779
Transformer-onehot,HCDR3,F,-0.1345826983451843
Transformer-onehot,HCDR3,F,-0.6836228370666504
Transformer-onehot,HCDR3,F,-0.4485571384429931
Transformer-onehot,HCDR3,F,-0.3798193335533142
Transformer-onehot,HCDR3,F,-0.006663292646408
Transformer-onehot,HCDR3,F,-0.0056999642401933
Transformer-onehot,HCDR3,F,-0.0055427495390176
Transformer-onehot,HCDR3,F,-0.5385532975196838
Transformer-onehot,HCDR3,F,-0.0293491780757904
Transformer-onehot,HCDR3,F,-0.0125460531562566
Transformer-onehot,HCDR3,F,-0.235381618142128
Transformer-onehot,HCDR3,F,-0.0275222789496183
Transformer-onehot,HCDR3,F,-0.2989999949932098
Transformer-onehot,HCDR3,F,-0.2002437263727188
Transformer-onehot,HCDR3,F,-0.2148517072200775
Transformer-onehot,HCDR3,F,-0.0127679258584976
Transformer-onehot,HCDR3,F,-0.0059391949325799
Transformer-onehot,HCDR3,F,-0.1917720288038253
Transformer-onehot,HCDR3,F,-0.0470420755445957
Transformer-onehot,HCDR3,F,-0.0491758994758129
Transformer-onehot,HCDR3,F,-0.4391677379608154
Transformer-onehot,HCDR3,F,-0.0773205980658531
Transformer-onehot,HCDR3,F,-0.0606507398188114
Transformer-onehot,HCDR3,F,-0.0232626777142286
Transformer-onehot,HCDR3,F,-0.011723056435585
Transformer-onehot,HCDR3,F,-0.0327532328665256
Transformer-onehot,HCDR3,F,-0.0237221550196409
Transformer-onehot,HCDR3,F,-0.1339209526777267
Transformer-onehot,HCDR3,F,-0.0376566722989082
Transformer-onehot,HCDR3,F,-0.0255351830273866
Transformer-onehot,HCDR3,F,-0.8737295269966125
Transformer-onehot,HCDR3,F,-0.0688095912337303
Transformer-onehot,HCDR3,F,-0.0202156621962785
Transformer-onehot,HCDR3,F,-0.0724862366914749
Transformer-onehot,HCDR3,F,-0.3837407827377319
Transformer-onehot,HCDR3,F,-0.0270768553018569
Transformer-onehot,HCDR3,F,-0.0614843145012855
Transformer-onehot,HCDR3,F,-0.0455086715519428
Transformer-onehot,HCDR3,F,-0.1364040225744247
Transformer-onehot,HCDR3,F,-0.0294201783835887
Transformer-onehot,HCDR3,F,-0.0145648010075092
Transformer-onehot,HCDR3,F,-0.0109475832432508
Transformer-onehot,HCDR3,F,-0.014737376011908
Transformer-onehot,HCDR3,F,-0.1107653155922889
Transformer-onehot,HCDR3,F,-0.3306294977664947
Transformer-onehot,HCDR3,F,-0.0112298736348748
Transformer-onehot,HCDR3,F,-0.0565347783267498
Transformer-onehot,HCDR3,F,-0.0873288065195083
Transformer-onehot,HCDR3,F,-0.2903419435024261
Transformer-onehot,HCDR3,F,-0.2289004772901535
Transformer-onehot,HCDR3,F,-0.0046003693714737
Transformer-onehot,HCDR3,F,-0.468644767999649
Transformer-onehot,HCDR3,F,-0.013780984096229
Transformer-onehot,HCDR3,F,-0.4543550014495849
Transformer-onehot,HCDR3,F,-0.067319206893444
Transformer-onehot,HCDR3,F,-0.1158429682254791
Transformer-onehot,HCDR3,F,-0.0687681064009666
Transformer-onehot,HCDR3,F,-0.2770821452140808
Transformer-onehot,HCDR3,F,-0.1451005488634109
Transformer-onehot,HCDR3,F,-0.3379218578338623
Transformer-onehot,HCDR3,F,-0.1503314226865768
Transformer-onehot,HCDR3,F,-0.0302923023700714
Transformer-onehot,HCDR3,F,-0.0160309989005327
Transformer-onehot,HCDR3,F,-0.0800540000200271
Transformer-onehot,HCDR3,F,-0.4018434584140777
Transformer-onehot,HCDR3,F,-0.293727308511734
Transformer-onehot,HCDR3,F,-0.1491162329912185
Transformer-onehot,HCDR3,F,-0.5322855114936829
Transformer-onehot,HCDR3,F,-0.1589255928993225
Transformer-onehot,HCDR3,F,-0.0398319326341152
Transformer-onehot,HCDR3,F,-0.629133939743042
Transformer-onehot,HCDR3,F,-0.005369568709284
Transformer-onehot,HCDR3,F,-0.013853489421308
Transformer-onehot,HCDR3,F,-0.0224751960486173
Transformer-onehot,HCDR3,F,-0.3779157400131225
Transformer-onehot,HCDR3,F,-0.0702972263097763
Transformer-onehot,HCDR3,F,-0.0720438882708549
Transformer-onehot,HCDR3,F,-0.1314277797937393
Transformer-onehot,HCDR3,F,-0.0235258918255567
Transformer-onehot,HCDR3,F,-0.1005686745047569
Transformer-onehot,HCDR3,F,-0.1827294826507568
Transformer-onehot,HCDR3,F,-0.053151611238718
Transformer-onehot,HCDR3,F,-0.0043482929468154
Transformer-onehot,HCDR3,F,-0.0341926477849483
Transformer-onehot,HCDR3,F,-0.3005474209785461
Transformer-onehot,HCDR3,F,-0.069514088332653
Transformer-onehot,HCDR3,F,-0.1150394678115844
Transformer-onehot,HCDR3,F,-0.0167268775403499
Transformer-onehot,HCDR3,F,-0.3040928840637207
Transformer-onehot,HCDR3,F,-0.5377000570297241
Transformer-onehot,HCDR3,F,-0.1044818758964538
Transformer-onehot,HCDR3,F,-0.0088987248018383
Transformer-onehot,HCDR3,F,-0.1403309404850006
Transformer-onehot,HCDR3,F,-0.0053204367868602
Transformer-onehot,HCDR3,F,-0.4078881442546844
Transformer-onehot,HCDR3,F,-0.3859348893165588
Transformer-onehot,HCDR3,F,-0.8648262619972229
Transformer-onehot,HCDR3,F,-0.0115527575835585
Transformer-onehot,HCDR3,F,-0.6205406188964844
Transformer-onehot,HCDR3,F,-0.3188842236995697
Transformer-onehot,HCDR3,F,-0.026681812480092
Transformer-onehot,HCDR3,F,-0.3179049789905548
Transformer-onehot,HCDR3,F,-0.0072614573873579
Transformer-onehot,HCDR3,F,-0.0062512089498341
Transformer-onehot,HCDR3,F,-0.0213585663586854
Transformer-onehot,HCDR3,F,-0.0089709535241127
Transformer-onehot,HCDR3,F,-0.0160097032785415
Transformer-onehot,HCDR3,F,-0.0125248748809099
Transformer-onehot,HCDR3,F,-0.1188934072852134
Transformer-onehot,HCDR3,F,-0.0173630695790052
Transformer-onehot,HCDR3,F,-0.7403966784477234
Transformer-onehot,HCDR3,F,-0.0557632707059383
Transformer-onehot,HCDR3,F,-0.5823948383331299
Transformer-onehot,HCDR3,F,-0.4189364612102508
Transformer-onehot,HCDR3,F,-0.0135875474661588
Transformer-onehot,HCDR3,F,-0.1306202262639999
Transformer-onehot,HCDR3,F,-0.0619084723293781
Transformer-onehot,HCDR3,F,-0.0661557465791702
Transformer-onehot,HCDR3,F,-0.0851087421178817
Transformer-onehot,HCDR3,F,-0.2297228872776031
Transformer-onehot,HCDR3,F,-0.1269400268793106
Transformer-onehot,HCDR3,F,-0.0568868368864059
Transformer-onehot,HCDR3,F,-0.0978081375360488
Transformer-onehot,HCDR3,F,-0.0289861001074314
Transformer-onehot,HCDR3,F,-0.1142973378300666
Transformer-onehot,HCDR3,F,-0.1219709888100624
Transformer-onehot,HCDR3,F,-0.5256511569023132
Transformer-onehot,HCDR3,F,-0.5473793745040894
Transformer-onehot,HCDR3,F,-0.0337126702070236
Transformer-onehot,HCDR3,F,-0.3175553977489471
Transformer-onehot,HCDR3,F,-0.0537130273878574
Transformer-onehot,HCDR3,F,-0.2596625089645386
Transformer-onehot,HCDR3,F,-0.0451123341917991
Transformer-onehot,HCDR3,F,-0.0350774116814136
Transformer-onehot,HCDR3,F,-0.0337275229394435
Transformer-onehot,HCDR3,F,-0.0463128574192523
Transformer-onehot,HCDR3,F,-0.1334841847419738
Transformer-onehot,HCDR3,F,-0.0434465371072292
Transformer-onehot,HCDR3,F,-0.4278957843780517
Transformer-onehot,HCDR3,F,-0.0434494875371456
Transformer-onehot,HCDR3,F,-0.0566435791552066
Transformer-onehot,HCDR3,F,-0.0360059551894664
Transformer-onehot,HCDR3,F,-0.1484711766242981
Transformer-onehot,HCDR3,F,-0.0402415357530117
Transformer-onehot,HCDR3,F,-0.0786089152097702
Transformer-onehot,HCDR3,F,-0.0493403747677803
Transformer-onehot,HCDR3,F,-0.117672748863697
Transformer-onehot,HCDR3,F,-0.214561328291893
Transformer-onehot,HCDR3,F,0.0
Transformer-onehot,HCDR3,F,-0.2827211320400238
Transformer-onehot,HCDR3,F,-0.5864008665084839
Transformer-onehot,HCDR3,F,-0.0841180086135864
Transformer-onehot,HCDR3,F,-0.080007679760456
Transformer-onehot,HCDR3,F,-0.0227222833782434
Transformer-onehot,HCDR3,F,-0.1328732967376709
Transformer-onehot,HCDR3,F,-0.0848896726965904
Transformer-onehot,HCDR3,F,-0.0844962894916534
Transformer-onehot,HCDR3,F,-0.0938819050788879
Transformer-onehot,HCDR3,F,-0.1285068243741989
Transformer-onehot,HCDR3,F,-0.121208980679512
Transformer-onehot,HCDR3,F,-0.0301895122975111
Transformer-onehot,HCDR3,F,-0.1214016452431678
Transformer-onehot,HCDR3,F,-0.3104146420955658
Transformer-onehot,HCDR3,F,-0.2341338098049163
Transformer-onehot,HCDR3,F,-0.3690144121646881
Transformer-onehot,HCDR3,F,-0.11642637103796
Transformer-onehot,HCDR3,F,-0.0639386028051376
Transformer-onehot,HCDR3,F,-0.1002720072865486
Transformer-onehot,HCDR3,F,-0.3778970539569855
Transformer-onehot,HCDR3,F,-0.0796786546707153
Transformer-onehot,HCDR3,F,-0.2368620336055755
Transformer-onehot,HCDR3,F,-0.0350197590887546
Transformer-onehot,HCDR3,F,-0.3329539597034454
Transformer-onehot,HCDR3,F,-0.0521207936108112
Transformer-onehot,HCDR3,F,-0.3986748456954956
Transformer-onehot,HCDR3,F,-0.027196567505598
Transformer-onehot,HCDR3,F,-0.0356603972613811
Transformer-onehot,HCDR3,F,-0.1097868904471397
Transformer-onehot,HCDR3,F,-0.0896378979086875
Transformer-onehot,HCDR3,F,-0.1316016763448715
Transformer-onehot,HCDR3,F,-0.111671395599842
Transformer-onehot,HCDR3,F,-0.0439754463732242
Transformer-onehot,HCDR3,F,-0.0782133117318153
Transformer-onehot,HCDR3,F,-0.0213205143809318
Transformer-onehot,HCDR3,F,-0.0633733347058296
Transformer-onehot,HCDR3,F,-0.0423184037208557
Transformer-onehot,HCDR3,F,-0.0420890823006629
Transformer-onehot,HCDR3,F,-0.0448781736195087
Transformer-onehot,HCDR3,F,-0.0490547679364681
Transformer-onehot,HCDR3,F,-0.3695695996284485
Transformer-onehot,HCDR3,F,-0.1136575490236282
Transformer-onehot,HCDR3,F,-0.0703659728169441
Transformer-onehot,HCDR3,F,-0.0410804599523544
Transformer-onehot,HCDR3,F,-0.0403751246631145
Transformer-onehot,HCDR3,F,-0.0979728624224662
Transformer-onehot,HCDR3,F,-0.0335854142904281
Transformer-onehot,HCDR3,F,-0.0982502400875091
Transformer-onehot,HCDR3,F,-0.0229359753429889
Transformer-onehot,HCDR3,F,-0.0382444001734256
Transformer-onehot,HCDR3,F,-0.1202130690217018
Transformer-onehot,HCDR3,F,-0.1036806628108024
Transformer-onehot,HCDR3,F,-0.2104526460170745
Transformer-onehot,HCDR3,F,-0.0357940830290317
Transformer-onehot,HCDR3,F,-0.2377211451530456
Transformer-onehot,HCDR3,F,-0.0394468083977699
Transformer-onehot,HCDR3,F,-0.0483457185328006
Transformer-onehot,HCDR3,F,-0.069361075758934
Transformer-onehot,HCDR3,F,-0.069582425057888
Transformer-onehot,HCDR3,F,-0.0208917614072561
Transformer-onehot,HCDR3,F,-0.746476411819458
Transformer-onehot,HCDR3,F,-0.3051996827125549
Transformer-onehot,HCDR3,F,-0.0530246682465076
Transformer-onehot,HCDR3,F,-0.0678972154855728
Transformer-onehot,HCDR3,F,-0.1538078486919403
Transformer-onehot,HCDR3,F,-0.1737486571073532
Transformer-onehot,HCDR3,F,-0.107328824698925
Transformer-onehot,HCDR3,F,-0.0465023964643478
Transformer-onehot,HCDR3,F,-0.0312884263694286
Transformer-onehot,HCDR3,F,-0.0889057964086532
Transformer-onehot,HCDR3,F,-0.0535033643245697
Transformer-onehot,HCDR3,F,-0.0513570830225944
Transformer-onehot,HCDR3,F,-0.3704679608345032
Transformer-onehot,HCDR3,F,-0.0864483267068862
Transformer-onehot,HCDR3,F,-0.0676785334944725
Transformer-onehot,HCDR3,F,-0.07260013371706
Transformer-onehot,HCDR3,F,-0.0347731783986091
Transformer-onehot,HCDR3,F,-0.1600942909717559
Transformer-onehot,HCDR3,F,-0.028748869895935
Transformer-onehot,HCDR3,F,-0.1197553351521492
Transformer-onehot,HCDR3,F,-0.0338287465274333
Transformer-onehot,HCDR3,F,-0.1704839468002319
Transformer-onehot,HCDR3,F,-0.0329279452562332
Transformer-onehot,HCDR3,F,-0.092325709760189
Transformer-onehot,HCDR3,F,-0.6673119068145752
Transformer-onehot,HCDR3,F,-0.1369766294956207
Transformer-onehot,HCDR3,F,-0.0558832623064518
Transformer-onehot,HCDR3,F,-0.0299641452729702
Transformer-onehot,HCDR3,F,-0.0780197754502296
Transformer-onehot,HCDR3,F,-0.1299281567335128
Transformer-onehot,HCDR3,F,-0.0486147552728652
Transformer-onehot,HCDR3,F,-0.0620599538087844
Transformer-onehot,HCDR3,F,-0.0862624496221542
Transformer-onehot,HCDR3,F,0.0
Transformer-onehot,HCDR3,F,0.0
Transformer-onehot,HCDR3,F,-0.0251984912902116
Transformer-onehot,HCDR3,F,-0.1109764501452446
Transformer-onehot,HCDR3,F,-0.0479534417390823
Transformer-onehot,HCDR3,F,-0.143944650888443
Transformer-onehot,HCDR3,F,-0.1013015732169151
Transformer-onehot,HCDR3,F,-0.1940092891454696
Transformer-onehot,HCDR3,F,-0.0407526493072509
Transformer-onehot,HCDR3,F,-0.080649122595787
Transformer-onehot,HCDR3,F,-0.0490590743720531
Transformer-onehot,HCDR3,F,-0.0838122889399528
Transformer-onehot,HCDR3,F,-0.0967582017183303
Transformer-onehot,HCDR3,F,-0.037538006901741
Transformer-onehot,HCDR3,F,-0.0504782609641552
Transformer-onehot,HCDR3,F,-0.6372013092041016
Transformer-onehot,HCDR3,F,-0.0712796375155448
Transformer-onehot,HCDR3,F,-0.3117466866970062
Transformer-onehot,HCDR3,F,-0.0897346809506416
Transformer-onehot,HCDR3,F,-0.0677023977041244
Transformer-onehot,HCDR3,F,-0.4716419875621795
Transformer-onehot,HCDR3,F,-0.1698608994483947
Transformer-onehot,HCDR3,F,-0.4817610383033752
Transformer-onehot,HCDR3,F,-0.1095720455050468
Transformer-onehot,HCDR3,F,-0.1226613968610763
Transformer-onehot,HCDR3,F,-0.0837289541959762
Transformer-onehot,HCDR3,F,-0.0666979998350143
Transformer-onehot,HCDR3,F,-0.1477616131305694
Transformer-onehot,HCDR3,F,-0.0293045938014984
Transformer-onehot,HCDR3,F,-0.1435606479644775
Transformer-onehot,HCDR3,F,-0.7175989151000977
Transformer-onehot,HCDR3,F,-0.4600491225719452
Transformer-onehot,HCDR3,F,-0.0697060599923133
Transformer-onehot,HCDR3,F,-0.1004412770271301
Transformer-onehot,HCDR3,F,-0.1346103101968765
Transformer-onehot,HCDR3,F,-0.8416461944580078
Transformer-onehot,HCDR3,F,-0.1114764586091041
Transformer-onehot,HCDR3,F,-0.2996763885021209
Transformer-onehot,HCDR3,F,-0.0479630008339881
Transformer-onehot,HCDR3,F,-0.4393894374370575
Transformer-onehot,HCDR3,F,-0.2371269315481186
Transformer-onehot,HCDR3,F,-0.1020927354693412
Transformer-onehot,HCDR3,F,-0.1004329919815063
Transformer-onehot,HCDR3,F,-0.0897500216960907
Transformer-onehot,HCDR3,F,-0.0933608934283256
Transformer-onehot,HCDR3,F,-0.0609366446733474
Transformer-onehot,HCDR3,F,-0.0519278049468994
Transformer-onehot,HCDR3,F,-0.3358373641967773
Transformer-onehot,HCDR3,F,-0.1132503077387809
Transformer-onehot,HCDR3,F,-0.0214239358901977
Transformer-onehot,HCDR3,F,-0.4430994987487793
Transformer-onehot,HCDR3,F,-0.2811370193958282
Transformer-onehot,HCDR3,F,-0.1035286113619804
Transformer-onehot,HCDR3,F,-0.0766220688819885
Transformer-onehot,HCDR3,F,-0.1416084617376327
Transformer-onehot,HCDR3,F,-0.0268074329942464
Transformer-onehot,HCDR3,F,-0.1725098043680191
Transformer-onehot,HCDR3,F,-0.0990830063819885
Transformer-onehot,HCDR3,F,-0.0168760847300291
Transformer-onehot,HCDR3,F,-0.0248720943927764
Transformer-onehot,HCDR3,F,-0.0632529258728027
Transformer-onehot,HCDR3,F,-0.0929676592350006
Transformer-onehot,HCDR3,F,-0.0303576532751321
Transformer-onehot,HCDR3,F,-0.0864797905087471
Transformer-onehot,HCDR3,F,-0.0352632291615009
Transformer-onehot,HCDR3,F,-0.0953846201300621
Transformer-onehot,HCDR3,F,-0.1932858079671859
Transformer-onehot,HCDR3,F,-0.198359340429306
Transformer-onehot,HCDR3,F,-0.4155815839767456
Transformer-onehot,HCDR3,F,-0.2679354846477508
Transformer-onehot,HCDR3,F,-0.0589700303971767
Transformer-onehot,HCDR3,F,-0.129129409790039
Transformer-onehot,HCDR3,F,-0.3103812932968139
Transformer-onehot,HCDR3,F,-0.1346461474895477
Transformer-onehot,HCDR3,F,-0.1213128492236137
Transformer-onehot,HCDR3,F,-0.2453343272209167
Transformer-onehot,HCDR3,F,-0.2211491912603378
Transformer-onehot,HCDR3,F,-0.1809121966361999
Transformer-onehot,HCDR3,F,-0.1125739514827728
Transformer-onehot,HCDR3,F,-0.0383881069719791
Transformer-onehot,HCDR3,F,-0.3507635593414306
Transformer-onehot,HCDR3,F,-0.0696083158254623
Transformer-onehot,HCDR3,F,-0.2540169954299927
Transformer-onehot,HCDR3,F,-0.06686532497406
Transformer-onehot,HCDR3,F,-0.0737948343157768
Transformer-onehot,HCDR3,F,-0.2081963568925857
Transformer-onehot,HCDR3,F,-0.0465012453496456
Transformer-onehot,HCDR3,F,-0.068754181265831
Transformer-onehot,HCDR3,F,-0.1032216399908065
Transformer-onehot,HCDR3,F,-0.8069482445716858
Transformer-onehot,HCDR3,F,-0.1256195902824401
Transformer-onehot,HCDR3,F,-0.0389708317816257
Transformer-onehot,HCDR3,F,-0.1295260488986969
Transformer-onehot,HCDR3,F,0.0
Transformer-onehot,HCDR3,F,-0.109379656612873
Transformer-onehot,HCDR3,F,-0.3614063560962677
Transformer-onehot,HCDR3,F,-0.0891017988324165
Transformer-onehot,HCDR3,F,-0.0463805049657821
Transformer-onehot,HCDR3,F,-0.0757960081100463
Transformer-onehot,HCDR3,F,-0.2499097436666488
Transformer-onehot,HCDR3,F,-0.032642476260662
Transformer-onehot,HCDR3,F,-0.0264172162860631
Transformer-onehot,HCDR3,F,-0.0841636657714843
Transformer-onehot,HCDR3,F,-0.1569091826677322
Transformer-onehot,HCDR3,F,-0.0545414574444294
Transformer-onehot,HCDR3,F,-0.0890583023428917
Transformer-onehot,HCDR3,F,-0.0532602779567241
Transformer-onehot,HCDR3,F,-0.2023722529411316
Transformer-onehot,HCDR3,F,-0.0632781386375427
Transformer-onehot,HCDR3,F,-0.0197671968489885
Transformer-onehot,HCDR3,F,-1.4445617198944092
Transformer-onehot,HCDR3,F,-0.0262396223843097
Transformer-onehot,HCDR3,F,-0.4654312133789062
Transformer-onehot,HCDR3,F,-0.0184114407747983
Transformer-onehot,HCDR3,F,-0.0700760260224342
Transformer-onehot,HCDR3,F,-0.1913612782955169
Transformer-onehot,HCDR3,F,-0.1039377599954605
Transformer-onehot,HCDR3,F,-0.1472422778606414
Transformer-onehot,HCDR3,F,-0.0233068186789751
Transformer-onehot,HCDR3,F,-0.1165656670928001
Transformer-onehot,HCDR3,F,-0.4211388528347015
Transformer-onehot,HCDR3,F,-0.0702113658189773
Transformer-onehot,HCDR3,F,-0.0943680927157402
Transformer-onehot,HCDR3,G,0.1537229120731353
Transformer-onehot,HCDR3,G,0.5925403833389282
Transformer-onehot,HCDR3,G,0.1210992336273193
Transformer-onehot,HCDR3,G,0.0
Transformer-onehot,HCDR3,G,0.1339399963617324
Transformer-onehot,HCDR3,G,0.0
Transformer-onehot,HCDR3,G,0.1163680180907249
Transformer-onehot,HCDR3,G,0.0769694745540618
Transformer-onehot,HCDR3,G,0.0853549316525459
Transformer-onehot,HCDR3,G,1.4737155437469482
Transformer-onehot,HCDR3,G,0.1137225776910781
Transformer-onehot,HCDR3,G,1.1039810180664062
Transformer-onehot,HCDR3,G,0.163030594587326
Transformer-onehot,HCDR3,G,0.0
Transformer-onehot,HCDR3,G,0.5658248066902161
Transformer-onehot,HCDR3,G,0.0
Transformer-onehot,HCDR3,G,0.3124516606330871
Transformer-onehot,HCDR3,G,0.6556472182273865
Transformer-onehot,HCDR3,G,0.0545582696795463
Transformer-onehot,HCDR3,G,0.0
Transformer-onehot,HCDR3,G,0.0656765177845954
Transformer-onehot,HCDR3,G,0.0
Transformer-onehot,HCDR3,G,0.0
Transformer-onehot,HCDR3,G,0.0
Transformer-onehot,HCDR3,G,0.0731190368533134
Transformer-onehot,HCDR3,G,0.018707612529397
Transformer-onehot,HCDR3,G,0.4419817924499511
Transformer-onehot,HCDR3,G,0.7776467800140381
Transformer-onehot,HCDR3,G,0.3775736093521118
Transformer-onehot,HCDR3,G,0.0779855698347091
Transformer-onehot,HCDR3,G,0.1304122507572174
Transformer-onehot,HCDR3,G,0.8995610475540161
Transformer-onehot,HCDR3,G,0.0
Transformer-onehot,HCDR3,G,1.062962770462036
Transformer-onehot,HCDR3,G,0.0
Transformer-onehot,HCDR3,G,0.1934409588575363
Transformer-onehot,HCDR3,G,1.245883226394653
Transformer-onehot,HCDR3,G,0.0997820720076561
Transformer-onehot,HCDR3,G,0.0997326970100402
Transformer-onehot,HCDR3,G,0.8003919720649719
Transformer-onehot,HCDR3,G,0.3811559379100799
Transformer-onehot,HCDR3,G,1.2386505603790283
Transformer-onehot,HCDR3,G,0.1051634848117828
Transformer-onehot,HCDR3,G,0.1019766628742218
Transformer-onehot,HCDR3,G,0.5490682721138
Transformer-onehot,HCDR3,G,0.5602810978889465
Transformer-onehot,HCDR3,G,0.8855243921279907
Transformer-onehot,HCDR3,G,0.0622896216809749
Transformer-onehot,HCDR3,G,0.1356291621923446
Transformer-onehot,HCDR3,G,0.1396624892950058
Transformer-onehot,HCDR3,G,0.0
Transformer-onehot,HCDR3,G,0.9951586723327636
Transformer-onehot,HCDR3,G,0.0095489835366606
Transformer-onehot,HCDR3,G,0.0915059372782707
Transformer-onehot,HCDR3,G,0.0
Transformer-onehot,HCDR3,G,0.6933485269546509
Transformer-onehot,HCDR3,G,0.2574992179870605
Transformer-onehot,HCDR3,G,0.1250070035457611
Transformer-onehot,HCDR3,G,0.5916785001754761
Transformer-onehot,HCDR3,G,1.0819658041000366
Transformer-onehot,HCDR3,G,1.583690166473389
Transformer-onehot,HCDR3,G,0.1598495692014694
Transformer-onehot,HCDR3,G,0.2697190642356872
Transformer-onehot,HCDR3,G,0.5713167786598206
Transformer-onehot,HCDR3,G,0.3922712802886963
Transformer-onehot,HCDR3,G,0.1813095211982727
Transformer-onehot,HCDR3,G,0.3117973804473877
Transformer-onehot,HCDR3,G,0.8936954140663147
Transformer-onehot,HCDR3,G,0.3678978085517883
Transformer-onehot,HCDR3,G,0.444104254245758
Transformer-onehot,HCDR3,G,1.4965590238571167
Transformer-onehot,HCDR3,G,0.2221849262714386
Transformer-onehot,HCDR3,G,0.2781780362129211
Transformer-onehot,HCDR3,G,0.205677255988121
Transformer-onehot,HCDR3,G,0.4378210008144378
Transformer-onehot,HCDR3,G,0.0259555876255035
Transformer-onehot,HCDR3,G,0.5332709550857544
Transformer-onehot,HCDR3,G,0.0420070141553878
Transformer-onehot,HCDR3,G,0.9440690279006958
Transformer-onehot,HCDR3,G,0.2853485941886902
Transformer-onehot,HCDR3,G,1.322494626045227
Transformer-onehot,HCDR3,G,0.1313914358615875
Transformer-onehot,HCDR3,G,0.0696794986724853
Transformer-onehot,HCDR3,G,0.6976779699325562
Transformer-onehot,HCDR3,G,0.2097475677728653
Transformer-onehot,HCDR3,G,0.4039653241634369
Transformer-onehot,HCDR3,G,0.0
Transformer-onehot,HCDR3,G,1.0901042222976685
Transformer-onehot,HCDR3,G,0.1296421587467193
Transformer-onehot,HCDR3,G,0.0
Transformer-onehot,HCDR3,G,0.0
Transformer-onehot,HCDR3,G,0.0359006039798259
Transformer-onehot,HCDR3,G,0.1391856074333191
Transformer-onehot,HCDR3,G,0.2401368916034698
Transformer-onehot,HCDR3,G,0.2050607353448867
Transformer-onehot,HCDR3,G,0.5630107522010803
Transformer-onehot,HCDR3,G,1.1659018993377686
Transformer-onehot,HCDR3,G,1.7853472232818604
Transformer-onehot,HCDR3,G,0.0
Transformer-onehot,HCDR3,G,0.1372468471527099
Transformer-onehot,HCDR3,G,0.120075911283493
Transformer-onehot,HCDR3,G,0.3160073757171631
Transformer-onehot,HCDR3,G,0.0
Transformer-onehot,HCDR3,G,1.141191482543945
Transformer-onehot,HCDR3,G,1.4098273515701294
Transformer-onehot,HCDR3,G,1.747835397720337
Transformer-onehot,HCDR3,G,0.0
Transformer-onehot,HCDR3,G,0.4966169595718384
Transformer-onehot,HCDR3,G,1.7743134498596191
Transformer-onehot,HCDR3,G,0.0955894291400909
Transformer-onehot,HCDR3,G,0.2236863225698471
Transformer-onehot,HCDR3,G,0.044954627752304
Transformer-onehot,HCDR3,G,0.2967320382595062
Transformer-onehot,HCDR3,G,0.2692755162715912
Transformer-onehot,HCDR3,G,0.0
Transformer-onehot,HCDR3,G,0.2024915665388107
Transformer-onehot,HCDR3,G,0.0863734036684036
Transformer-onehot,HCDR3,G,0.5325594544410706
Transformer-onehot,HCDR3,G,0.0206376165151596
Transformer-onehot,HCDR3,G,0.1367831081151962
Transformer-onehot,HCDR3,G,0.0571656338870525
Transformer-onehot,HCDR3,G,0.0
Transformer-onehot,HCDR3,G,0.1121683418750763
Transformer-onehot,HCDR3,G,0.1116023510694503
Transformer-onehot,HCDR3,G,0.0
Transformer-onehot,HCDR3,G,0.0
Transformer-onehot,HCDR3,G,0.1820674985647201
Transformer-onehot,HCDR3,G,0.4506815671920776
Transformer-onehot,HCDR3,G,0.8969546556472778
Transformer-onehot,HCDR3,G,0.0446112528443336
Transformer-onehot,HCDR3,G,0.1661360561847686
Transformer-onehot,HCDR3,G,0.0305324867367744
Transformer-onehot,HCDR3,G,0.870753288269043
Transformer-onehot,HCDR3,G,0.0395508930087089
Transformer-onehot,HCDR3,G,0.0
Transformer-onehot,HCDR3,G,0.164208710193634
Transformer-onehot,HCDR3,G,0.5260018706321716
Transformer-onehot,HCDR3,G,0.547585129737854
Transformer-onehot,HCDR3,G,0.0
Transformer-onehot,HCDR3,G,0.2311943620443344
Transformer-onehot,HCDR3,G,0.0375569686293602
Transformer-onehot,HCDR3,G,0.1135526448488235
Transformer-onehot,HCDR3,G,1.582695484161377
Transformer-onehot,HCDR3,G,0.0
Transformer-onehot,HCDR3,G,0.0413770675659179
Transformer-onehot,HCDR3,G,0.0
Transformer-onehot,HCDR3,G,0.6689931750297546
Transformer-onehot,HCDR3,G,0.5378960371017456
Transformer-onehot,HCDR3,G,0.0
Transformer-onehot,HCDR3,G,0.3642564117908478
Transformer-onehot,HCDR3,G,0.0
Transformer-onehot,HCDR3,G,0.0
Transformer-onehot,HCDR3,G,0.1423975229263305
Transformer-onehot,HCDR3,G,0.7865102291107178
Transformer-onehot,HCDR3,G,0.4234772324562073
Transformer-onehot,HCDR3,G,0.7422454953193665
Transformer-onehot,HCDR3,G,0.4717442095279693
Transformer-onehot,HCDR3,G,0.1181614696979522
Transformer-onehot,HCDR3,G,0.1237951666116714
Transformer-onehot,HCDR3,G,0.9569002389907836
Transformer-onehot,HCDR3,G,0.0
Transformer-onehot,HCDR3,G,0.0
Transformer-onehot,HCDR3,G,0.3325803577899933
Transformer-onehot,HCDR3,G,0.0403319373726844
Transformer-onehot,HCDR3,G,0.1594056785106659
Transformer-onehot,HCDR3,G,0.0
Transformer-onehot,HCDR3,G,0.1411764323711395
Transformer-onehot,HCDR3,G,0.2984668314456939
Transformer-onehot,HCDR3,G,0.2134607881307602
Transformer-onehot,HCDR3,G,0.2521899342536926
Transformer-onehot,HCDR3,G,0.3335878849029541
Transformer-onehot,HCDR3,G,1.0937283039093018
Transformer-onehot,HCDR3,G,0.064504325389862
Transformer-onehot,HCDR3,G,0.6107732653617859
Transformer-onehot,HCDR3,G,0.0563629865646362
Transformer-onehot,HCDR3,G,0.1116106361150741
Transformer-onehot,HCDR3,G,0.136927455663681
Transformer-onehot,HCDR3,G,0.0571418926119804
Transformer-onehot,HCDR3,G,0.1443053632974624
Transformer-onehot,HCDR3,G,0.3395616710186004
Transformer-onehot,HCDR3,G,0.0643219724297523
Transformer-onehot,HCDR3,G,0.0
Transformer-onehot,HCDR3,G,1.8217570781707764
Transformer-onehot,HCDR3,G,1.6268134117126465
Transformer-onehot,HCDR3,G,0.1201161369681358
Transformer-onehot,HCDR3,G,0.0989716947078704
Transformer-onehot,HCDR3,G,0.7245191335678101
Transformer-onehot,HCDR3,G,0.0603391230106353
Transformer-onehot,HCDR3,G,0.0
Transformer-onehot,HCDR3,G,0.0363221131265163
Transformer-onehot,HCDR3,G,0.4946967661380768
Transformer-onehot,HCDR3,G,1.1831955909729004
Transformer-onehot,HCDR3,G,2.236047744750977
Transformer-onehot,HCDR3,G,0.0842204168438911
Transformer-onehot,HCDR3,G,0.4475970566272735
Transformer-onehot,HCDR3,G,1.542835354804993
Transformer-onehot,HCDR3,G,0.4492800831794739
Transformer-onehot,HCDR3,G,0.2015490233898162
Transformer-onehot,HCDR3,G,0.1571696549654007
Transformer-onehot,HCDR3,G,0.2309873253107071
Transformer-onehot,HCDR3,G,1.2224353551864624
Transformer-onehot,HCDR3,G,0.350962221622467
Transformer-onehot,HCDR3,G,0.2740269899368286
Transformer-onehot,HCDR3,G,0.463859498500824
Transformer-onehot,HCDR3,G,0.0
Transformer-onehot,HCDR3,G,1.190324068069458
Transformer-onehot,HCDR3,G,0.0351987965404987
Transformer-onehot,HCDR3,G,0.1213361397385597
Transformer-onehot,HCDR3,G,0.0
Transformer-onehot,HCDR3,G,0.7114949226379395
Transformer-onehot,HCDR3,G,0.1635089814662933
Transformer-onehot,HCDR3,G,0.6747581958770752
Transformer-onehot,HCDR3,G,0.4999712109565735
Transformer-onehot,HCDR3,G,0.2690008282661438
Transformer-onehot,HCDR3,G,0.0
Transformer-onehot,HCDR3,G,1.1888635158538818
Transformer-onehot,HCDR3,G,1.5558630228042605
Transformer-onehot,HCDR3,G,0.0
Transformer-onehot,HCDR3,G,0.1143187880516052
Transformer-onehot,HCDR3,G,1.144886493682861
Transformer-onehot,HCDR3,G,0.1592680215835571
Transformer-onehot,HCDR3,G,0.1472505033016204
Transformer-onehot,HCDR3,G,0.6105876564979553
Transformer-onehot,HCDR3,G,2.590825080871582
Transformer-onehot,HCDR3,G,0.3534692227840423
Transformer-onehot,HCDR3,G,0.6744570136070251
Transformer-onehot,HCDR3,G,0.0586350671947002
Transformer-onehot,HCDR3,G,0.0946090221405029
Transformer-onehot,HCDR3,G,0.0
Transformer-onehot,HCDR3,G,0.6055143475532532
Transformer-onehot,HCDR3,G,0.3787713050842285
Transformer-onehot,HCDR3,G,0.6625893712043762
Transformer-onehot,HCDR3,G,0.0883084386587143
Transformer-onehot,HCDR3,G,0.0
Transformer-onehot,HCDR3,G,0.5942020416259766
Transformer-onehot,HCDR3,G,0.1564448624849319
Transformer-onehot,HCDR3,G,0.2579442858695984
Transformer-onehot,HCDR3,G,0.2461996227502823
Transformer-onehot,HCDR3,G,0.0
Transformer-onehot,HCDR3,G,0.2326798737049102
Transformer-onehot,HCDR3,G,0.0
Transformer-onehot,HCDR3,G,0.0
Transformer-onehot,HCDR3,G,0.0
Transformer-onehot,HCDR3,G,0.5577536821365356
Transformer-onehot,HCDR3,G,0.0100500080734491
Transformer-onehot,HCDR3,G,0.5864000916481018
Transformer-onehot,HCDR3,G,0.1279399245977401
Transformer-onehot,HCDR3,G,1.612245798110962
Transformer-onehot,HCDR3,G,1.4788105487823486
Transformer-onehot,HCDR3,G,0.0304192900657653
Transformer-onehot,HCDR3,G,0.9170978665351868
Transformer-onehot,HCDR3,G,0.5217546224594116
Transformer-onehot,HCDR3,G,0.1026601269841194
Transformer-onehot,HCDR3,G,0.0
Transformer-onehot,HCDR3,G,0.7167763710021973
Transformer-onehot,HCDR3,G,0.8280278444290161
Transformer-onehot,HCDR3,G,0.0
Transformer-onehot,HCDR3,G,0.1573909968137741
Transformer-onehot,HCDR3,G,0.0
Transformer-onehot,HCDR3,G,0.3160921335220337
Transformer-onehot,HCDR3,G,0.0
Transformer-onehot,HCDR3,G,0.9924503564834596
Transformer-onehot,HCDR3,G,0.7590845823287964
Transformer-onehot,HCDR3,G,0.0419781506061553
Transformer-onehot,HCDR3,G,0.9713407158851624
Transformer-onehot,HCDR3,G,0.0717788562178611
Transformer-onehot,HCDR3,G,1.2100008726119995
Transformer-onehot,HCDR3,G,0.5249916911125183
Transformer-onehot,HCDR3,G,0.042909700423479
Transformer-onehot,HCDR3,G,0.0605022013187408
Transformer-onehot,HCDR3,G,0.9772614240646362
Transformer-onehot,HCDR3,G,0.3592388033866882
Transformer-onehot,HCDR3,G,0.2255392968654632
Transformer-onehot,HCDR3,G,0.2970531284809112
Transformer-onehot,HCDR3,G,0.0
Transformer-onehot,HCDR3,G,0.0
Transformer-onehot,HCDR3,G,0.0724704936146736
Transformer-onehot,HCDR3,G,0.279325932264328
Transformer-onehot,HCDR3,G,0.0
Transformer-onehot,HCDR3,G,0.9457286596298218
Transformer-onehot,HCDR3,G,0.0949545800685882
Transformer-onehot,HCDR3,G,0.0
Transformer-onehot,HCDR3,G,0.2770259976387024
Transformer-onehot,HCDR3,G,0.0
Transformer-onehot,HCDR3,G,0.4283393919467926
Transformer-onehot,HCDR3,G,1.6421165466308594
Transformer-onehot,HCDR3,G,0.0
Transformer-onehot,HCDR3,G,0.7559171319007874
Transformer-onehot,HCDR3,G,0.0236129239201545
Transformer-onehot,HCDR3,G,0.3324974775314331
Transformer-onehot,HCDR3,G,0.8216537237167358
Transformer-onehot,HCDR3,G,1.482540249824524
Transformer-onehot,HCDR3,G,0.0
Transformer-onehot,HCDR3,G,0.5878127813339233
Transformer-onehot,HCDR3,G,0.6184207797050476
Transformer-onehot,HCDR3,G,0.9882242679595948
Transformer-onehot,HCDR3,G,0.0
Transformer-onehot,HCDR3,G,0.0
Transformer-onehot,HCDR3,G,1.5354013442993164
Transformer-onehot,HCDR3,G,0.4605550169944763
Transformer-onehot,HCDR3,G,0.0
Transformer-onehot,HCDR3,G,0.0
Transformer-onehot,HCDR3,G,0.5073987245559692
Transformer-onehot,HCDR3,G,0.5639476180076599
Transformer-onehot,HCDR3,G,0.1004473865032196
Transformer-onehot,HCDR3,G,0.6622763276100159
Transformer-onehot,HCDR3,G,0.0504055470228195
Transformer-onehot,HCDR3,G,0.0
Transformer-onehot,HCDR3,G,0.9633309245109558
Transformer-onehot,HCDR3,G,0.4349471628665924
Transformer-onehot,HCDR3,G,0.1224643141031265
Transformer-onehot,HCDR3,G,0.0
Transformer-onehot,HCDR3,G,0.3218901753425598
Transformer-onehot,HCDR3,G,1.130882978439331
Transformer-onehot,HCDR3,G,0.3532557487487793
Transformer-onehot,HCDR3,G,0.4754941761493683
Transformer-onehot,HCDR3,G,0.0705721154808998
Transformer-onehot,HCDR3,G,0.2219589352607727
Transformer-onehot,HCDR3,G,1.0174685716629028
Transformer-onehot,HCDR3,G,0.1088337525725364
Transformer-onehot,HCDR3,G,0.054769366979599
Transformer-onehot,HCDR3,G,0.218153715133667
Transformer-onehot,HCDR3,G,0.0
Transformer-onehot,HCDR3,G,0.0776563137769699
Transformer-onehot,HCDR3,G,0.7917215824127197
Transformer-onehot,HCDR3,G,0.1469454765319824
Transformer-onehot,HCDR3,G,1.2064778804779053
Transformer-onehot,HCDR3,G,0.2531300485134125
Transformer-onehot,HCDR3,G,0.1309641301631927
Transformer-onehot,HCDR3,G,0.0
Transformer-onehot,HCDR3,G,0.0960403233766555
Transformer-onehot,HCDR3,G,0.124288760125637
Transformer-onehot,HCDR3,G,0.184142917394638
Transformer-onehot,HCDR3,G,0.0
Transformer-onehot,HCDR3,G,0.1412465721368789
Transformer-onehot,HCDR3,G,0.2868088483810425
Transformer-onehot,HCDR3,G,0.0
Transformer-onehot,HCDR3,G,0.32967209815979
Transformer-onehot,HCDR3,G,0.2856034636497497
Transformer-onehot,HCDR3,G,0.0
Transformer-onehot,HCDR3,G,0.7426959276199341
Transformer-onehot,HCDR3,G,0.5027899742126465
Transformer-onehot,HCDR3,G,0.0
Transformer-onehot,HCDR3,G,0.0
Transformer-onehot,HCDR3,G,1.4379239082336426
Transformer-onehot,HCDR3,G,0.0
Transformer-onehot,HCDR3,G,0.4740893840789795
Transformer-onehot,HCDR3,G,0.0
Transformer-onehot,HCDR3,G,0.6244207620620728
Transformer-onehot,HCDR3,G,0.3922316133975982
Transformer-onehot,HCDR3,G,0.8023935556411743
Transformer-onehot,HCDR3,G,0.0
Transformer-onehot,HCDR3,G,0.4769810438156128
Transformer-onehot,HCDR3,G,0.2494115829467773
Transformer-onehot,HCDR3,G,0.0
Transformer-onehot,HCDR3,G,0.0
Transformer-onehot,HCDR3,G,0.6489335298538208
Transformer-onehot,HCDR3,G,0.1286356002092361
Transformer-onehot,HCDR3,G,0.5438578128814697
Transformer-onehot,HCDR3,G,0.0
Transformer-onehot,HCDR3,G,0.0
Transformer-onehot,HCDR3,G,0.4613645672798157
Transformer-onehot,HCDR3,G,0.0
Transformer-onehot,HCDR3,G,0.0
Transformer-onehot,HCDR3,G,0.7958259582519531
Transformer-onehot,HCDR3,G,0.5308828353881836
Transformer-onehot,HCDR3,G,0.0328361019492149
Transformer-onehot,HCDR3,G,0.1504991948604583
Transformer-onehot,HCDR3,G,0.7581273317337036
Transformer-onehot,HCDR3,G,0.0
Transformer-onehot,HCDR3,G,0.0
Transformer-onehot,HCDR3,G,0.2622541785240173
Transformer-onehot,HCDR3,G,0.0
Transformer-onehot,HCDR3,G,0.3006501495838165
Transformer-onehot,HCDR3,G,0.0
Transformer-onehot,HCDR3,G,0.331407368183136
Transformer-onehot,HCDR3,G,0.0
Transformer-onehot,HCDR3,G,0.0
Transformer-onehot,HCDR3,G,0.0
Transformer-onehot,HCDR3,G,0.0405799709260463
Transformer-onehot,HCDR3,G,1.0613540410995483
Transformer-onehot,HCDR3,G,0.0
Transformer-onehot,HCDR3,G,1.0668480396270752
Transformer-onehot,HCDR3,G,0.6193150281906128
Transformer-onehot,HCDR3,G,0.5001700520515442
Transformer-onehot,HCDR3,G,0.0566039942204952
Transformer-onehot,HCDR3,G,0.1901610046625137
Transformer-onehot,HCDR3,G,0.0
Transformer-onehot,HCDR3,G,0.2841671705245971
Transformer-onehot,HCDR3,G,0.7580629587173462
Transformer-onehot,HCDR3,G,0.0968209356069564
Transformer-onehot,HCDR3,G,0.3873434662818908
Transformer-onehot,HCDR3,G,1.015922784805298
Transformer-onehot,HCDR3,G,0.3091298341751098
Transformer-onehot,HCDR3,G,0.836816668510437
Transformer-onehot,HCDR3,G,1.723170280456543
Transformer-onehot,HCDR3,G,0.2474921196699142
Transformer-onehot,HCDR3,G,0.0
Transformer-onehot,HCDR3,G,0.0
Transformer-onehot,HCDR3,G,0.2345643937587738
Transformer-onehot,HCDR3,G,0.0
Transformer-onehot,HCDR3,G,0.7847896814346313
Transformer-onehot,HCDR3,G,1.2275848388671875
Transformer-onehot,HCDR3,G,0.0
Transformer-onehot,HCDR3,G,0.4015026390552521
Transformer-onehot,HCDR3,G,0.0
Transformer-onehot,HCDR3,G,0.8024531602859497
Transformer-onehot,HCDR3,G,0.3730711936950683
Transformer-onehot,HCDR3,G,0.8580052852630615
Transformer-onehot,HCDR3,G,0.1409014612436294
Transformer-onehot,HCDR3,G,0.2301443815231323
Transformer-onehot,HCDR3,G,0.9156199097633362
Transformer-onehot,HCDR3,G,0.5924965739250183
Transformer-onehot,HCDR3,G,0.7324341535568237
Transformer-onehot,HCDR3,G,0.5677050948143005
Transformer-onehot,HCDR3,G,0.092051200568676
Transformer-onehot,HCDR3,G,0.0
Transformer-onehot,HCDR3,G,0.0
Transformer-onehot,HCDR3,G,1.5165098905563354
Transformer-onehot,HCDR3,G,0.1855660378932953
Transformer-onehot,HCDR3,G,0.7602545619010925
Transformer-onehot,HCDR3,G,1.1246367692947388
Transformer-onehot,HCDR3,G,0.1752350628376007
Transformer-onehot,HCDR3,G,0.3928224444389343
Transformer-onehot,HCDR3,G,1.2498517036437988
Transformer-onehot,HCDR3,G,0.7259321212768555
Transformer-onehot,HCDR3,G,0.0346693582832813
Transformer-onehot,HCDR3,G,0.8551592826843262
Transformer-onehot,HCDR3,G,0.5710937976837158
Transformer-onehot,HCDR3,G,0.2553618550300598
Transformer-onehot,HCDR3,G,1.5666570663452148
Transformer-onehot,HCDR3,G,0.2916698753833771
Transformer-onehot,HCDR3,G,0.0
Transformer-onehot,HCDR3,G,0.463319331407547
Transformer-onehot,HCDR3,G,0.272290974855423
Transformer-onehot,HCDR3,G,0.8918105363845825
Transformer-onehot,HCDR3,G,0.0
Transformer-onehot,HCDR3,G,0.8647706508636475
Transformer-onehot,HCDR3,G,0.1190645173192024
Transformer-onehot,HCDR3,G,0.0
Transformer-onehot,HCDR3,G,0.2138302624225616
Transformer-onehot,HCDR3,G,0.8119127750396729
Transformer-onehot,HCDR3,G,0.4934367835521698
Transformer-onehot,HCDR3,G,0.0
Transformer-onehot,HCDR3,G,0.0
Transformer-onehot,HCDR3,G,0.4306778609752655
Transformer-onehot,HCDR3,G,1.1625038385391235
Transformer-onehot,HCDR3,G,0.1931459307670593
Transformer-onehot,HCDR3,G,0.2356443256139755
Transformer-onehot,HCDR3,G,0.7549288868904114
Transformer-onehot,HCDR3,G,0.0
Transformer-onehot,HCDR3,G,0.6067858338356018
Transformer-onehot,HCDR3,G,0.0
Transformer-onehot,HCDR3,G,0.7154003977775574
Transformer-onehot,HCDR3,G,0.0
Transformer-onehot,HCDR3,G,0.3625537753105163
Transformer-onehot,HCDR3,G,0.0
Transformer-onehot,HCDR3,G,0.930107593536377
Transformer-onehot,HCDR3,G,0.0820918306708335
Transformer-onehot,HCDR3,G,0.1853089928627014
Transformer-onehot,HCDR3,G,0.2912051975727081
Transformer-onehot,HCDR3,G,0.1723928153514862
Transformer-onehot,HCDR3,G,0.5255131721496582
Transformer-onehot,HCDR3,G,0.0
Transformer-onehot,HCDR3,G,0.1758622229099273
Transformer-onehot,HCDR3,G,0.2201734036207199
Transformer-onehot,HCDR3,G,0.0
Transformer-onehot,HCDR3,G,0.307600736618042
Transformer-onehot,HCDR3,G,0.0357940681278705
Transformer-onehot,HCDR3,G,0.5853253602981567
Transformer-onehot,HCDR3,G,0.0972864776849746
Transformer-onehot,HCDR3,G,0.6524839401245117
Transformer-onehot,HCDR3,G,0.4287434220314026
Transformer-onehot,HCDR3,G,0.5251485705375671
Transformer-onehot,HCDR3,G,0.0440588928759098
Transformer-onehot,HCDR3,G,0.7363512516021729
Transformer-onehot,HCDR3,G,0.0
Transformer-onehot,HCDR3,G,0.1523261070251464
Transformer-onehot,HCDR3,G,0.2625555694103241
Transformer-onehot,HCDR3,G,0.1385531574487686
Transformer-onehot,HCDR3,G,0.7669336795806885
Transformer-onehot,HCDR3,G,0.4231417179107666
Transformer-onehot,HCDR3,G,0.070424310863018
Transformer-onehot,HCDR3,G,0.4176676869392395
Transformer-onehot,HCDR3,G,0.511691153049469
Transformer-onehot,HCDR3,G,0.6651396155357361
Transformer-onehot,HCDR3,G,0.2757759392261505
Transformer-onehot,HCDR3,G,2.206262588500977
Transformer-onehot,HCDR3,G,0.0
Transformer-onehot,HCDR3,G,0.2724080979824066
Transformer-onehot,HCDR3,G,0.0
Transformer-onehot,HCDR3,G,0.0
Transformer-onehot,HCDR3,G,0.824903666973114
Transformer-onehot,HCDR3,G,0.0
Transformer-onehot,HCDR3,G,0.9766492247581482
Transformer-onehot,HCDR3,G,0.0
Transformer-onehot,HCDR3,G,0.6120923161506653
Transformer-onehot,HCDR3,G,0.0
Transformer-onehot,HCDR3,G,0.0
Transformer-onehot,HCDR3,G,0.3430684506893158
Transformer-onehot,HCDR3,H,0.0
Transformer-onehot,HCDR3,H,0.0
Transformer-onehot,HCDR3,H,0.0
Transformer-onehot,HCDR3,H,0.0
Transformer-onehot,HCDR3,H,0.0
Transformer-onehot,HCDR3,H,0.0
Transformer-onehot,HCDR3,H,0.0
Transformer-onehot,HCDR3,H,0.0
Transformer-onehot,HCDR3,H,-0.0011533818906173
Transformer-onehot,HCDR3,H,0.0
Transformer-onehot,HCDR3,H,0.0187033712863922
Transformer-onehot,HCDR3,H,0.0
Transformer-onehot,HCDR3,H,0.0
Transformer-onehot,HCDR3,H,0.0
Transformer-onehot,HCDR3,H,0.0
Transformer-onehot,HCDR3,H,0.0
Transformer-onehot,HCDR3,H,0.0
Transformer-onehot,HCDR3,H,-0.0712123811244964
Transformer-onehot,HCDR3,H,0.0
Transformer-onehot,HCDR3,H,0.0
Transformer-onehot,HCDR3,H,0.0
Transformer-onehot,HCDR3,H,0.0
Transformer-onehot,HCDR3,H,0.0
Transformer-onehot,HCDR3,H,0.0
Transformer-onehot,HCDR3,H,0.0
Transformer-onehot,HCDR3,H,0.0
Transformer-onehot,HCDR3,H,-0.0742699429392814
Transformer-onehot,HCDR3,H,0.0
Transformer-onehot,HCDR3,H,0.0
Transformer-onehot,HCDR3,H,0.0
Transformer-onehot,HCDR3,H,0.0
Transformer-onehot,HCDR3,H,0.0
Transformer-onehot,HCDR3,H,0.0
Transformer-onehot,HCDR3,H,-0.1186621114611625
Transformer-onehot,HCDR3,H,0.0
Transformer-onehot,HCDR3,H,0.0
Transformer-onehot,HCDR3,H,0.0
Transformer-onehot,HCDR3,H,0.0238858107477426
Transformer-onehot,HCDR3,H,0.0
Transformer-onehot,HCDR3,H,0.0
Transformer-onehot,HCDR3,H,0.0
Transformer-onehot,HCDR3,H,0.0
Transformer-onehot,HCDR3,H,0.0
Transformer-onehot,HCDR3,H,0.0
Transformer-onehot,HCDR3,H,0.0050787311047315
Transformer-onehot,HCDR3,H,0.0
Transformer-onehot,HCDR3,H,0.0
Transformer-onehot,HCDR3,H,0.0
Transformer-onehot,HCDR3,H,0.0
Transformer-onehot,HCDR3,H,0.0
Transformer-onehot,HCDR3,H,0.0
Transformer-onehot,HCDR3,H,0.0
Transformer-onehot,HCDR3,H,0.0046097603626549
Transformer-onehot,HCDR3,H,0.0
Transformer-onehot,HCDR3,H,0.0
Transformer-onehot,HCDR3,H,0.0
Transformer-onehot,HCDR3,H,0.0
Transformer-onehot,HCDR3,H,0.0
Transformer-onehot,HCDR3,H,0.0
Transformer-onehot,HCDR3,H,0.0
Transformer-onehot,HCDR3,H,0.0
Transformer-onehot,HCDR3,H,-0.0173635073006153
Transformer-onehot,HCDR3,H,0.0
Transformer-onehot,HCDR3,H,0.0
Transformer-onehot,HCDR3,H,-0.0049484451301395
Transformer-onehot,HCDR3,H,0.0
Transformer-onehot,HCDR3,H,-0.0106950625777244
Transformer-onehot,HCDR3,H,0.0
Transformer-onehot,HCDR3,H,0.0
Transformer-onehot,HCDR3,H,0.0
Transformer-onehot,HCDR3,H,0.0
Transformer-onehot,HCDR3,H,0.0
Transformer-onehot,HCDR3,H,0.0
Transformer-onehot,HCDR3,H,0.0
Transformer-onehot,HCDR3,H,-0.048271294683218
Transformer-onehot,HCDR3,H,0.0
Transformer-onehot,HCDR3,H,0.0
Transformer-onehot,HCDR3,H,0.0
Transformer-onehot,HCDR3,H,0.0
Transformer-onehot,HCDR3,H,0.0
Transformer-onehot,HCDR3,H,0.0137501070275902
Transformer-onehot,HCDR3,H,0.0
Transformer-onehot,HCDR3,H,0.0
Transformer-onehot,HCDR3,H,0.0086932331323623
Transformer-onehot,HCDR3,H,0.0
Transformer-onehot,HCDR3,H,0.0
Transformer-onehot,HCDR3,H,0.0
Transformer-onehot,HCDR3,H,0.0
Transformer-onehot,HCDR3,H,0.0
Transformer-onehot,HCDR3,H,0.0
Transformer-onehot,HCDR3,H,0.0
Transformer-onehot,HCDR3,H,0.0
Transformer-onehot,HCDR3,H,0.0
Transformer-onehot,HCDR3,H,0.0
Transformer-onehot,HCDR3,H,0.0
Transformer-onehot,HCDR3,H,0.0
Transformer-onehot,HCDR3,H,0.0
Transformer-onehot,HCDR3,H,0.0
Transformer-onehot,HCDR3,H,0.0
Transformer-onehot,HCDR3,H,0.0
Transformer-onehot,HCDR3,H,0.0
Transformer-onehot,HCDR3,H,0.0
Transformer-onehot,HCDR3,H,0.0
Transformer-onehot,HCDR3,H,0.0
Transformer-onehot,HCDR3,H,0.0
Transformer-onehot,HCDR3,H,0.0
Transformer-onehot,HCDR3,H,0.0
Transformer-onehot,HCDR3,H,0.0
Transformer-onehot,HCDR3,H,0.0
Transformer-onehot,HCDR3,H,0.0
Transformer-onehot,HCDR3,H,0.0
Transformer-onehot,HCDR3,H,0.0
Transformer-onehot,HCDR3,H,0.0
Transformer-onehot,HCDR3,H,0.0
Transformer-onehot,HCDR3,H,0.0
Transformer-onehot,HCDR3,H,0.0
Transformer-onehot,HCDR3,H,0.0
Transformer-onehot,HCDR3,H,0.0
Transformer-onehot,HCDR3,H,0.0
Transformer-onehot,HCDR3,H,0.0
Transformer-onehot,HCDR3,H,0.0
Transformer-onehot,HCDR3,H,0.0
Transformer-onehot,HCDR3,H,0.0
Transformer-onehot,HCDR3,H,0.0
Transformer-onehot,HCDR3,H,0.0
Transformer-onehot,HCDR3,H,-0.214771494269371
Transformer-onehot,HCDR3,H,0.0083370339125394
Transformer-onehot,HCDR3,H,0.0
Transformer-onehot,HCDR3,H,0.0
Transformer-onehot,HCDR3,H,-0.0046792803332209
Transformer-onehot,HCDR3,H,0.0
Transformer-onehot,HCDR3,H,0.0
Transformer-onehot,HCDR3,H,-0.0216298419982194
Transformer-onehot,HCDR3,H,-0.0064481426961719
Transformer-onehot,HCDR3,H,0.0
Transformer-onehot,HCDR3,H,0.0
Transformer-onehot,HCDR3,H,0.0
Transformer-onehot,HCDR3,H,0.0
Transformer-onehot,HCDR3,H,0.0813070237636566
Transformer-onehot,HCDR3,H,0.0
Transformer-onehot,HCDR3,H,0.0
Transformer-onehot,HCDR3,H,0.0
Transformer-onehot,HCDR3,H,0.0
Transformer-onehot,HCDR3,H,0.0
Transformer-onehot,HCDR3,H,0.0
Transformer-onehot,HCDR3,H,0.0989289060235023
Transformer-onehot,HCDR3,H,0.0
Transformer-onehot,HCDR3,H,0.0
Transformer-onehot,HCDR3,H,0.0
Transformer-onehot,HCDR3,H,-0.0960523784160614
Transformer-onehot,HCDR3,H,0.0
Transformer-onehot,HCDR3,H,0.0
Transformer-onehot,HCDR3,H,0.0367169827222824
Transformer-onehot,HCDR3,H,0.0
Transformer-onehot,HCDR3,H,0.0
Transformer-onehot,HCDR3,H,0.0
Transformer-onehot,HCDR3,H,0.0
Transformer-onehot,HCDR3,H,0.0
Transformer-onehot,HCDR3,H,0.0
Transformer-onehot,HCDR3,H,0.0
Transformer-onehot,HCDR3,H,0.0
Transformer-onehot,HCDR3,H,0.0
Transformer-onehot,HCDR3,H,0.0
Transformer-onehot,HCDR3,H,0.0
Transformer-onehot,HCDR3,H,0.0
Transformer-onehot,HCDR3,H,0.0
Transformer-onehot,HCDR3,H,0.0
Transformer-onehot,HCDR3,H,0.0
Transformer-onehot,HCDR3,H,0.0
Transformer-onehot,HCDR3,H,0.0
Transformer-onehot,HCDR3,H,0.0
Transformer-onehot,HCDR3,H,0.0
Transformer-onehot,HCDR3,H,-0.0007944217068143
Transformer-onehot,HCDR3,H,0.0
Transformer-onehot,HCDR3,H,0.0
Transformer-onehot,HCDR3,H,0.0
Transformer-onehot,HCDR3,H,0.0
Transformer-onehot,HCDR3,H,0.000156761976541
Transformer-onehot,HCDR3,H,0.0
Transformer-onehot,HCDR3,H,0.0
Transformer-onehot,HCDR3,H,0.0
Transformer-onehot,HCDR3,H,0.0
Transformer-onehot,HCDR3,H,0.0
Transformer-onehot,HCDR3,H,0.0
Transformer-onehot,HCDR3,H,0.0
Transformer-onehot,HCDR3,H,0.0
Transformer-onehot,HCDR3,H,0.0
Transformer-onehot,HCDR3,H,0.0
Transformer-onehot,HCDR3,H,0.0
Transformer-onehot,HCDR3,H,0.0
Transformer-onehot,HCDR3,H,0.0
Transformer-onehot,HCDR3,H,0.0
Transformer-onehot,HCDR3,H,0.0
Transformer-onehot,HCDR3,H,-0.037277977913618
Transformer-onehot,HCDR3,H,0.0
Transformer-onehot,HCDR3,H,-0.0829999148845672
Transformer-onehot,HCDR3,H,0.027398070320487
Transformer-onehot,HCDR3,H,0.0
Transformer-onehot,HCDR3,H,0.0
Transformer-onehot,HCDR3,H,0.0
Transformer-onehot,HCDR3,H,0.0
Transformer-onehot,HCDR3,H,0.0
Transformer-onehot,HCDR3,H,0.0
Transformer-onehot,HCDR3,H,0.0
Transformer-onehot,HCDR3,H,0.0
Transformer-onehot,HCDR3,H,0.0
Transformer-onehot,HCDR3,H,0.0
Transformer-onehot,HCDR3,H,0.0003898152790497
Transformer-onehot,HCDR3,H,0.0026951681356877
Transformer-onehot,HCDR3,H,0.0
Transformer-onehot,HCDR3,H,0.0
Transformer-onehot,HCDR3,H,0.0
Transformer-onehot,HCDR3,H,0.0
Transformer-onehot,HCDR3,H,0.0
Transformer-onehot,HCDR3,H,0.0
Transformer-onehot,HCDR3,H,0.0
Transformer-onehot,HCDR3,H,0.0
Transformer-onehot,HCDR3,H,0.0
Transformer-onehot,HCDR3,H,0.0
Transformer-onehot,HCDR3,H,0.0
Transformer-onehot,HCDR3,H,0.0
Transformer-onehot,HCDR3,H,0.0
Transformer-onehot,HCDR3,H,0.0
Transformer-onehot,HCDR3,H,0.0
Transformer-onehot,HCDR3,H,0.0
Transformer-onehot,HCDR3,H,-0.1119698211550712
Transformer-onehot,HCDR3,H,-0.0011127607431262
Transformer-onehot,HCDR3,H,0.0
Transformer-onehot,HCDR3,H,0.0
Transformer-onehot,HCDR3,H,0.1153872683644294
Transformer-onehot,HCDR3,H,0.0
Transformer-onehot,HCDR3,H,0.0
Transformer-onehot,HCDR3,H,0.0
Transformer-onehot,HCDR3,H,0.0
Transformer-onehot,HCDR3,H,0.0
Transformer-onehot,HCDR3,H,0.0
Transformer-onehot,HCDR3,H,-0.1115490794181823
Transformer-onehot,HCDR3,H,0.0
Transformer-onehot,HCDR3,H,0.0
Transformer-onehot,HCDR3,H,0.0
Transformer-onehot,HCDR3,H,0.0
Transformer-onehot,HCDR3,H,-0.0161207169294357
Transformer-onehot,HCDR3,H,0.0
Transformer-onehot,HCDR3,H,0.0
Transformer-onehot,HCDR3,H,0.0
Transformer-onehot,HCDR3,H,0.0
Transformer-onehot,HCDR3,H,0.0
Transformer-onehot,HCDR3,H,0.0
Transformer-onehot,HCDR3,H,-0.217413991689682
Transformer-onehot,HCDR3,H,0.0005986507749184
Transformer-onehot,HCDR3,H,0.0
Transformer-onehot,HCDR3,H,0.0
Transformer-onehot,HCDR3,H,-0.0086280703544616
Transformer-onehot,HCDR3,H,0.0
Transformer-onehot,HCDR3,H,0.0
Transformer-onehot,HCDR3,H,0.0
Transformer-onehot,HCDR3,H,0.0
Transformer-onehot,HCDR3,H,0.0
Transformer-onehot,HCDR3,H,0.0
Transformer-onehot,HCDR3,H,0.0
Transformer-onehot,HCDR3,H,0.0740729495882988
Transformer-onehot,HCDR3,H,0.0
Transformer-onehot,HCDR3,H,0.0
Transformer-onehot,HCDR3,H,0.0
Transformer-onehot,HCDR3,H,-0.2660949230194092
Transformer-onehot,HCDR3,H,0.0
Transformer-onehot,HCDR3,H,0.0
Transformer-onehot,HCDR3,H,0.0
Transformer-onehot,HCDR3,H,0.0
Transformer-onehot,HCDR3,H,0.0
Transformer-onehot,HCDR3,H,0.0
Transformer-onehot,HCDR3,H,0.0
Transformer-onehot,HCDR3,H,0.0
Transformer-onehot,HCDR3,H,0.0198089443147182
Transformer-onehot,HCDR3,H,-0.0067347255535423
Transformer-onehot,HCDR3,H,-0.0802720785140991
Transformer-onehot,HCDR3,H,0.0
Transformer-onehot,HCDR3,H,0.0
Transformer-onehot,HCDR3,H,0.0
Transformer-onehot,HCDR3,H,0.0
Transformer-onehot,HCDR3,H,0.0
Transformer-onehot,HCDR3,H,-0.0302316825836896
Transformer-onehot,HCDR3,H,0.0
Transformer-onehot,HCDR3,H,-0.009768046438694
Transformer-onehot,HCDR3,H,0.0
Transformer-onehot,HCDR3,H,0.0
Transformer-onehot,HCDR3,H,0.0
Transformer-onehot,HCDR3,H,0.0
Transformer-onehot,HCDR3,H,0.0
Transformer-onehot,HCDR3,H,0.0
Transformer-onehot,HCDR3,H,0.0
Transformer-onehot,HCDR3,H,0.0
Transformer-onehot,HCDR3,H,0.0
Transformer-onehot,HCDR3,H,0.0
Transformer-onehot,HCDR3,H,0.0
Transformer-onehot,HCDR3,H,0.0
Transformer-onehot,HCDR3,H,-0.0379818119108676
Transformer-onehot,HCDR3,H,0.0
Transformer-onehot,HCDR3,H,0.0
Transformer-onehot,HCDR3,H,0.0
Transformer-onehot,HCDR3,H,-0.1162954717874527
Transformer-onehot,HCDR3,H,0.0
Transformer-onehot,HCDR3,H,0.0
Transformer-onehot,HCDR3,H,0.0
Transformer-onehot,HCDR3,H,0.0
Transformer-onehot,HCDR3,H,0.0
Transformer-onehot,HCDR3,H,0.0
Transformer-onehot,HCDR3,H,0.0
Transformer-onehot,HCDR3,H,0.0
Transformer-onehot,HCDR3,H,0.0
Transformer-onehot,HCDR3,H,0.0
Transformer-onehot,HCDR3,H,0.0
Transformer-onehot,HCDR3,H,0.0051310458220541
Transformer-onehot,HCDR3,H,0.0
Transformer-onehot,HCDR3,H,0.0
Transformer-onehot,HCDR3,H,0.0
Transformer-onehot,HCDR3,H,0.0
Transformer-onehot,HCDR3,H,0.0
Transformer-onehot,HCDR3,H,0.0
Transformer-onehot,HCDR3,H,0.0
Transformer-onehot,HCDR3,H,0.0
Transformer-onehot,HCDR3,H,0.0
Transformer-onehot,HCDR3,H,0.0
Transformer-onehot,HCDR3,H,0.0
Transformer-onehot,HCDR3,H,0.0122405989095568
Transformer-onehot,HCDR3,H,0.0
Transformer-onehot,HCDR3,H,0.0
Transformer-onehot,HCDR3,H,0.0
Transformer-onehot,HCDR3,H,0.0
Transformer-onehot,HCDR3,H,0.0
Transformer-onehot,HCDR3,H,0.0
Transformer-onehot,HCDR3,H,0.0
Transformer-onehot,HCDR3,H,0.05401561409235
Transformer-onehot,HCDR3,H,0.0
Transformer-onehot,HCDR3,H,0.0
Transformer-onehot,HCDR3,H,0.0
Transformer-onehot,HCDR3,H,0.0703663527965545
Transformer-onehot,HCDR3,H,0.0
Transformer-onehot,HCDR3,H,0.0
Transformer-onehot,HCDR3,H,0.0
Transformer-onehot,HCDR3,H,0.0
Transformer-onehot,HCDR3,H,0.0
Transformer-onehot,HCDR3,H,0.0
Transformer-onehot,HCDR3,H,0.0
Transformer-onehot,HCDR3,H,0.0
Transformer-onehot,HCDR3,H,0.0
Transformer-onehot,HCDR3,H,0.0
Transformer-onehot,HCDR3,H,0.0
Transformer-onehot,HCDR3,H,0.0
Transformer-onehot,HCDR3,H,0.0
Transformer-onehot,HCDR3,H,0.044571578502655
Transformer-onehot,HCDR3,H,0.0
Transformer-onehot,HCDR3,H,-0.0434695705771446
Transformer-onehot,HCDR3,H,0.0
Transformer-onehot,HCDR3,H,-0.0149201797321438
Transformer-onehot,HCDR3,H,0.0
Transformer-onehot,HCDR3,H,0.0
Transformer-onehot,HCDR3,H,0.0
Transformer-onehot,HCDR3,H,-0.0285473298281431
Transformer-onehot,HCDR3,H,0.0
Transformer-onehot,HCDR3,H,0.0
Transformer-onehot,HCDR3,H,-0.066662847995758
Transformer-onehot,HCDR3,H,0.0
Transformer-onehot,HCDR3,H,0.0
Transformer-onehot,HCDR3,H,-0.1767846643924713
Transformer-onehot,HCDR3,H,0.0
Transformer-onehot,HCDR3,H,0.0
Transformer-onehot,HCDR3,H,0.0
Transformer-onehot,HCDR3,H,0.0
Transformer-onehot,HCDR3,H,0.0
Transformer-onehot,HCDR3,H,0.0656409636139869
Transformer-onehot,HCDR3,H,0.0
Transformer-onehot,HCDR3,H,0.0
Transformer-onehot,HCDR3,H,0.0
Transformer-onehot,HCDR3,H,0.0
Transformer-onehot,HCDR3,H,0.0
Transformer-onehot,HCDR3,H,0.0
Transformer-onehot,HCDR3,H,0.0
Transformer-onehot,HCDR3,H,0.0
Transformer-onehot,HCDR3,H,0.0
Transformer-onehot,HCDR3,H,0.0
Transformer-onehot,HCDR3,H,0.0
Transformer-onehot,HCDR3,H,0.0
Transformer-onehot,HCDR3,H,0.0
Transformer-onehot,HCDR3,H,0.0
Transformer-onehot,HCDR3,H,0.0
Transformer-onehot,HCDR3,H,0.0
Transformer-onehot,HCDR3,H,0.0
Transformer-onehot,HCDR3,H,0.0
Transformer-onehot,HCDR3,H,0.0
Transformer-onehot,HCDR3,H,0.0
Transformer-onehot,HCDR3,H,0.0048722219653427
Transformer-onehot,HCDR3,H,0.0
Transformer-onehot,HCDR3,H,0.0
Transformer-onehot,HCDR3,H,0.0
Transformer-onehot,HCDR3,H,0.0
Transformer-onehot,HCDR3,H,0.0
Transformer-onehot,HCDR3,H,0.0
Transformer-onehot,HCDR3,H,0.0
Transformer-onehot,HCDR3,H,0.0
Transformer-onehot,HCDR3,H,-0.0343190692365169
Transformer-onehot,HCDR3,H,0.0
Transformer-onehot,HCDR3,H,0.0
Transformer-onehot,HCDR3,H,0.0
Transformer-onehot,HCDR3,H,0.0
Transformer-onehot,HCDR3,H,0.0
Transformer-onehot,HCDR3,H,0.0
Transformer-onehot,HCDR3,H,0.0
Transformer-onehot,HCDR3,H,0.0
Transformer-onehot,HCDR3,H,0.0
Transformer-onehot,HCDR3,H,0.0
Transformer-onehot,HCDR3,H,0.0766341909766197
Transformer-onehot,HCDR3,H,0.0
Transformer-onehot,HCDR3,H,0.0
Transformer-onehot,HCDR3,H,0.0
Transformer-onehot,HCDR3,H,0.0
Transformer-onehot,HCDR3,H,-0.0608766376972198
Transformer-onehot,HCDR3,H,0.0
Transformer-onehot,HCDR3,H,0.0
Transformer-onehot,HCDR3,H,0.0
Transformer-onehot,HCDR3,H,0.009359479881823
Transformer-onehot,HCDR3,H,0.0
Transformer-onehot,HCDR3,H,0.0
Transformer-onehot,HCDR3,H,0.0
Transformer-onehot,HCDR3,H,0.0
Transformer-onehot,HCDR3,H,0.0
Transformer-onehot,HCDR3,H,0.0
Transformer-onehot,HCDR3,H,0.0
Transformer-onehot,HCDR3,H,0.0
Transformer-onehot,HCDR3,H,0.0
Transformer-onehot,HCDR3,H,0.0
Transformer-onehot,HCDR3,H,-0.124379463493824
Transformer-onehot,HCDR3,H,0.0
Transformer-onehot,HCDR3,H,0.0
Transformer-onehot,HCDR3,H,0.0
Transformer-onehot,HCDR3,H,0.0
Transformer-onehot,HCDR3,H,0.0
Transformer-onehot,HCDR3,H,0.0
Transformer-onehot,HCDR3,H,0.0065432349219918
Transformer-onehot,HCDR3,H,0.0
Transformer-onehot,HCDR3,H,-0.0118456175550818
Transformer-onehot,HCDR3,H,0.0
Transformer-onehot,HCDR3,H,0.0
Transformer-onehot,HCDR3,H,0.0
Transformer-onehot,HCDR3,H,0.0
Transformer-onehot,HCDR3,H,0.0
Transformer-onehot,HCDR3,H,0.0
Transformer-onehot,HCDR3,H,0.0
Transformer-onehot,HCDR3,H,-0.024101547896862
Transformer-onehot,HCDR3,H,0.0
Transformer-onehot,HCDR3,H,0.0
Transformer-onehot,HCDR3,H,0.0
Transformer-onehot,HCDR3,H,0.0
Transformer-onehot,HCDR3,H,0.0
Transformer-onehot,HCDR3,H,0.0
Transformer-onehot,HCDR3,H,0.0
Transformer-onehot,HCDR3,H,0.0
Transformer-onehot,HCDR3,H,0.0
Transformer-onehot,HCDR3,H,0.0
Transformer-onehot,HCDR3,H,0.0
Transformer-onehot,HCDR3,H,-0.0460538826882839
Transformer-onehot,HCDR3,H,0.0
Transformer-onehot,HCDR3,H,0.0
Transformer-onehot,HCDR3,H,0.0
Transformer-onehot,HCDR3,H,0.0159631595015525
Transformer-onehot,HCDR3,H,0.0
Transformer-onehot,HCDR3,H,0.0
Transformer-onehot,HCDR3,H,0.0
Transformer-onehot,HCDR3,H,0.0
Transformer-onehot,HCDR3,H,0.0
Transformer-onehot,HCDR3,H,0.0
Transformer-onehot,HCDR3,H,0.0
Transformer-onehot,HCDR3,H,0.0
Transformer-onehot,HCDR3,H,0.0
Transformer-onehot,HCDR3,H,0.0
Transformer-onehot,HCDR3,H,0.0
Transformer-onehot,HCDR3,H,0.0
Transformer-onehot,HCDR3,H,-0.0077470964752137
Transformer-onehot,HCDR3,H,0.0
Transformer-onehot,HCDR3,H,0.0
Transformer-onehot,HCDR3,H,0.0
Transformer-onehot,HCDR3,H,0.0
Transformer-onehot,HCDR3,H,0.0
Transformer-onehot,HCDR3,H,0.0
Transformer-onehot,HCDR3,H,0.0
Transformer-onehot,HCDR3,H,0.0
Transformer-onehot,HCDR3,H,0.0
Transformer-onehot,HCDR3,H,0.0
Transformer-onehot,HCDR3,H,0.0
Transformer-onehot,HCDR3,H,0.0
Transformer-onehot,HCDR3,H,0.0
Transformer-onehot,HCDR3,H,0.0
Transformer-onehot,HCDR3,H,0.0
Transformer-onehot,HCDR3,H,0.0
Transformer-onehot,HCDR3,H,0.0
Transformer-onehot,HCDR3,H,0.0
Transformer-onehot,HCDR3,H,0.0
Transformer-onehot,HCDR3,H,0.0
Transformer-onehot,HCDR3,H,0.0
Transformer-onehot,HCDR3,H,0.0
Transformer-onehot,HCDR3,I,0.0
Transformer-onehot,HCDR3,I,0.0
Transformer-onehot,HCDR3,I,0.0430748611688613
Transformer-onehot,HCDR3,I,0.1070839241147041
Transformer-onehot,HCDR3,I,0.0
Transformer-onehot,HCDR3,I,0.0
Transformer-onehot,HCDR3,I,0.0
Transformer-onehot,HCDR3,I,0.0
Transformer-onehot,HCDR3,I,0.0
Transformer-onehot,HCDR3,I,0.0
Transformer-onehot,HCDR3,I,0.0
Transformer-onehot,HCDR3,I,0.3509544730186462
Transformer-onehot,HCDR3,I,0.0
Transformer-onehot,HCDR3,I,0.0
Transformer-onehot,HCDR3,I,0.0
Transformer-onehot,HCDR3,I,0.0
Transformer-onehot,HCDR3,I,0.0
Transformer-onehot,HCDR3,I,0.0
Transformer-onehot,HCDR3,I,0.0
Transformer-onehot,HCDR3,I,0.0
Transformer-onehot,HCDR3,I,0.0597922317683696
Transformer-onehot,HCDR3,I,0.0
Transformer-onehot,HCDR3,I,0.0600575730204582
Transformer-onehot,HCDR3,I,0.0
Transformer-onehot,HCDR3,I,0.0
Transformer-onehot,HCDR3,I,0.0301663484424352
Transformer-onehot,HCDR3,I,0.0
Transformer-onehot,HCDR3,I,0.2735522389411926
Transformer-onehot,HCDR3,I,0.0
Transformer-onehot,HCDR3,I,0.0
Transformer-onehot,HCDR3,I,0.0
Transformer-onehot,HCDR3,I,0.503439724445343
Transformer-onehot,HCDR3,I,0.0
Transformer-onehot,HCDR3,I,1.0426685810089111
Transformer-onehot,HCDR3,I,0.0714925751090049
Transformer-onehot,HCDR3,I,0.0
Transformer-onehot,HCDR3,I,0.0
Transformer-onehot,HCDR3,I,0.1268932074308395
Transformer-onehot,HCDR3,I,0.0
Transformer-onehot,HCDR3,I,0.0
Transformer-onehot,HCDR3,I,0.0
Transformer-onehot,HCDR3,I,0.4188131392002105
Transformer-onehot,HCDR3,I,0.0
Transformer-onehot,HCDR3,I,0.0
Transformer-onehot,HCDR3,I,0.1881707459688186
Transformer-onehot,HCDR3,I,0.0
Transformer-onehot,HCDR3,I,0.4625187516212463
Transformer-onehot,HCDR3,I,0.0
Transformer-onehot,HCDR3,I,0.0
Transformer-onehot,HCDR3,I,0.0
Transformer-onehot,HCDR3,I,0.0
Transformer-onehot,HCDR3,I,0.0
Transformer-onehot,HCDR3,I,0.0
Transformer-onehot,HCDR3,I,0.0
Transformer-onehot,HCDR3,I,0.1657140552997589
Transformer-onehot,HCDR3,I,0.9943053722381592
Transformer-onehot,HCDR3,I,0.0
Transformer-onehot,HCDR3,I,0.0
Transformer-onehot,HCDR3,I,0.0
Transformer-onehot,HCDR3,I,0.344705730676651
Transformer-onehot,HCDR3,I,0.0
Transformer-onehot,HCDR3,I,0.0
Transformer-onehot,HCDR3,I,0.0
Transformer-onehot,HCDR3,I,0.0
Transformer-onehot,HCDR3,I,0.0
Transformer-onehot,HCDR3,I,0.0
Transformer-onehot,HCDR3,I,0.0
Transformer-onehot,HCDR3,I,0.0
Transformer-onehot,HCDR3,I,0.0
Transformer-onehot,HCDR3,I,0.0
Transformer-onehot,HCDR3,I,0.0
Transformer-onehot,HCDR3,I,0.344498872756958
Transformer-onehot,HCDR3,I,0.0
Transformer-onehot,HCDR3,I,0.0
Transformer-onehot,HCDR3,I,0.2469579577445984
Transformer-onehot,HCDR3,I,0.0
Transformer-onehot,HCDR3,I,1.00574791431427
Transformer-onehot,HCDR3,I,0.0
Transformer-onehot,HCDR3,I,0.0
Transformer-onehot,HCDR3,I,0.0826083123683929
Transformer-onehot,HCDR3,I,0.6190857887268066
Transformer-onehot,HCDR3,I,0.0
Transformer-onehot,HCDR3,I,0.0226172804832458
Transformer-onehot,HCDR3,I,0.7116430401802063
Transformer-onehot,HCDR3,I,0.2749573588371277
Transformer-onehot,HCDR3,I,0.925212860107422
Transformer-onehot,HCDR3,I,0.0
Transformer-onehot,HCDR3,I,0.4814139306545257
Transformer-onehot,HCDR3,I,0.0673344507813453
Transformer-onehot,HCDR3,I,0.0
Transformer-onehot,HCDR3,I,0.0
Transformer-onehot,HCDR3,I,0.0
Transformer-onehot,HCDR3,I,0.1798981428146362
Transformer-onehot,HCDR3,I,0.0
Transformer-onehot,HCDR3,I,0.2974479794502258
Transformer-onehot,HCDR3,I,0.0
Transformer-onehot,HCDR3,I,0.4924563467502594
Transformer-onehot,HCDR3,I,0.0
Transformer-onehot,HCDR3,I,1.5480012893676758
Transformer-onehot,HCDR3,I,0.0885038748383522
Transformer-onehot,HCDR3,I,0.1412896066904068
Transformer-onehot,HCDR3,I,0.0805476307868957
Transformer-onehot,HCDR3,I,0.3346649408340454
Transformer-onehot,HCDR3,I,0.0
Transformer-onehot,HCDR3,I,0.0
Transformer-onehot,HCDR3,I,0.2167135328054428
Transformer-onehot,HCDR3,I,0.0
Transformer-onehot,HCDR3,I,0.9572989344596864
Transformer-onehot,HCDR3,I,0.0
Transformer-onehot,HCDR3,I,0.0
Transformer-onehot,HCDR3,I,0.0
Transformer-onehot,HCDR3,I,0.0
Transformer-onehot,HCDR3,I,0.0
Transformer-onehot,HCDR3,I,0.0
Transformer-onehot,HCDR3,I,0.0
Transformer-onehot,HCDR3,I,0.0728789567947387
Transformer-onehot,HCDR3,I,0.0
Transformer-onehot,HCDR3,I,0.0
Transformer-onehot,HCDR3,I,0.0
Transformer-onehot,HCDR3,I,0.0
Transformer-onehot,HCDR3,I,0.0
Transformer-onehot,HCDR3,I,0.1980140209197998
Transformer-onehot,HCDR3,I,0.0
Transformer-onehot,HCDR3,I,0.0
Transformer-onehot,HCDR3,I,1.5391546487808228
Transformer-onehot,HCDR3,I,0.0
Transformer-onehot,HCDR3,I,0.0
Transformer-onehot,HCDR3,I,0.0
Transformer-onehot,HCDR3,I,0.0
Transformer-onehot,HCDR3,I,0.0
Transformer-onehot,HCDR3,I,0.0
Transformer-onehot,HCDR3,I,0.0
Transformer-onehot,HCDR3,I,0.0
Transformer-onehot,HCDR3,I,0.0640152841806411
Transformer-onehot,HCDR3,I,0.0
Transformer-onehot,HCDR3,I,0.0
Transformer-onehot,HCDR3,I,0.0
Transformer-onehot,HCDR3,I,0.0
Transformer-onehot,HCDR3,I,0.0
Transformer-onehot,HCDR3,I,0.0
Transformer-onehot,HCDR3,I,0.0891004055738449
Transformer-onehot,HCDR3,I,0.0
Transformer-onehot,HCDR3,I,0.0
Transformer-onehot,HCDR3,I,0.0
Transformer-onehot,HCDR3,I,0.0
Transformer-onehot,HCDR3,I,0.0
Transformer-onehot,HCDR3,I,0.2846673130989074
Transformer-onehot,HCDR3,I,0.0
Transformer-onehot,HCDR3,I,0.0
Transformer-onehot,HCDR3,I,0.0
Transformer-onehot,HCDR3,I,0.0
Transformer-onehot,HCDR3,I,0.0829770416021347
Transformer-onehot,HCDR3,I,0.0
Transformer-onehot,HCDR3,I,0.0
Transformer-onehot,HCDR3,I,0.0
Transformer-onehot,HCDR3,I,0.0
Transformer-onehot,HCDR3,I,0.323436975479126
Transformer-onehot,HCDR3,I,0.0
Transformer-onehot,HCDR3,I,0.0
Transformer-onehot,HCDR3,I,0.6191161870956421
Transformer-onehot,HCDR3,I,0.1361084431409835
Transformer-onehot,HCDR3,I,0.0
Transformer-onehot,HCDR3,I,0.0
Transformer-onehot,HCDR3,I,0.0
Transformer-onehot,HCDR3,I,0.2169626653194427
Transformer-onehot,HCDR3,I,0.0
Transformer-onehot,HCDR3,I,0.0
Transformer-onehot,HCDR3,I,0.0
Transformer-onehot,HCDR3,I,0.0
Transformer-onehot,HCDR3,I,0.0
Transformer-onehot,HCDR3,I,0.0
Transformer-onehot,HCDR3,I,0.0
Transformer-onehot,HCDR3,I,0.0
Transformer-onehot,HCDR3,I,0.368787944316864
Transformer-onehot,HCDR3,I,0.0
Transformer-onehot,HCDR3,I,0.0
Transformer-onehot,HCDR3,I,0.0
Transformer-onehot,HCDR3,I,0.0209236852824687
Transformer-onehot,HCDR3,I,0.167417511343956
Transformer-onehot,HCDR3,I,0.0
Transformer-onehot,HCDR3,I,0.0821612179279327
Transformer-onehot,HCDR3,I,0.0
Transformer-onehot,HCDR3,I,0.1979938000440597
Transformer-onehot,HCDR3,I,0.907540500164032
Transformer-onehot,HCDR3,I,0.0
Transformer-onehot,HCDR3,I,0.0
Transformer-onehot,HCDR3,I,0.2543098628520965
Transformer-onehot,HCDR3,I,0.0
Transformer-onehot,HCDR3,I,0.0
Transformer-onehot,HCDR3,I,0.0
Transformer-onehot,HCDR3,I,0.0
Transformer-onehot,HCDR3,I,0.0
Transformer-onehot,HCDR3,I,1.1869417428970337
Transformer-onehot,HCDR3,I,0.0
Transformer-onehot,HCDR3,I,0.0
Transformer-onehot,HCDR3,I,0.4500072598457336
Transformer-onehot,HCDR3,I,0.0
Transformer-onehot,HCDR3,I,0.1444709151983261
Transformer-onehot,HCDR3,I,0.0
Transformer-onehot,HCDR3,I,0.0
Transformer-onehot,HCDR3,I,0.0
Transformer-onehot,HCDR3,I,0.0
Transformer-onehot,HCDR3,I,0.3297185897827148
Transformer-onehot,HCDR3,I,0.0
Transformer-onehot,HCDR3,I,0.0
Transformer-onehot,HCDR3,I,0.0
Transformer-onehot,HCDR3,I,0.0681352689862251
Transformer-onehot,HCDR3,I,0.0
Transformer-onehot,HCDR3,I,0.1658408194780349
Transformer-onehot,HCDR3,I,0.3987003564834595
Transformer-onehot,HCDR3,I,0.0
Transformer-onehot,HCDR3,I,0.1683632880449295
Transformer-onehot,HCDR3,I,0.0
Transformer-onehot,HCDR3,I,0.0
Transformer-onehot,HCDR3,I,0.0
Transformer-onehot,HCDR3,I,0.8025686144828796
Transformer-onehot,HCDR3,I,0.936154842376709
Transformer-onehot,HCDR3,I,0.0
Transformer-onehot,HCDR3,I,0.0
Transformer-onehot,HCDR3,I,0.0
Transformer-onehot,HCDR3,I,0.0
Transformer-onehot,HCDR3,I,0.0
Transformer-onehot,HCDR3,I,0.1641875356435775
Transformer-onehot,HCDR3,I,1.4111645221710205
Transformer-onehot,HCDR3,I,0.0
Transformer-onehot,HCDR3,I,0.0
Transformer-onehot,HCDR3,I,0.0
Transformer-onehot,HCDR3,I,0.0
Transformer-onehot,HCDR3,I,0.0
Transformer-onehot,HCDR3,I,0.0
Transformer-onehot,HCDR3,I,0.0
Transformer-onehot,HCDR3,I,0.4672584235668182
Transformer-onehot,HCDR3,I,0.0397420711815357
Transformer-onehot,HCDR3,I,0.0
Transformer-onehot,HCDR3,I,0.7540056109428406
Transformer-onehot,HCDR3,I,0.4187099039554596
Transformer-onehot,HCDR3,I,0.269544243812561
Transformer-onehot,HCDR3,I,0.5689012408256531
Transformer-onehot,HCDR3,I,0.0
Transformer-onehot,HCDR3,I,0.1181504651904106
Transformer-onehot,HCDR3,I,0.7288804650306702
Transformer-onehot,HCDR3,I,0.0615538470447063
Transformer-onehot,HCDR3,I,0.0
Transformer-onehot,HCDR3,I,0.0
Transformer-onehot,HCDR3,I,0.0
Transformer-onehot,HCDR3,I,0.0
Transformer-onehot,HCDR3,I,0.0
Transformer-onehot,HCDR3,I,0.0
Transformer-onehot,HCDR3,I,0.0
Transformer-onehot,HCDR3,I,0.0
Transformer-onehot,HCDR3,I,0.0
Transformer-onehot,HCDR3,I,0.1394242197275161
Transformer-onehot,HCDR3,I,0.0
Transformer-onehot,HCDR3,I,0.0450413189828395
Transformer-onehot,HCDR3,I,0.0
Transformer-onehot,HCDR3,I,0.3155845105648041
Transformer-onehot,HCDR3,I,0.0
Transformer-onehot,HCDR3,I,0.0
Transformer-onehot,HCDR3,I,0.0400237664580345
Transformer-onehot,HCDR3,I,0.0
Transformer-onehot,HCDR3,I,0.0
Transformer-onehot,HCDR3,I,0.0
Transformer-onehot,HCDR3,I,0.0
Transformer-onehot,HCDR3,I,0.0
Transformer-onehot,HCDR3,I,0.0
Transformer-onehot,HCDR3,I,0.0
Transformer-onehot,HCDR3,I,0.5704759359359741
Transformer-onehot,HCDR3,I,0.0
Transformer-onehot,HCDR3,I,0.0
Transformer-onehot,HCDR3,I,0.0
Transformer-onehot,HCDR3,I,0.0
Transformer-onehot,HCDR3,I,0.0
Transformer-onehot,HCDR3,I,0.0
Transformer-onehot,HCDR3,I,0.0
Transformer-onehot,HCDR3,I,0.0
Transformer-onehot,HCDR3,I,0.1834401190280914
Transformer-onehot,HCDR3,I,0.0340177901089191
Transformer-onehot,HCDR3,I,0.0
Transformer-onehot,HCDR3,I,0.0
Transformer-onehot,HCDR3,I,0.0
Transformer-onehot,HCDR3,I,0.0
Transformer-onehot,HCDR3,I,0.1875183582305908
Transformer-onehot,HCDR3,I,0.2936376929283142
Transformer-onehot,HCDR3,I,0.0449332445859909
Transformer-onehot,HCDR3,I,0.0
Transformer-onehot,HCDR3,I,0.0
Transformer-onehot,HCDR3,I,0.0
Transformer-onehot,HCDR3,I,0.8793479204177856
Transformer-onehot,HCDR3,I,0.0
Transformer-onehot,HCDR3,I,0.0
Transformer-onehot,HCDR3,I,0.4976914823055267
Transformer-onehot,HCDR3,I,0.0
Transformer-onehot,HCDR3,I,0.2231062203645706
Transformer-onehot,HCDR3,I,0.0
Transformer-onehot,HCDR3,I,0.0
Transformer-onehot,HCDR3,I,0.3009373247623443
Transformer-onehot,HCDR3,I,0.0
Transformer-onehot,HCDR3,I,0.0
Transformer-onehot,HCDR3,I,0.0
Transformer-onehot,HCDR3,I,0.0
Transformer-onehot,HCDR3,I,0.0
Transformer-onehot,HCDR3,I,0.072361446917057
Transformer-onehot,HCDR3,I,0.0
Transformer-onehot,HCDR3,I,0.3153339624404907
Transformer-onehot,HCDR3,I,0.0
Transformer-onehot,HCDR3,I,0.0
Transformer-onehot,HCDR3,I,0.0
Transformer-onehot,HCDR3,I,0.3840995728969574
Transformer-onehot,HCDR3,I,0.0
Transformer-onehot,HCDR3,I,0.4661464989185333
Transformer-onehot,HCDR3,I,0.0
Transformer-onehot,HCDR3,I,0.0
Transformer-onehot,HCDR3,I,0.2026181519031524
Transformer-onehot,HCDR3,I,0.845738410949707
Transformer-onehot,HCDR3,I,0.0
Transformer-onehot,HCDR3,I,0.0
Transformer-onehot,HCDR3,I,0.0
Transformer-onehot,HCDR3,I,0.0
Transformer-onehot,HCDR3,I,0.3208456635475158
Transformer-onehot,HCDR3,I,0.0897868126630783
Transformer-onehot,HCDR3,I,0.0
Transformer-onehot,HCDR3,I,0.2181489169597625
Transformer-onehot,HCDR3,I,0.0
Transformer-onehot,HCDR3,I,0.0
Transformer-onehot,HCDR3,I,0.0
Transformer-onehot,HCDR3,I,0.0
Transformer-onehot,HCDR3,I,0.0
Transformer-onehot,HCDR3,I,0.0
Transformer-onehot,HCDR3,I,0.0623934976756572
Transformer-onehot,HCDR3,I,0.0
Transformer-onehot,HCDR3,I,0.0
Transformer-onehot,HCDR3,I,0.0
Transformer-onehot,HCDR3,I,0.4472215473651886
Transformer-onehot,HCDR3,I,0.0940408259630203
Transformer-onehot,HCDR3,I,0.0
Transformer-onehot,HCDR3,I,0.0
Transformer-onehot,HCDR3,I,0.0
Transformer-onehot,HCDR3,I,0.3057635426521301
Transformer-onehot,HCDR3,I,0.363280326128006
Transformer-onehot,HCDR3,I,0.0
Transformer-onehot,HCDR3,I,0.1437924206256866
Transformer-onehot,HCDR3,I,0.4690669775009155
Transformer-onehot,HCDR3,I,0.0
Transformer-onehot,HCDR3,I,0.0
Transformer-onehot,HCDR3,I,0.0
Transformer-onehot,HCDR3,I,0.3274329006671905
Transformer-onehot,HCDR3,I,0.0
Transformer-onehot,HCDR3,I,0.2647643387317657
Transformer-onehot,HCDR3,I,0.1912098526954651
Transformer-onehot,HCDR3,I,0.0
Transformer-onehot,HCDR3,I,0.0
Transformer-onehot,HCDR3,I,0.0
Transformer-onehot,HCDR3,I,0.2262170165777206
Transformer-onehot,HCDR3,I,0.0
Transformer-onehot,HCDR3,I,0.0498465225100517
Transformer-onehot,HCDR3,I,0.0
Transformer-onehot,HCDR3,I,0.0
Transformer-onehot,HCDR3,I,0.0
Transformer-onehot,HCDR3,I,0.156101793050766
Transformer-onehot,HCDR3,I,0.0
Transformer-onehot,HCDR3,I,0.0
Transformer-onehot,HCDR3,I,0.2120038270950317
Transformer-onehot,HCDR3,I,0.0
Transformer-onehot,HCDR3,I,0.0
Transformer-onehot,HCDR3,I,0.3792356550693512
Transformer-onehot,HCDR3,I,0.0
Transformer-onehot,HCDR3,I,0.0
Transformer-onehot,HCDR3,I,0.2218808084726333
Transformer-onehot,HCDR3,I,0.0
Transformer-onehot,HCDR3,I,0.0
Transformer-onehot,HCDR3,I,0.0
Transformer-onehot,HCDR3,I,0.0
Transformer-onehot,HCDR3,I,0.2786060273647308
Transformer-onehot,HCDR3,I,0.0
Transformer-onehot,HCDR3,I,0.0
Transformer-onehot,HCDR3,I,0.1395066678524017
Transformer-onehot,HCDR3,I,0.0
Transformer-onehot,HCDR3,I,0.0
Transformer-onehot,HCDR3,I,0.0
Transformer-onehot,HCDR3,I,0.0
Transformer-onehot,HCDR3,I,0.0
Transformer-onehot,HCDR3,I,0.066505342721939
Transformer-onehot,HCDR3,I,0.598065972328186
Transformer-onehot,HCDR3,I,0.0
Transformer-onehot,HCDR3,I,0.710552990436554
Transformer-onehot,HCDR3,I,0.0
Transformer-onehot,HCDR3,I,0.0
Transformer-onehot,HCDR3,I,0.0
Transformer-onehot,HCDR3,I,0.0
Transformer-onehot,HCDR3,I,0.4920790791511535
Transformer-onehot,HCDR3,I,0.0
Transformer-onehot,HCDR3,I,0.5719862580299377
Transformer-onehot,HCDR3,I,0.0
Transformer-onehot,HCDR3,I,0.0
Transformer-onehot,HCDR3,I,0.0
Transformer-onehot,HCDR3,I,0.383949875831604
Transformer-onehot,HCDR3,I,0.2358147054910659
Transformer-onehot,HCDR3,I,0.0
Transformer-onehot,HCDR3,I,0.0
Transformer-onehot,HCDR3,I,0.7745722532272339
Transformer-onehot,HCDR3,I,0.0
Transformer-onehot,HCDR3,I,0.2588042616844177
Transformer-onehot,HCDR3,I,0.3834424614906311
Transformer-onehot,HCDR3,I,0.0
Transformer-onehot,HCDR3,I,0.3626958429813385
Transformer-onehot,HCDR3,I,0.0
Transformer-onehot,HCDR3,I,0.0
Transformer-onehot,HCDR3,I,0.0
Transformer-onehot,HCDR3,I,0.0
Transformer-onehot,HCDR3,I,0.0
Transformer-onehot,HCDR3,I,0.0
Transformer-onehot,HCDR3,I,0.0
Transformer-onehot,HCDR3,I,0.0
Transformer-onehot,HCDR3,I,0.0
Transformer-onehot,HCDR3,I,0.2419686615467071
Transformer-onehot,HCDR3,I,0.0782205313444137
Transformer-onehot,HCDR3,I,0.0
Transformer-onehot,HCDR3,I,0.0
Transformer-onehot,HCDR3,I,0.26776784658432
Transformer-onehot,HCDR3,I,0.0
Transformer-onehot,HCDR3,I,0.0
Transformer-onehot,HCDR3,I,0.0
Transformer-onehot,HCDR3,I,0.0
Transformer-onehot,HCDR3,I,0.1697499752044677
Transformer-onehot,HCDR3,I,0.0
Transformer-onehot,HCDR3,I,0.2888480126857757
Transformer-onehot,HCDR3,I,0.0
Transformer-onehot,HCDR3,I,0.0
Transformer-onehot,HCDR3,I,0.0
Transformer-onehot,HCDR3,I,0.0
Transformer-onehot,HCDR3,I,0.1877876669168472
Transformer-onehot,HCDR3,I,0.960281252861023
Transformer-onehot,HCDR3,I,0.0367196649312973
Transformer-onehot,HCDR3,I,0.0
Transformer-onehot,HCDR3,I,0.2462096959352493
Transformer-onehot,HCDR3,I,0.0
Transformer-onehot,HCDR3,I,0.0344146452844142
Transformer-onehot,HCDR3,I,0.7285494208335876
Transformer-onehot,HCDR3,I,0.1457649767398834
Transformer-onehot,HCDR3,I,0.0364414006471633
Transformer-onehot,HCDR3,I,0.0
Transformer-onehot,HCDR3,I,0.0
Transformer-onehot,HCDR3,I,0.0
Transformer-onehot,HCDR3,I,0.0
Transformer-onehot,HCDR3,I,0.0
Transformer-onehot,HCDR3,I,0.2098152339458465
Transformer-onehot,HCDR3,I,0.0
Transformer-onehot,HCDR3,I,0.0
Transformer-onehot,HCDR3,I,0.3160886466503143
Transformer-onehot,HCDR3,I,0.2999672591686249
Transformer-onehot,HCDR3,I,0.0
Transformer-onehot,HCDR3,I,0.0
Transformer-onehot,HCDR3,I,0.0
Transformer-onehot,HCDR3,I,0.3730318248271942
Transformer-onehot,HCDR3,I,0.0
Transformer-onehot,HCDR3,I,0.0
Transformer-onehot,HCDR3,I,0.0
Transformer-onehot,HCDR3,I,0.0
Transformer-onehot,HCDR3,I,0.0
Transformer-onehot,HCDR3,I,0.126252144575119
Transformer-onehot,HCDR3,I,0.0
Transformer-onehot,HCDR3,I,0.0
Transformer-onehot,HCDR3,I,0.0
Transformer-onehot,HCDR3,I,0.0
Transformer-onehot,HCDR3,I,0.0
Transformer-onehot,HCDR3,I,0.0
Transformer-onehot,HCDR3,I,0.7553415298461914
Transformer-onehot,HCDR3,I,0.6705474257469177
Transformer-onehot,HCDR3,I,0.0445768311619758
Transformer-onehot,HCDR3,I,0.3790794610977173
Transformer-onehot,HCDR3,I,0.0
Transformer-onehot,HCDR3,I,0.0
Transformer-onehot,HCDR3,I,0.4559856057167053
Transformer-onehot,HCDR3,I,0.360328733921051
Transformer-onehot,HCDR3,I,0.0
Transformer-onehot,HCDR3,I,0.0
Transformer-onehot,HCDR3,I,0.0
Transformer-onehot,HCDR3,I,0.0
Transformer-onehot,HCDR3,I,0.1623864918947219
Transformer-onehot,HCDR3,I,0.0
Transformer-onehot,HCDR3,I,0.2005449384450912
Transformer-onehot,HCDR3,I,0.0
Transformer-onehot,HCDR3,I,0.0
Transformer-onehot,HCDR3,I,0.0
Transformer-onehot,HCDR3,I,0.0
Transformer-onehot,HCDR3,I,0.0
Transformer-onehot,HCDR3,I,0.3034533858299255
Transformer-onehot,HCDR3,I,0.0
Transformer-onehot,HCDR3,I,0.0366195440292358
Transformer-onehot,HCDR3,I,0.6794015169143677
Transformer-onehot,HCDR3,I,0.0
Transformer-onehot,HCDR3,I,0.0
Transformer-onehot,HCDR3,I,0.0
Transformer-onehot,HCDR3,I,0.0
Transformer-onehot,HCDR3,I,1.072439193725586
Transformer-onehot,HCDR3,I,0.0316473357379436
Transformer-onehot,HCDR3,I,0.2817454040050506
Transformer-onehot,HCDR3,I,0.0
Transformer-onehot,HCDR3,I,0.0
Transformer-onehot,HCDR3,I,0.0
Transformer-onehot,HCDR3,K,0.0
Transformer-onehot,HCDR3,K,0.0
Transformer-onehot,HCDR3,K,0.0
Transformer-onehot,HCDR3,K,0.0
Transformer-onehot,HCDR3,K,-0.2898503541946411
Transformer-onehot,HCDR3,K,0.0
Transformer-onehot,HCDR3,K,0.0
Transformer-onehot,HCDR3,K,0.0
Transformer-onehot,HCDR3,K,-0.2874942123889923
Transformer-onehot,HCDR3,K,0.0
Transformer-onehot,HCDR3,K,0.0
Transformer-onehot,HCDR3,K,0.0
Transformer-onehot,HCDR3,K,0.0
Transformer-onehot,HCDR3,K,0.0
Transformer-onehot,HCDR3,K,-1.8129329681396484
Transformer-onehot,HCDR3,K,0.0
Transformer-onehot,HCDR3,K,0.0
Transformer-onehot,HCDR3,K,0.0
Transformer-onehot,HCDR3,K,0.0
Transformer-onehot,HCDR3,K,0.0
Transformer-onehot,HCDR3,K,0.0
Transformer-onehot,HCDR3,K,0.0
Transformer-onehot,HCDR3,K,0.0
Transformer-onehot,HCDR3,K,0.0
Transformer-onehot,HCDR3,K,0.0
Transformer-onehot,HCDR3,K,-0.0818508192896843
Transformer-onehot,HCDR3,K,0.0
Transformer-onehot,HCDR3,K,0.0
Transformer-onehot,HCDR3,K,-1.817501187324524
Transformer-onehot,HCDR3,K,-0.7187851071357727
Transformer-onehot,HCDR3,K,-0.4602706730365753
Transformer-onehot,HCDR3,K,0.0
Transformer-onehot,HCDR3,K,0.0
Transformer-onehot,HCDR3,K,0.0
Transformer-onehot,HCDR3,K,-0.194946214556694
Transformer-onehot,HCDR3,K,0.0
Transformer-onehot,HCDR3,K,0.0
Transformer-onehot,HCDR3,K,0.0
Transformer-onehot,HCDR3,K,-0.0890927612781524
Transformer-onehot,HCDR3,K,0.0
Transformer-onehot,HCDR3,K,0.0
Transformer-onehot,HCDR3,K,-2.998378276824951
Transformer-onehot,HCDR3,K,0.0
Transformer-onehot,HCDR3,K,0.0
Transformer-onehot,HCDR3,K,0.0
Transformer-onehot,HCDR3,K,0.0
Transformer-onehot,HCDR3,K,0.0
Transformer-onehot,HCDR3,K,-0.2036193758249282
Transformer-onehot,HCDR3,K,-0.4137210547924042
Transformer-onehot,HCDR3,K,0.0
Transformer-onehot,HCDR3,K,0.0
Transformer-onehot,HCDR3,K,0.0
Transformer-onehot,HCDR3,K,-0.054736990481615
Transformer-onehot,HCDR3,K,-0.6691533923149109
Transformer-onehot,HCDR3,K,-0.5490263104438782
Transformer-onehot,HCDR3,K,0.0
Transformer-onehot,HCDR3,K,0.0
Transformer-onehot,HCDR3,K,0.0
Transformer-onehot,HCDR3,K,0.0
Transformer-onehot,HCDR3,K,0.0
Transformer-onehot,HCDR3,K,0.0
Transformer-onehot,HCDR3,K,0.0
Transformer-onehot,HCDR3,K,-0.3568257391452789
Transformer-onehot,HCDR3,K,0.0
Transformer-onehot,HCDR3,K,0.0
Transformer-onehot,HCDR3,K,0.0
Transformer-onehot,HCDR3,K,0.0
Transformer-onehot,HCDR3,K,-3.6076605319976807
Transformer-onehot,HCDR3,K,0.0
Transformer-onehot,HCDR3,K,0.0
Transformer-onehot,HCDR3,K,-1.3899002075195312
Transformer-onehot,HCDR3,K,-1.0922613143920898
Transformer-onehot,HCDR3,K,0.0
Transformer-onehot,HCDR3,K,-0.2642002403736114
Transformer-onehot,HCDR3,K,0.0
Transformer-onehot,HCDR3,K,0.0
Transformer-onehot,HCDR3,K,0.0
Transformer-onehot,HCDR3,K,0.0
Transformer-onehot,HCDR3,K,0.0
Transformer-onehot,HCDR3,K,0.0
Transformer-onehot,HCDR3,K,0.0
Transformer-onehot,HCDR3,K,-0.3877917528152466
Transformer-onehot,HCDR3,K,-0.1540664434432983
Transformer-onehot,HCDR3,K,0.0
Transformer-onehot,HCDR3,K,0.0
Transformer-onehot,HCDR3,K,0.0
Transformer-onehot,HCDR3,K,-3.136739730834961
Transformer-onehot,HCDR3,K,0.0
Transformer-onehot,HCDR3,K,-0.4793316423892975
Transformer-onehot,HCDR3,K,-1.1285277605056765
Transformer-onehot,HCDR3,K,0.0
Transformer-onehot,HCDR3,K,0.0
Transformer-onehot,HCDR3,K,0.0
Transformer-onehot,HCDR3,K,0.0
Transformer-onehot,HCDR3,K,-0.9345757961273192
Transformer-onehot,HCDR3,K,0.0
Transformer-onehot,HCDR3,K,0.0
Transformer-onehot,HCDR3,K,0.0
Transformer-onehot,HCDR3,K,0.0
Transformer-onehot,HCDR3,K,-0.4337356090545654
Transformer-onehot,HCDR3,K,0.0
Transformer-onehot,HCDR3,K,0.0
Transformer-onehot,HCDR3,K,0.0
Transformer-onehot,HCDR3,K,0.0
Transformer-onehot,HCDR3,K,-3.0761919021606445
Transformer-onehot,HCDR3,K,0.0
Transformer-onehot,HCDR3,K,0.0
Transformer-onehot,HCDR3,K,0.0
Transformer-onehot,HCDR3,K,0.0
Transformer-onehot,HCDR3,K,0.0
Transformer-onehot,HCDR3,K,-0.5713074803352356
Transformer-onehot,HCDR3,K,0.0
Transformer-onehot,HCDR3,K,0.0
Transformer-onehot,HCDR3,K,0.0
Transformer-onehot,HCDR3,K,0.0
Transformer-onehot,HCDR3,K,0.0
Transformer-onehot,HCDR3,K,0.0
Transformer-onehot,HCDR3,K,-2.5216431617736816
Transformer-onehot,HCDR3,K,-0.1224965006113052
Transformer-onehot,HCDR3,K,-0.1409917771816253
Transformer-onehot,HCDR3,K,0.0
Transformer-onehot,HCDR3,K,0.0
Transformer-onehot,HCDR3,K,-0.1453989446163177
Transformer-onehot,HCDR3,K,0.0
Transformer-onehot,HCDR3,K,0.0
Transformer-onehot,HCDR3,K,0.0
Transformer-onehot,HCDR3,K,0.0
Transformer-onehot,HCDR3,K,0.0
Transformer-onehot,HCDR3,K,0.0
Transformer-onehot,HCDR3,K,-0.1388821899890899
Transformer-onehot,HCDR3,K,-0.5471687316894531
Transformer-onehot,HCDR3,K,0.0
Transformer-onehot,HCDR3,K,0.0
Transformer-onehot,HCDR3,K,0.0
Transformer-onehot,HCDR3,K,0.0
Transformer-onehot,HCDR3,K,0.0
Transformer-onehot,HCDR3,K,-1.591059684753418
Transformer-onehot,HCDR3,K,0.0
Transformer-onehot,HCDR3,K,0.0
Transformer-onehot,HCDR3,K,0.0
Transformer-onehot,HCDR3,K,0.0
Transformer-onehot,HCDR3,K,-0.271405428647995
Transformer-onehot,HCDR3,K,0.0
Transformer-onehot,HCDR3,K,0.0
Transformer-onehot,HCDR3,K,-0.3014390468597412
Transformer-onehot,HCDR3,K,-2.724700450897217
Transformer-onehot,HCDR3,K,0.0
Transformer-onehot,HCDR3,K,0.0
Transformer-onehot,HCDR3,K,-1.7700703144073486
Transformer-onehot,HCDR3,K,0.0
Transformer-onehot,HCDR3,K,0.0
Transformer-onehot,HCDR3,K,-0.288750559091568
Transformer-onehot,HCDR3,K,0.0
Transformer-onehot,HCDR3,K,0.0
Transformer-onehot,HCDR3,K,0.0
Transformer-onehot,HCDR3,K,-3.217421531677246
Transformer-onehot,HCDR3,K,0.0
Transformer-onehot,HCDR3,K,0.0
Transformer-onehot,HCDR3,K,0.0
Transformer-onehot,HCDR3,K,0.0
Transformer-onehot,HCDR3,K,0.0
Transformer-onehot,HCDR3,K,0.0
Transformer-onehot,HCDR3,K,0.0
Transformer-onehot,HCDR3,K,-0.3868256509304046
Transformer-onehot,HCDR3,K,0.0
Transformer-onehot,HCDR3,K,0.0
Transformer-onehot,HCDR3,K,0.0
Transformer-onehot,HCDR3,K,0.0
Transformer-onehot,HCDR3,K,0.0
Transformer-onehot,HCDR3,K,0.0
Transformer-onehot,HCDR3,K,-0.5077290534973145
Transformer-onehot,HCDR3,K,0.0
Transformer-onehot,HCDR3,K,0.0
Transformer-onehot,HCDR3,K,-0.6592140197753906
Transformer-onehot,HCDR3,K,0.0
Transformer-onehot,HCDR3,K,0.0
Transformer-onehot,HCDR3,K,0.0
Transformer-onehot,HCDR3,K,0.0
Transformer-onehot,HCDR3,K,0.0
Transformer-onehot,HCDR3,K,0.0
Transformer-onehot,HCDR3,K,0.0
Transformer-onehot,HCDR3,K,0.0
Transformer-onehot,HCDR3,K,0.0
Transformer-onehot,HCDR3,K,0.0
Transformer-onehot,HCDR3,K,0.0
Transformer-onehot,HCDR3,K,0.0
Transformer-onehot,HCDR3,K,0.0
Transformer-onehot,HCDR3,K,0.0
Transformer-onehot,HCDR3,K,0.0
Transformer-onehot,HCDR3,K,0.0
Transformer-onehot,HCDR3,K,0.0
Transformer-onehot,HCDR3,K,0.0
Transformer-onehot,HCDR3,K,0.0
Transformer-onehot,HCDR3,K,0.0
Transformer-onehot,HCDR3,K,-1.710993766784668
Transformer-onehot,HCDR3,K,0.0
Transformer-onehot,HCDR3,K,0.0
Transformer-onehot,HCDR3,K,0.0
Transformer-onehot,HCDR3,K,0.0
Transformer-onehot,HCDR3,K,0.0
Transformer-onehot,HCDR3,K,0.0
Transformer-onehot,HCDR3,K,0.0
Transformer-onehot,HCDR3,K,0.0
Transformer-onehot,HCDR3,K,-1.2310503721237185
Transformer-onehot,HCDR3,K,0.0
Transformer-onehot,HCDR3,K,0.0
Transformer-onehot,HCDR3,K,0.0
Transformer-onehot,HCDR3,K,0.0
Transformer-onehot,HCDR3,K,-0.2096950709819793
Transformer-onehot,HCDR3,K,0.0
Transformer-onehot,HCDR3,K,0.0
Transformer-onehot,HCDR3,K,0.0
Transformer-onehot,HCDR3,K,0.0
Transformer-onehot,HCDR3,K,0.0
Transformer-onehot,HCDR3,K,0.0
Transformer-onehot,HCDR3,K,0.0
Transformer-onehot,HCDR3,K,0.0
Transformer-onehot,HCDR3,K,0.0
Transformer-onehot,HCDR3,K,-0.3859275877475738
Transformer-onehot,HCDR3,K,0.0
Transformer-onehot,HCDR3,K,0.0
Transformer-onehot,HCDR3,K,-0.6108521819114685
Transformer-onehot,HCDR3,K,0.0
Transformer-onehot,HCDR3,K,0.0
Transformer-onehot,HCDR3,K,0.0
Transformer-onehot,HCDR3,K,0.0
Transformer-onehot,HCDR3,K,-0.2093324065208435
Transformer-onehot,HCDR3,K,0.0
Transformer-onehot,HCDR3,K,0.0
Transformer-onehot,HCDR3,K,0.0
Transformer-onehot,HCDR3,K,0.0
Transformer-onehot,HCDR3,K,0.0
Transformer-onehot,HCDR3,K,-0.2674822807312011
Transformer-onehot,HCDR3,K,-2.0372238159179688
Transformer-onehot,HCDR3,K,0.0
Transformer-onehot,HCDR3,K,0.0
Transformer-onehot,HCDR3,K,0.0
Transformer-onehot,HCDR3,K,0.0
Transformer-onehot,HCDR3,K,-0.3364704549312591
Transformer-onehot,HCDR3,K,0.0
Transformer-onehot,HCDR3,K,0.0
Transformer-onehot,HCDR3,K,0.0
Transformer-onehot,HCDR3,K,0.0
Transformer-onehot,HCDR3,K,-0.9901058673858644
Transformer-onehot,HCDR3,K,0.0
Transformer-onehot,HCDR3,K,0.0
Transformer-onehot,HCDR3,K,0.0
Transformer-onehot,HCDR3,K,0.0
Transformer-onehot,HCDR3,K,-2.4461495876312256
Transformer-onehot,HCDR3,K,0.0
Transformer-onehot,HCDR3,K,0.0
Transformer-onehot,HCDR3,K,0.0
Transformer-onehot,HCDR3,K,0.0
Transformer-onehot,HCDR3,K,0.0
Transformer-onehot,HCDR3,K,0.0
Transformer-onehot,HCDR3,K,0.0
Transformer-onehot,HCDR3,K,0.0
Transformer-onehot,HCDR3,K,0.0
Transformer-onehot,HCDR3,K,0.0
Transformer-onehot,HCDR3,K,0.0
Transformer-onehot,HCDR3,K,0.0
Transformer-onehot,HCDR3,K,0.0
Transformer-onehot,HCDR3,K,0.0
Transformer-onehot,HCDR3,K,0.0
Transformer-onehot,HCDR3,K,0.0
Transformer-onehot,HCDR3,K,0.0
Transformer-onehot,HCDR3,K,0.0
Transformer-onehot,HCDR3,K,0.0
Transformer-onehot,HCDR3,K,0.0
Transformer-onehot,HCDR3,K,0.0
Transformer-onehot,HCDR3,K,0.0
Transformer-onehot,HCDR3,K,0.0
Transformer-onehot,HCDR3,K,0.0
Transformer-onehot,HCDR3,K,0.0
Transformer-onehot,HCDR3,K,0.0
Transformer-onehot,HCDR3,K,0.0
Transformer-onehot,HCDR3,K,0.0
Transformer-onehot,HCDR3,K,0.0
Transformer-onehot,HCDR3,K,0.0
Transformer-onehot,HCDR3,K,0.0
Transformer-onehot,HCDR3,K,0.0
Transformer-onehot,HCDR3,K,0.0
Transformer-onehot,HCDR3,K,0.0
Transformer-onehot,HCDR3,K,0.0
Transformer-onehot,HCDR3,K,0.0
Transformer-onehot,HCDR3,K,0.0
Transformer-onehot,HCDR3,K,0.0
Transformer-onehot,HCDR3,K,0.0
Transformer-onehot,HCDR3,K,0.0
Transformer-onehot,HCDR3,K,0.0
Transformer-onehot,HCDR3,K,0.0
Transformer-onehot,HCDR3,K,0.0
Transformer-onehot,HCDR3,K,0.0
Transformer-onehot,HCDR3,K,0.0
Transformer-onehot,HCDR3,K,0.0
Transformer-onehot,HCDR3,K,0.0
Transformer-onehot,HCDR3,K,0.0
Transformer-onehot,HCDR3,K,0.0
Transformer-onehot,HCDR3,K,0.0
Transformer-onehot,HCDR3,K,0.0
Transformer-onehot,HCDR3,K,0.0
Transformer-onehot,HCDR3,K,0.0
Transformer-onehot,HCDR3,K,0.0
Transformer-onehot,HCDR3,K,0.0
Transformer-onehot,HCDR3,K,0.0
Transformer-onehot,HCDR3,K,0.0
Transformer-onehot,HCDR3,K,0.0
Transformer-onehot,HCDR3,K,0.0
Transformer-onehot,HCDR3,K,0.0
Transformer-onehot,HCDR3,K,0.0
Transformer-onehot,HCDR3,K,0.0
Transformer-onehot,HCDR3,K,0.0
Transformer-onehot,HCDR3,K,0.0
Transformer-onehot,HCDR3,K,0.0
Transformer-onehot,HCDR3,K,0.0
Transformer-onehot,HCDR3,K,0.0
Transformer-onehot,HCDR3,K,0.0
Transformer-onehot,HCDR3,K,0.0
Transformer-onehot,HCDR3,K,0.0
Transformer-onehot,HCDR3,K,0.0
Transformer-onehot,HCDR3,K,0.0
Transformer-onehot,HCDR3,K,0.0
Transformer-onehot,HCDR3,K,0.0
Transformer-onehot,HCDR3,K,0.0
Transformer-onehot,HCDR3,K,0.0
Transformer-onehot,HCDR3,K,0.0
Transformer-onehot,HCDR3,K,0.0
Transformer-onehot,HCDR3,K,0.0
Transformer-onehot,HCDR3,K,0.0
Transformer-onehot,HCDR3,K,0.0
Transformer-onehot,HCDR3,K,0.0
Transformer-onehot,HCDR3,K,0.0
Transformer-onehot,HCDR3,K,0.0
Transformer-onehot,HCDR3,K,0.0
Transformer-onehot,HCDR3,K,0.0
Transformer-onehot,HCDR3,K,0.0
Transformer-onehot,HCDR3,K,0.0
Transformer-onehot,HCDR3,K,0.0
Transformer-onehot,HCDR3,K,0.0
Transformer-onehot,HCDR3,K,0.0
Transformer-onehot,HCDR3,K,0.0
Transformer-onehot,HCDR3,K,0.0
Transformer-onehot,HCDR3,K,0.0
Transformer-onehot,HCDR3,K,0.0
Transformer-onehot,HCDR3,K,0.0
Transformer-onehot,HCDR3,K,0.0
Transformer-onehot,HCDR3,K,0.0
Transformer-onehot,HCDR3,K,0.0
Transformer-onehot,HCDR3,K,0.0
Transformer-onehot,HCDR3,K,0.0
Transformer-onehot,HCDR3,K,0.0
Transformer-onehot,HCDR3,K,0.0
Transformer-onehot,HCDR3,K,0.0
Transformer-onehot,HCDR3,K,0.0
Transformer-onehot,HCDR3,K,0.0
Transformer-onehot,HCDR3,K,0.0
Transformer-onehot,HCDR3,K,0.0
Transformer-onehot,HCDR3,K,0.0
Transformer-onehot,HCDR3,K,0.0
Transformer-onehot,HCDR3,K,0.0
Transformer-onehot,HCDR3,K,0.0
Transformer-onehot,HCDR3,K,0.0
Transformer-onehot,HCDR3,K,0.0
Transformer-onehot,HCDR3,K,0.0
Transformer-onehot,HCDR3,K,0.0
Transformer-onehot,HCDR3,K,0.0
Transformer-onehot,HCDR3,K,0.0
Transformer-onehot,HCDR3,K,0.0
Transformer-onehot,HCDR3,K,0.0
Transformer-onehot,HCDR3,K,0.0
Transformer-onehot,HCDR3,K,0.0
Transformer-onehot,HCDR3,K,0.0
Transformer-onehot,HCDR3,K,0.0
Transformer-onehot,HCDR3,K,0.0
Transformer-onehot,HCDR3,K,0.0
Transformer-onehot,HCDR3,K,0.0
Transformer-onehot,HCDR3,K,0.0
Transformer-onehot,HCDR3,K,0.0
Transformer-onehot,HCDR3,K,0.0
Transformer-onehot,HCDR3,K,0.0
Transformer-onehot,HCDR3,K,0.0
Transformer-onehot,HCDR3,K,0.0
Transformer-onehot,HCDR3,K,0.0
Transformer-onehot,HCDR3,K,0.0
Transformer-onehot,HCDR3,K,0.0
Transformer-onehot,HCDR3,K,0.0
Transformer-onehot,HCDR3,K,0.0
Transformer-onehot,HCDR3,K,0.0
Transformer-onehot,HCDR3,K,0.0
Transformer-onehot,HCDR3,K,0.0
Transformer-onehot,HCDR3,K,0.0
Transformer-onehot,HCDR3,K,0.0
Transformer-onehot,HCDR3,K,0.0
Transformer-onehot,HCDR3,K,0.0
Transformer-onehot,HCDR3,K,0.0
Transformer-onehot,HCDR3,K,0.0
Transformer-onehot,HCDR3,K,0.0
Transformer-onehot,HCDR3,K,0.0
Transformer-onehot,HCDR3,K,0.0
Transformer-onehot,HCDR3,K,0.0
Transformer-onehot,HCDR3,K,0.0
Transformer-onehot,HCDR3,K,0.0
Transformer-onehot,HCDR3,K,0.0
Transformer-onehot,HCDR3,K,0.0
Transformer-onehot,HCDR3,K,0.0
Transformer-onehot,HCDR3,K,0.0
Transformer-onehot,HCDR3,K,0.0
Transformer-onehot,HCDR3,K,0.0
Transformer-onehot,HCDR3,K,0.0
Transformer-onehot,HCDR3,K,0.0
Transformer-onehot,HCDR3,K,0.0
Transformer-onehot,HCDR3,K,0.0
Transformer-onehot,HCDR3,K,0.0
Transformer-onehot,HCDR3,K,0.0
Transformer-onehot,HCDR3,K,0.0
Transformer-onehot,HCDR3,K,0.0
Transformer-onehot,HCDR3,K,0.0
Transformer-onehot,HCDR3,K,0.0
Transformer-onehot,HCDR3,K,0.0
Transformer-onehot,HCDR3,K,0.0
Transformer-onehot,HCDR3,K,0.0
Transformer-onehot,HCDR3,K,0.0
Transformer-onehot,HCDR3,K,0.0
Transformer-onehot,HCDR3,K,0.0
Transformer-onehot,HCDR3,K,0.0
Transformer-onehot,HCDR3,K,0.0
Transformer-onehot,HCDR3,K,0.0
Transformer-onehot,HCDR3,K,0.0
Transformer-onehot,HCDR3,K,0.0
Transformer-onehot,HCDR3,K,0.0
Transformer-onehot,HCDR3,K,0.0
Transformer-onehot,HCDR3,K,0.0
Transformer-onehot,HCDR3,K,0.0
Transformer-onehot,HCDR3,K,0.0
Transformer-onehot,HCDR3,K,0.0
Transformer-onehot,HCDR3,K,0.0
Transformer-onehot,HCDR3,K,0.0
Transformer-onehot,HCDR3,K,0.0
Transformer-onehot,HCDR3,K,0.0
Transformer-onehot,HCDR3,K,0.0
Transformer-onehot,HCDR3,K,0.0
Transformer-onehot,HCDR3,K,0.0
Transformer-onehot,HCDR3,K,0.0
Transformer-onehot,HCDR3,K,0.0
Transformer-onehot,HCDR3,K,0.0
Transformer-onehot,HCDR3,K,0.0
Transformer-onehot,HCDR3,K,0.0
Transformer-onehot,HCDR3,K,0.0
Transformer-onehot,HCDR3,K,0.0
Transformer-onehot,HCDR3,K,0.0
Transformer-onehot,HCDR3,K,0.0
Transformer-onehot,HCDR3,K,0.0
Transformer-onehot,HCDR3,K,0.0
Transformer-onehot,HCDR3,K,0.0
Transformer-onehot,HCDR3,K,0.0
Transformer-onehot,HCDR3,K,0.0
Transformer-onehot,HCDR3,K,0.0
Transformer-onehot,HCDR3,K,0.0
Transformer-onehot,HCDR3,K,0.0
Transformer-onehot,HCDR3,K,0.0
Transformer-onehot,HCDR3,K,0.0
Transformer-onehot,HCDR3,K,0.0
Transformer-onehot,HCDR3,K,0.0
Transformer-onehot,HCDR3,K,0.0
Transformer-onehot,HCDR3,K,0.0
Transformer-onehot,HCDR3,K,0.0
Transformer-onehot,HCDR3,K,0.0
Transformer-onehot,HCDR3,K,0.0
Transformer-onehot,HCDR3,K,0.0
Transformer-onehot,HCDR3,K,0.0
Transformer-onehot,HCDR3,K,0.0
Transformer-onehot,HCDR3,K,0.0
Transformer-onehot,HCDR3,K,0.0
Transformer-onehot,HCDR3,K,0.0
Transformer-onehot,HCDR3,K,0.0
Transformer-onehot,HCDR3,K,0.0
Transformer-onehot,HCDR3,K,0.0
Transformer-onehot,HCDR3,K,0.0
Transformer-onehot,HCDR3,K,0.0
Transformer-onehot,HCDR3,K,0.0
Transformer-onehot,HCDR3,K,0.0
Transformer-onehot,HCDR3,K,0.0
Transformer-onehot,HCDR3,K,0.0
Transformer-onehot,HCDR3,K,0.0
Transformer-onehot,HCDR3,K,0.0
Transformer-onehot,HCDR3,K,0.0
Transformer-onehot,HCDR3,K,0.0
Transformer-onehot,HCDR3,K,0.0
Transformer-onehot,HCDR3,K,0.0
Transformer-onehot,HCDR3,K,0.0
Transformer-onehot,HCDR3,K,0.0
Transformer-onehot,HCDR3,K,0.0
Transformer-onehot,HCDR3,K,0.0
Transformer-onehot,HCDR3,K,0.0
Transformer-onehot,HCDR3,K,0.0
Transformer-onehot,HCDR3,K,0.0
Transformer-onehot,HCDR3,K,0.0
Transformer-onehot,HCDR3,K,0.0
Transformer-onehot,HCDR3,K,0.0
Transformer-onehot,HCDR3,K,0.0
Transformer-onehot,HCDR3,L,0.0383560620248317
Transformer-onehot,HCDR3,L,0.5800683498382568
Transformer-onehot,HCDR3,L,0.0779986009001731
Transformer-onehot,HCDR3,L,0.0291331689804792
Transformer-onehot,HCDR3,L,0.0
Transformer-onehot,HCDR3,L,0.0
Transformer-onehot,HCDR3,L,0.0144354002550244
Transformer-onehot,HCDR3,L,0.0
Transformer-onehot,HCDR3,L,0.0
Transformer-onehot,HCDR3,L,0.0
Transformer-onehot,HCDR3,L,0.0
Transformer-onehot,HCDR3,L,0.7718561887741089
Transformer-onehot,HCDR3,L,0.0
Transformer-onehot,HCDR3,L,0.196140855550766
Transformer-onehot,HCDR3,L,0.0
Transformer-onehot,HCDR3,L,0.0
Transformer-onehot,HCDR3,L,0.0
Transformer-onehot,HCDR3,L,0.2458149194717407
Transformer-onehot,HCDR3,L,0.0
Transformer-onehot,HCDR3,L,0.5093076229095459
Transformer-onehot,HCDR3,L,0.0658207610249519
Transformer-onehot,HCDR3,L,0.0
Transformer-onehot,HCDR3,L,0.0
Transformer-onehot,HCDR3,L,0.0
Transformer-onehot,HCDR3,L,0.0
Transformer-onehot,HCDR3,L,0.0367753021419048
Transformer-onehot,HCDR3,L,0.431282103061676
Transformer-onehot,HCDR3,L,0.0
Transformer-onehot,HCDR3,L,0.4636748731136322
Transformer-onehot,HCDR3,L,0.0
Transformer-onehot,HCDR3,L,0.0
Transformer-onehot,HCDR3,L,0.5114542841911316
Transformer-onehot,HCDR3,L,0.0
Transformer-onehot,HCDR3,L,0.0
Transformer-onehot,HCDR3,L,0.0
Transformer-onehot,HCDR3,L,0.0
Transformer-onehot,HCDR3,L,0.0
Transformer-onehot,HCDR3,L,0.0
Transformer-onehot,HCDR3,L,0.0
Transformer-onehot,HCDR3,L,0.0
Transformer-onehot,HCDR3,L,0.4927987158298492
Transformer-onehot,HCDR3,L,0.0
Transformer-onehot,HCDR3,L,0.0
Transformer-onehot,HCDR3,L,0.0757215097546577
Transformer-onehot,HCDR3,L,0.5253717303276062
Transformer-onehot,HCDR3,L,0.0
Transformer-onehot,HCDR3,L,0.5085565447807312
Transformer-onehot,HCDR3,L,0.0891116335988044
Transformer-onehot,HCDR3,L,0.0776718184351921
Transformer-onehot,HCDR3,L,0.0
Transformer-onehot,HCDR3,L,0.0
Transformer-onehot,HCDR3,L,0.8714004755020142
Transformer-onehot,HCDR3,L,0.0
Transformer-onehot,HCDR3,L,0.0366391576826572
Transformer-onehot,HCDR3,L,0.0
Transformer-onehot,HCDR3,L,0.0
Transformer-onehot,HCDR3,L,0.0
Transformer-onehot,HCDR3,L,0.0169407911598682
Transformer-onehot,HCDR3,L,0.0
Transformer-onehot,HCDR3,L,0.4503520429134369
Transformer-onehot,HCDR3,L,0.0
Transformer-onehot,HCDR3,L,0.0
Transformer-onehot,HCDR3,L,0.0
Transformer-onehot,HCDR3,L,0.0
Transformer-onehot,HCDR3,L,0.0
Transformer-onehot,HCDR3,L,0.0
Transformer-onehot,HCDR3,L,0.0
Transformer-onehot,HCDR3,L,0.4654850363731384
Transformer-onehot,HCDR3,L,0.0
Transformer-onehot,HCDR3,L,0.0
Transformer-onehot,HCDR3,L,0.4132142961025238
Transformer-onehot,HCDR3,L,0.1347555071115493
Transformer-onehot,HCDR3,L,0.1364079266786575
Transformer-onehot,HCDR3,L,0.0
Transformer-onehot,HCDR3,L,0.0
Transformer-onehot,HCDR3,L,0.0
Transformer-onehot,HCDR3,L,0.0
Transformer-onehot,HCDR3,L,0.0
Transformer-onehot,HCDR3,L,0.0
Transformer-onehot,HCDR3,L,0.0
Transformer-onehot,HCDR3,L,0.0
Transformer-onehot,HCDR3,L,0.0
Transformer-onehot,HCDR3,L,0.0355296619236469
Transformer-onehot,HCDR3,L,0.3089694082736969
Transformer-onehot,HCDR3,L,0.2913946807384491
Transformer-onehot,HCDR3,L,0.0
Transformer-onehot,HCDR3,L,0.0
Transformer-onehot,HCDR3,L,0.0
Transformer-onehot,HCDR3,L,0.1437158584594726
Transformer-onehot,HCDR3,L,0.0
Transformer-onehot,HCDR3,L,0.0
Transformer-onehot,HCDR3,L,0.0
Transformer-onehot,HCDR3,L,0.079175591468811
Transformer-onehot,HCDR3,L,0.0
Transformer-onehot,HCDR3,L,0.0
Transformer-onehot,HCDR3,L,0.7870650291442871
Transformer-onehot,HCDR3,L,0.0
Transformer-onehot,HCDR3,L,0.0
Transformer-onehot,HCDR3,L,0.530169665813446
Transformer-onehot,HCDR3,L,0.0
Transformer-onehot,HCDR3,L,0.0
Transformer-onehot,HCDR3,L,0.0898752957582473
Transformer-onehot,HCDR3,L,0.1310359984636306
Transformer-onehot,HCDR3,L,0.0
Transformer-onehot,HCDR3,L,0.0
Transformer-onehot,HCDR3,L,0.0
Transformer-onehot,HCDR3,L,0.4072350263595581
Transformer-onehot,HCDR3,L,0.0
Transformer-onehot,HCDR3,L,1.1468414068222046
Transformer-onehot,HCDR3,L,0.0240129847079515
Transformer-onehot,HCDR3,L,0.0
Transformer-onehot,HCDR3,L,0.0
Transformer-onehot,HCDR3,L,0.0
Transformer-onehot,HCDR3,L,0.0
Transformer-onehot,HCDR3,L,0.0
Transformer-onehot,HCDR3,L,0.0
Transformer-onehot,HCDR3,L,0.0
Transformer-onehot,HCDR3,L,0.78305584192276
Transformer-onehot,HCDR3,L,0.0382959842681884
Transformer-onehot,HCDR3,L,0.0
Transformer-onehot,HCDR3,L,0.1031879335641861
Transformer-onehot,HCDR3,L,0.0
Transformer-onehot,HCDR3,L,0.0
Transformer-onehot,HCDR3,L,0.0
Transformer-onehot,HCDR3,L,0.0
Transformer-onehot,HCDR3,L,2.401167869567871
Transformer-onehot,HCDR3,L,0.0
Transformer-onehot,HCDR3,L,0.0
Transformer-onehot,HCDR3,L,0.5012027025222778
Transformer-onehot,HCDR3,L,0.0095346579328179
Transformer-onehot,HCDR3,L,0.0
Transformer-onehot,HCDR3,L,0.0
Transformer-onehot,HCDR3,L,0.0
Transformer-onehot,HCDR3,L,0.0
Transformer-onehot,HCDR3,L,0.1952907890081405
Transformer-onehot,HCDR3,L,0.1682634949684143
Transformer-onehot,HCDR3,L,0.0
Transformer-onehot,HCDR3,L,0.5457606911659241
Transformer-onehot,HCDR3,L,0.0
Transformer-onehot,HCDR3,L,0.0
Transformer-onehot,HCDR3,L,0.100852221250534
Transformer-onehot,HCDR3,L,0.0621213726699352
Transformer-onehot,HCDR3,L,0.0
Transformer-onehot,HCDR3,L,0.0
Transformer-onehot,HCDR3,L,0.0
Transformer-onehot,HCDR3,L,0.0
Transformer-onehot,HCDR3,L,0.4569019079208374
Transformer-onehot,HCDR3,L,0.0
Transformer-onehot,HCDR3,L,0.0
Transformer-onehot,HCDR3,L,0.4607588648796081
Transformer-onehot,HCDR3,L,0.0990388244390487
Transformer-onehot,HCDR3,L,0.0500048771500587
Transformer-onehot,HCDR3,L,0.0
Transformer-onehot,HCDR3,L,0.0
Transformer-onehot,HCDR3,L,0.811959981918335
Transformer-onehot,HCDR3,L,0.0
Transformer-onehot,HCDR3,L,0.1991148442029953
Transformer-onehot,HCDR3,L,0.0
Transformer-onehot,HCDR3,L,0.1280405670404434
Transformer-onehot,HCDR3,L,0.4777596294879913
Transformer-onehot,HCDR3,L,0.0
Transformer-onehot,HCDR3,L,0.1103152185678482
Transformer-onehot,HCDR3,L,0.674148678779602
Transformer-onehot,HCDR3,L,0.0
Transformer-onehot,HCDR3,L,0.0
Transformer-onehot,HCDR3,L,0.0
Transformer-onehot,HCDR3,L,0.0
Transformer-onehot,HCDR3,L,0.1251111477613449
Transformer-onehot,HCDR3,L,0.0
Transformer-onehot,HCDR3,L,0.0
Transformer-onehot,HCDR3,L,0.0
Transformer-onehot,HCDR3,L,0.0
Transformer-onehot,HCDR3,L,0.0
Transformer-onehot,HCDR3,L,0.0
Transformer-onehot,HCDR3,L,0.0
Transformer-onehot,HCDR3,L,0.0454309321939945
Transformer-onehot,HCDR3,L,0.0223786905407905
Transformer-onehot,HCDR3,L,0.0225465055555105
Transformer-onehot,HCDR3,L,0.0
Transformer-onehot,HCDR3,L,0.2005527466535568
Transformer-onehot,HCDR3,L,0.0
Transformer-onehot,HCDR3,L,1.0189473628997805
Transformer-onehot,HCDR3,L,0.9090930223464966
Transformer-onehot,HCDR3,L,0.0
Transformer-onehot,HCDR3,L,0.0
Transformer-onehot,HCDR3,L,0.0
Transformer-onehot,HCDR3,L,0.4505442380905151
Transformer-onehot,HCDR3,L,0.0718106850981712
Transformer-onehot,HCDR3,L,0.6782718896865845
Transformer-onehot,HCDR3,L,0.0
Transformer-onehot,HCDR3,L,0.2923703193664551
Transformer-onehot,HCDR3,L,0.7731270790100098
Transformer-onehot,HCDR3,L,0.0
Transformer-onehot,HCDR3,L,0.160502403974533
Transformer-onehot,HCDR3,L,0.0
Transformer-onehot,HCDR3,L,0.3732446134090423
Transformer-onehot,HCDR3,L,0.1253658682107925
Transformer-onehot,HCDR3,L,0.0174129288643598
Transformer-onehot,HCDR3,L,0.0
Transformer-onehot,HCDR3,L,0.0
Transformer-onehot,HCDR3,L,0.6679224371910095
Transformer-onehot,HCDR3,L,0.0
Transformer-onehot,HCDR3,L,0.4625298082828522
Transformer-onehot,HCDR3,L,0.0
Transformer-onehot,HCDR3,L,0.1135071218013763
Transformer-onehot,HCDR3,L,3.2524919509887695
Transformer-onehot,HCDR3,L,0.0
Transformer-onehot,HCDR3,L,0.0
Transformer-onehot,HCDR3,L,0.0
Transformer-onehot,HCDR3,L,0.0
Transformer-onehot,HCDR3,L,0.0
Transformer-onehot,HCDR3,L,0.0
Transformer-onehot,HCDR3,L,0.942290425300598
Transformer-onehot,HCDR3,L,0.0
Transformer-onehot,HCDR3,L,0.3475858271121979
Transformer-onehot,HCDR3,L,0.0
Transformer-onehot,HCDR3,L,0.8919851779937744
Transformer-onehot,HCDR3,L,0.0
Transformer-onehot,HCDR3,L,0.0
Transformer-onehot,HCDR3,L,0.6121183633804321
Transformer-onehot,HCDR3,L,0.2558653056621551
Transformer-onehot,HCDR3,L,0.0
Transformer-onehot,HCDR3,L,0.0
Transformer-onehot,HCDR3,L,0.0
Transformer-onehot,HCDR3,L,0.6255723834037781
Transformer-onehot,HCDR3,L,0.3625757396221161
Transformer-onehot,HCDR3,L,0.0
Transformer-onehot,HCDR3,L,0.0650180131196975
Transformer-onehot,HCDR3,L,0.0
Transformer-onehot,HCDR3,L,1.551701307296753
Transformer-onehot,HCDR3,L,0.3052135407924652
Transformer-onehot,HCDR3,L,0.0
Transformer-onehot,HCDR3,L,0.0
Transformer-onehot,HCDR3,L,0.0
Transformer-onehot,HCDR3,L,0.0
Transformer-onehot,HCDR3,L,0.0
Transformer-onehot,HCDR3,L,0.2880904972553253
Transformer-onehot,HCDR3,L,0.0
Transformer-onehot,HCDR3,L,0.0596440508961677
Transformer-onehot,HCDR3,L,0.0
Transformer-onehot,HCDR3,L,0.5062110424041748
Transformer-onehot,HCDR3,L,0.1564059853553772
Transformer-onehot,HCDR3,L,0.0
Transformer-onehot,HCDR3,L,0.356829971075058
Transformer-onehot,HCDR3,L,0.0
Transformer-onehot,HCDR3,L,0.0
Transformer-onehot,HCDR3,L,0.0
Transformer-onehot,HCDR3,L,1.0899537801742554
Transformer-onehot,HCDR3,L,0.0
Transformer-onehot,HCDR3,L,0.0198925677686929
Transformer-onehot,HCDR3,L,0.0
Transformer-onehot,HCDR3,L,0.0
Transformer-onehot,HCDR3,L,0.0692711099982261
Transformer-onehot,HCDR3,L,0.0
Transformer-onehot,HCDR3,L,0.5781187415122986
Transformer-onehot,HCDR3,L,0.0
Transformer-onehot,HCDR3,L,0.3050240278244018
Transformer-onehot,HCDR3,L,0.1913280040025711
Transformer-onehot,HCDR3,L,0.0
Transformer-onehot,HCDR3,L,0.1466223150491714
Transformer-onehot,HCDR3,L,0.0
Transformer-onehot,HCDR3,L,0.0
Transformer-onehot,HCDR3,L,0.0
Transformer-onehot,HCDR3,L,0.0
Transformer-onehot,HCDR3,L,0.8072043061256409
Transformer-onehot,HCDR3,L,0.0
Transformer-onehot,HCDR3,L,0.0
Transformer-onehot,HCDR3,L,0.0
Transformer-onehot,HCDR3,L,0.046323012560606
Transformer-onehot,HCDR3,L,0.0
Transformer-onehot,HCDR3,L,0.0
Transformer-onehot,HCDR3,L,0.0
Transformer-onehot,HCDR3,L,0.6669857501983643
Transformer-onehot,HCDR3,L,0.785018801689148
Transformer-onehot,HCDR3,L,0.0
Transformer-onehot,HCDR3,L,0.0
Transformer-onehot,HCDR3,L,0.0
Transformer-onehot,HCDR3,L,0.3919511139392853
Transformer-onehot,HCDR3,L,0.0
Transformer-onehot,HCDR3,L,0.3625102639198303
Transformer-onehot,HCDR3,L,0.0575882568955421
Transformer-onehot,HCDR3,L,0.0
Transformer-onehot,HCDR3,L,0.0
Transformer-onehot,HCDR3,L,0.0976487621665
Transformer-onehot,HCDR3,L,0.6623131036758423
Transformer-onehot,HCDR3,L,0.0
Transformer-onehot,HCDR3,L,0.1156710535287857
Transformer-onehot,HCDR3,L,0.0
Transformer-onehot,HCDR3,L,0.0270148329436779
Transformer-onehot,HCDR3,L,0.3148681223392486
Transformer-onehot,HCDR3,L,0.0
Transformer-onehot,HCDR3,L,0.4377509653568268
Transformer-onehot,HCDR3,L,0.2064105421304702
Transformer-onehot,HCDR3,L,0.0
Transformer-onehot,HCDR3,L,0.4245728552341461
Transformer-onehot,HCDR3,L,0.2214493304491043
Transformer-onehot,HCDR3,L,0.0
Transformer-onehot,HCDR3,L,0.6010820269584656
Transformer-onehot,HCDR3,L,0.8200052976608276
Transformer-onehot,HCDR3,L,0.0
Transformer-onehot,HCDR3,L,0.0
Transformer-onehot,HCDR3,L,0.0
Transformer-onehot,HCDR3,L,0.1455230116844177
Transformer-onehot,HCDR3,L,0.297540545463562
Transformer-onehot,HCDR3,L,0.2149888575077057
Transformer-onehot,HCDR3,L,0.0
Transformer-onehot,HCDR3,L,0.0
Transformer-onehot,HCDR3,L,0.0
Transformer-onehot,HCDR3,L,0.0
Transformer-onehot,HCDR3,L,0.0
Transformer-onehot,HCDR3,L,0.0655881762504577
Transformer-onehot,HCDR3,L,0.0517755076289176
Transformer-onehot,HCDR3,L,0.0
Transformer-onehot,HCDR3,L,0.0
Transformer-onehot,HCDR3,L,0.0
Transformer-onehot,HCDR3,L,0.0
Transformer-onehot,HCDR3,L,0.1020496934652328
Transformer-onehot,HCDR3,L,0.123238019645214
Transformer-onehot,HCDR3,L,0.0
Transformer-onehot,HCDR3,L,0.0
Transformer-onehot,HCDR3,L,0.0
Transformer-onehot,HCDR3,L,0.1897957324981689
Transformer-onehot,HCDR3,L,0.0
Transformer-onehot,HCDR3,L,0.0
Transformer-onehot,HCDR3,L,0.4963830709457397
Transformer-onehot,HCDR3,L,0.1450373381376266
Transformer-onehot,HCDR3,L,0.0
Transformer-onehot,HCDR3,L,0.0
Transformer-onehot,HCDR3,L,0.045981790870428
Transformer-onehot,HCDR3,L,0.0
Transformer-onehot,HCDR3,L,0.0426681637763977
Transformer-onehot,HCDR3,L,0.0
Transformer-onehot,HCDR3,L,0.2137093394994735
Transformer-onehot,HCDR3,L,0.0
Transformer-onehot,HCDR3,L,0.3507324457168579
Transformer-onehot,HCDR3,L,0.0
Transformer-onehot,HCDR3,L,0.4340116381645202
Transformer-onehot,HCDR3,L,0.924586832523346
Transformer-onehot,HCDR3,L,0.0
Transformer-onehot,HCDR3,L,0.0812500566244125
Transformer-onehot,HCDR3,L,0.2398238778114318
Transformer-onehot,HCDR3,L,0.0
Transformer-onehot,HCDR3,L,0.0
Transformer-onehot,HCDR3,L,0.0
Transformer-onehot,HCDR3,L,0.0
Transformer-onehot,HCDR3,L,0.0
Transformer-onehot,HCDR3,L,0.2471473664045334
Transformer-onehot,HCDR3,L,0.0
Transformer-onehot,HCDR3,L,0.7811899185180664
Transformer-onehot,HCDR3,L,0.0
Transformer-onehot,HCDR3,L,0.0
Transformer-onehot,HCDR3,L,0.0
Transformer-onehot,HCDR3,L,0.4701865613460541
Transformer-onehot,HCDR3,L,0.2610014081001282
Transformer-onehot,HCDR3,L,0.071590207517147
Transformer-onehot,HCDR3,L,0.0
Transformer-onehot,HCDR3,L,0.0
Transformer-onehot,HCDR3,L,0.0
Transformer-onehot,HCDR3,L,0.4001956582069397
Transformer-onehot,HCDR3,L,0.2434161156415939
Transformer-onehot,HCDR3,L,0.0
Transformer-onehot,HCDR3,L,0.5857441425323486
Transformer-onehot,HCDR3,L,0.6914940476417542
Transformer-onehot,HCDR3,L,0.2815394699573517
Transformer-onehot,HCDR3,L,0.0
Transformer-onehot,HCDR3,L,0.0
Transformer-onehot,HCDR3,L,0.0862979292869567
Transformer-onehot,HCDR3,L,0.2049186825752258
Transformer-onehot,HCDR3,L,0.5437805652618408
Transformer-onehot,HCDR3,L,0.2761641144752502
Transformer-onehot,HCDR3,L,0.3309256434440613
Transformer-onehot,HCDR3,L,0.0
Transformer-onehot,HCDR3,L,0.152463212609291
Transformer-onehot,HCDR3,L,0.1953251659870147
Transformer-onehot,HCDR3,L,0.0503214709460735
Transformer-onehot,HCDR3,L,0.0885412693023681
Transformer-onehot,HCDR3,L,0.0
Transformer-onehot,HCDR3,L,0.1998789757490158
Transformer-onehot,HCDR3,L,0.0602086409926414
Transformer-onehot,HCDR3,L,0.0
Transformer-onehot,HCDR3,L,0.0
Transformer-onehot,HCDR3,L,0.0446382761001586
Transformer-onehot,HCDR3,L,0.7565751075744629
Transformer-onehot,HCDR3,L,0.0943399965763092
Transformer-onehot,HCDR3,L,0.0
Transformer-onehot,HCDR3,L,0.0514080040156841
Transformer-onehot,HCDR3,L,0.1923858523368835
Transformer-onehot,HCDR3,L,0.0
Transformer-onehot,HCDR3,L,0.0
Transformer-onehot,HCDR3,L,0.7517760396003723
Transformer-onehot,HCDR3,L,0.0377414375543594
Transformer-onehot,HCDR3,L,0.3423232734203338
Transformer-onehot,HCDR3,L,0.398615151643753
Transformer-onehot,HCDR3,L,0.0
Transformer-onehot,HCDR3,L,0.2699609696865082
Transformer-onehot,HCDR3,L,0.2506509721279144
Transformer-onehot,HCDR3,L,0.3537707328796386
Transformer-onehot,HCDR3,L,0.0
Transformer-onehot,HCDR3,L,0.0
Transformer-onehot,HCDR3,L,0.0
Transformer-onehot,HCDR3,L,0.0
Transformer-onehot,HCDR3,L,0.2896696627140045
Transformer-onehot,HCDR3,L,0.0
Transformer-onehot,HCDR3,L,0.0
Transformer-onehot,HCDR3,L,0.0
Transformer-onehot,HCDR3,L,0.0
Transformer-onehot,HCDR3,L,0.3324210047721863
Transformer-onehot,HCDR3,L,0.0
Transformer-onehot,HCDR3,L,0.0
Transformer-onehot,HCDR3,L,0.1093850061297416
Transformer-onehot,HCDR3,L,0.3345963954925537
Transformer-onehot,HCDR3,L,0.0
Transformer-onehot,HCDR3,L,0.8969476819038391
Transformer-onehot,HCDR3,L,0.0
Transformer-onehot,HCDR3,L,0.0
Transformer-onehot,HCDR3,L,0.0
Transformer-onehot,HCDR3,L,0.0
Transformer-onehot,HCDR3,L,1.3818938732147217
Transformer-onehot,HCDR3,L,0.0
Transformer-onehot,HCDR3,L,0.0918513014912605
Transformer-onehot,HCDR3,L,0.0
Transformer-onehot,HCDR3,L,0.0
Transformer-onehot,HCDR3,L,0.0
Transformer-onehot,HCDR3,L,0.2396940886974334
Transformer-onehot,HCDR3,L,0.0
Transformer-onehot,HCDR3,L,0.0
Transformer-onehot,HCDR3,L,0.0215407870709896
Transformer-onehot,HCDR3,L,0.5497547388076782
Transformer-onehot,HCDR3,L,0.0
Transformer-onehot,HCDR3,L,0.0
Transformer-onehot,HCDR3,L,0.3757707476615906
Transformer-onehot,HCDR3,L,0.2829571664333343
Transformer-onehot,HCDR3,L,0.0
Transformer-onehot,HCDR3,L,0.3081560432910919
Transformer-onehot,HCDR3,L,0.0
Transformer-onehot,HCDR3,L,0.0
Transformer-onehot,HCDR3,L,0.0
Transformer-onehot,HCDR3,L,0.0
Transformer-onehot,HCDR3,L,0.0
Transformer-onehot,HCDR3,L,0.0
Transformer-onehot,HCDR3,L,0.1206023544073104
Transformer-onehot,HCDR3,L,0.7710751295089722
Transformer-onehot,HCDR3,L,0.0
Transformer-onehot,HCDR3,L,0.2732865214347839
Transformer-onehot,HCDR3,L,0.5334567427635193
Transformer-onehot,HCDR3,L,0.320430189371109
Transformer-onehot,HCDR3,L,0.4379207789897918
Transformer-onehot,HCDR3,L,0.0
Transformer-onehot,HCDR3,L,0.2287468463182449
Transformer-onehot,HCDR3,L,0.0
Transformer-onehot,HCDR3,L,0.0
Transformer-onehot,HCDR3,L,0.0
Transformer-onehot,HCDR3,L,0.1390676349401474
Transformer-onehot,HCDR3,L,0.1473628431558609
Transformer-onehot,HCDR3,L,0.0
Transformer-onehot,HCDR3,L,0.1062104552984237
Transformer-onehot,HCDR3,L,0.0
Transformer-onehot,HCDR3,L,0.0
Transformer-onehot,HCDR3,L,0.0
Transformer-onehot,HCDR3,L,0.0
Transformer-onehot,HCDR3,L,0.0
Transformer-onehot,HCDR3,L,0.0
Transformer-onehot,HCDR3,L,1.1333863735198977
Transformer-onehot,HCDR3,L,0.0627771317958831
Transformer-onehot,HCDR3,L,0.0
Transformer-onehot,HCDR3,L,0.2338401973247528
Transformer-onehot,HCDR3,L,0.0
Transformer-onehot,HCDR3,L,0.0
Transformer-onehot,HCDR3,L,0.0398779734969139
Transformer-onehot,HCDR3,L,0.4511214792728424
Transformer-onehot,HCDR3,L,0.0
Transformer-onehot,HCDR3,L,0.3720253705978393
Transformer-onehot,HCDR3,L,0.0
Transformer-onehot,HCDR3,L,0.0
Transformer-onehot,HCDR3,L,0.0
Transformer-onehot,HCDR3,L,0.3063112497329712
Transformer-onehot,HCDR3,L,0.2806968092918396
Transformer-onehot,HCDR3,L,0.0
Transformer-onehot,HCDR3,L,0.0
Transformer-onehot,HCDR3,L,0.0
Transformer-onehot,HCDR3,L,0.2908338904380798
Transformer-onehot,HCDR3,L,0.0
Transformer-onehot,HCDR3,L,0.0709826499223709
Transformer-onehot,HCDR3,L,0.0
Transformer-onehot,HCDR3,L,1.107552409172058
Transformer-onehot,HCDR3,L,0.610878050327301
Transformer-onehot,HCDR3,L,0.1194138824939727
Transformer-onehot,HCDR3,L,1.0910663604736328
Transformer-onehot,HCDR3,L,0.0
Transformer-onehot,HCDR3,L,0.0
Transformer-onehot,HCDR3,L,0.0
Transformer-onehot,HCDR3,L,0.3654771447181701
Transformer-onehot,HCDR3,L,0.0
Transformer-onehot,HCDR3,L,0.1669689863920211
Transformer-onehot,HCDR3,L,0.4755572974681854
Transformer-onehot,HCDR3,L,0.0
Transformer-onehot,HCDR3,L,0.1940320879220962
Transformer-onehot,HCDR3,L,0.5195860266685486
Transformer-onehot,HCDR3,L,0.1094721034169197
Transformer-onehot,HCDR3,L,0.1874648183584213
Transformer-onehot,HCDR3,M,0.0
Transformer-onehot,HCDR3,M,0.0
Transformer-onehot,HCDR3,M,0.0
Transformer-onehot,HCDR3,M,0.0
Transformer-onehot,HCDR3,M,0.0
Transformer-onehot,HCDR3,M,0.0
Transformer-onehot,HCDR3,M,0.0
Transformer-onehot,HCDR3,M,0.0
Transformer-onehot,HCDR3,M,0.0
Transformer-onehot,HCDR3,M,0.0
Transformer-onehot,HCDR3,M,0.0
Transformer-onehot,HCDR3,M,0.0
Transformer-onehot,HCDR3,M,0.0
Transformer-onehot,HCDR3,M,0.0
Transformer-onehot,HCDR3,M,0.0
Transformer-onehot,HCDR3,M,0.0
Transformer-onehot,HCDR3,M,0.0
Transformer-onehot,HCDR3,M,0.0
Transformer-onehot,HCDR3,M,0.0
Transformer-onehot,HCDR3,M,0.0
Transformer-onehot,HCDR3,M,0.0
Transformer-onehot,HCDR3,M,0.0
Transformer-onehot,HCDR3,M,0.0
Transformer-onehot,HCDR3,M,0.0
Transformer-onehot,HCDR3,M,0.0
Transformer-onehot,HCDR3,M,0.0
Transformer-onehot,HCDR3,M,0.0
Transformer-onehot,HCDR3,M,0.0
Transformer-onehot,HCDR3,M,0.0
Transformer-onehot,HCDR3,M,0.0
Transformer-onehot,HCDR3,M,0.0
Transformer-onehot,HCDR3,M,0.0
Transformer-onehot,HCDR3,M,0.0
Transformer-onehot,HCDR3,M,0.0
Transformer-onehot,HCDR3,M,0.0
Transformer-onehot,HCDR3,M,0.0
Transformer-onehot,HCDR3,M,0.0
Transformer-onehot,HCDR3,M,0.0
Transformer-onehot,HCDR3,M,0.0
Transformer-onehot,HCDR3,M,0.0
Transformer-onehot,HCDR3,M,0.0
Transformer-onehot,HCDR3,M,0.0
Transformer-onehot,HCDR3,M,0.0
Transformer-onehot,HCDR3,M,0.0
Transformer-onehot,HCDR3,M,0.0
Transformer-onehot,HCDR3,M,0.0
Transformer-onehot,HCDR3,M,0.0
Transformer-onehot,HCDR3,M,0.0
Transformer-onehot,HCDR3,M,0.0
Transformer-onehot,HCDR3,M,0.0
Transformer-onehot,HCDR3,M,0.0
Transformer-onehot,HCDR3,M,0.0
Transformer-onehot,HCDR3,M,0.0
Transformer-onehot,HCDR3,M,0.0
Transformer-onehot,HCDR3,M,0.0
Transformer-onehot,HCDR3,M,0.0
Transformer-onehot,HCDR3,M,0.0
Transformer-onehot,HCDR3,M,0.0
Transformer-onehot,HCDR3,M,0.0
Transformer-onehot,HCDR3,M,0.0
Transformer-onehot,HCDR3,M,0.0
Transformer-onehot,HCDR3,M,0.0
Transformer-onehot,HCDR3,M,0.0
Transformer-onehot,HCDR3,M,0.0
Transformer-onehot,HCDR3,M,0.0
Transformer-onehot,HCDR3,M,0.0
Transformer-onehot,HCDR3,M,0.0
Transformer-onehot,HCDR3,M,0.0
Transformer-onehot,HCDR3,M,0.0
Transformer-onehot,HCDR3,M,0.0
Transformer-onehot,HCDR3,M,0.0
Transformer-onehot,HCDR3,M,0.0
Transformer-onehot,HCDR3,M,0.0
Transformer-onehot,HCDR3,M,0.0
Transformer-onehot,HCDR3,M,0.0
Transformer-onehot,HCDR3,M,0.0
Transformer-onehot,HCDR3,M,0.0
Transformer-onehot,HCDR3,M,0.0
Transformer-onehot,HCDR3,M,0.0
Transformer-onehot,HCDR3,M,0.0
Transformer-onehot,HCDR3,M,0.0
Transformer-onehot,HCDR3,M,0.0
Transformer-onehot,HCDR3,M,0.0
Transformer-onehot,HCDR3,M,0.0
Transformer-onehot,HCDR3,M,0.0
Transformer-onehot,HCDR3,M,0.0
Transformer-onehot,HCDR3,M,0.0
Transformer-onehot,HCDR3,M,0.0
Transformer-onehot,HCDR3,M,0.0
Transformer-onehot,HCDR3,M,0.0
Transformer-onehot,HCDR3,M,0.0
Transformer-onehot,HCDR3,M,0.0
Transformer-onehot,HCDR3,M,0.0
Transformer-onehot,HCDR3,M,0.0
Transformer-onehot,HCDR3,M,0.0
Transformer-onehot,HCDR3,M,0.0
Transformer-onehot,HCDR3,M,0.0
Transformer-onehot,HCDR3,M,0.0
Transformer-onehot,HCDR3,M,0.0
Transformer-onehot,HCDR3,M,0.0
Transformer-onehot,HCDR3,M,0.0
Transformer-onehot,HCDR3,M,0.0
Transformer-onehot,HCDR3,M,0.0
Transformer-onehot,HCDR3,M,0.0
Transformer-onehot,HCDR3,M,0.0
Transformer-onehot,HCDR3,M,0.0
Transformer-onehot,HCDR3,M,0.0
Transformer-onehot,HCDR3,M,0.0
Transformer-onehot,HCDR3,M,0.0
Transformer-onehot,HCDR3,M,0.0
Transformer-onehot,HCDR3,M,0.0
Transformer-onehot,HCDR3,M,0.0
Transformer-onehot,HCDR3,M,0.0
Transformer-onehot,HCDR3,M,0.0
Transformer-onehot,HCDR3,M,0.0
Transformer-onehot,HCDR3,M,0.0
Transformer-onehot,HCDR3,M,0.0
Transformer-onehot,HCDR3,M,0.0
Transformer-onehot,HCDR3,M,0.0
Transformer-onehot,HCDR3,M,0.0
Transformer-onehot,HCDR3,M,0.0
Transformer-onehot,HCDR3,M,0.0
Transformer-onehot,HCDR3,M,0.0
Transformer-onehot,HCDR3,M,0.0
Transformer-onehot,HCDR3,M,0.0
Transformer-onehot,HCDR3,M,0.0
Transformer-onehot,HCDR3,M,0.0
Transformer-onehot,HCDR3,M,0.0
Transformer-onehot,HCDR3,M,0.0
Transformer-onehot,HCDR3,M,0.0
Transformer-onehot,HCDR3,M,0.0
Transformer-onehot,HCDR3,M,0.0
Transformer-onehot,HCDR3,M,0.0
Transformer-onehot,HCDR3,M,0.0
Transformer-onehot,HCDR3,M,0.0
Transformer-onehot,HCDR3,M,0.0
Transformer-onehot,HCDR3,M,0.0
Transformer-onehot,HCDR3,M,0.0
Transformer-onehot,HCDR3,M,0.0
Transformer-onehot,HCDR3,M,0.0
Transformer-onehot,HCDR3,M,0.0
Transformer-onehot,HCDR3,M,0.0
Transformer-onehot,HCDR3,M,0.0
Transformer-onehot,HCDR3,M,0.0
Transformer-onehot,HCDR3,M,0.0
Transformer-onehot,HCDR3,M,0.0
Transformer-onehot,HCDR3,M,0.0
Transformer-onehot,HCDR3,M,0.0
Transformer-onehot,HCDR3,M,0.0
Transformer-onehot,HCDR3,M,0.0
Transformer-onehot,HCDR3,M,0.0
Transformer-onehot,HCDR3,M,0.0
Transformer-onehot,HCDR3,M,0.0
Transformer-onehot,HCDR3,M,0.0
Transformer-onehot,HCDR3,M,0.0
Transformer-onehot,HCDR3,M,0.0
Transformer-onehot,HCDR3,M,0.0
Transformer-onehot,HCDR3,M,0.0
Transformer-onehot,HCDR3,M,0.0
Transformer-onehot,HCDR3,M,0.0
Transformer-onehot,HCDR3,M,0.0
Transformer-onehot,HCDR3,M,0.0
Transformer-onehot,HCDR3,M,0.0
Transformer-onehot,HCDR3,M,0.0
Transformer-onehot,HCDR3,M,0.0
Transformer-onehot,HCDR3,M,0.0
Transformer-onehot,HCDR3,M,0.0
Transformer-onehot,HCDR3,M,0.0
Transformer-onehot,HCDR3,M,0.0
Transformer-onehot,HCDR3,M,0.0
Transformer-onehot,HCDR3,M,0.0
Transformer-onehot,HCDR3,M,0.0
Transformer-onehot,HCDR3,M,0.0
Transformer-onehot,HCDR3,M,0.0
Transformer-onehot,HCDR3,M,0.0
Transformer-onehot,HCDR3,M,0.0
Transformer-onehot,HCDR3,M,0.0
Transformer-onehot,HCDR3,M,0.0
Transformer-onehot,HCDR3,M,0.0
Transformer-onehot,HCDR3,M,0.0
Transformer-onehot,HCDR3,M,0.0
Transformer-onehot,HCDR3,M,0.0
Transformer-onehot,HCDR3,M,0.0
Transformer-onehot,HCDR3,M,0.0
Transformer-onehot,HCDR3,M,0.0
Transformer-onehot,HCDR3,M,0.0
Transformer-onehot,HCDR3,M,0.0
Transformer-onehot,HCDR3,M,0.0
Transformer-onehot,HCDR3,M,0.0
Transformer-onehot,HCDR3,M,0.0
Transformer-onehot,HCDR3,M,0.0
Transformer-onehot,HCDR3,M,0.0
Transformer-onehot,HCDR3,M,0.0
Transformer-onehot,HCDR3,M,0.0
Transformer-onehot,HCDR3,M,0.0
Transformer-onehot,HCDR3,M,0.0
Transformer-onehot,HCDR3,M,0.0
Transformer-onehot,HCDR3,M,0.0
Transformer-onehot,HCDR3,M,0.0
Transformer-onehot,HCDR3,M,0.0
Transformer-onehot,HCDR3,M,0.0
Transformer-onehot,HCDR3,M,0.0
Transformer-onehot,HCDR3,M,0.0
Transformer-onehot,HCDR3,M,0.0
Transformer-onehot,HCDR3,M,0.0
Transformer-onehot,HCDR3,M,0.0
Transformer-onehot,HCDR3,M,0.0
Transformer-onehot,HCDR3,M,0.0
Transformer-onehot,HCDR3,M,0.0
Transformer-onehot,HCDR3,M,0.0
Transformer-onehot,HCDR3,M,0.0
Transformer-onehot,HCDR3,M,0.0
Transformer-onehot,HCDR3,M,0.0
Transformer-onehot,HCDR3,M,0.0
Transformer-onehot,HCDR3,M,0.0
Transformer-onehot,HCDR3,M,0.0
Transformer-onehot,HCDR3,M,0.0
Transformer-onehot,HCDR3,M,0.0
Transformer-onehot,HCDR3,M,0.0
Transformer-onehot,HCDR3,M,0.0
Transformer-onehot,HCDR3,M,0.0
Transformer-onehot,HCDR3,M,0.0
Transformer-onehot,HCDR3,M,0.0
Transformer-onehot,HCDR3,M,0.0
Transformer-onehot,HCDR3,M,0.0
Transformer-onehot,HCDR3,M,0.0
Transformer-onehot,HCDR3,M,0.0
Transformer-onehot,HCDR3,M,0.0
Transformer-onehot,HCDR3,M,0.0
Transformer-onehot,HCDR3,M,0.0
Transformer-onehot,HCDR3,M,0.0
Transformer-onehot,HCDR3,M,0.0
Transformer-onehot,HCDR3,M,0.0
Transformer-onehot,HCDR3,M,0.0
Transformer-onehot,HCDR3,M,0.0
Transformer-onehot,HCDR3,M,0.0
Transformer-onehot,HCDR3,M,0.0
Transformer-onehot,HCDR3,M,0.0
Transformer-onehot,HCDR3,M,0.0
Transformer-onehot,HCDR3,M,0.0
Transformer-onehot,HCDR3,M,0.0
Transformer-onehot,HCDR3,M,0.0
Transformer-onehot,HCDR3,M,0.0
Transformer-onehot,HCDR3,M,0.0
Transformer-onehot,HCDR3,M,0.0
Transformer-onehot,HCDR3,M,0.0
Transformer-onehot,HCDR3,M,0.0
Transformer-onehot,HCDR3,M,0.0
Transformer-onehot,HCDR3,M,0.0
Transformer-onehot,HCDR3,M,0.0
Transformer-onehot,HCDR3,M,0.0
Transformer-onehot,HCDR3,M,0.0
Transformer-onehot,HCDR3,M,0.0
Transformer-onehot,HCDR3,M,0.0
Transformer-onehot,HCDR3,M,0.0
Transformer-onehot,HCDR3,M,0.0
Transformer-onehot,HCDR3,M,0.0
Transformer-onehot,HCDR3,M,0.0
Transformer-onehot,HCDR3,M,0.0
Transformer-onehot,HCDR3,M,0.0
Transformer-onehot,HCDR3,M,0.0
Transformer-onehot,HCDR3,M,0.0
Transformer-onehot,HCDR3,M,0.0
Transformer-onehot,HCDR3,M,0.0
Transformer-onehot,HCDR3,M,0.0
Transformer-onehot,HCDR3,M,0.0
Transformer-onehot,HCDR3,M,0.0
Transformer-onehot,HCDR3,M,0.0
Transformer-onehot,HCDR3,M,0.0
Transformer-onehot,HCDR3,M,0.0
Transformer-onehot,HCDR3,M,0.0
Transformer-onehot,HCDR3,M,0.0
Transformer-onehot,HCDR3,M,0.0
Transformer-onehot,HCDR3,M,0.0
Transformer-onehot,HCDR3,M,0.0
Transformer-onehot,HCDR3,M,0.0
Transformer-onehot,HCDR3,M,0.0
Transformer-onehot,HCDR3,M,0.0
Transformer-onehot,HCDR3,M,0.0
Transformer-onehot,HCDR3,M,0.0
Transformer-onehot,HCDR3,M,0.0
Transformer-onehot,HCDR3,M,0.0
Transformer-onehot,HCDR3,M,0.0
Transformer-onehot,HCDR3,M,0.0
Transformer-onehot,HCDR3,M,0.0
Transformer-onehot,HCDR3,M,0.0
Transformer-onehot,HCDR3,M,0.0
Transformer-onehot,HCDR3,M,0.0
Transformer-onehot,HCDR3,M,0.0
Transformer-onehot,HCDR3,M,0.0
Transformer-onehot,HCDR3,M,0.0
Transformer-onehot,HCDR3,M,0.0
Transformer-onehot,HCDR3,M,0.0
Transformer-onehot,HCDR3,M,0.0
Transformer-onehot,HCDR3,M,0.0
Transformer-onehot,HCDR3,M,0.0
Transformer-onehot,HCDR3,M,0.0
Transformer-onehot,HCDR3,M,0.0
Transformer-onehot,HCDR3,M,0.0
Transformer-onehot,HCDR3,M,0.0
Transformer-onehot,HCDR3,M,0.0
Transformer-onehot,HCDR3,M,0.0
Transformer-onehot,HCDR3,M,0.0
Transformer-onehot,HCDR3,M,0.0
Transformer-onehot,HCDR3,M,0.0
Transformer-onehot,HCDR3,M,0.0
Transformer-onehot,HCDR3,M,0.0
Transformer-onehot,HCDR3,M,0.0
Transformer-onehot,HCDR3,M,0.0
Transformer-onehot,HCDR3,M,0.0
Transformer-onehot,HCDR3,M,0.0
Transformer-onehot,HCDR3,M,0.0
Transformer-onehot,HCDR3,M,0.0
Transformer-onehot,HCDR3,M,0.0
Transformer-onehot,HCDR3,M,0.0
Transformer-onehot,HCDR3,M,0.0
Transformer-onehot,HCDR3,M,0.0
Transformer-onehot,HCDR3,M,0.0
Transformer-onehot,HCDR3,M,0.0
Transformer-onehot,HCDR3,M,0.0
Transformer-onehot,HCDR3,M,0.0
Transformer-onehot,HCDR3,M,0.0
Transformer-onehot,HCDR3,M,0.0
Transformer-onehot,HCDR3,M,0.0
Transformer-onehot,HCDR3,M,0.0
Transformer-onehot,HCDR3,M,0.0
Transformer-onehot,HCDR3,M,0.0
Transformer-onehot,HCDR3,M,0.0
Transformer-onehot,HCDR3,M,0.0
Transformer-onehot,HCDR3,M,0.0
Transformer-onehot,HCDR3,M,0.0
Transformer-onehot,HCDR3,M,0.0
Transformer-onehot,HCDR3,M,0.0
Transformer-onehot,HCDR3,M,0.0
Transformer-onehot,HCDR3,M,0.0
Transformer-onehot,HCDR3,M,0.0
Transformer-onehot,HCDR3,M,0.0
Transformer-onehot,HCDR3,M,0.0
Transformer-onehot,HCDR3,M,0.0
Transformer-onehot,HCDR3,M,0.0
Transformer-onehot,HCDR3,M,0.0
Transformer-onehot,HCDR3,M,0.0
Transformer-onehot,HCDR3,M,0.0
Transformer-onehot,HCDR3,M,0.0
Transformer-onehot,HCDR3,M,0.0
Transformer-onehot,HCDR3,M,0.0
Transformer-onehot,HCDR3,M,0.0
Transformer-onehot,HCDR3,M,0.0
Transformer-onehot,HCDR3,M,0.0
Transformer-onehot,HCDR3,M,0.0
Transformer-onehot,HCDR3,M,0.0
Transformer-onehot,HCDR3,M,0.0
Transformer-onehot,HCDR3,M,0.0
Transformer-onehot,HCDR3,M,0.0
Transformer-onehot,HCDR3,M,0.0
Transformer-onehot,HCDR3,M,0.0
Transformer-onehot,HCDR3,M,0.0
Transformer-onehot,HCDR3,M,0.0
Transformer-onehot,HCDR3,M,0.0
Transformer-onehot,HCDR3,M,0.0
Transformer-onehot,HCDR3,M,0.0
Transformer-onehot,HCDR3,M,0.0
Transformer-onehot,HCDR3,M,0.0
Transformer-onehot,HCDR3,M,0.0
Transformer-onehot,HCDR3,M,0.0
Transformer-onehot,HCDR3,M,0.0
Transformer-onehot,HCDR3,M,0.0
Transformer-onehot,HCDR3,M,0.0
Transformer-onehot,HCDR3,M,0.0
Transformer-onehot,HCDR3,M,0.0
Transformer-onehot,HCDR3,M,0.0
Transformer-onehot,HCDR3,M,0.0
Transformer-onehot,HCDR3,M,0.0
Transformer-onehot,HCDR3,M,0.0
Transformer-onehot,HCDR3,M,0.0
Transformer-onehot,HCDR3,M,0.0
Transformer-onehot,HCDR3,M,0.0
Transformer-onehot,HCDR3,M,0.0
Transformer-onehot,HCDR3,M,0.0
Transformer-onehot,HCDR3,M,0.0
Transformer-onehot,HCDR3,M,0.0
Transformer-onehot,HCDR3,M,0.0
Transformer-onehot,HCDR3,M,0.0
Transformer-onehot,HCDR3,M,0.0
Transformer-onehot,HCDR3,M,0.0
Transformer-onehot,HCDR3,M,0.0
Transformer-onehot,HCDR3,M,0.0
Transformer-onehot,HCDR3,M,0.0
Transformer-onehot,HCDR3,M,0.0
Transformer-onehot,HCDR3,M,0.0
Transformer-onehot,HCDR3,M,0.0
Transformer-onehot,HCDR3,M,0.0
Transformer-onehot,HCDR3,M,0.0
Transformer-onehot,HCDR3,M,0.0
Transformer-onehot,HCDR3,M,0.0
Transformer-onehot,HCDR3,M,0.0
Transformer-onehot,HCDR3,M,0.0
Transformer-onehot,HCDR3,M,0.0
Transformer-onehot,HCDR3,M,0.0
Transformer-onehot,HCDR3,M,0.0
Transformer-onehot,HCDR3,M,0.0
Transformer-onehot,HCDR3,M,0.0
Transformer-onehot,HCDR3,M,0.0
Transformer-onehot,HCDR3,M,0.0
Transformer-onehot,HCDR3,M,0.0
Transformer-onehot,HCDR3,M,0.0
Transformer-onehot,HCDR3,M,0.0
Transformer-onehot,HCDR3,M,0.0
Transformer-onehot,HCDR3,M,0.0
Transformer-onehot,HCDR3,M,0.0
Transformer-onehot,HCDR3,M,0.0
Transformer-onehot,HCDR3,M,0.0
Transformer-onehot,HCDR3,M,0.0
Transformer-onehot,HCDR3,M,0.0
Transformer-onehot,HCDR3,M,0.0
Transformer-onehot,HCDR3,M,0.0
Transformer-onehot,HCDR3,M,0.0
Transformer-onehot,HCDR3,M,0.0
Transformer-onehot,HCDR3,M,0.0
Transformer-onehot,HCDR3,M,0.0
Transformer-onehot,HCDR3,M,0.0
Transformer-onehot,HCDR3,M,0.0
Transformer-onehot,HCDR3,M,0.0
Transformer-onehot,HCDR3,M,0.0
Transformer-onehot,HCDR3,M,0.0
Transformer-onehot,HCDR3,M,0.0
Transformer-onehot,HCDR3,M,0.0
Transformer-onehot,HCDR3,M,0.0
Transformer-onehot,HCDR3,M,0.0
Transformer-onehot,HCDR3,M,0.0
Transformer-onehot,HCDR3,M,0.0
Transformer-onehot,HCDR3,M,0.0
Transformer-onehot,HCDR3,M,0.0
Transformer-onehot,HCDR3,M,0.0
Transformer-onehot,HCDR3,M,0.0
Transformer-onehot,HCDR3,M,0.0
Transformer-onehot,HCDR3,M,0.0
Transformer-onehot,HCDR3,M,0.0
Transformer-onehot,HCDR3,M,0.0
Transformer-onehot,HCDR3,M,0.0
Transformer-onehot,HCDR3,M,0.0
Transformer-onehot,HCDR3,M,0.0
Transformer-onehot,HCDR3,M,0.0
Transformer-onehot,HCDR3,M,0.0
Transformer-onehot,HCDR3,M,0.0
Transformer-onehot,HCDR3,M,0.0
Transformer-onehot,HCDR3,M,0.0
Transformer-onehot,HCDR3,M,0.0
Transformer-onehot,HCDR3,M,0.0
Transformer-onehot,HCDR3,M,0.0
Transformer-onehot,HCDR3,M,0.0
Transformer-onehot,HCDR3,M,0.0
Transformer-onehot,HCDR3,M,0.0
Transformer-onehot,HCDR3,M,0.0
Transformer-onehot,HCDR3,M,0.0
Transformer-onehot,HCDR3,M,0.0
Transformer-onehot,HCDR3,M,0.0
Transformer-onehot,HCDR3,M,0.0
Transformer-onehot,HCDR3,M,0.0
Transformer-onehot,HCDR3,M,0.0
Transformer-onehot,HCDR3,M,0.0
Transformer-onehot,HCDR3,M,0.0
Transformer-onehot,HCDR3,M,0.0
Transformer-onehot,HCDR3,M,0.0
Transformer-onehot,HCDR3,M,0.0
Transformer-onehot,HCDR3,M,0.0
Transformer-onehot,HCDR3,M,0.0
Transformer-onehot,HCDR3,M,0.0
Transformer-onehot,HCDR3,M,0.0
Transformer-onehot,HCDR3,M,0.0
Transformer-onehot,HCDR3,M,0.0
Transformer-onehot,HCDR3,M,0.0
Transformer-onehot,HCDR3,M,0.0
Transformer-onehot,HCDR3,M,0.0
Transformer-onehot,HCDR3,M,0.0
Transformer-onehot,HCDR3,M,0.0
Transformer-onehot,HCDR3,M,0.0
Transformer-onehot,HCDR3,M,0.0
Transformer-onehot,HCDR3,M,0.0
Transformer-onehot,HCDR3,M,0.0
Transformer-onehot,HCDR3,M,0.0
Transformer-onehot,HCDR3,M,0.0
Transformer-onehot,HCDR3,M,0.0
Transformer-onehot,HCDR3,M,0.0
Transformer-onehot,HCDR3,M,0.0
Transformer-onehot,HCDR3,M,0.0
Transformer-onehot,HCDR3,M,0.0
Transformer-onehot,HCDR3,M,0.0
Transformer-onehot,HCDR3,M,0.0
Transformer-onehot,HCDR3,M,0.0
Transformer-onehot,HCDR3,M,0.0
Transformer-onehot,HCDR3,M,0.0
Transformer-onehot,HCDR3,M,0.0
Transformer-onehot,HCDR3,M,0.0
Transformer-onehot,HCDR3,M,0.0
Transformer-onehot,HCDR3,M,0.0
Transformer-onehot,HCDR3,M,0.0
Transformer-onehot,HCDR3,M,0.0
Transformer-onehot,HCDR3,M,0.0
Transformer-onehot,HCDR3,M,0.0
Transformer-onehot,HCDR3,N,0.0
Transformer-onehot,HCDR3,N,0.0
Transformer-onehot,HCDR3,N,0.0
Transformer-onehot,HCDR3,N,0.0909886360168457
Transformer-onehot,HCDR3,N,0.0
Transformer-onehot,HCDR3,N,0.0
Transformer-onehot,HCDR3,N,0.0
Transformer-onehot,HCDR3,N,0.0
Transformer-onehot,HCDR3,N,0.0
Transformer-onehot,HCDR3,N,0.0
Transformer-onehot,HCDR3,N,0.0
Transformer-onehot,HCDR3,N,0.4886643588542938
Transformer-onehot,HCDR3,N,0.0
Transformer-onehot,HCDR3,N,0.0
Transformer-onehot,HCDR3,N,0.0
Transformer-onehot,HCDR3,N,0.0
Transformer-onehot,HCDR3,N,0.0
Transformer-onehot,HCDR3,N,0.1682636588811874
Transformer-onehot,HCDR3,N,0.0216355994343757
Transformer-onehot,HCDR3,N,0.4855216443538666
Transformer-onehot,HCDR3,N,0.0
Transformer-onehot,HCDR3,N,0.4147751927375793
Transformer-onehot,HCDR3,N,0.0
Transformer-onehot,HCDR3,N,0.0
Transformer-onehot,HCDR3,N,0.0349850207567215
Transformer-onehot,HCDR3,N,0.0330977030098438
Transformer-onehot,HCDR3,N,0.0
Transformer-onehot,HCDR3,N,0.0
Transformer-onehot,HCDR3,N,0.0
Transformer-onehot,HCDR3,N,0.0
Transformer-onehot,HCDR3,N,0.0
Transformer-onehot,HCDR3,N,0.0
Transformer-onehot,HCDR3,N,0.0720930472016334
Transformer-onehot,HCDR3,N,0.0
Transformer-onehot,HCDR3,N,0.0
Transformer-onehot,HCDR3,N,0.0
Transformer-onehot,HCDR3,N,0.0
Transformer-onehot,HCDR3,N,0.0
Transformer-onehot,HCDR3,N,0.0
Transformer-onehot,HCDR3,N,0.0
Transformer-onehot,HCDR3,N,0.0
Transformer-onehot,HCDR3,N,0.0
Transformer-onehot,HCDR3,N,0.0
Transformer-onehot,HCDR3,N,0.022214338183403
Transformer-onehot,HCDR3,N,0.0
Transformer-onehot,HCDR3,N,0.0
Transformer-onehot,HCDR3,N,0.0
Transformer-onehot,HCDR3,N,0.0
Transformer-onehot,HCDR3,N,0.0
Transformer-onehot,HCDR3,N,0.0279746279120445
Transformer-onehot,HCDR3,N,0.0
Transformer-onehot,HCDR3,N,0.0
Transformer-onehot,HCDR3,N,0.0
Transformer-onehot,HCDR3,N,0.0
Transformer-onehot,HCDR3,N,0.0
Transformer-onehot,HCDR3,N,0.0
Transformer-onehot,HCDR3,N,0.0
Transformer-onehot,HCDR3,N,0.0
Transformer-onehot,HCDR3,N,0.0
Transformer-onehot,HCDR3,N,0.0
Transformer-onehot,HCDR3,N,0.0
Transformer-onehot,HCDR3,N,0.0
Transformer-onehot,HCDR3,N,0.0
Transformer-onehot,HCDR3,N,0.0
Transformer-onehot,HCDR3,N,0.0
Transformer-onehot,HCDR3,N,0.0
Transformer-onehot,HCDR3,N,0.0
Transformer-onehot,HCDR3,N,0.0
Transformer-onehot,HCDR3,N,0.0
Transformer-onehot,HCDR3,N,0.0
Transformer-onehot,HCDR3,N,0.0
Transformer-onehot,HCDR3,N,0.0
Transformer-onehot,HCDR3,N,0.0
Transformer-onehot,HCDR3,N,0.0
Transformer-onehot,HCDR3,N,0.0
Transformer-onehot,HCDR3,N,0.0
Transformer-onehot,HCDR3,N,0.0
Transformer-onehot,HCDR3,N,0.0673325583338737
Transformer-onehot,HCDR3,N,0.0
Transformer-onehot,HCDR3,N,0.0
Transformer-onehot,HCDR3,N,0.0
Transformer-onehot,HCDR3,N,0.0
Transformer-onehot,HCDR3,N,0.0
Transformer-onehot,HCDR3,N,0.0
Transformer-onehot,HCDR3,N,0.0
Transformer-onehot,HCDR3,N,0.5421486496925354
Transformer-onehot,HCDR3,N,0.0
Transformer-onehot,HCDR3,N,0.0
Transformer-onehot,HCDR3,N,0.0859586223959922
Transformer-onehot,HCDR3,N,0.0
Transformer-onehot,HCDR3,N,0.6322459578514099
Transformer-onehot,HCDR3,N,0.0185296069830656
Transformer-onehot,HCDR3,N,0.0
Transformer-onehot,HCDR3,N,0.0
Transformer-onehot,HCDR3,N,0.1714274883270263
Transformer-onehot,HCDR3,N,0.0
Transformer-onehot,HCDR3,N,0.1943576782941818
Transformer-onehot,HCDR3,N,0.0
Transformer-onehot,HCDR3,N,0.0
Transformer-onehot,HCDR3,N,0.0
Transformer-onehot,HCDR3,N,0.0
Transformer-onehot,HCDR3,N,0.0
Transformer-onehot,HCDR3,N,0.0
Transformer-onehot,HCDR3,N,0.0
Transformer-onehot,HCDR3,N,0.6875805258750916
Transformer-onehot,HCDR3,N,0.0
Transformer-onehot,HCDR3,N,0.0
Transformer-onehot,HCDR3,N,0.0
Transformer-onehot,HCDR3,N,0.0
Transformer-onehot,HCDR3,N,0.0
Transformer-onehot,HCDR3,N,0.0
Transformer-onehot,HCDR3,N,0.0
Transformer-onehot,HCDR3,N,0.0
Transformer-onehot,HCDR3,N,0.0
Transformer-onehot,HCDR3,N,0.0
Transformer-onehot,HCDR3,N,0.0
Transformer-onehot,HCDR3,N,0.0
Transformer-onehot,HCDR3,N,0.0
Transformer-onehot,HCDR3,N,0.0
Transformer-onehot,HCDR3,N,0.0
Transformer-onehot,HCDR3,N,0.0
Transformer-onehot,HCDR3,N,0.0
Transformer-onehot,HCDR3,N,0.0
Transformer-onehot,HCDR3,N,0.075802057981491
Transformer-onehot,HCDR3,N,0.0
Transformer-onehot,HCDR3,N,0.0
Transformer-onehot,HCDR3,N,0.0
Transformer-onehot,HCDR3,N,0.0
Transformer-onehot,HCDR3,N,0.0
Transformer-onehot,HCDR3,N,0.0
Transformer-onehot,HCDR3,N,0.0
Transformer-onehot,HCDR3,N,0.0
Transformer-onehot,HCDR3,N,0.2821711003780365
Transformer-onehot,HCDR3,N,0.0
Transformer-onehot,HCDR3,N,0.0
Transformer-onehot,HCDR3,N,0.0
Transformer-onehot,HCDR3,N,0.0
Transformer-onehot,HCDR3,N,0.0
Transformer-onehot,HCDR3,N,0.0
Transformer-onehot,HCDR3,N,0.0
Transformer-onehot,HCDR3,N,0.0
Transformer-onehot,HCDR3,N,0.0
Transformer-onehot,HCDR3,N,0.0
Transformer-onehot,HCDR3,N,0.0
Transformer-onehot,HCDR3,N,0.0
Transformer-onehot,HCDR3,N,0.0
Transformer-onehot,HCDR3,N,0.0
Transformer-onehot,HCDR3,N,0.0
Transformer-onehot,HCDR3,N,0.1733165085315704
Transformer-onehot,HCDR3,N,0.0
Transformer-onehot,HCDR3,N,0.0
Transformer-onehot,HCDR3,N,0.0
Transformer-onehot,HCDR3,N,0.0
Transformer-onehot,HCDR3,N,0.0
Transformer-onehot,HCDR3,N,0.0
Transformer-onehot,HCDR3,N,0.0
Transformer-onehot,HCDR3,N,0.1429879814386367
Transformer-onehot,HCDR3,N,0.0
Transformer-onehot,HCDR3,N,0.0630731061100959
Transformer-onehot,HCDR3,N,0.0
Transformer-onehot,HCDR3,N,0.175855204463005
Transformer-onehot,HCDR3,N,0.0
Transformer-onehot,HCDR3,N,0.0
Transformer-onehot,HCDR3,N,0.0
Transformer-onehot,HCDR3,N,0.0
Transformer-onehot,HCDR3,N,0.7760728001594543
Transformer-onehot,HCDR3,N,0.0
Transformer-onehot,HCDR3,N,0.0
Transformer-onehot,HCDR3,N,0.0
Transformer-onehot,HCDR3,N,0.0
Transformer-onehot,HCDR3,N,0.0
Transformer-onehot,HCDR3,N,0.0
Transformer-onehot,HCDR3,N,0.0
Transformer-onehot,HCDR3,N,0.0
Transformer-onehot,HCDR3,N,0.0
Transformer-onehot,HCDR3,N,0.0
Transformer-onehot,HCDR3,N,0.0386633314192295
Transformer-onehot,HCDR3,N,0.0
Transformer-onehot,HCDR3,N,0.0
Transformer-onehot,HCDR3,N,0.0
Transformer-onehot,HCDR3,N,0.0
Transformer-onehot,HCDR3,N,0.16834457218647
Transformer-onehot,HCDR3,N,0.0
Transformer-onehot,HCDR3,N,0.0
Transformer-onehot,HCDR3,N,0.0
Transformer-onehot,HCDR3,N,0.0
Transformer-onehot,HCDR3,N,0.0
Transformer-onehot,HCDR3,N,0.0
Transformer-onehot,HCDR3,N,0.0
Transformer-onehot,HCDR3,N,0.0
Transformer-onehot,HCDR3,N,0.0
Transformer-onehot,HCDR3,N,0.0
Transformer-onehot,HCDR3,N,0.0
Transformer-onehot,HCDR3,N,0.0
Transformer-onehot,HCDR3,N,0.0
Transformer-onehot,HCDR3,N,0.0
Transformer-onehot,HCDR3,N,0.0
Transformer-onehot,HCDR3,N,0.0
Transformer-onehot,HCDR3,N,0.0
Transformer-onehot,HCDR3,N,0.0
Transformer-onehot,HCDR3,N,0.0
Transformer-onehot,HCDR3,N,0.0
Transformer-onehot,HCDR3,N,0.0
Transformer-onehot,HCDR3,N,0.0
Transformer-onehot,HCDR3,N,0.0
Transformer-onehot,HCDR3,N,0.0
Transformer-onehot,HCDR3,N,0.0
Transformer-onehot,HCDR3,N,0.0
Transformer-onehot,HCDR3,N,0.0
Transformer-onehot,HCDR3,N,0.2440463602542877
Transformer-onehot,HCDR3,N,0.0
Transformer-onehot,HCDR3,N,0.0
Transformer-onehot,HCDR3,N,0.0
Transformer-onehot,HCDR3,N,0.0
Transformer-onehot,HCDR3,N,0.0
Transformer-onehot,HCDR3,N,0.0
Transformer-onehot,HCDR3,N,0.579258382320404
Transformer-onehot,HCDR3,N,0.0
Transformer-onehot,HCDR3,N,0.0
Transformer-onehot,HCDR3,N,0.0
Transformer-onehot,HCDR3,N,0.0
Transformer-onehot,HCDR3,N,0.0
Transformer-onehot,HCDR3,N,0.0
Transformer-onehot,HCDR3,N,0.0
Transformer-onehot,HCDR3,N,0.0
Transformer-onehot,HCDR3,N,0.0
Transformer-onehot,HCDR3,N,0.0
Transformer-onehot,HCDR3,N,0.0
Transformer-onehot,HCDR3,N,0.1845140904188156
Transformer-onehot,HCDR3,N,0.0
Transformer-onehot,HCDR3,N,0.0
Transformer-onehot,HCDR3,N,0.0
Transformer-onehot,HCDR3,N,0.0
Transformer-onehot,HCDR3,N,0.253312349319458
Transformer-onehot,HCDR3,N,0.0
Transformer-onehot,HCDR3,N,0.0
Transformer-onehot,HCDR3,N,0.0
Transformer-onehot,HCDR3,N,0.0
Transformer-onehot,HCDR3,N,0.0178437642753124
Transformer-onehot,HCDR3,N,0.0
Transformer-onehot,HCDR3,N,0.0
Transformer-onehot,HCDR3,N,0.0
Transformer-onehot,HCDR3,N,0.0
Transformer-onehot,HCDR3,N,0.0
Transformer-onehot,HCDR3,N,0.0
Transformer-onehot,HCDR3,N,0.0
Transformer-onehot,HCDR3,N,0.0
Transformer-onehot,HCDR3,N,0.0
Transformer-onehot,HCDR3,N,0.6179988980293274
Transformer-onehot,HCDR3,N,0.0
Transformer-onehot,HCDR3,N,0.0
Transformer-onehot,HCDR3,N,0.1929643005132675
Transformer-onehot,HCDR3,N,0.0
Transformer-onehot,HCDR3,N,0.0
Transformer-onehot,HCDR3,N,0.0
Transformer-onehot,HCDR3,N,0.0
Transformer-onehot,HCDR3,N,0.0
Transformer-onehot,HCDR3,N,0.0
Transformer-onehot,HCDR3,N,0.0230619013309478
Transformer-onehot,HCDR3,N,0.0
Transformer-onehot,HCDR3,N,0.2160854935646057
Transformer-onehot,HCDR3,N,0.0
Transformer-onehot,HCDR3,N,0.0
Transformer-onehot,HCDR3,N,0.0
Transformer-onehot,HCDR3,N,1.3071858882904053
Transformer-onehot,HCDR3,N,0.0
Transformer-onehot,HCDR3,N,0.0
Transformer-onehot,HCDR3,N,0.0
Transformer-onehot,HCDR3,N,0.0
Transformer-onehot,HCDR3,N,0.0293614622205495
Transformer-onehot,HCDR3,N,0.0
Transformer-onehot,HCDR3,N,0.0
Transformer-onehot,HCDR3,N,0.0
Transformer-onehot,HCDR3,N,0.0
Transformer-onehot,HCDR3,N,0.0
Transformer-onehot,HCDR3,N,0.1404297351837158
Transformer-onehot,HCDR3,N,0.0
Transformer-onehot,HCDR3,N,0.0
Transformer-onehot,HCDR3,N,0.0
Transformer-onehot,HCDR3,N,0.0
Transformer-onehot,HCDR3,N,0.0
Transformer-onehot,HCDR3,N,0.0
Transformer-onehot,HCDR3,N,0.0
Transformer-onehot,HCDR3,N,0.0
Transformer-onehot,HCDR3,N,0.0
Transformer-onehot,HCDR3,N,0.3878228664398193
Transformer-onehot,HCDR3,N,0.0
Transformer-onehot,HCDR3,N,0.0
Transformer-onehot,HCDR3,N,0.0
Transformer-onehot,HCDR3,N,0.0
Transformer-onehot,HCDR3,N,0.5843292474746704
Transformer-onehot,HCDR3,N,0.1525987386703491
Transformer-onehot,HCDR3,N,0.0
Transformer-onehot,HCDR3,N,0.0
Transformer-onehot,HCDR3,N,0.0
Transformer-onehot,HCDR3,N,0.0
Transformer-onehot,HCDR3,N,0.0
Transformer-onehot,HCDR3,N,0.0
Transformer-onehot,HCDR3,N,0.0
Transformer-onehot,HCDR3,N,0.0
Transformer-onehot,HCDR3,N,0.0
Transformer-onehot,HCDR3,N,0.0
Transformer-onehot,HCDR3,N,0.1334909945726394
Transformer-onehot,HCDR3,N,0.0
Transformer-onehot,HCDR3,N,0.0
Transformer-onehot,HCDR3,N,0.0
Transformer-onehot,HCDR3,N,0.0
Transformer-onehot,HCDR3,N,0.0
Transformer-onehot,HCDR3,N,0.0
Transformer-onehot,HCDR3,N,0.0
Transformer-onehot,HCDR3,N,0.0
Transformer-onehot,HCDR3,N,0.0
Transformer-onehot,HCDR3,N,0.0
Transformer-onehot,HCDR3,N,0.0
Transformer-onehot,HCDR3,N,0.0
Transformer-onehot,HCDR3,N,0.0
Transformer-onehot,HCDR3,N,0.0
Transformer-onehot,HCDR3,N,0.0
Transformer-onehot,HCDR3,N,0.2446110844612121
Transformer-onehot,HCDR3,N,0.0
Transformer-onehot,HCDR3,N,0.0
Transformer-onehot,HCDR3,N,0.0
Transformer-onehot,HCDR3,N,0.0
Transformer-onehot,HCDR3,N,0.0
Transformer-onehot,HCDR3,N,0.0
Transformer-onehot,HCDR3,N,0.0
Transformer-onehot,HCDR3,N,0.0
Transformer-onehot,HCDR3,N,0.0
Transformer-onehot,HCDR3,N,0.0
Transformer-onehot,HCDR3,N,0.0
Transformer-onehot,HCDR3,N,0.0
Transformer-onehot,HCDR3,N,0.039065346121788
Transformer-onehot,HCDR3,N,0.0
Transformer-onehot,HCDR3,N,0.0296047795563936
Transformer-onehot,HCDR3,N,0.0
Transformer-onehot,HCDR3,N,0.1234176158905029
Transformer-onehot,HCDR3,N,0.0
Transformer-onehot,HCDR3,N,0.0
Transformer-onehot,HCDR3,N,0.0
Transformer-onehot,HCDR3,N,0.0
Transformer-onehot,HCDR3,N,0.0
Transformer-onehot,HCDR3,N,0.0
Transformer-onehot,HCDR3,N,0.0
Transformer-onehot,HCDR3,N,0.0
Transformer-onehot,HCDR3,N,0.0
Transformer-onehot,HCDR3,N,0.0
Transformer-onehot,HCDR3,N,0.0
Transformer-onehot,HCDR3,N,0.0
Transformer-onehot,HCDR3,N,0.0
Transformer-onehot,HCDR3,N,0.0
Transformer-onehot,HCDR3,N,0.0
Transformer-onehot,HCDR3,N,0.0
Transformer-onehot,HCDR3,N,0.1502793878316879
Transformer-onehot,HCDR3,N,0.0
Transformer-onehot,HCDR3,N,0.0
Transformer-onehot,HCDR3,N,0.0
Transformer-onehot,HCDR3,N,0.2993306815624237
Transformer-onehot,HCDR3,N,0.0
Transformer-onehot,HCDR3,N,0.0
Transformer-onehot,HCDR3,N,0.0
Transformer-onehot,HCDR3,N,0.0
Transformer-onehot,HCDR3,N,0.0
Transformer-onehot,HCDR3,N,0.355581134557724
Transformer-onehot,HCDR3,N,0.0
Transformer-onehot,HCDR3,N,0.0
Transformer-onehot,HCDR3,N,0.0
Transformer-onehot,HCDR3,N,0.0
Transformer-onehot,HCDR3,N,0.0
Transformer-onehot,HCDR3,N,0.2449570000171661
Transformer-onehot,HCDR3,N,0.2076790332794189
Transformer-onehot,HCDR3,N,0.0
Transformer-onehot,HCDR3,N,0.0
Transformer-onehot,HCDR3,N,0.0
Transformer-onehot,HCDR3,N,0.0
Transformer-onehot,HCDR3,N,0.0
Transformer-onehot,HCDR3,N,0.0
Transformer-onehot,HCDR3,N,0.0
Transformer-onehot,HCDR3,N,0.0
Transformer-onehot,HCDR3,N,0.0
Transformer-onehot,HCDR3,N,0.0
Transformer-onehot,HCDR3,N,0.0
Transformer-onehot,HCDR3,N,0.0
Transformer-onehot,HCDR3,N,0.0
Transformer-onehot,HCDR3,N,0.0
Transformer-onehot,HCDR3,N,0.0
Transformer-onehot,HCDR3,N,0.0
Transformer-onehot,HCDR3,N,0.0
Transformer-onehot,HCDR3,N,0.0845697075128555
Transformer-onehot,HCDR3,N,0.0
Transformer-onehot,HCDR3,N,0.0
Transformer-onehot,HCDR3,N,0.0
Transformer-onehot,HCDR3,N,0.0
Transformer-onehot,HCDR3,N,0.0
Transformer-onehot,HCDR3,N,0.0
Transformer-onehot,HCDR3,N,0.0
Transformer-onehot,HCDR3,N,0.0
Transformer-onehot,HCDR3,N,0.0
Transformer-onehot,HCDR3,N,0.0
Transformer-onehot,HCDR3,N,0.0
Transformer-onehot,HCDR3,N,0.0
Transformer-onehot,HCDR3,N,0.0
Transformer-onehot,HCDR3,N,0.0
Transformer-onehot,HCDR3,N,0.0
Transformer-onehot,HCDR3,N,0.0
Transformer-onehot,HCDR3,N,0.0
Transformer-onehot,HCDR3,N,0.024129094555974
Transformer-onehot,HCDR3,N,0.3244053721427917
Transformer-onehot,HCDR3,N,0.0
Transformer-onehot,HCDR3,N,0.0
Transformer-onehot,HCDR3,N,0.0
Transformer-onehot,HCDR3,N,0.1368534415960312
Transformer-onehot,HCDR3,N,0.0
Transformer-onehot,HCDR3,N,0.0
Transformer-onehot,HCDR3,N,0.0
Transformer-onehot,HCDR3,N,0.0
Transformer-onehot,HCDR3,N,0.0
Transformer-onehot,HCDR3,N,0.0
Transformer-onehot,HCDR3,N,0.0
Transformer-onehot,HCDR3,N,0.0
Transformer-onehot,HCDR3,N,0.0
Transformer-onehot,HCDR3,N,0.0
Transformer-onehot,HCDR3,N,0.0
Transformer-onehot,HCDR3,N,0.0
Transformer-onehot,HCDR3,N,0.0
Transformer-onehot,HCDR3,N,0.2157673686742782
Transformer-onehot,HCDR3,N,0.0
Transformer-onehot,HCDR3,N,0.0
Transformer-onehot,HCDR3,N,0.0
Transformer-onehot,HCDR3,N,0.0
Transformer-onehot,HCDR3,N,0.0
Transformer-onehot,HCDR3,N,0.0
Transformer-onehot,HCDR3,N,0.0
Transformer-onehot,HCDR3,N,0.0
Transformer-onehot,HCDR3,N,0.0
Transformer-onehot,HCDR3,N,0.0
Transformer-onehot,HCDR3,N,0.0
Transformer-onehot,HCDR3,N,0.0
Transformer-onehot,HCDR3,N,0.0
Transformer-onehot,HCDR3,N,0.0
Transformer-onehot,HCDR3,N,0.034641295671463
Transformer-onehot,HCDR3,N,0.0
Transformer-onehot,HCDR3,N,0.0
Transformer-onehot,HCDR3,N,0.0
Transformer-onehot,HCDR3,N,0.0
Transformer-onehot,HCDR3,N,0.0
Transformer-onehot,HCDR3,N,0.0
Transformer-onehot,HCDR3,N,0.0
Transformer-onehot,HCDR3,N,0.0531299710273742
Transformer-onehot,HCDR3,N,0.0
Transformer-onehot,HCDR3,N,0.0
Transformer-onehot,HCDR3,N,0.2085775882005691
Transformer-onehot,HCDR3,N,0.0
Transformer-onehot,HCDR3,N,0.0
Transformer-onehot,HCDR3,N,0.0
Transformer-onehot,HCDR3,N,0.0
Transformer-onehot,HCDR3,N,0.0
Transformer-onehot,HCDR3,N,0.0
Transformer-onehot,HCDR3,N,0.0
Transformer-onehot,HCDR3,N,0.0
Transformer-onehot,HCDR3,N,0.0
Transformer-onehot,HCDR3,N,0.0
Transformer-onehot,HCDR3,N,0.0
Transformer-onehot,HCDR3,N,0.0
Transformer-onehot,HCDR3,N,0.0
Transformer-onehot,HCDR3,N,0.0
Transformer-onehot,HCDR3,N,0.0
Transformer-onehot,HCDR3,N,0.0
Transformer-onehot,HCDR3,N,0.2788242995738983
Transformer-onehot,HCDR3,N,0.0
Transformer-onehot,HCDR3,N,0.0
Transformer-onehot,HCDR3,N,0.0
Transformer-onehot,HCDR3,N,0.0
Transformer-onehot,HCDR3,N,0.0
Transformer-onehot,HCDR3,N,0.0
Transformer-onehot,HCDR3,N,0.0
Transformer-onehot,HCDR3,N,0.1399280577898025
Transformer-onehot,HCDR3,N,0.0
Transformer-onehot,HCDR3,N,0.0
Transformer-onehot,HCDR3,N,0.0
Transformer-onehot,HCDR3,N,0.0
Transformer-onehot,HCDR3,N,0.0
Transformer-onehot,HCDR3,N,0.0
Transformer-onehot,HCDR3,N,0.0
Transformer-onehot,HCDR3,N,0.2435464560985565
Transformer-onehot,HCDR3,N,0.0
Transformer-onehot,HCDR3,N,0.0
Transformer-onehot,HCDR3,N,0.0
Transformer-onehot,HCDR3,N,0.0
Transformer-onehot,HCDR3,N,0.0
Transformer-onehot,HCDR3,N,0.3834517300128937
Transformer-onehot,HCDR3,N,0.0
Transformer-onehot,HCDR3,N,0.0
Transformer-onehot,HCDR3,N,0.0
Transformer-onehot,HCDR3,N,0.0
Transformer-onehot,HCDR3,N,0.0
Transformer-onehot,HCDR3,N,0.0
Transformer-onehot,HCDR3,N,0.0
Transformer-onehot,HCDR3,N,0.0
Transformer-onehot,HCDR3,N,0.0
Transformer-onehot,HCDR3,N,0.1349413692951202
Transformer-onehot,HCDR3,P,0.1208594739437103
Transformer-onehot,HCDR3,P,0.0
Transformer-onehot,HCDR3,P,0.0
Transformer-onehot,HCDR3,P,0.1194512844085693
Transformer-onehot,HCDR3,P,0.0
Transformer-onehot,HCDR3,P,0.0
Transformer-onehot,HCDR3,P,0.0706055238842964
Transformer-onehot,HCDR3,P,0.0
Transformer-onehot,HCDR3,P,0.0574325621128082
Transformer-onehot,HCDR3,P,0.5723229050636292
Transformer-onehot,HCDR3,P,0.0
Transformer-onehot,HCDR3,P,0.0
Transformer-onehot,HCDR3,P,0.0956895798444747
Transformer-onehot,HCDR3,P,0.0
Transformer-onehot,HCDR3,P,0.0
Transformer-onehot,HCDR3,P,0.2752784490585327
Transformer-onehot,HCDR3,P,0.0
Transformer-onehot,HCDR3,P,0.0
Transformer-onehot,HCDR3,P,0.0484673231840133
Transformer-onehot,HCDR3,P,0.3918334245681762
Transformer-onehot,HCDR3,P,0.0651567578315734
Transformer-onehot,HCDR3,P,0.3982061445713043
Transformer-onehot,HCDR3,P,0.116810955107212
Transformer-onehot,HCDR3,P,0.0
Transformer-onehot,HCDR3,P,0.1274903267621994
Transformer-onehot,HCDR3,P,0.0
Transformer-onehot,HCDR3,P,0.0
Transformer-onehot,HCDR3,P,0.0
Transformer-onehot,HCDR3,P,0.0
Transformer-onehot,HCDR3,P,0.1141311228275299
Transformer-onehot,HCDR3,P,0.1233162209391594
Transformer-onehot,HCDR3,P,0.4067215621471405
Transformer-onehot,HCDR3,P,0.3128576576709747
Transformer-onehot,HCDR3,P,0.0
Transformer-onehot,HCDR3,P,0.0491978749632835
Transformer-onehot,HCDR3,P,1.200564980506897
Transformer-onehot,HCDR3,P,0.8874162435531616
Transformer-onehot,HCDR3,P,0.6026057004928589
Transformer-onehot,HCDR3,P,0.0
Transformer-onehot,HCDR3,P,0.0
Transformer-onehot,HCDR3,P,0.0
Transformer-onehot,HCDR3,P,0.7252714037895203
Transformer-onehot,HCDR3,P,0.0
Transformer-onehot,HCDR3,P,0.0
Transformer-onehot,HCDR3,P,0.3346992135047912
Transformer-onehot,HCDR3,P,0.8297520279884338
Transformer-onehot,HCDR3,P,0.9903610348701476
Transformer-onehot,HCDR3,P,0.2345810681581497
Transformer-onehot,HCDR3,P,0.0
Transformer-onehot,HCDR3,P,0.0
Transformer-onehot,HCDR3,P,0.191877856850624
Transformer-onehot,HCDR3,P,0.0
Transformer-onehot,HCDR3,P,0.0233779195696115
Transformer-onehot,HCDR3,P,0.1857074499130249
Transformer-onehot,HCDR3,P,0.0
Transformer-onehot,HCDR3,P,0.0
Transformer-onehot,HCDR3,P,0.2427217662334442
Transformer-onehot,HCDR3,P,0.0
Transformer-onehot,HCDR3,P,0.0
Transformer-onehot,HCDR3,P,0.0
Transformer-onehot,HCDR3,P,0.5905120372772217
Transformer-onehot,HCDR3,P,0.0
Transformer-onehot,HCDR3,P,0.0
Transformer-onehot,HCDR3,P,0.0
Transformer-onehot,HCDR3,P,0.1877941340208053
Transformer-onehot,HCDR3,P,0.0
Transformer-onehot,HCDR3,P,0.174251303076744
Transformer-onehot,HCDR3,P,0.0
Transformer-onehot,HCDR3,P,0.0
Transformer-onehot,HCDR3,P,0.0
Transformer-onehot,HCDR3,P,0.0
Transformer-onehot,HCDR3,P,0.0
Transformer-onehot,HCDR3,P,0.4626395106315613
Transformer-onehot,HCDR3,P,0.0
Transformer-onehot,HCDR3,P,0.3697312176227569
Transformer-onehot,HCDR3,P,0.0
Transformer-onehot,HCDR3,P,1.2636109590530396
Transformer-onehot,HCDR3,P,0.1653058528900146
Transformer-onehot,HCDR3,P,0.0
Transformer-onehot,HCDR3,P,0.0
Transformer-onehot,HCDR3,P,0.502995491027832
Transformer-onehot,HCDR3,P,0.1144822016358375
Transformer-onehot,HCDR3,P,0.018349040299654
Transformer-onehot,HCDR3,P,0.0
Transformer-onehot,HCDR3,P,0.0
Transformer-onehot,HCDR3,P,1.0773571729660034
Transformer-onehot,HCDR3,P,0.0
Transformer-onehot,HCDR3,P,0.0
Transformer-onehot,HCDR3,P,0.0
Transformer-onehot,HCDR3,P,0.2836083769798279
Transformer-onehot,HCDR3,P,1.2325786352157593
Transformer-onehot,HCDR3,P,0.0252147875726223
Transformer-onehot,HCDR3,P,0.1137438714504242
Transformer-onehot,HCDR3,P,0.0
Transformer-onehot,HCDR3,P,0.1500158160924911
Transformer-onehot,HCDR3,P,0.2806572616100311
Transformer-onehot,HCDR3,P,1.2798088788986206
Transformer-onehot,HCDR3,P,0.519067645072937
Transformer-onehot,HCDR3,P,0.996977925300598
Transformer-onehot,HCDR3,P,0.0
Transformer-onehot,HCDR3,P,0.0
Transformer-onehot,HCDR3,P,0.1607458889484405
Transformer-onehot,HCDR3,P,0.0
Transformer-onehot,HCDR3,P,0.7524915337562561
Transformer-onehot,HCDR3,P,0.7423635125160217
Transformer-onehot,HCDR3,P,0.3561208844184875
Transformer-onehot,HCDR3,P,0.0
Transformer-onehot,HCDR3,P,0.6966307163238525
Transformer-onehot,HCDR3,P,0.0
Transformer-onehot,HCDR3,P,0.0
Transformer-onehot,HCDR3,P,0.0
Transformer-onehot,HCDR3,P,0.0682966262102127
Transformer-onehot,HCDR3,P,0.0
Transformer-onehot,HCDR3,P,0.0
Transformer-onehot,HCDR3,P,0.0
Transformer-onehot,HCDR3,P,0.0759487003087997
Transformer-onehot,HCDR3,P,0.347254991531372
Transformer-onehot,HCDR3,P,1.81238853931427
Transformer-onehot,HCDR3,P,0.0253561194986104
Transformer-onehot,HCDR3,P,0.0
Transformer-onehot,HCDR3,P,0.0
Transformer-onehot,HCDR3,P,0.0
Transformer-onehot,HCDR3,P,0.0599422603845596
Transformer-onehot,HCDR3,P,0.1674651503562927
Transformer-onehot,HCDR3,P,0.0
Transformer-onehot,HCDR3,P,1.1532057523727417
Transformer-onehot,HCDR3,P,0.0
Transformer-onehot,HCDR3,P,0.1522554457187652
Transformer-onehot,HCDR3,P,0.3567445278167724
Transformer-onehot,HCDR3,P,0.0
Transformer-onehot,HCDR3,P,0.0974237546324729
Transformer-onehot,HCDR3,P,0.0179619155824184
Transformer-onehot,HCDR3,P,0.0
Transformer-onehot,HCDR3,P,0.0
Transformer-onehot,HCDR3,P,0.0
Transformer-onehot,HCDR3,P,0.0
Transformer-onehot,HCDR3,P,0.0
Transformer-onehot,HCDR3,P,0.0
Transformer-onehot,HCDR3,P,0.0
Transformer-onehot,HCDR3,P,0.0953901782631874
Transformer-onehot,HCDR3,P,0.0881988927721977
Transformer-onehot,HCDR3,P,0.0452273041009902
Transformer-onehot,HCDR3,P,1.032824158668518
Transformer-onehot,HCDR3,P,0.0824424028396606
Transformer-onehot,HCDR3,P,0.0
Transformer-onehot,HCDR3,P,0.0
Transformer-onehot,HCDR3,P,1.145612716674805
Transformer-onehot,HCDR3,P,0.730793833732605
Transformer-onehot,HCDR3,P,0.0
Transformer-onehot,HCDR3,P,0.0
Transformer-onehot,HCDR3,P,0.1059958487749099
Transformer-onehot,HCDR3,P,0.0475814826786518
Transformer-onehot,HCDR3,P,0.1695121675729751
Transformer-onehot,HCDR3,P,0.5842615365982056
Transformer-onehot,HCDR3,P,0.9824813604354858
Transformer-onehot,HCDR3,P,0.0
Transformer-onehot,HCDR3,P,0.1943790912628173
Transformer-onehot,HCDR3,P,0.199472889304161
Transformer-onehot,HCDR3,P,0.1182940155267715
Transformer-onehot,HCDR3,P,0.0
Transformer-onehot,HCDR3,P,0.0
Transformer-onehot,HCDR3,P,0.2326473593711853
Transformer-onehot,HCDR3,P,0.4298153221607208
Transformer-onehot,HCDR3,P,0.0
Transformer-onehot,HCDR3,P,0.0
Transformer-onehot,HCDR3,P,0.0
Transformer-onehot,HCDR3,P,0.0
Transformer-onehot,HCDR3,P,0.1523679494857788
Transformer-onehot,HCDR3,P,0.0
Transformer-onehot,HCDR3,P,0.4737622141838074
Transformer-onehot,HCDR3,P,0.0
Transformer-onehot,HCDR3,P,0.5636764168739319
Transformer-onehot,HCDR3,P,0.0
Transformer-onehot,HCDR3,P,0.0
Transformer-onehot,HCDR3,P,0.0
Transformer-onehot,HCDR3,P,0.0
Transformer-onehot,HCDR3,P,0.0
Transformer-onehot,HCDR3,P,0.0
Transformer-onehot,HCDR3,P,0.2099471390247345
Transformer-onehot,HCDR3,P,0.0
Transformer-onehot,HCDR3,P,0.1120322197675705
Transformer-onehot,HCDR3,P,0.3098965585231781
Transformer-onehot,HCDR3,P,0.0
Transformer-onehot,HCDR3,P,2.349346160888672
Transformer-onehot,HCDR3,P,0.4850253462791443
Transformer-onehot,HCDR3,P,0.0281803533434867
Transformer-onehot,HCDR3,P,0.4584800899028778
Transformer-onehot,HCDR3,P,0.0
Transformer-onehot,HCDR3,P,0.0
Transformer-onehot,HCDR3,P,0.0996641442179679
Transformer-onehot,HCDR3,P,0.0
Transformer-onehot,HCDR3,P,0.5981078147888184
Transformer-onehot,HCDR3,P,0.8704169392585754
Transformer-onehot,HCDR3,P,0.2646558284759521
Transformer-onehot,HCDR3,P,0.0
Transformer-onehot,HCDR3,P,0.0
Transformer-onehot,HCDR3,P,0.1042937487363815
Transformer-onehot,HCDR3,P,0.0
Transformer-onehot,HCDR3,P,0.0
Transformer-onehot,HCDR3,P,0.51371830701828
Transformer-onehot,HCDR3,P,0.0
Transformer-onehot,HCDR3,P,0.0
Transformer-onehot,HCDR3,P,0.9143601655960084
Transformer-onehot,HCDR3,P,0.0
Transformer-onehot,HCDR3,P,0.0
Transformer-onehot,HCDR3,P,0.0
Transformer-onehot,HCDR3,P,0.053394716233015
Transformer-onehot,HCDR3,P,0.0
Transformer-onehot,HCDR3,P,0.0844644829630851
Transformer-onehot,HCDR3,P,0.0
Transformer-onehot,HCDR3,P,0.0
Transformer-onehot,HCDR3,P,0.572676956653595
Transformer-onehot,HCDR3,P,0.6300830841064453
Transformer-onehot,HCDR3,P,0.1536832153797149
Transformer-onehot,HCDR3,P,0.6766375303268433
Transformer-onehot,HCDR3,P,0.6805033683776855
Transformer-onehot,HCDR3,P,0.0
Transformer-onehot,HCDR3,P,0.1335173696279525
Transformer-onehot,HCDR3,P,0.0
Transformer-onehot,HCDR3,P,0.0
Transformer-onehot,HCDR3,P,0.0
Transformer-onehot,HCDR3,P,0.198597639799118
Transformer-onehot,HCDR3,P,0.2912717461585998
Transformer-onehot,HCDR3,P,0.9464402198791504
Transformer-onehot,HCDR3,P,0.3942010402679443
Transformer-onehot,HCDR3,P,0.5788586139678955
Transformer-onehot,HCDR3,P,0.0
Transformer-onehot,HCDR3,P,0.3530473113059997
Transformer-onehot,HCDR3,P,0.4295261204242706
Transformer-onehot,HCDR3,P,0.0
Transformer-onehot,HCDR3,P,0.0
Transformer-onehot,HCDR3,P,1.0775189399719238
Transformer-onehot,HCDR3,P,0.0
Transformer-onehot,HCDR3,P,0.0
Transformer-onehot,HCDR3,P,0.0
Transformer-onehot,HCDR3,P,0.1531210243701934
Transformer-onehot,HCDR3,P,0.0
Transformer-onehot,HCDR3,P,0.2306079268455505
Transformer-onehot,HCDR3,P,0.0
Transformer-onehot,HCDR3,P,0.2143696546554565
Transformer-onehot,HCDR3,P,0.6451416611671448
Transformer-onehot,HCDR3,P,0.0672491639852523
Transformer-onehot,HCDR3,P,0.1134095638990402
Transformer-onehot,HCDR3,P,0.4726649820804596
Transformer-onehot,HCDR3,P,0.0118776075541973
Transformer-onehot,HCDR3,P,0.0
Transformer-onehot,HCDR3,P,0.0
Transformer-onehot,HCDR3,P,0.0
Transformer-onehot,HCDR3,P,0.0
Transformer-onehot,HCDR3,P,0.0
Transformer-onehot,HCDR3,P,0.0
Transformer-onehot,HCDR3,P,0.0
Transformer-onehot,HCDR3,P,0.1834371387958526
Transformer-onehot,HCDR3,P,0.0
Transformer-onehot,HCDR3,P,0.0
Transformer-onehot,HCDR3,P,0.3525515496730804
Transformer-onehot,HCDR3,P,0.0
Transformer-onehot,HCDR3,P,0.0
Transformer-onehot,HCDR3,P,0.0
Transformer-onehot,HCDR3,P,0.0
Transformer-onehot,HCDR3,P,0.4486834108829498
Transformer-onehot,HCDR3,P,0.3043027818202972
Transformer-onehot,HCDR3,P,1.2655010223388672
Transformer-onehot,HCDR3,P,0.0
Transformer-onehot,HCDR3,P,1.2771265506744385
Transformer-onehot,HCDR3,P,0.0806930214166641
Transformer-onehot,HCDR3,P,0.3611892759799957
Transformer-onehot,HCDR3,P,0.3243176639080047
Transformer-onehot,HCDR3,P,0.0
Transformer-onehot,HCDR3,P,0.0
Transformer-onehot,HCDR3,P,0.3093598783016205
Transformer-onehot,HCDR3,P,0.6014136075973511
Transformer-onehot,HCDR3,P,0.1694318503141403
Transformer-onehot,HCDR3,P,0.0
Transformer-onehot,HCDR3,P,0.0
Transformer-onehot,HCDR3,P,0.2410965263843536
Transformer-onehot,HCDR3,P,0.0
Transformer-onehot,HCDR3,P,0.2700701653957367
Transformer-onehot,HCDR3,P,0.0
Transformer-onehot,HCDR3,P,1.0922491550445557
Transformer-onehot,HCDR3,P,0.0
Transformer-onehot,HCDR3,P,0.0
Transformer-onehot,HCDR3,P,0.5216640830039978
Transformer-onehot,HCDR3,P,0.0
Transformer-onehot,HCDR3,P,0.0
Transformer-onehot,HCDR3,P,0.0
Transformer-onehot,HCDR3,P,0.110820397734642
Transformer-onehot,HCDR3,P,0.3279732167720794
Transformer-onehot,HCDR3,P,0.0
Transformer-onehot,HCDR3,P,0.4829103052616119
Transformer-onehot,HCDR3,P,0.0
Transformer-onehot,HCDR3,P,0.0
Transformer-onehot,HCDR3,P,0.1877325624227523
Transformer-onehot,HCDR3,P,0.2581901550292969
Transformer-onehot,HCDR3,P,0.3710328936576843
Transformer-onehot,HCDR3,P,0.3227148354053497
Transformer-onehot,HCDR3,P,0.0
Transformer-onehot,HCDR3,P,0.659650981426239
Transformer-onehot,HCDR3,P,0.0
Transformer-onehot,HCDR3,P,0.5540958046913147
Transformer-onehot,HCDR3,P,0.5894657373428345
Transformer-onehot,HCDR3,P,0.0
Transformer-onehot,HCDR3,P,0.0
Transformer-onehot,HCDR3,P,0.3867463767528534
Transformer-onehot,HCDR3,P,0.0939945131540298
Transformer-onehot,HCDR3,P,0.3715749680995941
Transformer-onehot,HCDR3,P,0.0
Transformer-onehot,HCDR3,P,0.7194281816482544
Transformer-onehot,HCDR3,P,0.3938949406147003
Transformer-onehot,HCDR3,P,0.335833728313446
Transformer-onehot,HCDR3,P,0.0
Transformer-onehot,HCDR3,P,0.05115682259202
Transformer-onehot,HCDR3,P,0.22423055768013
Transformer-onehot,HCDR3,P,0.0
Transformer-onehot,HCDR3,P,0.5896958112716675
Transformer-onehot,HCDR3,P,0.6579054594039917
Transformer-onehot,HCDR3,P,0.0
Transformer-onehot,HCDR3,P,0.1554259210824966
Transformer-onehot,HCDR3,P,0.0
Transformer-onehot,HCDR3,P,0.0
Transformer-onehot,HCDR3,P,0.0
Transformer-onehot,HCDR3,P,0.485529750585556
Transformer-onehot,HCDR3,P,0.0
Transformer-onehot,HCDR3,P,0.0
Transformer-onehot,HCDR3,P,0.3881999552249908
Transformer-onehot,HCDR3,P,0.0
Transformer-onehot,HCDR3,P,0.3258874118328094
Transformer-onehot,HCDR3,P,0.5027132630348206
Transformer-onehot,HCDR3,P,0.090767502784729
Transformer-onehot,HCDR3,P,0.0
Transformer-onehot,HCDR3,P,0.0
Transformer-onehot,HCDR3,P,0.0
Transformer-onehot,HCDR3,P,0.0
Transformer-onehot,HCDR3,P,0.0
Transformer-onehot,HCDR3,P,0.1487383097410202
Transformer-onehot,HCDR3,P,0.0
Transformer-onehot,HCDR3,P,0.4824362397193908
Transformer-onehot,HCDR3,P,0.6943031549453735
Transformer-onehot,HCDR3,P,0.2268988192081451
Transformer-onehot,HCDR3,P,0.0
Transformer-onehot,HCDR3,P,0.2304971069097519
Transformer-onehot,HCDR3,P,0.0
Transformer-onehot,HCDR3,P,0.1319786459207534
Transformer-onehot,HCDR3,P,0.0
Transformer-onehot,HCDR3,P,0.781345009803772
Transformer-onehot,HCDR3,P,0.2978292405605316
Transformer-onehot,HCDR3,P,0.2097984105348587
Transformer-onehot,HCDR3,P,0.4014149308204651
Transformer-onehot,HCDR3,P,0.0
Transformer-onehot,HCDR3,P,0.3516790568828583
Transformer-onehot,HCDR3,P,0.2933031916618347
Transformer-onehot,HCDR3,P,0.0693548992276191
Transformer-onehot,HCDR3,P,0.0
Transformer-onehot,HCDR3,P,0.2062405049800872
Transformer-onehot,HCDR3,P,0.0
Transformer-onehot,HCDR3,P,0.0
Transformer-onehot,HCDR3,P,0.3140926659107208
Transformer-onehot,HCDR3,P,0.0
Transformer-onehot,HCDR3,P,0.0
Transformer-onehot,HCDR3,P,0.2580559849739074
Transformer-onehot,HCDR3,P,0.0
Transformer-onehot,HCDR3,P,0.0
Transformer-onehot,HCDR3,P,0.3136710822582245
Transformer-onehot,HCDR3,P,0.0
Transformer-onehot,HCDR3,P,0.7266352772712708
Transformer-onehot,HCDR3,P,0.0
Transformer-onehot,HCDR3,P,0.0444715023040771
Transformer-onehot,HCDR3,P,0.1840370148420334
Transformer-onehot,HCDR3,P,1.457890510559082
Transformer-onehot,HCDR3,P,0.5519144535064697
Transformer-onehot,HCDR3,P,0.8588097095489502
Transformer-onehot,HCDR3,P,0.0
Transformer-onehot,HCDR3,P,0.1343976557254791
Transformer-onehot,HCDR3,P,0.4851851463317871
Transformer-onehot,HCDR3,P,0.0
Transformer-onehot,HCDR3,P,0.3184515833854675
Transformer-onehot,HCDR3,P,0.1712891608476638
Transformer-onehot,HCDR3,P,0.0
Transformer-onehot,HCDR3,P,0.0
Transformer-onehot,HCDR3,P,0.0
Transformer-onehot,HCDR3,P,0.9583486318588256
Transformer-onehot,HCDR3,P,0.0
Transformer-onehot,HCDR3,P,0.0
Transformer-onehot,HCDR3,P,0.0
Transformer-onehot,HCDR3,P,0.7901839017868042
Transformer-onehot,HCDR3,P,0.0
Transformer-onehot,HCDR3,P,0.0
Transformer-onehot,HCDR3,P,0.0
Transformer-onehot,HCDR3,P,0.1279598772525787
Transformer-onehot,HCDR3,P,0.8754574060440063
Transformer-onehot,HCDR3,P,0.0901851803064346
Transformer-onehot,HCDR3,P,0.5485810041427612
Transformer-onehot,HCDR3,P,0.5901799201965332
Transformer-onehot,HCDR3,P,0.1055241674184799
Transformer-onehot,HCDR3,P,0.2800804674625397
Transformer-onehot,HCDR3,P,0.6587509512901306
Transformer-onehot,HCDR3,P,0.474315732717514
Transformer-onehot,HCDR3,P,0.0
Transformer-onehot,HCDR3,P,0.7392084002494812
Transformer-onehot,HCDR3,P,0.7240651845932007
Transformer-onehot,HCDR3,P,0.0
Transformer-onehot,HCDR3,P,0.0
Transformer-onehot,HCDR3,P,0.3853010237216949
Transformer-onehot,HCDR3,P,0.131746158003807
Transformer-onehot,HCDR3,P,0.0
Transformer-onehot,HCDR3,P,0.0
Transformer-onehot,HCDR3,P,0.4728186428546905
Transformer-onehot,HCDR3,P,0.4966800510883331
Transformer-onehot,HCDR3,P,0.0
Transformer-onehot,HCDR3,P,0.1593989133834839
Transformer-onehot,HCDR3,P,0.196425512433052
Transformer-onehot,HCDR3,P,0.4213128983974457
Transformer-onehot,HCDR3,P,0.8322060704231262
Transformer-onehot,HCDR3,P,0.3558070361614227
Transformer-onehot,HCDR3,P,0.0
Transformer-onehot,HCDR3,P,0.1944547295570373
Transformer-onehot,HCDR3,P,0.0
Transformer-onehot,HCDR3,P,0.9670201539993286
Transformer-onehot,HCDR3,P,0.5270386338233948
Transformer-onehot,HCDR3,P,0.2685447335243225
Transformer-onehot,HCDR3,P,0.0
Transformer-onehot,HCDR3,P,0.0
Transformer-onehot,HCDR3,P,0.0773078873753547
Transformer-onehot,HCDR3,P,0.2919078171253204
Transformer-onehot,HCDR3,P,0.5788860321044922
Transformer-onehot,HCDR3,P,0.1331373155117035
Transformer-onehot,HCDR3,P,0.0
Transformer-onehot,HCDR3,P,0.0
Transformer-onehot,HCDR3,P,0.0
Transformer-onehot,HCDR3,P,0.6854391098022461
Transformer-onehot,HCDR3,P,0.0
Transformer-onehot,HCDR3,P,0.0
Transformer-onehot,HCDR3,P,0.0
Transformer-onehot,HCDR3,P,0.0
Transformer-onehot,HCDR3,P,0.2254308760166168
Transformer-onehot,HCDR3,P,0.0
Transformer-onehot,HCDR3,P,0.0
Transformer-onehot,HCDR3,P,0.0
Transformer-onehot,HCDR3,P,0.1244139671325683
Transformer-onehot,HCDR3,P,0.0
Transformer-onehot,HCDR3,P,0.1165017560124397
Transformer-onehot,HCDR3,P,0.7108700275421143
Transformer-onehot,HCDR3,P,0.8038696646690369
Transformer-onehot,HCDR3,P,0.0
Transformer-onehot,HCDR3,P,0.6364011168479919
Transformer-onehot,HCDR3,P,0.0
Transformer-onehot,HCDR3,P,1.183591365814209
Transformer-onehot,HCDR3,P,0.0
Transformer-onehot,HCDR3,P,0.0
Transformer-onehot,HCDR3,P,0.1388720422983169
Transformer-onehot,HCDR3,P,0.3110470473766327
Transformer-onehot,HCDR3,P,0.0
Transformer-onehot,HCDR3,P,0.1798034459352493
Transformer-onehot,HCDR3,P,0.0
Transformer-onehot,HCDR3,P,0.0
Transformer-onehot,HCDR3,P,0.4766355156898498
Transformer-onehot,HCDR3,P,0.0480118244886398
Transformer-onehot,HCDR3,P,0.5356054902076721
Transformer-onehot,HCDR3,P,0.0
Transformer-onehot,HCDR3,P,0.3021378517150879
Transformer-onehot,HCDR3,P,0.5063867568969727
Transformer-onehot,HCDR3,P,0.0
Transformer-onehot,HCDR3,P,0.0
Transformer-onehot,HCDR3,P,0.0
Transformer-onehot,HCDR3,P,0.0941948667168617
Transformer-onehot,HCDR3,P,0.0
Transformer-onehot,HCDR3,P,0.0
Transformer-onehot,HCDR3,P,0.392546147108078
Transformer-onehot,HCDR3,P,0.0
Transformer-onehot,HCDR3,P,0.462208479642868
Transformer-onehot,HCDR3,P,0.0
Transformer-onehot,HCDR3,P,0.191212922334671
Transformer-onehot,HCDR3,P,0.6255863308906555
Transformer-onehot,HCDR3,P,0.0
Transformer-onehot,HCDR3,P,0.0376171730458736
Transformer-onehot,HCDR3,P,0.0
Transformer-onehot,HCDR3,P,1.0197606086730957
Transformer-onehot,HCDR3,P,0.0
Transformer-onehot,HCDR3,P,0.0
Transformer-onehot,HCDR3,P,0.1681324392557144
Transformer-onehot,HCDR3,P,0.0
Transformer-onehot,HCDR3,P,0.0
Transformer-onehot,HCDR3,P,0.0699269548058509
Transformer-onehot,HCDR3,P,0.3475795090198517
Transformer-onehot,HCDR3,P,0.0
Transformer-onehot,HCDR3,P,0.4853379726409912
Transformer-onehot,HCDR3,P,0.3751081824302673
Transformer-onehot,HCDR3,P,0.0
Transformer-onehot,HCDR3,P,0.0
Transformer-onehot,HCDR3,P,0.3541822731494903
Transformer-onehot,HCDR3,P,0.0495705381035804
Transformer-onehot,HCDR3,P,0.0
Transformer-onehot,HCDR3,P,0.6513386368751526
Transformer-onehot,HCDR3,P,0.2125449925661087
Transformer-onehot,HCDR3,P,0.0
Transformer-onehot,HCDR3,P,0.0302629265934228
Transformer-onehot,HCDR3,P,0.6310377717018127
Transformer-onehot,HCDR3,P,0.0
Transformer-onehot,HCDR3,P,0.0
Transformer-onehot,HCDR3,P,0.2178964018821716
Transformer-onehot,HCDR3,Q,0.000666557054501
Transformer-onehot,HCDR3,Q,0.0
Transformer-onehot,HCDR3,Q,0.0
Transformer-onehot,HCDR3,Q,0.0
Transformer-onehot,HCDR3,Q,0.0
Transformer-onehot,HCDR3,Q,0.0
Transformer-onehot,HCDR3,Q,0.0
Transformer-onehot,HCDR3,Q,0.0
Transformer-onehot,HCDR3,Q,0.0
Transformer-onehot,HCDR3,Q,0.0
Transformer-onehot,HCDR3,Q,0.0
Transformer-onehot,HCDR3,Q,0.0
Transformer-onehot,HCDR3,Q,0.0
Transformer-onehot,HCDR3,Q,0.0
Transformer-onehot,HCDR3,Q,0.0
Transformer-onehot,HCDR3,Q,0.0
Transformer-onehot,HCDR3,Q,-0.0741819813847541
Transformer-onehot,HCDR3,Q,0.0
Transformer-onehot,HCDR3,Q,0.0
Transformer-onehot,HCDR3,Q,-0.2598856091499328
Transformer-onehot,HCDR3,Q,0.0367993935942649
Transformer-onehot,HCDR3,Q,0.0
Transformer-onehot,HCDR3,Q,0.0
Transformer-onehot,HCDR3,Q,0.0
Transformer-onehot,HCDR3,Q,0.0
Transformer-onehot,HCDR3,Q,0.0
Transformer-onehot,HCDR3,Q,0.0
Transformer-onehot,HCDR3,Q,0.0
Transformer-onehot,HCDR3,Q,0.0
Transformer-onehot,HCDR3,Q,0.0
Transformer-onehot,HCDR3,Q,0.0
Transformer-onehot,HCDR3,Q,0.0
Transformer-onehot,HCDR3,Q,0.0
Transformer-onehot,HCDR3,Q,0.0
Transformer-onehot,HCDR3,Q,0.0
Transformer-onehot,HCDR3,Q,0.0
Transformer-onehot,HCDR3,Q,0.0
Transformer-onehot,HCDR3,Q,0.0
Transformer-onehot,HCDR3,Q,0.0
Transformer-onehot,HCDR3,Q,0.0
Transformer-onehot,HCDR3,Q,0.0
Transformer-onehot,HCDR3,Q,0.0
Transformer-onehot,HCDR3,Q,-0.075556993484497
Transformer-onehot,HCDR3,Q,0.0
Transformer-onehot,HCDR3,Q,0.0
Transformer-onehot,HCDR3,Q,0.0127374157309532
Transformer-onehot,HCDR3,Q,0.0
Transformer-onehot,HCDR3,Q,0.0
Transformer-onehot,HCDR3,Q,0.0
Transformer-onehot,HCDR3,Q,0.0330705530941486
Transformer-onehot,HCDR3,Q,0.0
Transformer-onehot,HCDR3,Q,0.0
Transformer-onehot,HCDR3,Q,0.0001755288394633
Transformer-onehot,HCDR3,Q,0.0
Transformer-onehot,HCDR3,Q,0.0
Transformer-onehot,HCDR3,Q,0.0
Transformer-onehot,HCDR3,Q,0.0
Transformer-onehot,HCDR3,Q,0.0
Transformer-onehot,HCDR3,Q,0.0
Transformer-onehot,HCDR3,Q,0.0
Transformer-onehot,HCDR3,Q,0.0
Transformer-onehot,HCDR3,Q,0.0521725639700889
Transformer-onehot,HCDR3,Q,0.0
Transformer-onehot,HCDR3,Q,0.0
Transformer-onehot,HCDR3,Q,0.0
Transformer-onehot,HCDR3,Q,0.017960850149393
Transformer-onehot,HCDR3,Q,0.0
Transformer-onehot,HCDR3,Q,-0.2550569176673889
Transformer-onehot,HCDR3,Q,0.0
Transformer-onehot,HCDR3,Q,-0.0412015877664089
Transformer-onehot,HCDR3,Q,0.0
Transformer-onehot,HCDR3,Q,0.0
Transformer-onehot,HCDR3,Q,0.0
Transformer-onehot,HCDR3,Q,0.0
Transformer-onehot,HCDR3,Q,0.1610872000455856
Transformer-onehot,HCDR3,Q,0.0
Transformer-onehot,HCDR3,Q,0.0
Transformer-onehot,HCDR3,Q,0.0
Transformer-onehot,HCDR3,Q,0.0
Transformer-onehot,HCDR3,Q,0.0
Transformer-onehot,HCDR3,Q,0.0
Transformer-onehot,HCDR3,Q,0.0
Transformer-onehot,HCDR3,Q,-0.012844773940742
Transformer-onehot,HCDR3,Q,0.0
Transformer-onehot,HCDR3,Q,0.0
Transformer-onehot,HCDR3,Q,0.0
Transformer-onehot,HCDR3,Q,0.0
Transformer-onehot,HCDR3,Q,0.0
Transformer-onehot,HCDR3,Q,0.0
Transformer-onehot,HCDR3,Q,0.0
Transformer-onehot,HCDR3,Q,0.0
Transformer-onehot,HCDR3,Q,0.0
Transformer-onehot,HCDR3,Q,0.0
Transformer-onehot,HCDR3,Q,0.0
Transformer-onehot,HCDR3,Q,-0.014477496035397
Transformer-onehot,HCDR3,Q,0.0
Transformer-onehot,HCDR3,Q,0.0
Transformer-onehot,HCDR3,Q,0.0
Transformer-onehot,HCDR3,Q,-0.2785603404045105
Transformer-onehot,HCDR3,Q,0.0
Transformer-onehot,HCDR3,Q,0.0
Transformer-onehot,HCDR3,Q,0.0
Transformer-onehot,HCDR3,Q,0.0700742825865745
Transformer-onehot,HCDR3,Q,0.0128785734996199
Transformer-onehot,HCDR3,Q,0.0
Transformer-onehot,HCDR3,Q,0.0
Transformer-onehot,HCDR3,Q,-0.1058373004198074
Transformer-onehot,HCDR3,Q,0.0
Transformer-onehot,HCDR3,Q,0.0
Transformer-onehot,HCDR3,Q,0.0
Transformer-onehot,HCDR3,Q,0.0
Transformer-onehot,HCDR3,Q,0.0
Transformer-onehot,HCDR3,Q,0.0
Transformer-onehot,HCDR3,Q,0.0
Transformer-onehot,HCDR3,Q,0.0
Transformer-onehot,HCDR3,Q,0.0
Transformer-onehot,HCDR3,Q,-0.000431953521911
Transformer-onehot,HCDR3,Q,0.0
Transformer-onehot,HCDR3,Q,0.0
Transformer-onehot,HCDR3,Q,0.0
Transformer-onehot,HCDR3,Q,0.0
Transformer-onehot,HCDR3,Q,0.0
Transformer-onehot,HCDR3,Q,0.0
Transformer-onehot,HCDR3,Q,0.0
Transformer-onehot,HCDR3,Q,0.0
Transformer-onehot,HCDR3,Q,0.0
Transformer-onehot,HCDR3,Q,0.0
Transformer-onehot,HCDR3,Q,0.138304129242897
Transformer-onehot,HCDR3,Q,0.0
Transformer-onehot,HCDR3,Q,0.0
Transformer-onehot,HCDR3,Q,0.0
Transformer-onehot,HCDR3,Q,-0.0065332190133631
Transformer-onehot,HCDR3,Q,-0.211665853857994
Transformer-onehot,HCDR3,Q,0.030720118433237
Transformer-onehot,HCDR3,Q,-0.1150744631886482
Transformer-onehot,HCDR3,Q,0.0548146553337574
Transformer-onehot,HCDR3,Q,0.0
Transformer-onehot,HCDR3,Q,0.0
Transformer-onehot,HCDR3,Q,-0.0850587487220764
Transformer-onehot,HCDR3,Q,0.0
Transformer-onehot,HCDR3,Q,0.0
Transformer-onehot,HCDR3,Q,0.0
Transformer-onehot,HCDR3,Q,0.0
Transformer-onehot,HCDR3,Q,0.0
Transformer-onehot,HCDR3,Q,-0.0352224372327327
Transformer-onehot,HCDR3,Q,0.0
Transformer-onehot,HCDR3,Q,0.0
Transformer-onehot,HCDR3,Q,0.0
Transformer-onehot,HCDR3,Q,0.0
Transformer-onehot,HCDR3,Q,0.0
Transformer-onehot,HCDR3,Q,0.0
Transformer-onehot,HCDR3,Q,0.0
Transformer-onehot,HCDR3,Q,0.0
Transformer-onehot,HCDR3,Q,0.1303165853023529
Transformer-onehot,HCDR3,Q,0.0
Transformer-onehot,HCDR3,Q,0.0
Transformer-onehot,HCDR3,Q,0.0
Transformer-onehot,HCDR3,Q,0.0
Transformer-onehot,HCDR3,Q,0.0
Transformer-onehot,HCDR3,Q,0.0
Transformer-onehot,HCDR3,Q,0.0
Transformer-onehot,HCDR3,Q,-0.0459131374955177
Transformer-onehot,HCDR3,Q,0.0
Transformer-onehot,HCDR3,Q,0.0
Transformer-onehot,HCDR3,Q,0.0
Transformer-onehot,HCDR3,Q,0.0
Transformer-onehot,HCDR3,Q,-0.007105603814125
Transformer-onehot,HCDR3,Q,0.0
Transformer-onehot,HCDR3,Q,0.0
Transformer-onehot,HCDR3,Q,0.0
Transformer-onehot,HCDR3,Q,0.0
Transformer-onehot,HCDR3,Q,-0.2110079079866409
Transformer-onehot,HCDR3,Q,0.0
Transformer-onehot,HCDR3,Q,0.0
Transformer-onehot,HCDR3,Q,0.0
Transformer-onehot,HCDR3,Q,0.0
Transformer-onehot,HCDR3,Q,0.0
Transformer-onehot,HCDR3,Q,0.0
Transformer-onehot,HCDR3,Q,0.0
Transformer-onehot,HCDR3,Q,0.0
Transformer-onehot,HCDR3,Q,0.0309239793568849
Transformer-onehot,HCDR3,Q,0.0
Transformer-onehot,HCDR3,Q,0.0
Transformer-onehot,HCDR3,Q,0.0
Transformer-onehot,HCDR3,Q,0.0
Transformer-onehot,HCDR3,Q,0.0
Transformer-onehot,HCDR3,Q,-0.1652325838804245
Transformer-onehot,HCDR3,Q,0.0
Transformer-onehot,HCDR3,Q,0.0
Transformer-onehot,HCDR3,Q,0.0
Transformer-onehot,HCDR3,Q,0.0
Transformer-onehot,HCDR3,Q,0.2490276247262954
Transformer-onehot,HCDR3,Q,0.0
Transformer-onehot,HCDR3,Q,0.0
Transformer-onehot,HCDR3,Q,0.0
Transformer-onehot,HCDR3,Q,0.0
Transformer-onehot,HCDR3,Q,0.0251258630305528
Transformer-onehot,HCDR3,Q,0.0
Transformer-onehot,HCDR3,Q,0.0
Transformer-onehot,HCDR3,Q,0.0
Transformer-onehot,HCDR3,Q,0.0546880960464477
Transformer-onehot,HCDR3,Q,0.0
Transformer-onehot,HCDR3,Q,0.0
Transformer-onehot,HCDR3,Q,0.0
Transformer-onehot,HCDR3,Q,0.0
Transformer-onehot,HCDR3,Q,0.0
Transformer-onehot,HCDR3,Q,0.0
Transformer-onehot,HCDR3,Q,0.0
Transformer-onehot,HCDR3,Q,0.0241580717265605
Transformer-onehot,HCDR3,Q,0.0
Transformer-onehot,HCDR3,Q,0.0
Transformer-onehot,HCDR3,Q,0.0
Transformer-onehot,HCDR3,Q,0.0
Transformer-onehot,HCDR3,Q,0.0
Transformer-onehot,HCDR3,Q,0.0
Transformer-onehot,HCDR3,Q,0.0
Transformer-onehot,HCDR3,Q,0.0
Transformer-onehot,HCDR3,Q,0.0
Transformer-onehot,HCDR3,Q,0.0508748404681682
Transformer-onehot,HCDR3,Q,0.0
Transformer-onehot,HCDR3,Q,0.0
Transformer-onehot,HCDR3,Q,0.0
Transformer-onehot,HCDR3,Q,0.0
Transformer-onehot,HCDR3,Q,0.0
Transformer-onehot,HCDR3,Q,-0.0085090994834899
Transformer-onehot,HCDR3,Q,0.0
Transformer-onehot,HCDR3,Q,0.0062381695024669
Transformer-onehot,HCDR3,Q,0.0
Transformer-onehot,HCDR3,Q,0.2044509947299957
Transformer-onehot,HCDR3,Q,0.0
Transformer-onehot,HCDR3,Q,-0.1604918390512466
Transformer-onehot,HCDR3,Q,0.0
Transformer-onehot,HCDR3,Q,0.0
Transformer-onehot,HCDR3,Q,0.0
Transformer-onehot,HCDR3,Q,0.0
Transformer-onehot,HCDR3,Q,0.0
Transformer-onehot,HCDR3,Q,0.0
Transformer-onehot,HCDR3,Q,0.0
Transformer-onehot,HCDR3,Q,0.0
Transformer-onehot,HCDR3,Q,0.0
Transformer-onehot,HCDR3,Q,0.2149105966091156
Transformer-onehot,HCDR3,Q,0.0
Transformer-onehot,HCDR3,Q,0.0
Transformer-onehot,HCDR3,Q,0.0
Transformer-onehot,HCDR3,Q,0.0
Transformer-onehot,HCDR3,Q,0.0
Transformer-onehot,HCDR3,Q,0.0
Transformer-onehot,HCDR3,Q,0.3649986982345581
Transformer-onehot,HCDR3,Q,0.0
Transformer-onehot,HCDR3,Q,0.0
Transformer-onehot,HCDR3,Q,0.0
Transformer-onehot,HCDR3,Q,0.0
Transformer-onehot,HCDR3,Q,0.0
Transformer-onehot,HCDR3,Q,0.0
Transformer-onehot,HCDR3,Q,0.0
Transformer-onehot,HCDR3,Q,0.0
Transformer-onehot,HCDR3,Q,0.0714322850108146
Transformer-onehot,HCDR3,Q,0.0
Transformer-onehot,HCDR3,Q,0.0
Transformer-onehot,HCDR3,Q,0.0
Transformer-onehot,HCDR3,Q,0.0
Transformer-onehot,HCDR3,Q,0.0
Transformer-onehot,HCDR3,Q,0.1814996898174286
Transformer-onehot,HCDR3,Q,0.0
Transformer-onehot,HCDR3,Q,0.0
Transformer-onehot,HCDR3,Q,0.0
Transformer-onehot,HCDR3,Q,0.0
Transformer-onehot,HCDR3,Q,0.0
Transformer-onehot,HCDR3,Q,0.0
Transformer-onehot,HCDR3,Q,0.0
Transformer-onehot,HCDR3,Q,0.0
Transformer-onehot,HCDR3,Q,0.0
Transformer-onehot,HCDR3,Q,0.0
Transformer-onehot,HCDR3,Q,0.0
Transformer-onehot,HCDR3,Q,0.0
Transformer-onehot,HCDR3,Q,0.0388539396226406
Transformer-onehot,HCDR3,Q,0.0
Transformer-onehot,HCDR3,Q,0.0442750938236713
Transformer-onehot,HCDR3,Q,0.0
Transformer-onehot,HCDR3,Q,0.0
Transformer-onehot,HCDR3,Q,0.0
Transformer-onehot,HCDR3,Q,0.0131638040766119
Transformer-onehot,HCDR3,Q,0.0
Transformer-onehot,HCDR3,Q,0.0
Transformer-onehot,HCDR3,Q,0.0
Transformer-onehot,HCDR3,Q,0.0
Transformer-onehot,HCDR3,Q,0.0
Transformer-onehot,HCDR3,Q,-0.0448326840996742
Transformer-onehot,HCDR3,Q,0.0
Transformer-onehot,HCDR3,Q,0.0
Transformer-onehot,HCDR3,Q,0.1680584251880645
Transformer-onehot,HCDR3,Q,0.0
Transformer-onehot,HCDR3,Q,0.0
Transformer-onehot,HCDR3,Q,0.0
Transformer-onehot,HCDR3,Q,-0.1685239672660827
Transformer-onehot,HCDR3,Q,0.0961706191301345
Transformer-onehot,HCDR3,Q,0.0
Transformer-onehot,HCDR3,Q,0.0
Transformer-onehot,HCDR3,Q,-0.0754754543304443
Transformer-onehot,HCDR3,Q,0.0
Transformer-onehot,HCDR3,Q,0.0
Transformer-onehot,HCDR3,Q,0.0
Transformer-onehot,HCDR3,Q,0.0
Transformer-onehot,HCDR3,Q,0.0
Transformer-onehot,HCDR3,Q,0.0
Transformer-onehot,HCDR3,Q,0.0
Transformer-onehot,HCDR3,Q,0.0
Transformer-onehot,HCDR3,Q,0.0
Transformer-onehot,HCDR3,Q,0.0
Transformer-onehot,HCDR3,Q,0.0
Transformer-onehot,HCDR3,Q,0.0
Transformer-onehot,HCDR3,Q,0.0
Transformer-onehot,HCDR3,Q,0.0
Transformer-onehot,HCDR3,Q,0.0
Transformer-onehot,HCDR3,Q,0.0
Transformer-onehot,HCDR3,Q,0.0
Transformer-onehot,HCDR3,Q,0.0
Transformer-onehot,HCDR3,Q,0.0
Transformer-onehot,HCDR3,Q,0.0
Transformer-onehot,HCDR3,Q,0.0
Transformer-onehot,HCDR3,Q,0.0284236297011375
Transformer-onehot,HCDR3,Q,0.0
Transformer-onehot,HCDR3,Q,0.0
Transformer-onehot,HCDR3,Q,0.0
Transformer-onehot,HCDR3,Q,-0.1856076419353485
Transformer-onehot,HCDR3,Q,0.0
Transformer-onehot,HCDR3,Q,0.0
Transformer-onehot,HCDR3,Q,0.0
Transformer-onehot,HCDR3,Q,0.0
Transformer-onehot,HCDR3,Q,0.0
Transformer-onehot,HCDR3,Q,0.0
Transformer-onehot,HCDR3,Q,0.0
Transformer-onehot,HCDR3,Q,0.0
Transformer-onehot,HCDR3,Q,-0.0072429683059453
Transformer-onehot,HCDR3,Q,0.0
Transformer-onehot,HCDR3,Q,-0.0957097262144088
Transformer-onehot,HCDR3,Q,0.0
Transformer-onehot,HCDR3,Q,0.0
Transformer-onehot,HCDR3,Q,0.0
Transformer-onehot,HCDR3,Q,0.0
Transformer-onehot,HCDR3,Q,0.0
Transformer-onehot,HCDR3,Q,0.0
Transformer-onehot,HCDR3,Q,0.0
Transformer-onehot,HCDR3,Q,0.0
Transformer-onehot,HCDR3,Q,-0.1234529837965965
Transformer-onehot,HCDR3,Q,0.0
Transformer-onehot,HCDR3,Q,-0.1381876915693283
Transformer-onehot,HCDR3,Q,0.0
Transformer-onehot,HCDR3,Q,0.2591256499290466
Transformer-onehot,HCDR3,Q,0.0
Transformer-onehot,HCDR3,Q,0.0
Transformer-onehot,HCDR3,Q,0.0
Transformer-onehot,HCDR3,Q,0.0
Transformer-onehot,HCDR3,Q,0.0
Transformer-onehot,HCDR3,Q,0.0
Transformer-onehot,HCDR3,Q,0.0
Transformer-onehot,HCDR3,Q,0.0
Transformer-onehot,HCDR3,Q,0.0
Transformer-onehot,HCDR3,Q,0.0
Transformer-onehot,HCDR3,Q,0.0
Transformer-onehot,HCDR3,Q,0.0
Transformer-onehot,HCDR3,Q,0.0044078435748815
Transformer-onehot,HCDR3,Q,0.0
Transformer-onehot,HCDR3,Q,0.0
Transformer-onehot,HCDR3,Q,0.0
Transformer-onehot,HCDR3,Q,0.0
Transformer-onehot,HCDR3,Q,0.0028504261281341
Transformer-onehot,HCDR3,Q,0.0
Transformer-onehot,HCDR3,Q,0.1172643080353736
Transformer-onehot,HCDR3,Q,-0.1113113090395927
Transformer-onehot,HCDR3,Q,0.0
Transformer-onehot,HCDR3,Q,0.0
Transformer-onehot,HCDR3,Q,0.0
Transformer-onehot,HCDR3,Q,0.1045907363295555
Transformer-onehot,HCDR3,Q,0.0
Transformer-onehot,HCDR3,Q,0.0
Transformer-onehot,HCDR3,Q,0.0
Transformer-onehot,HCDR3,Q,0.0439738109707832
Transformer-onehot,HCDR3,Q,0.0
Transformer-onehot,HCDR3,Q,0.0
Transformer-onehot,HCDR3,Q,0.0
Transformer-onehot,HCDR3,Q,0.0
Transformer-onehot,HCDR3,Q,0.0
Transformer-onehot,HCDR3,Q,0.0
Transformer-onehot,HCDR3,Q,0.0
Transformer-onehot,HCDR3,Q,0.0
Transformer-onehot,HCDR3,Q,0.0
Transformer-onehot,HCDR3,Q,0.0
Transformer-onehot,HCDR3,Q,0.0053757736459374
Transformer-onehot,HCDR3,Q,0.0660861805081367
Transformer-onehot,HCDR3,Q,0.0
Transformer-onehot,HCDR3,Q,0.0
Transformer-onehot,HCDR3,Q,0.0
Transformer-onehot,HCDR3,Q,0.0
Transformer-onehot,HCDR3,Q,0.0
Transformer-onehot,HCDR3,Q,0.0
Transformer-onehot,HCDR3,Q,0.0
Transformer-onehot,HCDR3,Q,0.0
Transformer-onehot,HCDR3,Q,-0.1147004067897796
Transformer-onehot,HCDR3,Q,0.0
Transformer-onehot,HCDR3,Q,0.0
Transformer-onehot,HCDR3,Q,0.1245844364166259
Transformer-onehot,HCDR3,Q,0.0
Transformer-onehot,HCDR3,Q,0.0
Transformer-onehot,HCDR3,Q,0.0830619260668754
Transformer-onehot,HCDR3,Q,0.0
Transformer-onehot,HCDR3,Q,-0.1673094034194946
Transformer-onehot,HCDR3,Q,0.0
Transformer-onehot,HCDR3,Q,0.0
Transformer-onehot,HCDR3,Q,0.0
Transformer-onehot,HCDR3,Q,0.0
Transformer-onehot,HCDR3,Q,0.1337387710809707
Transformer-onehot,HCDR3,Q,0.0
Transformer-onehot,HCDR3,Q,0.0
Transformer-onehot,HCDR3,Q,0.0
Transformer-onehot,HCDR3,Q,0.0
Transformer-onehot,HCDR3,Q,0.0
Transformer-onehot,HCDR3,Q,0.0
Transformer-onehot,HCDR3,Q,0.0
Transformer-onehot,HCDR3,Q,0.0
Transformer-onehot,HCDR3,Q,0.0
Transformer-onehot,HCDR3,Q,0.1236128360033035
Transformer-onehot,HCDR3,Q,0.0
Transformer-onehot,HCDR3,Q,0.0
Transformer-onehot,HCDR3,Q,0.0
Transformer-onehot,HCDR3,Q,0.0
Transformer-onehot,HCDR3,Q,0.0
Transformer-onehot,HCDR3,Q,0.0
Transformer-onehot,HCDR3,Q,0.0
Transformer-onehot,HCDR3,Q,0.0
Transformer-onehot,HCDR3,Q,0.0
Transformer-onehot,HCDR3,Q,0.0
Transformer-onehot,HCDR3,Q,0.0
Transformer-onehot,HCDR3,Q,0.0
Transformer-onehot,HCDR3,Q,0.0
Transformer-onehot,HCDR3,Q,0.0
Transformer-onehot,HCDR3,Q,0.0
Transformer-onehot,HCDR3,Q,0.0
Transformer-onehot,HCDR3,Q,0.0
Transformer-onehot,HCDR3,Q,0.0
Transformer-onehot,HCDR3,Q,0.0
Transformer-onehot,HCDR3,Q,0.0
Transformer-onehot,HCDR3,Q,0.0
Transformer-onehot,HCDR3,Q,0.0
Transformer-onehot,HCDR3,Q,0.0
Transformer-onehot,HCDR3,Q,0.0
Transformer-onehot,HCDR3,Q,0.0
Transformer-onehot,HCDR3,Q,0.0
Transformer-onehot,HCDR3,Q,0.0
Transformer-onehot,HCDR3,Q,0.0
Transformer-onehot,HCDR3,Q,0.0
Transformer-onehot,HCDR3,Q,-0.166196122765541
Transformer-onehot,HCDR3,Q,0.0
Transformer-onehot,HCDR3,Q,0.0
Transformer-onehot,HCDR3,Q,0.0
Transformer-onehot,HCDR3,Q,0.0
Transformer-onehot,HCDR3,Q,0.0
Transformer-onehot,HCDR3,Q,0.0
Transformer-onehot,HCDR3,Q,0.0
Transformer-onehot,HCDR3,Q,0.0488248728215694
Transformer-onehot,HCDR3,Q,0.0
Transformer-onehot,HCDR3,Q,0.0
Transformer-onehot,HCDR3,Q,0.0
Transformer-onehot,HCDR3,Q,0.0
Transformer-onehot,HCDR3,Q,0.0
Transformer-onehot,HCDR3,Q,0.0
Transformer-onehot,HCDR3,Q,0.0
Transformer-onehot,HCDR3,Q,0.0
Transformer-onehot,HCDR3,Q,0.0110953897237777
Transformer-onehot,HCDR3,Q,0.0
Transformer-onehot,HCDR3,Q,-0.0152885131537914
Transformer-onehot,HCDR3,Q,0.0
Transformer-onehot,HCDR3,Q,0.0
Transformer-onehot,HCDR3,Q,0.0
Transformer-onehot,HCDR3,Q,0.0
Transformer-onehot,HCDR3,Q,0.0
Transformer-onehot,HCDR3,Q,0.0
Transformer-onehot,HCDR3,Q,0.0
Transformer-onehot,HCDR3,Q,0.0
Transformer-onehot,HCDR3,Q,0.0
Transformer-onehot,HCDR3,Q,0.0899567231535911
Transformer-onehot,HCDR3,Q,0.0
Transformer-onehot,HCDR3,Q,0.0
Transformer-onehot,HCDR3,Q,0.0
Transformer-onehot,HCDR3,Q,0.0
Transformer-onehot,HCDR3,Q,0.0
Transformer-onehot,HCDR3,Q,0.0
Transformer-onehot,HCDR3,Q,0.0
Transformer-onehot,HCDR3,Q,0.0
Transformer-onehot,HCDR3,Q,0.0
Transformer-onehot,HCDR3,Q,0.0
Transformer-onehot,HCDR3,Q,0.0
Transformer-onehot,HCDR3,Q,0.0
Transformer-onehot,HCDR3,Q,0.0
Transformer-onehot,HCDR3,Q,0.0
Transformer-onehot,HCDR3,Q,0.0
Transformer-onehot,HCDR3,Q,0.0
Transformer-onehot,HCDR3,Q,-0.222915232181549
Transformer-onehot,HCDR3,Q,0.0
Transformer-onehot,HCDR3,Q,0.0
Transformer-onehot,HCDR3,R,-0.6786802411079407
Transformer-onehot,HCDR3,R,-1.366331934928894
Transformer-onehot,HCDR3,R,-0.6614781618118286
Transformer-onehot,HCDR3,R,-0.9804729223251344
Transformer-onehot,HCDR3,R,-0.3137058019638061
Transformer-onehot,HCDR3,R,-2.445822238922119
Transformer-onehot,HCDR3,R,-0.3181630671024322
Transformer-onehot,HCDR3,R,-0.1197657287120819
Transformer-onehot,HCDR3,R,-0.7836602926254272
Transformer-onehot,HCDR3,R,-3.5373446941375732
Transformer-onehot,HCDR3,R,-1.7820961475372314
Transformer-onehot,HCDR3,R,-1.3016746044158936
Transformer-onehot,HCDR3,R,-0.6361189484596252
Transformer-onehot,HCDR3,R,-0.4772756695747375
Transformer-onehot,HCDR3,R,-3.285679340362549
Transformer-onehot,HCDR3,R,-1.7464232444763184
Transformer-onehot,HCDR3,R,-0.7925494909286499
Transformer-onehot,HCDR3,R,-0.5574638247489929
Transformer-onehot,HCDR3,R,-0.2262282967567443
Transformer-onehot,HCDR3,R,-1.2397912740707395
Transformer-onehot,HCDR3,R,-0.4976206421852112
Transformer-onehot,HCDR3,R,-2.5602426528930664
Transformer-onehot,HCDR3,R,-0.6861461997032166
Transformer-onehot,HCDR3,R,-2.2433080673217773
Transformer-onehot,HCDR3,R,-0.5312157273292542
Transformer-onehot,HCDR3,R,-0.2025475800037384
Transformer-onehot,HCDR3,R,-2.8318967819213867
Transformer-onehot,HCDR3,R,-1.055688738822937
Transformer-onehot,HCDR3,R,-0.8698673248291016
Transformer-onehot,HCDR3,R,-0.5246908068656921
Transformer-onehot,HCDR3,R,-0.5736933350563049
Transformer-onehot,HCDR3,R,-2.930161952972412
Transformer-onehot,HCDR3,R,-0.597684383392334
Transformer-onehot,HCDR3,R,-1.0918917655944824
Transformer-onehot,HCDR3,R,-0.3604282736778259
Transformer-onehot,HCDR3,R,-0.5662846565246582
Transformer-onehot,HCDR3,R,-3.929342269897461
Transformer-onehot,HCDR3,R,-1.3721014261245728
Transformer-onehot,HCDR3,R,-0.4309019148349762
Transformer-onehot,HCDR3,R,-4.545011520385742
Transformer-onehot,HCDR3,R,-2.5907535552978516
Transformer-onehot,HCDR3,R,-3.3589067459106445
Transformer-onehot,HCDR3,R,-0.8018268346786499
Transformer-onehot,HCDR3,R,-0.5365477204322815
Transformer-onehot,HCDR3,R,-0.6310193538665771
Transformer-onehot,HCDR3,R,-1.4400265216827393
Transformer-onehot,HCDR3,R,-1.7551721334457395
Transformer-onehot,HCDR3,R,-0.8948526382446289
Transformer-onehot,HCDR3,R,-0.4977678060531616
Transformer-onehot,HCDR3,R,-0.3338553309440613
Transformer-onehot,HCDR3,R,-1.2596629858016968
Transformer-onehot,HCDR3,R,-1.1026546955108645
Transformer-onehot,HCDR3,R,-0.1423329710960388
Transformer-onehot,HCDR3,R,-0.4777017831802368
Transformer-onehot,HCDR3,R,-0.6105028390884399
Transformer-onehot,HCDR3,R,-1.0706418752670288
Transformer-onehot,HCDR3,R,-1.8618731498718264
Transformer-onehot,HCDR3,R,-0.5020774602890015
Transformer-onehot,HCDR3,R,-0.5905191898345947
Transformer-onehot,HCDR3,R,-1.163459539413452
Transformer-onehot,HCDR3,R,-4.719760417938232
Transformer-onehot,HCDR3,R,-0.4547187089920044
Transformer-onehot,HCDR3,R,-0.3944962620735168
Transformer-onehot,HCDR3,R,-0.8879498243331909
Transformer-onehot,HCDR3,R,-0.4068720936775207
Transformer-onehot,HCDR3,R,-0.5082587599754333
Transformer-onehot,HCDR3,R,-1.483222246170044
Transformer-onehot,HCDR3,R,-1.44810950756073
Transformer-onehot,HCDR3,R,-2.3396315574645996
Transformer-onehot,HCDR3,R,-1.6365104913711548
Transformer-onehot,HCDR3,R,-2.3735523223876953
Transformer-onehot,HCDR3,R,-0.5162436962127686
Transformer-onehot,HCDR3,R,-1.0086350440979004
Transformer-onehot,HCDR3,R,-0.7761383652687073
Transformer-onehot,HCDR3,R,-0.9422183632850648
Transformer-onehot,HCDR3,R,0.0
Transformer-onehot,HCDR3,R,-1.236142635345459
Transformer-onehot,HCDR3,R,-0.8272724151611328
Transformer-onehot,HCDR3,R,-3.5067625045776367
Transformer-onehot,HCDR3,R,-0.2745260298252105
Transformer-onehot,HCDR3,R,-0.9159948825836182
Transformer-onehot,HCDR3,R,-0.7141133546829224
Transformer-onehot,HCDR3,R,-0.2102193534374237
Transformer-onehot,HCDR3,R,-1.2330905199050903
Transformer-onehot,HCDR3,R,-1.6980890035629272
Transformer-onehot,HCDR3,R,-1.4760887622833252
Transformer-onehot,HCDR3,R,-2.1124210357666016
Transformer-onehot,HCDR3,R,-1.3595088720321655
Transformer-onehot,HCDR3,R,-0.4460930228233337
Transformer-onehot,HCDR3,R,-2.814439296722412
Transformer-onehot,HCDR3,R,-5.743727684020996
Transformer-onehot,HCDR3,R,-0.2187905609607696
Transformer-onehot,HCDR3,R,-0.6161010265350342
Transformer-onehot,HCDR3,R,-0.845609724521637
Transformer-onehot,HCDR3,R,-1.0041054487228394
Transformer-onehot,HCDR3,R,-1.2324131727218628
Transformer-onehot,HCDR3,R,-1.2558950185775757
Transformer-onehot,HCDR3,R,-0.99643075466156
Transformer-onehot,HCDR3,R,-2.8953092098236084
Transformer-onehot,HCDR3,R,-0.5274614691734314
Transformer-onehot,HCDR3,R,-0.4737688601016998
Transformer-onehot,HCDR3,R,-0.2715044617652893
Transformer-onehot,HCDR3,R,-1.1455456018447876
Transformer-onehot,HCDR3,R,-2.686433792114258
Transformer-onehot,HCDR3,R,-3.3465263843536377
Transformer-onehot,HCDR3,R,-1.5855717658996582
Transformer-onehot,HCDR3,R,-0.5547366738319397
Transformer-onehot,HCDR3,R,-1.9900574684143064
Transformer-onehot,HCDR3,R,-5.042562484741211
Transformer-onehot,HCDR3,R,-0.5392394065856934
Transformer-onehot,HCDR3,R,-0.826240062713623
Transformer-onehot,HCDR3,R,-0.3669361174106598
Transformer-onehot,HCDR3,R,-0.4843637645244598
Transformer-onehot,HCDR3,R,-2.4111433029174805
Transformer-onehot,HCDR3,R,-2.558974504470825
Transformer-onehot,HCDR3,R,-0.802736759185791
Transformer-onehot,HCDR3,R,-1.0754432678222656
Transformer-onehot,HCDR3,R,-1.7588688135147097
Transformer-onehot,HCDR3,R,-0.2351657152175903
Transformer-onehot,HCDR3,R,-0.7512307167053223
Transformer-onehot,HCDR3,R,-0.6872775554656982
Transformer-onehot,HCDR3,R,-0.9174338579177856
Transformer-onehot,HCDR3,R,-0.3318932056427002
Transformer-onehot,HCDR3,R,-1.0219106674194336
Transformer-onehot,HCDR3,R,-3.746617317199707
Transformer-onehot,HCDR3,R,-1.98094642162323
Transformer-onehot,HCDR3,R,-0.6189640164375305
Transformer-onehot,HCDR3,R,-0.4521961808204651
Transformer-onehot,HCDR3,R,-4.84630012512207
Transformer-onehot,HCDR3,R,-0.4707687497138977
Transformer-onehot,HCDR3,R,-0.5558744668960571
Transformer-onehot,HCDR3,R,-0.1321812868118286
Transformer-onehot,HCDR3,R,-2.540786027908325
Transformer-onehot,HCDR3,R,-0.3447416126728058
Transformer-onehot,HCDR3,R,-1.2891284227371216
Transformer-onehot,HCDR3,R,-0.4099869132041931
Transformer-onehot,HCDR3,R,-3.200439453125
Transformer-onehot,HCDR3,R,-2.876565456390381
Transformer-onehot,HCDR3,R,-1.1040472984313965
Transformer-onehot,HCDR3,R,-0.4509452581405639
Transformer-onehot,HCDR3,R,-0.553136944770813
Transformer-onehot,HCDR3,R,-0.3138196468353271
Transformer-onehot,HCDR3,R,-1.3556437492370603
Transformer-onehot,HCDR3,R,-0.3579140901565552
Transformer-onehot,HCDR3,R,-0.3342419564723968
Transformer-onehot,HCDR3,R,-2.308736801147461
Transformer-onehot,HCDR3,R,-0.7542407512664795
Transformer-onehot,HCDR3,R,-2.959338665008545
Transformer-onehot,HCDR3,R,-0.5141170620918274
Transformer-onehot,HCDR3,R,-2.1463372707366943
Transformer-onehot,HCDR3,R,-0.278972864151001
Transformer-onehot,HCDR3,R,-0.2632313370704651
Transformer-onehot,HCDR3,R,-0.9459916353225708
Transformer-onehot,HCDR3,R,-0.5857025384902954
Transformer-onehot,HCDR3,R,-3.3236565589904785
Transformer-onehot,HCDR3,R,-4.535519599914551
Transformer-onehot,HCDR3,R,-1.2276387214660645
Transformer-onehot,HCDR3,R,-0.3670630156993866
Transformer-onehot,HCDR3,R,-0.916296660900116
Transformer-onehot,HCDR3,R,-0.8709336519241333
Transformer-onehot,HCDR3,R,-1.1812779903411863
Transformer-onehot,HCDR3,R,-0.7643554210662842
Transformer-onehot,HCDR3,R,-0.8190395832061768
Transformer-onehot,HCDR3,R,-0.5580772161483765
Transformer-onehot,HCDR3,R,-0.3201842606067657
Transformer-onehot,HCDR3,R,-5.354598045349121
Transformer-onehot,HCDR3,R,-0.430601567029953
Transformer-onehot,HCDR3,R,-1.2896491289138794
Transformer-onehot,HCDR3,R,-1.1599628925323486
Transformer-onehot,HCDR3,R,-2.185388565063477
Transformer-onehot,HCDR3,R,-1.8896079063415527
Transformer-onehot,HCDR3,R,-3.398871421813965
Transformer-onehot,HCDR3,R,-0.4799602627754211
Transformer-onehot,HCDR3,R,-1.972229242324829
Transformer-onehot,HCDR3,R,-0.424731433391571
Transformer-onehot,HCDR3,R,-0.2211415022611618
Transformer-onehot,HCDR3,R,-0.4346230626106262
Transformer-onehot,HCDR3,R,-0.269302487373352
Transformer-onehot,HCDR3,R,-0.568594753742218
Transformer-onehot,HCDR3,R,-0.6576985120773315
Transformer-onehot,HCDR3,R,-0.2651638984680176
Transformer-onehot,HCDR3,R,-3.9209704399108887
Transformer-onehot,HCDR3,R,-0.7729523777961731
Transformer-onehot,HCDR3,R,-2.212404251098633
Transformer-onehot,HCDR3,R,-1.2378675937652588
Transformer-onehot,HCDR3,R,-0.4874725937843323
Transformer-onehot,HCDR3,R,-2.521284580230713
Transformer-onehot,HCDR3,R,-0.4329319596290588
Transformer-onehot,HCDR3,R,-1.8622403144836424
Transformer-onehot,HCDR3,R,-0.1133852824568748
Transformer-onehot,HCDR3,R,-1.6476311683654783
Transformer-onehot,HCDR3,R,-1.6951993703842163
Transformer-onehot,HCDR3,R,-4.638386249542236
Transformer-onehot,HCDR3,R,-0.7374007701873779
Transformer-onehot,HCDR3,R,-0.8769646286964417
Transformer-onehot,HCDR3,R,-3.626363039016723
Transformer-onehot,HCDR3,R,-0.4786209464073181
Transformer-onehot,HCDR3,R,-0.1490194201469421
Transformer-onehot,HCDR3,R,-2.8271989822387695
Transformer-onehot,HCDR3,R,-5.589096546173096
Transformer-onehot,HCDR3,R,-3.0798282623291016
Transformer-onehot,HCDR3,R,-0.4711193442344665
Transformer-onehot,HCDR3,R,-2.7018842697143555
Transformer-onehot,HCDR3,R,-1.5183205604553225
Transformer-onehot,HCDR3,R,-0.9601714611053468
Transformer-onehot,HCDR3,R,-2.2571280002593994
Transformer-onehot,HCDR3,R,-0.3608181178569793
Transformer-onehot,HCDR3,R,-0.612892746925354
Transformer-onehot,HCDR3,R,-0.2145070433616638
Transformer-onehot,HCDR3,R,-0.6825525164604187
Transformer-onehot,HCDR3,R,-0.2721549868583679
Transformer-onehot,HCDR3,R,-0.6723625659942627
Transformer-onehot,HCDR3,R,-1.634426832199097
Transformer-onehot,HCDR3,R,-0.2976356148719787
Transformer-onehot,HCDR3,R,-0.6135279536247253
Transformer-onehot,HCDR3,R,-1.2763925790786743
Transformer-onehot,HCDR3,R,-4.2066569328308105
Transformer-onehot,HCDR3,R,-0.2335809171199798
Transformer-onehot,HCDR3,R,-0.202553778886795
Transformer-onehot,HCDR3,R,-2.335740089416504
Transformer-onehot,HCDR3,R,-1.0500857830047607
Transformer-onehot,HCDR3,R,-0.6237878799438477
Transformer-onehot,HCDR3,R,-0.5103603601455688
Transformer-onehot,HCDR3,R,-5.781566143035889
Transformer-onehot,HCDR3,R,-2.993429660797119
Transformer-onehot,HCDR3,R,-2.4412496089935303
Transformer-onehot,HCDR3,R,-0.6716750860214233
Transformer-onehot,HCDR3,R,-0.9439757466316224
Transformer-onehot,HCDR3,R,-1.6005873680114746
Transformer-onehot,HCDR3,R,-1.676591873168945
Transformer-onehot,HCDR3,R,-0.6957858204841614
Transformer-onehot,HCDR3,R,-1.870125651359558
Transformer-onehot,HCDR3,R,-0.3230670690536499
Transformer-onehot,HCDR3,R,-1.3316587209701538
Transformer-onehot,HCDR3,R,-1.3517850637435913
Transformer-onehot,HCDR3,R,-2.098911762237549
Transformer-onehot,HCDR3,R,-0.9278906583786012
Transformer-onehot,HCDR3,R,-0.4253572523593902
Transformer-onehot,HCDR3,R,-0.1517864465713501
Transformer-onehot,HCDR3,R,-0.6934934854507446
Transformer-onehot,HCDR3,R,-1.81125807762146
Transformer-onehot,HCDR3,R,-0.5084108710289001
Transformer-onehot,HCDR3,R,-0.5794157981872559
Transformer-onehot,HCDR3,R,-1.9515690803527832
Transformer-onehot,HCDR3,R,-0.1964946240186691
Transformer-onehot,HCDR3,R,-1.1264102458953855
Transformer-onehot,HCDR3,R,-0.3400450348854065
Transformer-onehot,HCDR3,R,-6.134604454040527
Transformer-onehot,HCDR3,R,-1.737057328224182
Transformer-onehot,HCDR3,R,-0.3837974667549133
Transformer-onehot,HCDR3,R,-1.8710308074951172
Transformer-onehot,HCDR3,R,-0.5535926818847656
Transformer-onehot,HCDR3,R,-0.1811563521623611
Transformer-onehot,HCDR3,R,-0.106435053050518
Transformer-onehot,HCDR3,R,-3.786657094955444
Transformer-onehot,HCDR3,R,-0.7846564054489136
Transformer-onehot,HCDR3,R,-0.7186862230300903
Transformer-onehot,HCDR3,R,-0.3860222995281219
Transformer-onehot,HCDR3,R,-0.073618359863758
Transformer-onehot,HCDR3,R,-0.473250538110733
Transformer-onehot,HCDR3,R,-0.7509890794754028
Transformer-onehot,HCDR3,R,-0.9882102012634276
Transformer-onehot,HCDR3,R,-5.50465202331543
Transformer-onehot,HCDR3,R,-0.0864608511328697
Transformer-onehot,HCDR3,R,-5.232306480407715
Transformer-onehot,HCDR3,R,-0.1483559757471084
Transformer-onehot,HCDR3,R,-0.9281710982322692
Transformer-onehot,HCDR3,R,-0.5513315200805664
Transformer-onehot,HCDR3,R,-0.089431531727314
Transformer-onehot,HCDR3,R,-0.085758201777935
Transformer-onehot,HCDR3,R,-0.5909043550491333
Transformer-onehot,HCDR3,R,-0.5259386897087097
Transformer-onehot,HCDR3,R,-0.5468173027038574
Transformer-onehot,HCDR3,R,-0.7700273394584656
Transformer-onehot,HCDR3,R,-0.2777954339981079
Transformer-onehot,HCDR3,R,-0.7345802187919617
Transformer-onehot,HCDR3,R,-0.0995884910225868
Transformer-onehot,HCDR3,R,-0.8172387480735779
Transformer-onehot,HCDR3,R,-0.1011679396033287
Transformer-onehot,HCDR3,R,-0.7007216811180115
Transformer-onehot,HCDR3,R,-0.3426077365875244
Transformer-onehot,HCDR3,R,-0.3413607478141784
Transformer-onehot,HCDR3,R,-0.9176051020622252
Transformer-onehot,HCDR3,R,-0.3438396155834198
Transformer-onehot,HCDR3,R,-2.800490379333496
Transformer-onehot,HCDR3,R,-1.0815058946609497
Transformer-onehot,HCDR3,R,-0.2305509597063064
Transformer-onehot,HCDR3,R,-0.7290286421775818
Transformer-onehot,HCDR3,R,-0.055654652416706
Transformer-onehot,HCDR3,R,-0.8207643032073975
Transformer-onehot,HCDR3,R,-0.7548637986183167
Transformer-onehot,HCDR3,R,-0.7728222608566284
Transformer-onehot,HCDR3,R,-0.3703293800354004
Transformer-onehot,HCDR3,R,-1.29018235206604
Transformer-onehot,HCDR3,R,-0.7397403120994568
Transformer-onehot,HCDR3,R,-2.495049953460694
Transformer-onehot,HCDR3,R,-0.865706205368042
Transformer-onehot,HCDR3,R,-3.0647778511047363
Transformer-onehot,HCDR3,R,-1.537901759147644
Transformer-onehot,HCDR3,R,-0.7558536529541016
Transformer-onehot,HCDR3,R,-1.0585606098175049
Transformer-onehot,HCDR3,R,-0.1733980476856231
Transformer-onehot,HCDR3,R,-0.3948375284671783
Transformer-onehot,HCDR3,R,-1.1205806732177734
Transformer-onehot,HCDR3,R,-0.4892440736293793
Transformer-onehot,HCDR3,R,-1.730522871017456
Transformer-onehot,HCDR3,R,-0.0931768640875816
Transformer-onehot,HCDR3,R,-1.410895824432373
Transformer-onehot,HCDR3,R,-0.6669178009033203
Transformer-onehot,HCDR3,R,-0.7585329413414001
Transformer-onehot,HCDR3,R,-0.0800490453839302
Transformer-onehot,HCDR3,R,-0.0981267914175987
Transformer-onehot,HCDR3,R,-0.4323749542236328
Transformer-onehot,HCDR3,R,-0.8187751173973083
Transformer-onehot,HCDR3,R,-0.518273651599884
Transformer-onehot,HCDR3,R,-0.6788454651832581
Transformer-onehot,HCDR3,R,-0.1182568594813346
Transformer-onehot,HCDR3,R,-0.3088775873184204
Transformer-onehot,HCDR3,R,-0.5526490807533264
Transformer-onehot,HCDR3,R,-0.3979367017745971
Transformer-onehot,HCDR3,R,-0.1144036501646041
Transformer-onehot,HCDR3,R,-0.5290613174438477
Transformer-onehot,HCDR3,R,-0.2820155024528503
Transformer-onehot,HCDR3,R,-0.0688442289829254
Transformer-onehot,HCDR3,R,-0.8633025884628296
Transformer-onehot,HCDR3,R,-0.3203880190849304
Transformer-onehot,HCDR3,R,-0.627876341342926
Transformer-onehot,HCDR3,R,-0.514543890953064
Transformer-onehot,HCDR3,R,-0.1110293269157409
Transformer-onehot,HCDR3,R,-0.6284113526344299
Transformer-onehot,HCDR3,R,-0.0850617066025734
Transformer-onehot,HCDR3,R,-0.2855361402034759
Transformer-onehot,HCDR3,R,-0.6565004587173462
Transformer-onehot,HCDR3,R,-0.0976327359676361
Transformer-onehot,HCDR3,R,-0.3275254070758819
Transformer-onehot,HCDR3,R,-0.4043756425380707
Transformer-onehot,HCDR3,R,-0.7144444584846497
Transformer-onehot,HCDR3,R,-3.1573519706726074
Transformer-onehot,HCDR3,R,-1.8525893688201904
Transformer-onehot,HCDR3,R,-0.1093174591660499
Transformer-onehot,HCDR3,R,-0.5902414321899414
Transformer-onehot,HCDR3,R,-0.2758204936981201
Transformer-onehot,HCDR3,R,-0.2748172879219055
Transformer-onehot,HCDR3,R,-0.5826393365859985
Transformer-onehot,HCDR3,R,-1.3496419191360474
Transformer-onehot,HCDR3,R,-0.5829453468322754
Transformer-onehot,HCDR3,R,-0.6754875779151917
Transformer-onehot,HCDR3,R,-0.4008971452713012
Transformer-onehot,HCDR3,R,-0.7882852554321289
Transformer-onehot,HCDR3,R,-1.75193190574646
Transformer-onehot,HCDR3,R,-0.6565511226654053
Transformer-onehot,HCDR3,R,-0.1277712285518646
Transformer-onehot,HCDR3,R,-0.9201927185058594
Transformer-onehot,HCDR3,R,-0.3535941839218139
Transformer-onehot,HCDR3,R,-0.1469937115907669
Transformer-onehot,HCDR3,R,-0.6372665166854858
Transformer-onehot,HCDR3,R,-0.8187909126281738
Transformer-onehot,HCDR3,R,-0.254931777715683
Transformer-onehot,HCDR3,R,-0.6157146692276001
Transformer-onehot,HCDR3,R,-0.4316228032112121
Transformer-onehot,HCDR3,R,-0.2132577896118164
Transformer-onehot,HCDR3,R,-0.6646938323974609
Transformer-onehot,HCDR3,R,-0.8044094443321228
Transformer-onehot,HCDR3,R,-0.735664427280426
Transformer-onehot,HCDR3,R,-3.3735642433166504
Transformer-onehot,HCDR3,R,-2.728188991546631
Transformer-onehot,HCDR3,R,-0.0950434729456901
Transformer-onehot,HCDR3,R,-0.366729736328125
Transformer-onehot,HCDR3,R,-1.3037643432617188
Transformer-onehot,HCDR3,R,-0.5380338430404663
Transformer-onehot,HCDR3,R,-0.7056360244750977
Transformer-onehot,HCDR3,R,-2.3950600624084473
Transformer-onehot,HCDR3,R,-0.3065271973609924
Transformer-onehot,HCDR3,R,-0.5175522565841675
Transformer-onehot,HCDR3,R,-0.2969410121440887
Transformer-onehot,HCDR3,R,-0.5441694259643555
Transformer-onehot,HCDR3,R,-0.3418142199516296
Transformer-onehot,HCDR3,R,-1.3748539686203003
Transformer-onehot,HCDR3,R,-0.0888099074363708
Transformer-onehot,HCDR3,R,-0.0723412930965423
Transformer-onehot,HCDR3,R,-4.256688117980957
Transformer-onehot,HCDR3,R,-0.130434438586235
Transformer-onehot,HCDR3,R,-2.324422597885132
Transformer-onehot,HCDR3,R,-0.4016136527061462
Transformer-onehot,HCDR3,R,-1.330505132675171
Transformer-onehot,HCDR3,R,-0.1015092134475708
Transformer-onehot,HCDR3,R,-0.3217342793941498
Transformer-onehot,HCDR3,R,-0.1363134980201721
Transformer-onehot,HCDR3,R,-0.5681663751602173
Transformer-onehot,HCDR3,R,-0.8886833786964417
Transformer-onehot,HCDR3,R,-0.0973208472132682
Transformer-onehot,HCDR3,R,-0.6510670185089111
Transformer-onehot,HCDR3,R,-1.0186444520950315
Transformer-onehot,HCDR3,R,-0.1967610418796539
Transformer-onehot,HCDR3,R,-0.712787389755249
Transformer-onehot,HCDR3,R,-3.260215759277344
Transformer-onehot,HCDR3,R,-0.8847911953926086
Transformer-onehot,HCDR3,R,-0.8116985559463501
Transformer-onehot,HCDR3,R,-1.708329200744629
Transformer-onehot,HCDR3,R,-0.7026464939117432
Transformer-onehot,HCDR3,R,-0.3042915761470794
Transformer-onehot,HCDR3,R,-0.758466899394989
Transformer-onehot,HCDR3,R,-0.7382118105888367
Transformer-onehot,HCDR3,R,-0.2606273591518402
Transformer-onehot,HCDR3,R,-0.5823459625244141
Transformer-onehot,HCDR3,R,-0.0741931051015853
Transformer-onehot,HCDR3,R,-0.8917467594146729
Transformer-onehot,HCDR3,R,-1.05496084690094
Transformer-onehot,HCDR3,R,-2.2315011024475098
Transformer-onehot,HCDR3,R,-0.2766760885715484
Transformer-onehot,HCDR3,R,-0.391964852809906
Transformer-onehot,HCDR3,R,-1.676990032196045
Transformer-onehot,HCDR3,R,-4.0718994140625
Transformer-onehot,HCDR3,R,-0.6791398525238037
Transformer-onehot,HCDR3,R,-2.4619271755218506
Transformer-onehot,HCDR3,R,-0.1327413618564605
Transformer-onehot,HCDR3,R,-1.3930615186691284
Transformer-onehot,HCDR3,R,-1.677253007888794
Transformer-onehot,HCDR3,R,-2.452033042907715
Transformer-onehot,HCDR3,R,-0.2864393293857574
Transformer-onehot,HCDR3,R,-0.534248948097229
Transformer-onehot,HCDR3,R,-0.5622217059135437
Transformer-onehot,HCDR3,R,-0.431536316871643
Transformer-onehot,HCDR3,R,-0.6587650179862976
Transformer-onehot,HCDR3,R,-1.059020757675171
Transformer-onehot,HCDR3,R,-0.454427033662796
Transformer-onehot,HCDR3,R,-0.062129683792591
Transformer-onehot,HCDR3,R,-2.3783247470855713
Transformer-onehot,HCDR3,R,-1.1834532022476196
Transformer-onehot,HCDR3,R,-0.6204311847686768
Transformer-onehot,HCDR3,R,-0.6702300906181335
Transformer-onehot,HCDR3,R,-2.0698366165161133
Transformer-onehot,HCDR3,R,-0.0731151178479194
Transformer-onehot,HCDR3,R,-0.7261531352996826
Transformer-onehot,HCDR3,R,-0.3890936374664306
Transformer-onehot,HCDR3,R,-0.5405408143997192
Transformer-onehot,HCDR3,R,-0.0632259771227836
Transformer-onehot,HCDR3,R,-0.8231669664382935
Transformer-onehot,HCDR3,R,-0.6541131734848022
Transformer-onehot,HCDR3,R,-0.0949783325195312
Transformer-onehot,HCDR3,R,-0.2427659332752227
Transformer-onehot,HCDR3,R,-3.096961975097656
Transformer-onehot,HCDR3,R,-3.526184558868408
Transformer-onehot,HCDR3,R,-1.472346544265747
Transformer-onehot,HCDR3,R,-1.2608180046081543
Transformer-onehot,HCDR3,R,-2.0884194374084473
Transformer-onehot,HCDR3,R,-2.630707263946533
Transformer-onehot,HCDR3,R,-0.1715192347764969
Transformer-onehot,HCDR3,R,-0.5066121816635132
Transformer-onehot,HCDR3,R,-0.472319483757019
Transformer-onehot,HCDR3,R,-0.5379995107650757
Transformer-onehot,HCDR3,R,-0.7415537238121033
Transformer-onehot,HCDR3,R,-0.3476307690143585
Transformer-onehot,HCDR3,R,-0.6403176188468933
Transformer-onehot,HCDR3,R,-1.2251615524291992
Transformer-onehot,HCDR3,R,-0.448589414358139
Transformer-onehot,HCDR3,R,-0.0961983352899551
Transformer-onehot,HCDR3,R,-0.9224963784217834
Transformer-onehot,HCDR3,R,-0.1144171878695488
Transformer-onehot,HCDR3,R,-0.5056793689727783
Transformer-onehot,HCDR3,R,-0.8610086441040039
Transformer-onehot,HCDR3,R,-0.2893842160701751
Transformer-onehot,HCDR3,R,-1.4402357339859009
Transformer-onehot,HCDR3,R,-0.1279451251029968
Transformer-onehot,HCDR3,R,-0.191597580909729
Transformer-onehot,HCDR3,R,-0.6210529208183289
Transformer-onehot,HCDR3,R,-3.175302505493164
Transformer-onehot,HCDR3,R,-1.8721323013305664
Transformer-onehot,HCDR3,R,-0.098335325717926
Transformer-onehot,HCDR3,R,-0.7896437644958496
Transformer-onehot,HCDR3,R,-0.3662563562393188
Transformer-onehot,HCDR3,R,-0.4325135052204132
Transformer-onehot,HCDR3,R,-1.1382129192352295
Transformer-onehot,HCDR3,R,-2.0812830924987793
Transformer-onehot,HCDR3,R,-0.079548180103302
Transformer-onehot,HCDR3,R,-0.6898771524429321
Transformer-onehot,HCDR3,R,-0.7601890563964844
Transformer-onehot,HCDR3,R,-0.0817331969738006
Transformer-onehot,HCDR3,R,-0.6634405255317688
Transformer-onehot,HCDR3,R,-0.8168864846229553
Transformer-onehot,HCDR3,R,-0.6367881298065186
Transformer-onehot,HCDR3,R,-0.6917905211448669
Transformer-onehot,HCDR3,R,-0.1445450335741043
Transformer-onehot,HCDR3,R,-0.645038902759552
Transformer-onehot,HCDR3,R,-1.4059795141220093
Transformer-onehot,HCDR3,R,-0.8266337513923645
Transformer-onehot,HCDR3,R,-0.5062626600265503
Transformer-onehot,HCDR3,R,-5.195639610290527
Transformer-onehot,HCDR3,R,-0.0665766447782516
Transformer-onehot,HCDR3,R,-1.999800443649292
Transformer-onehot,HCDR3,R,-0.0526981502771377
Transformer-onehot,HCDR3,R,-0.2753198742866516
Transformer-onehot,HCDR3,R,-3.141390800476074
Transformer-onehot,HCDR3,R,-0.4107369780540466
Transformer-onehot,HCDR3,R,-0.9061265587806702
Transformer-onehot,HCDR3,R,-0.0595997273921966
Transformer-onehot,HCDR3,R,-2.702880382537842
Transformer-onehot,HCDR3,R,-1.2377097606658936
Transformer-onehot,HCDR3,R,-0.4703947901725769
Transformer-onehot,HCDR3,R,-0.3756198287010193
Transformer-onehot,HCDR3,S,0.0341752022504806
Transformer-onehot,HCDR3,S,0.0
Transformer-onehot,HCDR3,S,0.0
Transformer-onehot,HCDR3,S,0.3880331516265869
Transformer-onehot,HCDR3,S,0.0299972929060459
Transformer-onehot,HCDR3,S,0.0
Transformer-onehot,HCDR3,S,0.0
Transformer-onehot,HCDR3,S,0.1098820343613624
Transformer-onehot,HCDR3,S,0.014945370145142
Transformer-onehot,HCDR3,S,0.7637708783149719
Transformer-onehot,HCDR3,S,0.6667534112930298
Transformer-onehot,HCDR3,S,0.0
Transformer-onehot,HCDR3,S,0.0
Transformer-onehot,HCDR3,S,0.1891708076000213
Transformer-onehot,HCDR3,S,0.0
Transformer-onehot,HCDR3,S,0.2053245157003402
Transformer-onehot,HCDR3,S,0.0214935578405857
Transformer-onehot,HCDR3,S,0.0
Transformer-onehot,HCDR3,S,0.0995303466916084
Transformer-onehot,HCDR3,S,0.2927362620830536
Transformer-onehot,HCDR3,S,0.0378028526902198
Transformer-onehot,HCDR3,S,0.0
Transformer-onehot,HCDR3,S,0.0475702099502086
Transformer-onehot,HCDR3,S,0.0
Transformer-onehot,HCDR3,S,0.2032402157783508
Transformer-onehot,HCDR3,S,0.0157088544219732
Transformer-onehot,HCDR3,S,0.1808808892965316
Transformer-onehot,HCDR3,S,1.2622122764587402
Transformer-onehot,HCDR3,S,0.0
Transformer-onehot,HCDR3,S,0.0805782452225685
Transformer-onehot,HCDR3,S,0.0
Transformer-onehot,HCDR3,S,0.3586573004722595
Transformer-onehot,HCDR3,S,0.0
Transformer-onehot,HCDR3,S,0.5903360843658447
Transformer-onehot,HCDR3,S,0.0359447374939918
Transformer-onehot,HCDR3,S,0.0
Transformer-onehot,HCDR3,S,0.3796226382255554
Transformer-onehot,HCDR3,S,0.0
Transformer-onehot,HCDR3,S,0.0102812349796295
Transformer-onehot,HCDR3,S,0.0
Transformer-onehot,HCDR3,S,0.0
Transformer-onehot,HCDR3,S,0.6532819271087646
Transformer-onehot,HCDR3,S,0.1546220630407333
Transformer-onehot,HCDR3,S,0.0452071465551853
Transformer-onehot,HCDR3,S,0.1477098762989044
Transformer-onehot,HCDR3,S,0.0
Transformer-onehot,HCDR3,S,0.9492395520210266
Transformer-onehot,HCDR3,S,0.0673497542738914
Transformer-onehot,HCDR3,S,0.0
Transformer-onehot,HCDR3,S,0.0492239296436309
Transformer-onehot,HCDR3,S,0.2358576953411102
Transformer-onehot,HCDR3,S,0.0
Transformer-onehot,HCDR3,S,0.0102405585348606
Transformer-onehot,HCDR3,S,0.1133022531867027
Transformer-onehot,HCDR3,S,0.0
Transformer-onehot,HCDR3,S,0.602739155292511
Transformer-onehot,HCDR3,S,0.0
Transformer-onehot,HCDR3,S,0.0
Transformer-onehot,HCDR3,S,0.1257439106702804
Transformer-onehot,HCDR3,S,0.7431402802467346
Transformer-onehot,HCDR3,S,0.0
Transformer-onehot,HCDR3,S,0.1634122282266616
Transformer-onehot,HCDR3,S,0.0105678932741284
Transformer-onehot,HCDR3,S,0.0
Transformer-onehot,HCDR3,S,0.0
Transformer-onehot,HCDR3,S,0.1001488044857978
Transformer-onehot,HCDR3,S,0.751563310623169
Transformer-onehot,HCDR3,S,0.0
Transformer-onehot,HCDR3,S,0.2907110750675201
Transformer-onehot,HCDR3,S,0.0
Transformer-onehot,HCDR3,S,0.0
Transformer-onehot,HCDR3,S,0.1095540449023246
Transformer-onehot,HCDR3,S,0.0
Transformer-onehot,HCDR3,S,0.0200261920690536
Transformer-onehot,HCDR3,S,0.0
Transformer-onehot,HCDR3,S,0.0052899387665092
Transformer-onehot,HCDR3,S,0.0
Transformer-onehot,HCDR3,S,0.0444714166224002
Transformer-onehot,HCDR3,S,0.0
Transformer-onehot,HCDR3,S,0.1912366598844528
Transformer-onehot,HCDR3,S,0.0
Transformer-onehot,HCDR3,S,0.0
Transformer-onehot,HCDR3,S,0.0
Transformer-onehot,HCDR3,S,0.4940069019794464
Transformer-onehot,HCDR3,S,0.0
Transformer-onehot,HCDR3,S,0.9983662962913512
Transformer-onehot,HCDR3,S,0.0
Transformer-onehot,HCDR3,S,0.0
Transformer-onehot,HCDR3,S,0.1572023779153823
Transformer-onehot,HCDR3,S,0.206075444817543
Transformer-onehot,HCDR3,S,0.8422062397003174
Transformer-onehot,HCDR3,S,0.0
Transformer-onehot,HCDR3,S,0.0472516044974327
Transformer-onehot,HCDR3,S,0.1261118948459625
Transformer-onehot,HCDR3,S,0.0
Transformer-onehot,HCDR3,S,0.5551198720932007
Transformer-onehot,HCDR3,S,0.6210048794746399
Transformer-onehot,HCDR3,S,0.2156806141138076
Transformer-onehot,HCDR3,S,1.132457971572876
Transformer-onehot,HCDR3,S,0.0980351269245147
Transformer-onehot,HCDR3,S,0.0
Transformer-onehot,HCDR3,S,0.0544160157442092
Transformer-onehot,HCDR3,S,0.1052993163466453
Transformer-onehot,HCDR3,S,0.0
Transformer-onehot,HCDR3,S,0.0
Transformer-onehot,HCDR3,S,0.183699369430542
Transformer-onehot,HCDR3,S,0.1193802654743194
Transformer-onehot,HCDR3,S,3.082632541656494
Transformer-onehot,HCDR3,S,1.027784824371338
Transformer-onehot,HCDR3,S,0.0
Transformer-onehot,HCDR3,S,0.0
Transformer-onehot,HCDR3,S,0.0269706100225448
Transformer-onehot,HCDR3,S,0.0
Transformer-onehot,HCDR3,S,0.3029384315013885
Transformer-onehot,HCDR3,S,0.0568475313484668
Transformer-onehot,HCDR3,S,0.0
Transformer-onehot,HCDR3,S,0.0
Transformer-onehot,HCDR3,S,1.1599018573760986
Transformer-onehot,HCDR3,S,0.1161696165800094
Transformer-onehot,HCDR3,S,0.0
Transformer-onehot,HCDR3,S,0.0522259399294853
Transformer-onehot,HCDR3,S,0.3793655633926391
Transformer-onehot,HCDR3,S,0.1342581659555435
Transformer-onehot,HCDR3,S,0.0
Transformer-onehot,HCDR3,S,0.6868462562561035
Transformer-onehot,HCDR3,S,0.4925680458545685
Transformer-onehot,HCDR3,S,0.0
Transformer-onehot,HCDR3,S,0.0970410928130149
Transformer-onehot,HCDR3,S,0.0
Transformer-onehot,HCDR3,S,0.019154293462634
Transformer-onehot,HCDR3,S,0.0
Transformer-onehot,HCDR3,S,0.0
Transformer-onehot,HCDR3,S,0.8731957674026489
Transformer-onehot,HCDR3,S,0.087673582136631
Transformer-onehot,HCDR3,S,0.0
Transformer-onehot,HCDR3,S,0.0
Transformer-onehot,HCDR3,S,0.7204102277755737
Transformer-onehot,HCDR3,S,0.8060163855552673
Transformer-onehot,HCDR3,S,1.1303499937057495
Transformer-onehot,HCDR3,S,0.0618921145796775
Transformer-onehot,HCDR3,S,0.0519512295722961
Transformer-onehot,HCDR3,S,0.0550016909837722
Transformer-onehot,HCDR3,S,0.0
Transformer-onehot,HCDR3,S,0.0
Transformer-onehot,HCDR3,S,0.1447319984436035
Transformer-onehot,HCDR3,S,1.380984663963318
Transformer-onehot,HCDR3,S,0.1825329512357711
Transformer-onehot,HCDR3,S,0.5706536769866943
Transformer-onehot,HCDR3,S,0.3344476222991943
Transformer-onehot,HCDR3,S,0.0
Transformer-onehot,HCDR3,S,0.0
Transformer-onehot,HCDR3,S,0.0323338508605957
Transformer-onehot,HCDR3,S,0.0
Transformer-onehot,HCDR3,S,0.0
Transformer-onehot,HCDR3,S,0.792251467704773
Transformer-onehot,HCDR3,S,0.5846609473228455
Transformer-onehot,HCDR3,S,0.0
Transformer-onehot,HCDR3,S,0.0
Transformer-onehot,HCDR3,S,0.0
Transformer-onehot,HCDR3,S,0.1520510017871856
Transformer-onehot,HCDR3,S,0.1970193684101104
Transformer-onehot,HCDR3,S,0.1795504838228225
Transformer-onehot,HCDR3,S,0.0
Transformer-onehot,HCDR3,S,0.0363332219421863
Transformer-onehot,HCDR3,S,0.0757324621081352
Transformer-onehot,HCDR3,S,0.8304913640022278
Transformer-onehot,HCDR3,S,0.0
Transformer-onehot,HCDR3,S,0.0
Transformer-onehot,HCDR3,S,0.0
Transformer-onehot,HCDR3,S,0.2387637495994568
Transformer-onehot,HCDR3,S,0.1695100963115692
Transformer-onehot,HCDR3,S,0.437692254781723
Transformer-onehot,HCDR3,S,0.0
Transformer-onehot,HCDR3,S,0.0
Transformer-onehot,HCDR3,S,0.0317350961267948
Transformer-onehot,HCDR3,S,0.0608494766056537
Transformer-onehot,HCDR3,S,0.0
Transformer-onehot,HCDR3,S,0.0
Transformer-onehot,HCDR3,S,0.0
Transformer-onehot,HCDR3,S,0.0
Transformer-onehot,HCDR3,S,0.0191570352762937
Transformer-onehot,HCDR3,S,0.6644265055656433
Transformer-onehot,HCDR3,S,0.0
Transformer-onehot,HCDR3,S,0.570224940776825
Transformer-onehot,HCDR3,S,0.3729154467582702
Transformer-onehot,HCDR3,S,0.0128314346075057
Transformer-onehot,HCDR3,S,0.7271602153778076
Transformer-onehot,HCDR3,S,0.0
Transformer-onehot,HCDR3,S,0.2106187343597412
Transformer-onehot,HCDR3,S,0.0
Transformer-onehot,HCDR3,S,0.1548097431659698
Transformer-onehot,HCDR3,S,0.0
Transformer-onehot,HCDR3,S,0.0
Transformer-onehot,HCDR3,S,0.070326343178749
Transformer-onehot,HCDR3,S,0.5830647945404053
Transformer-onehot,HCDR3,S,0.0
Transformer-onehot,HCDR3,S,0.0639035627245903
Transformer-onehot,HCDR3,S,0.0
Transformer-onehot,HCDR3,S,0.1649390012025833
Transformer-onehot,HCDR3,S,0.0
Transformer-onehot,HCDR3,S,0.0
Transformer-onehot,HCDR3,S,0.0
Transformer-onehot,HCDR3,S,0.8132010698318481
Transformer-onehot,HCDR3,S,0.0
Transformer-onehot,HCDR3,S,0.0
Transformer-onehot,HCDR3,S,1.370746374130249
Transformer-onehot,HCDR3,S,0.0808968693017959
Transformer-onehot,HCDR3,S,0.0649090409278869
Transformer-onehot,HCDR3,S,0.0
Transformer-onehot,HCDR3,S,0.25772824883461
Transformer-onehot,HCDR3,S,0.1329464167356491
Transformer-onehot,HCDR3,S,0.0
Transformer-onehot,HCDR3,S,1.5978941917419434
Transformer-onehot,HCDR3,S,0.0522714480757713
Transformer-onehot,HCDR3,S,0.1284630894660949
Transformer-onehot,HCDR3,S,0.0
Transformer-onehot,HCDR3,S,1.111562728881836
Transformer-onehot,HCDR3,S,0.0215311776846647
Transformer-onehot,HCDR3,S,0.0364757478237152
Transformer-onehot,HCDR3,S,2.7491674423217773
Transformer-onehot,HCDR3,S,0.3832140266895294
Transformer-onehot,HCDR3,S,0.1506278812885284
Transformer-onehot,HCDR3,S,0.4001961350440979
Transformer-onehot,HCDR3,S,0.0
Transformer-onehot,HCDR3,S,1.1954529285430908
Transformer-onehot,HCDR3,S,1.0150251388549805
Transformer-onehot,HCDR3,S,0.0
Transformer-onehot,HCDR3,S,0.1402327418327331
Transformer-onehot,HCDR3,S,0.9285358786582948
Transformer-onehot,HCDR3,S,0.6389923691749573
Transformer-onehot,HCDR3,S,0.0
Transformer-onehot,HCDR3,S,0.4470177292823791
Transformer-onehot,HCDR3,S,0.0393383093178272
Transformer-onehot,HCDR3,S,0.6379305124282837
Transformer-onehot,HCDR3,S,0.0
Transformer-onehot,HCDR3,S,0.5312821865081787
Transformer-onehot,HCDR3,S,0.9673038721084596
Transformer-onehot,HCDR3,S,0.5271620750427246
Transformer-onehot,HCDR3,S,0.184451550245285
Transformer-onehot,HCDR3,S,0.0668507516384124
Transformer-onehot,HCDR3,S,2.60105299949646
Transformer-onehot,HCDR3,S,0.0598106458783149
Transformer-onehot,HCDR3,S,0.0402741879224777
Transformer-onehot,HCDR3,S,0.2510105669498443
Transformer-onehot,HCDR3,S,0.0074612414464354
Transformer-onehot,HCDR3,S,0.9228915572166444
Transformer-onehot,HCDR3,S,0.0
Transformer-onehot,HCDR3,S,0.8225895762443542
Transformer-onehot,HCDR3,S,1.154162883758545
Transformer-onehot,HCDR3,S,0.1133423745632171
Transformer-onehot,HCDR3,S,0.4054652452468872
Transformer-onehot,HCDR3,S,0.1639910638332367
Transformer-onehot,HCDR3,S,0.0725863873958587
Transformer-onehot,HCDR3,S,0.0
Transformer-onehot,HCDR3,S,1.0795812606811523
Transformer-onehot,HCDR3,S,0.0
Transformer-onehot,HCDR3,S,0.6795355081558228
Transformer-onehot,HCDR3,S,0.0
Transformer-onehot,HCDR3,S,0.0513645149767398
Transformer-onehot,HCDR3,S,0.0
Transformer-onehot,HCDR3,S,0.0
Transformer-onehot,HCDR3,S,0.6852355599403381
Transformer-onehot,HCDR3,S,0.554357647895813
Transformer-onehot,HCDR3,S,0.0590398237109184
Transformer-onehot,HCDR3,S,0.0
Transformer-onehot,HCDR3,S,0.0
Transformer-onehot,HCDR3,S,0.0
Transformer-onehot,HCDR3,S,0.7620638608932495
Transformer-onehot,HCDR3,S,0.0607343316078186
Transformer-onehot,HCDR3,S,0.0
Transformer-onehot,HCDR3,S,0.0
Transformer-onehot,HCDR3,S,0.3544713258743286
Transformer-onehot,HCDR3,S,0.1716019660234451
Transformer-onehot,HCDR3,S,0.5144939422607422
Transformer-onehot,HCDR3,S,0.0480321198701858
Transformer-onehot,HCDR3,S,0.4053769409656524
Transformer-onehot,HCDR3,S,0.0
Transformer-onehot,HCDR3,S,0.1767240911722183
Transformer-onehot,HCDR3,S,0.1583988815546035
Transformer-onehot,HCDR3,S,0.6895891427993774
Transformer-onehot,HCDR3,S,0.0
Transformer-onehot,HCDR3,S,0.0
Transformer-onehot,HCDR3,S,0.5926507711410522
Transformer-onehot,HCDR3,S,0.0
Transformer-onehot,HCDR3,S,0.0
Transformer-onehot,HCDR3,S,0.0
Transformer-onehot,HCDR3,S,0.0944230034947395
Transformer-onehot,HCDR3,S,0.2129990011453628
Transformer-onehot,HCDR3,S,0.0
Transformer-onehot,HCDR3,S,0.533342719078064
Transformer-onehot,HCDR3,S,0.4388024508953094
Transformer-onehot,HCDR3,S,0.0
Transformer-onehot,HCDR3,S,0.1066266521811485
Transformer-onehot,HCDR3,S,0.0
Transformer-onehot,HCDR3,S,0.4876537919044494
Transformer-onehot,HCDR3,S,0.0
Transformer-onehot,HCDR3,S,0.1075494661927223
Transformer-onehot,HCDR3,S,0.4997432827949524
Transformer-onehot,HCDR3,S,0.5079147815704346
Transformer-onehot,HCDR3,S,0.0
Transformer-onehot,HCDR3,S,0.0
Transformer-onehot,HCDR3,S,0.0858353152871131
Transformer-onehot,HCDR3,S,0.0235123950988054
Transformer-onehot,HCDR3,S,0.7985256910324097
Transformer-onehot,HCDR3,S,0.0
Transformer-onehot,HCDR3,S,0.0
Transformer-onehot,HCDR3,S,0.0
Transformer-onehot,HCDR3,S,1.0262112617492676
Transformer-onehot,HCDR3,S,0.0
Transformer-onehot,HCDR3,S,0.163059577345848
Transformer-onehot,HCDR3,S,0.0
Transformer-onehot,HCDR3,S,0.0
Transformer-onehot,HCDR3,S,0.1642304360866546
Transformer-onehot,HCDR3,S,0.4085251688957214
Transformer-onehot,HCDR3,S,0.3327004313468933
Transformer-onehot,HCDR3,S,0.0
Transformer-onehot,HCDR3,S,0.0476808734238147
Transformer-onehot,HCDR3,S,0.0
Transformer-onehot,HCDR3,S,0.0
Transformer-onehot,HCDR3,S,0.0
Transformer-onehot,HCDR3,S,0.0
Transformer-onehot,HCDR3,S,0.0
Transformer-onehot,HCDR3,S,0.0574431680142879
Transformer-onehot,HCDR3,S,0.0
Transformer-onehot,HCDR3,S,0.0
Transformer-onehot,HCDR3,S,0.0
Transformer-onehot,HCDR3,S,0.1574618518352508
Transformer-onehot,HCDR3,S,0.0
Transformer-onehot,HCDR3,S,0.0443528145551681
Transformer-onehot,HCDR3,S,0.2461246848106384
Transformer-onehot,HCDR3,S,0.0257925055921077
Transformer-onehot,HCDR3,S,0.2452657371759414
Transformer-onehot,HCDR3,S,0.2675716876983642
Transformer-onehot,HCDR3,S,0.0
Transformer-onehot,HCDR3,S,0.0
Transformer-onehot,HCDR3,S,0.1991429477930069
Transformer-onehot,HCDR3,S,1.1122883558273315
Transformer-onehot,HCDR3,S,0.5313485264778137
Transformer-onehot,HCDR3,S,0.2774800956249237
Transformer-onehot,HCDR3,S,0.0
Transformer-onehot,HCDR3,S,0.0
Transformer-onehot,HCDR3,S,0.0
Transformer-onehot,HCDR3,S,0.1820095330476761
Transformer-onehot,HCDR3,S,0.678475022315979
Transformer-onehot,HCDR3,S,0.3151746988296509
Transformer-onehot,HCDR3,S,0.0441805236041545
Transformer-onehot,HCDR3,S,0.3473255038261413
Transformer-onehot,HCDR3,S,0.0
Transformer-onehot,HCDR3,S,0.0
Transformer-onehot,HCDR3,S,0.0554191507399082
Transformer-onehot,HCDR3,S,0.0
Transformer-onehot,HCDR3,S,0.1525643169879913
Transformer-onehot,HCDR3,S,0.1252671182155609
Transformer-onehot,HCDR3,S,0.0
Transformer-onehot,HCDR3,S,0.0
Transformer-onehot,HCDR3,S,0.1486301124095916
Transformer-onehot,HCDR3,S,0.1719993948936462
Transformer-onehot,HCDR3,S,0.1227601990103721
Transformer-onehot,HCDR3,S,0.3317952156066894
Transformer-onehot,HCDR3,S,0.0
Transformer-onehot,HCDR3,S,0.0615244098007679
Transformer-onehot,HCDR3,S,0.0
Transformer-onehot,HCDR3,S,0.0
Transformer-onehot,HCDR3,S,0.3713014423847198
Transformer-onehot,HCDR3,S,0.8328298330307007
Transformer-onehot,HCDR3,S,0.0
Transformer-onehot,HCDR3,S,0.0
Transformer-onehot,HCDR3,S,0.314430832862854
Transformer-onehot,HCDR3,S,0.0
Transformer-onehot,HCDR3,S,0.0
Transformer-onehot,HCDR3,S,0.4749194383621216
Transformer-onehot,HCDR3,S,0.0
Transformer-onehot,HCDR3,S,0.0
Transformer-onehot,HCDR3,S,0.0
Transformer-onehot,HCDR3,S,0.085043653845787
Transformer-onehot,HCDR3,S,0.7196099162101746
Transformer-onehot,HCDR3,S,0.1296291202306747
Transformer-onehot,HCDR3,S,0.3533977270126343
Transformer-onehot,HCDR3,S,0.0390512458980083
Transformer-onehot,HCDR3,S,0.0973192378878593
Transformer-onehot,HCDR3,S,1.7855851650238037
Transformer-onehot,HCDR3,S,0.0844991505146026
Transformer-onehot,HCDR3,S,0.0
Transformer-onehot,HCDR3,S,0.2630945444107055
Transformer-onehot,HCDR3,S,0.4323465526103973
Transformer-onehot,HCDR3,S,0.0441780984401702
Transformer-onehot,HCDR3,S,0.0
Transformer-onehot,HCDR3,S,0.0
Transformer-onehot,HCDR3,S,0.0
Transformer-onehot,HCDR3,S,0.0
Transformer-onehot,HCDR3,S,0.0
Transformer-onehot,HCDR3,S,0.2033687382936477
Transformer-onehot,HCDR3,S,0.0
Transformer-onehot,HCDR3,S,0.0
Transformer-onehot,HCDR3,S,0.0
Transformer-onehot,HCDR3,S,0.0
Transformer-onehot,HCDR3,S,0.6788735389709473
Transformer-onehot,HCDR3,S,0.0
Transformer-onehot,HCDR3,S,0.0
Transformer-onehot,HCDR3,S,0.0
Transformer-onehot,HCDR3,S,0.0
Transformer-onehot,HCDR3,S,0.5271131992340088
Transformer-onehot,HCDR3,S,0.2772338092327118
Transformer-onehot,HCDR3,S,0.0
Transformer-onehot,HCDR3,S,0.1751170009374618
Transformer-onehot,HCDR3,S,0.0
Transformer-onehot,HCDR3,S,0.0
Transformer-onehot,HCDR3,S,0.6707802414894104
Transformer-onehot,HCDR3,S,0.4356840550899505
Transformer-onehot,HCDR3,S,0.0
Transformer-onehot,HCDR3,S,0.1901970207691192
Transformer-onehot,HCDR3,S,0.0
Transformer-onehot,HCDR3,S,0.0
Transformer-onehot,HCDR3,S,0.7055314779281616
Transformer-onehot,HCDR3,S,0.0
Transformer-onehot,HCDR3,S,0.0
Transformer-onehot,HCDR3,S,0.5760776400566101
Transformer-onehot,HCDR3,S,0.0
Transformer-onehot,HCDR3,S,0.0
Transformer-onehot,HCDR3,S,0.0298806950449943
Transformer-onehot,HCDR3,S,0.2013773471117019
Transformer-onehot,HCDR3,S,0.0
Transformer-onehot,HCDR3,S,0.0
Transformer-onehot,HCDR3,S,0.4606634378433227
Transformer-onehot,HCDR3,S,0.0
Transformer-onehot,HCDR3,S,0.2212830483913421
Transformer-onehot,HCDR3,S,0.0258446466177701
Transformer-onehot,HCDR3,S,0.0
Transformer-onehot,HCDR3,S,0.4222643971443176
Transformer-onehot,HCDR3,S,0.0
Transformer-onehot,HCDR3,S,0.5744845867156982
Transformer-onehot,HCDR3,S,0.4494989216327667
Transformer-onehot,HCDR3,S,0.0325414165854454
Transformer-onehot,HCDR3,S,0.0
Transformer-onehot,HCDR3,S,0.1376012712717056
Transformer-onehot,HCDR3,S,0.0
Transformer-onehot,HCDR3,S,0.088870570063591
Transformer-onehot,HCDR3,S,1.144995093345642
Transformer-onehot,HCDR3,S,0.0
Transformer-onehot,HCDR3,S,0.0
Transformer-onehot,HCDR3,S,0.0
Transformer-onehot,HCDR3,S,0.0
Transformer-onehot,HCDR3,S,0.3127460181713104
Transformer-onehot,HCDR3,S,0.0
Transformer-onehot,HCDR3,S,0.3104631900787353
Transformer-onehot,HCDR3,S,0.0
Transformer-onehot,HCDR3,S,0.341128259897232
Transformer-onehot,HCDR3,S,0.0
Transformer-onehot,HCDR3,S,0.0
Transformer-onehot,HCDR3,S,0.0
Transformer-onehot,HCDR3,S,0.0
Transformer-onehot,HCDR3,S,0.486852079629898
Transformer-onehot,HCDR3,S,0.0
Transformer-onehot,HCDR3,S,0.0
Transformer-onehot,HCDR3,S,0.1239798218011856
Transformer-onehot,HCDR3,S,0.0
Transformer-onehot,HCDR3,S,0.0410830453038215
Transformer-onehot,HCDR3,S,0.9974572658538818
Transformer-onehot,HCDR3,S,0.0
Transformer-onehot,HCDR3,S,0.1639965176582336
Transformer-onehot,HCDR3,S,0.2160218805074691
Transformer-onehot,HCDR3,S,0.0
Transformer-onehot,HCDR3,S,0.3747931718826294
Transformer-onehot,HCDR3,S,0.0
Transformer-onehot,HCDR3,S,0.0
Transformer-onehot,HCDR3,S,0.0
Transformer-onehot,HCDR3,S,0.7075092792510986
Transformer-onehot,HCDR3,S,0.7896661758422852
Transformer-onehot,HCDR3,S,0.0
Transformer-onehot,HCDR3,S,0.2434509992599487
Transformer-onehot,HCDR3,S,0.1164269596338272
Transformer-onehot,HCDR3,S,0.0
Transformer-onehot,HCDR3,S,0.0
Transformer-onehot,HCDR3,S,0.6138718724250793
Transformer-onehot,HCDR3,S,0.0
Transformer-onehot,HCDR3,S,0.1696076542139053
Transformer-onehot,HCDR3,S,0.0
Transformer-onehot,HCDR3,S,0.0
Transformer-onehot,HCDR3,S,0.0
Transformer-onehot,HCDR3,S,0.0
Transformer-onehot,HCDR3,S,0.0
Transformer-onehot,HCDR3,S,0.1721943765878677
Transformer-onehot,HCDR3,S,0.0
Transformer-onehot,HCDR3,S,0.0
Transformer-onehot,HCDR3,S,0.3683203160762787
Transformer-onehot,HCDR3,S,0.0
Transformer-onehot,HCDR3,S,0.2779023349285126
Transformer-onehot,HCDR3,S,0.4851203560829162
Transformer-onehot,HCDR3,S,0.0205729100853204
Transformer-onehot,HCDR3,S,0.2430239170789718
Transformer-onehot,HCDR3,S,0.0
Transformer-onehot,HCDR3,S,0.0441177748143672
Transformer-onehot,HCDR3,S,0.2326563149690628
Transformer-onehot,HCDR3,S,0.1195331737399101
Transformer-onehot,HCDR3,S,0.0
Transformer-onehot,HCDR3,S,0.0
Transformer-onehot,HCDR3,S,0.5937645435333252
Transformer-onehot,HCDR3,S,0.9492822885513306
Transformer-onehot,HCDR3,S,0.080580860376358
Transformer-onehot,HCDR3,S,0.0
Transformer-onehot,HCDR3,T,0.0
Transformer-onehot,HCDR3,T,0.0
Transformer-onehot,HCDR3,T,0.0981084778904914
Transformer-onehot,HCDR3,T,0.0
Transformer-onehot,HCDR3,T,0.0711541399359703
Transformer-onehot,HCDR3,T,1.535281777381897
Transformer-onehot,HCDR3,T,0.0262999776750803
Transformer-onehot,HCDR3,T,0.0
Transformer-onehot,HCDR3,T,0.0828817635774612
Transformer-onehot,HCDR3,T,0.0
Transformer-onehot,HCDR3,T,0.1910234838724136
Transformer-onehot,HCDR3,T,0.0
Transformer-onehot,HCDR3,T,0.0
Transformer-onehot,HCDR3,T,0.1959711611270904
Transformer-onehot,HCDR3,T,0.3394469916820526
Transformer-onehot,HCDR3,T,0.0
Transformer-onehot,HCDR3,T,0.0
Transformer-onehot,HCDR3,T,0.0
Transformer-onehot,HCDR3,T,0.0538211837410926
Transformer-onehot,HCDR3,T,0.0
Transformer-onehot,HCDR3,T,0.0
Transformer-onehot,HCDR3,T,0.0
Transformer-onehot,HCDR3,T,0.0
Transformer-onehot,HCDR3,T,0.7410790324211121
Transformer-onehot,HCDR3,T,0.0
Transformer-onehot,HCDR3,T,0.0521057173609733
Transformer-onehot,HCDR3,T,0.5818507671356201
Transformer-onehot,HCDR3,T,0.3812364637851715
Transformer-onehot,HCDR3,T,0.0
Transformer-onehot,HCDR3,T,0.0
Transformer-onehot,HCDR3,T,0.0
Transformer-onehot,HCDR3,T,0.0
Transformer-onehot,HCDR3,T,0.0
Transformer-onehot,HCDR3,T,0.0
Transformer-onehot,HCDR3,T,0.0
Transformer-onehot,HCDR3,T,0.0
Transformer-onehot,HCDR3,T,0.6232605576515198
Transformer-onehot,HCDR3,T,0.5041382908821106
Transformer-onehot,HCDR3,T,0.0156320296227931
Transformer-onehot,HCDR3,T,0.5956813097000122
Transformer-onehot,HCDR3,T,0.0
Transformer-onehot,HCDR3,T,0.0
Transformer-onehot,HCDR3,T,0.0
Transformer-onehot,HCDR3,T,0.0
Transformer-onehot,HCDR3,T,0.0
Transformer-onehot,HCDR3,T,0.4747920334339142
Transformer-onehot,HCDR3,T,0.0
Transformer-onehot,HCDR3,T,0.0434578545391559
Transformer-onehot,HCDR3,T,0.0
Transformer-onehot,HCDR3,T,0.0
Transformer-onehot,HCDR3,T,0.14569753408432
Transformer-onehot,HCDR3,T,0.0
Transformer-onehot,HCDR3,T,0.0
Transformer-onehot,HCDR3,T,0.1190540343523025
Transformer-onehot,HCDR3,T,0.0
Transformer-onehot,HCDR3,T,0.2833350896835327
Transformer-onehot,HCDR3,T,0.0
Transformer-onehot,HCDR3,T,0.0
Transformer-onehot,HCDR3,T,0.0
Transformer-onehot,HCDR3,T,0.2003815621137619
Transformer-onehot,HCDR3,T,0.0
Transformer-onehot,HCDR3,T,0.0
Transformer-onehot,HCDR3,T,0.0
Transformer-onehot,HCDR3,T,0.0
Transformer-onehot,HCDR3,T,0.0
Transformer-onehot,HCDR3,T,0.0
Transformer-onehot,HCDR3,T,0.0
Transformer-onehot,HCDR3,T,0.0
Transformer-onehot,HCDR3,T,0.2479350566864013
Transformer-onehot,HCDR3,T,0.0
Transformer-onehot,HCDR3,T,0.0
Transformer-onehot,HCDR3,T,0.2308884859085083
Transformer-onehot,HCDR3,T,0.0
Transformer-onehot,HCDR3,T,0.0
Transformer-onehot,HCDR3,T,0.0
Transformer-onehot,HCDR3,T,0.0
Transformer-onehot,HCDR3,T,0.0
Transformer-onehot,HCDR3,T,0.0339985750615596
Transformer-onehot,HCDR3,T,0.0
Transformer-onehot,HCDR3,T,0.0
Transformer-onehot,HCDR3,T,0.4330468475818634
Transformer-onehot,HCDR3,T,0.0
Transformer-onehot,HCDR3,T,0.0
Transformer-onehot,HCDR3,T,0.0
Transformer-onehot,HCDR3,T,0.0
Transformer-onehot,HCDR3,T,0.0
Transformer-onehot,HCDR3,T,0.4678224921226501
Transformer-onehot,HCDR3,T,0.0
Transformer-onehot,HCDR3,T,0.0
Transformer-onehot,HCDR3,T,0.0
Transformer-onehot,HCDR3,T,0.0
Transformer-onehot,HCDR3,T,0.0564640276134014
Transformer-onehot,HCDR3,T,0.0
Transformer-onehot,HCDR3,T,0.0
Transformer-onehot,HCDR3,T,0.3052265048027038
Transformer-onehot,HCDR3,T,0.3042918145656585
Transformer-onehot,HCDR3,T,0.0
Transformer-onehot,HCDR3,T,0.0
Transformer-onehot,HCDR3,T,0.0
Transformer-onehot,HCDR3,T,0.0
Transformer-onehot,HCDR3,T,0.0
Transformer-onehot,HCDR3,T,0.151161715388298
Transformer-onehot,HCDR3,T,0.18886698782444
Transformer-onehot,HCDR3,T,0.0
Transformer-onehot,HCDR3,T,0.0
Transformer-onehot,HCDR3,T,0.0
Transformer-onehot,HCDR3,T,0.0
Transformer-onehot,HCDR3,T,0.0
Transformer-onehot,HCDR3,T,0.0
Transformer-onehot,HCDR3,T,0.0157704520970582
Transformer-onehot,HCDR3,T,0.0
Transformer-onehot,HCDR3,T,0.0289155784994363
Transformer-onehot,HCDR3,T,0.239550232887268
Transformer-onehot,HCDR3,T,0.0
Transformer-onehot,HCDR3,T,0.0
Transformer-onehot,HCDR3,T,0.0
Transformer-onehot,HCDR3,T,0.0
Transformer-onehot,HCDR3,T,1.4837424755096436
Transformer-onehot,HCDR3,T,0.0
Transformer-onehot,HCDR3,T,0.0
Transformer-onehot,HCDR3,T,0.0
Transformer-onehot,HCDR3,T,0.0
Transformer-onehot,HCDR3,T,0.0
Transformer-onehot,HCDR3,T,0.0
Transformer-onehot,HCDR3,T,0.0
Transformer-onehot,HCDR3,T,0.0
Transformer-onehot,HCDR3,T,0.0375470928847789
Transformer-onehot,HCDR3,T,0.0
Transformer-onehot,HCDR3,T,0.2047495245933532
Transformer-onehot,HCDR3,T,0.018994640558958
Transformer-onehot,HCDR3,T,0.0
Transformer-onehot,HCDR3,T,0.0176522526890039
Transformer-onehot,HCDR3,T,0.0
Transformer-onehot,HCDR3,T,0.0
Transformer-onehot,HCDR3,T,0.0
Transformer-onehot,HCDR3,T,0.0
Transformer-onehot,HCDR3,T,0.59925377368927
Transformer-onehot,HCDR3,T,0.5299022197723389
Transformer-onehot,HCDR3,T,0.4499025046825409
Transformer-onehot,HCDR3,T,0.0
Transformer-onehot,HCDR3,T,0.0
Transformer-onehot,HCDR3,T,0.0196302738040685
Transformer-onehot,HCDR3,T,0.0
Transformer-onehot,HCDR3,T,0.1051080375909805
Transformer-onehot,HCDR3,T,0.0
Transformer-onehot,HCDR3,T,0.0
Transformer-onehot,HCDR3,T,0.0
Transformer-onehot,HCDR3,T,1.1075574159622192
Transformer-onehot,HCDR3,T,0.0
Transformer-onehot,HCDR3,T,0.3794604837894439
Transformer-onehot,HCDR3,T,0.0519698187708854
Transformer-onehot,HCDR3,T,0.0210750475525856
Transformer-onehot,HCDR3,T,0.191901221871376
Transformer-onehot,HCDR3,T,0.0
Transformer-onehot,HCDR3,T,1.4581774473190308
Transformer-onehot,HCDR3,T,0.0
Transformer-onehot,HCDR3,T,0.0
Transformer-onehot,HCDR3,T,0.4920563697814941
Transformer-onehot,HCDR3,T,0.0
Transformer-onehot,HCDR3,T,0.0
Transformer-onehot,HCDR3,T,0.0
Transformer-onehot,HCDR3,T,0.2038540095090866
Transformer-onehot,HCDR3,T,0.3288394510746002
Transformer-onehot,HCDR3,T,0.0
Transformer-onehot,HCDR3,T,0.0
Transformer-onehot,HCDR3,T,0.0
Transformer-onehot,HCDR3,T,0.0
Transformer-onehot,HCDR3,T,0.1112388223409652
Transformer-onehot,HCDR3,T,0.0
Transformer-onehot,HCDR3,T,0.4198394119739532
Transformer-onehot,HCDR3,T,0.0
Transformer-onehot,HCDR3,T,0.5171108841896057
Transformer-onehot,HCDR3,T,0.0
Transformer-onehot,HCDR3,T,0.0
Transformer-onehot,HCDR3,T,0.0
Transformer-onehot,HCDR3,T,0.0
Transformer-onehot,HCDR3,T,0.0
Transformer-onehot,HCDR3,T,0.0251634549349546
Transformer-onehot,HCDR3,T,0.045252650976181
Transformer-onehot,HCDR3,T,0.0
Transformer-onehot,HCDR3,T,0.0
Transformer-onehot,HCDR3,T,0.7017560601234436
Transformer-onehot,HCDR3,T,0.4018492996692657
Transformer-onehot,HCDR3,T,0.0
Transformer-onehot,HCDR3,T,0.0
Transformer-onehot,HCDR3,T,0.0186197105795145
Transformer-onehot,HCDR3,T,0.0
Transformer-onehot,HCDR3,T,0.048667836934328
Transformer-onehot,HCDR3,T,0.0
Transformer-onehot,HCDR3,T,0.0
Transformer-onehot,HCDR3,T,0.2924477756023407
Transformer-onehot,HCDR3,T,0.0
Transformer-onehot,HCDR3,T,0.0
Transformer-onehot,HCDR3,T,0.0
Transformer-onehot,HCDR3,T,0.0
Transformer-onehot,HCDR3,T,0.0
Transformer-onehot,HCDR3,T,0.0
Transformer-onehot,HCDR3,T,0.1479162275791168
Transformer-onehot,HCDR3,T,0.0
Transformer-onehot,HCDR3,T,0.0
Transformer-onehot,HCDR3,T,0.0
Transformer-onehot,HCDR3,T,0.0
Transformer-onehot,HCDR3,T,0.0
Transformer-onehot,HCDR3,T,0.276111751794815
Transformer-onehot,HCDR3,T,0.0
Transformer-onehot,HCDR3,T,0.0
Transformer-onehot,HCDR3,T,0.0
Transformer-onehot,HCDR3,T,0.0
Transformer-onehot,HCDR3,T,0.0928295403718948
Transformer-onehot,HCDR3,T,0.0
Transformer-onehot,HCDR3,T,0.2528020441532135
Transformer-onehot,HCDR3,T,0.1092278137803077
Transformer-onehot,HCDR3,T,0.0
Transformer-onehot,HCDR3,T,0.0
Transformer-onehot,HCDR3,T,0.0
Transformer-onehot,HCDR3,T,0.0
Transformer-onehot,HCDR3,T,0.4468704760074615
Transformer-onehot,HCDR3,T,0.0443464964628219
Transformer-onehot,HCDR3,T,0.0
Transformer-onehot,HCDR3,T,0.0
Transformer-onehot,HCDR3,T,0.0
Transformer-onehot,HCDR3,T,0.0
Transformer-onehot,HCDR3,T,0.0
Transformer-onehot,HCDR3,T,1.0534785985946655
Transformer-onehot,HCDR3,T,0.0
Transformer-onehot,HCDR3,T,0.0
Transformer-onehot,HCDR3,T,0.0
Transformer-onehot,HCDR3,T,0.0
Transformer-onehot,HCDR3,T,0.0
Transformer-onehot,HCDR3,T,0.0
Transformer-onehot,HCDR3,T,0.0
Transformer-onehot,HCDR3,T,1.5888007879257202
Transformer-onehot,HCDR3,T,0.0
Transformer-onehot,HCDR3,T,0.6902825236320496
Transformer-onehot,HCDR3,T,0.0
Transformer-onehot,HCDR3,T,0.0
Transformer-onehot,HCDR3,T,0.2514573335647583
Transformer-onehot,HCDR3,T,0.0
Transformer-onehot,HCDR3,T,0.0
Transformer-onehot,HCDR3,T,0.0
Transformer-onehot,HCDR3,T,0.0
Transformer-onehot,HCDR3,T,0.0
Transformer-onehot,HCDR3,T,0.0
Transformer-onehot,HCDR3,T,0.0
Transformer-onehot,HCDR3,T,0.0
Transformer-onehot,HCDR3,T,0.0
Transformer-onehot,HCDR3,T,0.1443376839160919
Transformer-onehot,HCDR3,T,0.0
Transformer-onehot,HCDR3,T,0.0
Transformer-onehot,HCDR3,T,0.0531925708055496
Transformer-onehot,HCDR3,T,0.0
Transformer-onehot,HCDR3,T,0.0
Transformer-onehot,HCDR3,T,0.0880814120173454
Transformer-onehot,HCDR3,T,0.0
Transformer-onehot,HCDR3,T,0.0
Transformer-onehot,HCDR3,T,0.0
Transformer-onehot,HCDR3,T,0.0
Transformer-onehot,HCDR3,T,0.1591137498617172
Transformer-onehot,HCDR3,T,0.0
Transformer-onehot,HCDR3,T,0.0
Transformer-onehot,HCDR3,T,0.0
Transformer-onehot,HCDR3,T,0.7907083034515381
Transformer-onehot,HCDR3,T,0.0
Transformer-onehot,HCDR3,T,0.0
Transformer-onehot,HCDR3,T,0.0
Transformer-onehot,HCDR3,T,0.0
Transformer-onehot,HCDR3,T,0.0
Transformer-onehot,HCDR3,T,0.0
Transformer-onehot,HCDR3,T,0.0
Transformer-onehot,HCDR3,T,0.0
Transformer-onehot,HCDR3,T,0.0
Transformer-onehot,HCDR3,T,0.2179959118366241
Transformer-onehot,HCDR3,T,0.0
Transformer-onehot,HCDR3,T,0.0
Transformer-onehot,HCDR3,T,0.0
Transformer-onehot,HCDR3,T,0.0
Transformer-onehot,HCDR3,T,0.0
Transformer-onehot,HCDR3,T,0.0
Transformer-onehot,HCDR3,T,0.0
Transformer-onehot,HCDR3,T,0.0
Transformer-onehot,HCDR3,T,0.0
Transformer-onehot,HCDR3,T,0.0
Transformer-onehot,HCDR3,T,0.0
Transformer-onehot,HCDR3,T,0.0
Transformer-onehot,HCDR3,T,0.5526657700538635
Transformer-onehot,HCDR3,T,0.5903214812278748
Transformer-onehot,HCDR3,T,0.0
Transformer-onehot,HCDR3,T,0.0
Transformer-onehot,HCDR3,T,0.0
Transformer-onehot,HCDR3,T,0.0
Transformer-onehot,HCDR3,T,0.0
Transformer-onehot,HCDR3,T,0.1531587094068527
Transformer-onehot,HCDR3,T,0.0
Transformer-onehot,HCDR3,T,0.0
Transformer-onehot,HCDR3,T,0.0
Transformer-onehot,HCDR3,T,0.0
Transformer-onehot,HCDR3,T,0.133850410580635
Transformer-onehot,HCDR3,T,0.0
Transformer-onehot,HCDR3,T,0.0
Transformer-onehot,HCDR3,T,0.0
Transformer-onehot,HCDR3,T,0.1813458055257797
Transformer-onehot,HCDR3,T,0.089140735566616
Transformer-onehot,HCDR3,T,0.0
Transformer-onehot,HCDR3,T,0.1749515086412429
Transformer-onehot,HCDR3,T,0.0
Transformer-onehot,HCDR3,T,0.0
Transformer-onehot,HCDR3,T,0.0483136288821697
Transformer-onehot,HCDR3,T,0.0
Transformer-onehot,HCDR3,T,0.3196072578430176
Transformer-onehot,HCDR3,T,0.0
Transformer-onehot,HCDR3,T,0.0
Transformer-onehot,HCDR3,T,0.0
Transformer-onehot,HCDR3,T,0.0
Transformer-onehot,HCDR3,T,0.0
Transformer-onehot,HCDR3,T,0.0
Transformer-onehot,HCDR3,T,0.0
Transformer-onehot,HCDR3,T,0.108473002910614
Transformer-onehot,HCDR3,T,0.2871737778186798
Transformer-onehot,HCDR3,T,0.0
Transformer-onehot,HCDR3,T,0.0646794438362121
Transformer-onehot,HCDR3,T,0.0643815025687217
Transformer-onehot,HCDR3,T,0.0
Transformer-onehot,HCDR3,T,0.0
Transformer-onehot,HCDR3,T,0.0
Transformer-onehot,HCDR3,T,0.0
Transformer-onehot,HCDR3,T,0.0
Transformer-onehot,HCDR3,T,0.0
Transformer-onehot,HCDR3,T,0.0
Transformer-onehot,HCDR3,T,0.0
Transformer-onehot,HCDR3,T,0.0
Transformer-onehot,HCDR3,T,0.0
Transformer-onehot,HCDR3,T,0.0
Transformer-onehot,HCDR3,T,0.2726576030254364
Transformer-onehot,HCDR3,T,0.0
Transformer-onehot,HCDR3,T,0.0
Transformer-onehot,HCDR3,T,0.0
Transformer-onehot,HCDR3,T,0.3802087306976318
Transformer-onehot,HCDR3,T,0.6340106725692749
Transformer-onehot,HCDR3,T,0.0
Transformer-onehot,HCDR3,T,0.0
Transformer-onehot,HCDR3,T,0.0
Transformer-onehot,HCDR3,T,0.0
Transformer-onehot,HCDR3,T,0.1345667541027069
Transformer-onehot,HCDR3,T,0.2600005865097046
Transformer-onehot,HCDR3,T,0.0
Transformer-onehot,HCDR3,T,0.0
Transformer-onehot,HCDR3,T,0.0
Transformer-onehot,HCDR3,T,0.0
Transformer-onehot,HCDR3,T,0.0
Transformer-onehot,HCDR3,T,0.3424505889415741
Transformer-onehot,HCDR3,T,0.0
Transformer-onehot,HCDR3,T,0.0
Transformer-onehot,HCDR3,T,0.0
Transformer-onehot,HCDR3,T,0.172306552529335
Transformer-onehot,HCDR3,T,0.0732981488108635
Transformer-onehot,HCDR3,T,0.3086700439453125
Transformer-onehot,HCDR3,T,0.3350749611854553
Transformer-onehot,HCDR3,T,0.1303096264600753
Transformer-onehot,HCDR3,T,0.0
Transformer-onehot,HCDR3,T,0.0
Transformer-onehot,HCDR3,T,0.0
Transformer-onehot,HCDR3,T,0.7201815247535706
Transformer-onehot,HCDR3,T,0.0
Transformer-onehot,HCDR3,T,0.0
Transformer-onehot,HCDR3,T,0.0
Transformer-onehot,HCDR3,T,0.5782510638237
Transformer-onehot,HCDR3,T,0.0
Transformer-onehot,HCDR3,T,0.0
Transformer-onehot,HCDR3,T,0.0
Transformer-onehot,HCDR3,T,0.0
Transformer-onehot,HCDR3,T,0.0
Transformer-onehot,HCDR3,T,0.0
Transformer-onehot,HCDR3,T,0.0
Transformer-onehot,HCDR3,T,0.2821990847587585
Transformer-onehot,HCDR3,T,0.0
Transformer-onehot,HCDR3,T,0.0
Transformer-onehot,HCDR3,T,0.1906312257051468
Transformer-onehot,HCDR3,T,0.0
Transformer-onehot,HCDR3,T,0.0
Transformer-onehot,HCDR3,T,0.0
Transformer-onehot,HCDR3,T,0.619236409664154
Transformer-onehot,HCDR3,T,0.0
Transformer-onehot,HCDR3,T,0.4361680746078491
Transformer-onehot,HCDR3,T,0.0
Transformer-onehot,HCDR3,T,0.0
Transformer-onehot,HCDR3,T,0.0
Transformer-onehot,HCDR3,T,0.1785179525613784
Transformer-onehot,HCDR3,T,0.0
Transformer-onehot,HCDR3,T,0.0
Transformer-onehot,HCDR3,T,0.0
Transformer-onehot,HCDR3,T,0.0
Transformer-onehot,HCDR3,T,0.0
Transformer-onehot,HCDR3,T,0.0
Transformer-onehot,HCDR3,T,0.0
Transformer-onehot,HCDR3,T,0.0
Transformer-onehot,HCDR3,T,1.2286770343780518
Transformer-onehot,HCDR3,T,0.0
Transformer-onehot,HCDR3,T,0.0
Transformer-onehot,HCDR3,T,0.0
Transformer-onehot,HCDR3,T,0.2871605157852173
Transformer-onehot,HCDR3,T,0.0
Transformer-onehot,HCDR3,T,0.3222731053829193
Transformer-onehot,HCDR3,T,0.3989873826503753
Transformer-onehot,HCDR3,T,0.0
Transformer-onehot,HCDR3,T,0.0
Transformer-onehot,HCDR3,T,0.0
Transformer-onehot,HCDR3,T,0.0
Transformer-onehot,HCDR3,T,0.0
Transformer-onehot,HCDR3,T,0.0
Transformer-onehot,HCDR3,T,0.0
Transformer-onehot,HCDR3,T,0.0
Transformer-onehot,HCDR3,T,0.4292026162147522
Transformer-onehot,HCDR3,T,0.0
Transformer-onehot,HCDR3,T,0.0
Transformer-onehot,HCDR3,T,1.0877528190612793
Transformer-onehot,HCDR3,T,0.0
Transformer-onehot,HCDR3,T,0.0
Transformer-onehot,HCDR3,T,0.0
Transformer-onehot,HCDR3,T,0.0
Transformer-onehot,HCDR3,T,0.0
Transformer-onehot,HCDR3,T,0.0
Transformer-onehot,HCDR3,T,0.0
Transformer-onehot,HCDR3,T,0.0
Transformer-onehot,HCDR3,T,0.0
Transformer-onehot,HCDR3,T,0.4871134161949157
Transformer-onehot,HCDR3,T,0.0
Transformer-onehot,HCDR3,T,0.0
Transformer-onehot,HCDR3,T,0.0
Transformer-onehot,HCDR3,T,0.5332627296447754
Transformer-onehot,HCDR3,T,0.1759896576404571
Transformer-onehot,HCDR3,T,0.0
Transformer-onehot,HCDR3,T,0.0
Transformer-onehot,HCDR3,T,0.0359715446829795
Transformer-onehot,HCDR3,T,0.0
Transformer-onehot,HCDR3,T,0.0
Transformer-onehot,HCDR3,T,0.3687605559825897
Transformer-onehot,HCDR3,T,0.0297548845410347
Transformer-onehot,HCDR3,T,0.4389821887016296
Transformer-onehot,HCDR3,T,0.0
Transformer-onehot,HCDR3,T,0.0
Transformer-onehot,HCDR3,T,0.0
Transformer-onehot,HCDR3,T,0.5574777722358704
Transformer-onehot,HCDR3,T,0.6142846941947937
Transformer-onehot,HCDR3,T,0.0
Transformer-onehot,HCDR3,T,0.490643709897995
Transformer-onehot,HCDR3,T,0.4029643833637237
Transformer-onehot,HCDR3,T,0.0
Transformer-onehot,HCDR3,T,0.0
Transformer-onehot,HCDR3,T,0.0
Transformer-onehot,HCDR3,T,0.0
Transformer-onehot,HCDR3,T,0.21714948117733
Transformer-onehot,HCDR3,T,0.0
Transformer-onehot,HCDR3,T,0.0
Transformer-onehot,HCDR3,T,0.0
Transformer-onehot,HCDR3,T,0.0
Transformer-onehot,HCDR3,T,0.0
Transformer-onehot,HCDR3,T,0.0
Transformer-onehot,HCDR3,T,0.0
Transformer-onehot,HCDR3,T,0.0
Transformer-onehot,HCDR3,T,0.0
Transformer-onehot,HCDR3,T,0.4517326653003692
Transformer-onehot,HCDR3,T,0.1448331922292709
Transformer-onehot,HCDR3,T,0.0
Transformer-onehot,HCDR3,T,0.1780692636966705
Transformer-onehot,HCDR3,T,0.0
Transformer-onehot,HCDR3,T,0.0
Transformer-onehot,HCDR3,T,0.0
Transformer-onehot,HCDR3,T,0.0
Transformer-onehot,HCDR3,T,0.0
Transformer-onehot,HCDR3,T,0.0
Transformer-onehot,HCDR3,T,0.0
Transformer-onehot,HCDR3,T,0.0
Transformer-onehot,HCDR3,T,0.0
Transformer-onehot,HCDR3,T,0.0
Transformer-onehot,HCDR3,T,0.0
Transformer-onehot,HCDR3,T,0.3568840324878692
Transformer-onehot,HCDR3,T,0.7124971151351929
Transformer-onehot,HCDR3,T,0.0
Transformer-onehot,HCDR3,T,0.6262209415435791
Transformer-onehot,HCDR3,T,0.0
Transformer-onehot,HCDR3,T,0.0
Transformer-onehot,HCDR3,T,0.0
Transformer-onehot,HCDR3,T,0.0
Transformer-onehot,HCDR3,T,0.0
Transformer-onehot,HCDR3,T,0.0
Transformer-onehot,HCDR3,T,0.0
Transformer-onehot,HCDR3,T,0.2847325801849365
Transformer-onehot,HCDR3,T,1.0603320598602295
Transformer-onehot,HCDR3,T,0.0
Transformer-onehot,HCDR3,T,0.0
Transformer-onehot,HCDR3,T,0.0
Transformer-onehot,HCDR3,T,0.0
Transformer-onehot,HCDR3,T,0.0
Transformer-onehot,HCDR3,T,0.0
Transformer-onehot,HCDR3,T,0.0
Transformer-onehot,HCDR3,T,0.0583104118704795
Transformer-onehot,HCDR3,T,0.4953162968158722
Transformer-onehot,HCDR3,T,0.630611777305603
Transformer-onehot,HCDR3,T,0.0
Transformer-onehot,HCDR3,T,0.0
Transformer-onehot,HCDR3,V,0.0
Transformer-onehot,HCDR3,V,0.3180422186851501
Transformer-onehot,HCDR3,V,0.0752364471554756
Transformer-onehot,HCDR3,V,0.0
Transformer-onehot,HCDR3,V,0.0
Transformer-onehot,HCDR3,V,0.0
Transformer-onehot,HCDR3,V,0.0864596590399742
Transformer-onehot,HCDR3,V,0.0
Transformer-onehot,HCDR3,V,0.0
Transformer-onehot,HCDR3,V,0.7975490093231201
Transformer-onehot,HCDR3,V,0.0
Transformer-onehot,HCDR3,V,0.0
Transformer-onehot,HCDR3,V,0.0
Transformer-onehot,HCDR3,V,0.2297744154930114
Transformer-onehot,HCDR3,V,0.0
Transformer-onehot,HCDR3,V,0.0
Transformer-onehot,HCDR3,V,0.0
Transformer-onehot,HCDR3,V,0.0
Transformer-onehot,HCDR3,V,0.0
Transformer-onehot,HCDR3,V,0.7053732872009277
Transformer-onehot,HCDR3,V,0.0
Transformer-onehot,HCDR3,V,0.0
Transformer-onehot,HCDR3,V,0.0
Transformer-onehot,HCDR3,V,0.0
Transformer-onehot,HCDR3,V,0.0
Transformer-onehot,HCDR3,V,0.0
Transformer-onehot,HCDR3,V,0.0
Transformer-onehot,HCDR3,V,0.7454272508621216
Transformer-onehot,HCDR3,V,0.6290213465690613
Transformer-onehot,HCDR3,V,0.0
Transformer-onehot,HCDR3,V,0.1146805509924888
Transformer-onehot,HCDR3,V,0.7136858105659485
Transformer-onehot,HCDR3,V,0.0
Transformer-onehot,HCDR3,V,0.0
Transformer-onehot,HCDR3,V,0.0
Transformer-onehot,HCDR3,V,0.0
Transformer-onehot,HCDR3,V,0.0
Transformer-onehot,HCDR3,V,0.0
Transformer-onehot,HCDR3,V,0.0
Transformer-onehot,HCDR3,V,0.3119763731956482
Transformer-onehot,HCDR3,V,1.1310161352157593
Transformer-onehot,HCDR3,V,0.0
Transformer-onehot,HCDR3,V,0.0
Transformer-onehot,HCDR3,V,0.0
Transformer-onehot,HCDR3,V,0.0
Transformer-onehot,HCDR3,V,0.0
Transformer-onehot,HCDR3,V,0.3260605931282043
Transformer-onehot,HCDR3,V,0.1465645879507064
Transformer-onehot,HCDR3,V,0.0
Transformer-onehot,HCDR3,V,0.0
Transformer-onehot,HCDR3,V,0.4441395699977875
Transformer-onehot,HCDR3,V,0.0
Transformer-onehot,HCDR3,V,0.0
Transformer-onehot,HCDR3,V,0.0
Transformer-onehot,HCDR3,V,0.1363929510116577
Transformer-onehot,HCDR3,V,0.0
Transformer-onehot,HCDR3,V,0.0
Transformer-onehot,HCDR3,V,0.0
Transformer-onehot,HCDR3,V,0.1912339627742767
Transformer-onehot,HCDR3,V,0.0
Transformer-onehot,HCDR3,V,0.0
Transformer-onehot,HCDR3,V,0.0
Transformer-onehot,HCDR3,V,0.1067598909139633
Transformer-onehot,HCDR3,V,0.5646857619285583
Transformer-onehot,HCDR3,V,0.0
Transformer-onehot,HCDR3,V,0.0
Transformer-onehot,HCDR3,V,0.0
Transformer-onehot,HCDR3,V,0.7840912938117981
Transformer-onehot,HCDR3,V,0.4841524362564087
Transformer-onehot,HCDR3,V,0.0
Transformer-onehot,HCDR3,V,0.0
Transformer-onehot,HCDR3,V,0.0
Transformer-onehot,HCDR3,V,0.0884769558906555
Transformer-onehot,HCDR3,V,0.0
Transformer-onehot,HCDR3,V,0.0
Transformer-onehot,HCDR3,V,0.0149290105327963
Transformer-onehot,HCDR3,V,0.7549139261245728
Transformer-onehot,HCDR3,V,0.0
Transformer-onehot,HCDR3,V,0.0
Transformer-onehot,HCDR3,V,0.1758624613285064
Transformer-onehot,HCDR3,V,0.7147720456123352
Transformer-onehot,HCDR3,V,0.0
Transformer-onehot,HCDR3,V,0.0
Transformer-onehot,HCDR3,V,0.0
Transformer-onehot,HCDR3,V,0.1534545123577118
Transformer-onehot,HCDR3,V,0.0
Transformer-onehot,HCDR3,V,0.0
Transformer-onehot,HCDR3,V,0.0
Transformer-onehot,HCDR3,V,0.0
Transformer-onehot,HCDR3,V,0.0
Transformer-onehot,HCDR3,V,0.0
Transformer-onehot,HCDR3,V,0.0
Transformer-onehot,HCDR3,V,0.0
Transformer-onehot,HCDR3,V,0.2537285089492798
Transformer-onehot,HCDR3,V,0.1139022037386894
Transformer-onehot,HCDR3,V,0.0
Transformer-onehot,HCDR3,V,0.0
Transformer-onehot,HCDR3,V,0.36182302236557
Transformer-onehot,HCDR3,V,0.0
Transformer-onehot,HCDR3,V,0.0
Transformer-onehot,HCDR3,V,0.0
Transformer-onehot,HCDR3,V,0.0
Transformer-onehot,HCDR3,V,0.0
Transformer-onehot,HCDR3,V,0.8001697063446045
Transformer-onehot,HCDR3,V,0.0
Transformer-onehot,HCDR3,V,0.0
Transformer-onehot,HCDR3,V,0.1173491925001144
Transformer-onehot,HCDR3,V,0.0
Transformer-onehot,HCDR3,V,1.1739071607589722
Transformer-onehot,HCDR3,V,0.0131618687883019
Transformer-onehot,HCDR3,V,0.0
Transformer-onehot,HCDR3,V,0.0
Transformer-onehot,HCDR3,V,0.539534330368042
Transformer-onehot,HCDR3,V,0.0
Transformer-onehot,HCDR3,V,0.2886466681957245
Transformer-onehot,HCDR3,V,0.0
Transformer-onehot,HCDR3,V,0.3426192998886108
Transformer-onehot,HCDR3,V,0.0
Transformer-onehot,HCDR3,V,0.0
Transformer-onehot,HCDR3,V,0.1291900426149368
Transformer-onehot,HCDR3,V,0.0
Transformer-onehot,HCDR3,V,0.0
Transformer-onehot,HCDR3,V,0.0
Transformer-onehot,HCDR3,V,0.0
Transformer-onehot,HCDR3,V,0.0
Transformer-onehot,HCDR3,V,0.0
Transformer-onehot,HCDR3,V,0.1282475590705871
Transformer-onehot,HCDR3,V,0.0
Transformer-onehot,HCDR3,V,0.0
Transformer-onehot,HCDR3,V,0.0
Transformer-onehot,HCDR3,V,0.0474581606686115
Transformer-onehot,HCDR3,V,0.0
Transformer-onehot,HCDR3,V,0.0
Transformer-onehot,HCDR3,V,0.0
Transformer-onehot,HCDR3,V,0.0
Transformer-onehot,HCDR3,V,0.0
Transformer-onehot,HCDR3,V,0.0
Transformer-onehot,HCDR3,V,0.0
Transformer-onehot,HCDR3,V,0.0
Transformer-onehot,HCDR3,V,0.1356827765703201
Transformer-onehot,HCDR3,V,0.0468891970813274
Transformer-onehot,HCDR3,V,0.0
Transformer-onehot,HCDR3,V,0.0
Transformer-onehot,HCDR3,V,0.0422955639660358
Transformer-onehot,HCDR3,V,0.0279601272195577
Transformer-onehot,HCDR3,V,0.0
Transformer-onehot,HCDR3,V,0.0
Transformer-onehot,HCDR3,V,0.0
Transformer-onehot,HCDR3,V,0.0
Transformer-onehot,HCDR3,V,0.1993657499551773
Transformer-onehot,HCDR3,V,0.0
Transformer-onehot,HCDR3,V,0.0
Transformer-onehot,HCDR3,V,0.0
Transformer-onehot,HCDR3,V,0.0
Transformer-onehot,HCDR3,V,0.0
Transformer-onehot,HCDR3,V,0.8910682201385498
Transformer-onehot,HCDR3,V,0.0
Transformer-onehot,HCDR3,V,0.1752769500017166
Transformer-onehot,HCDR3,V,0.1785269826650619
Transformer-onehot,HCDR3,V,0.6416810750961304
Transformer-onehot,HCDR3,V,0.0
Transformer-onehot,HCDR3,V,0.0658852234482765
Transformer-onehot,HCDR3,V,0.0
Transformer-onehot,HCDR3,V,0.0891200974583625
Transformer-onehot,HCDR3,V,0.0
Transformer-onehot,HCDR3,V,1.3252254724502563
Transformer-onehot,HCDR3,V,0.2661439180374145
Transformer-onehot,HCDR3,V,0.0792049914598465
Transformer-onehot,HCDR3,V,0.0
Transformer-onehot,HCDR3,V,0.2022646814584732
Transformer-onehot,HCDR3,V,0.2172958701848983
Transformer-onehot,HCDR3,V,0.0
Transformer-onehot,HCDR3,V,0.0
Transformer-onehot,HCDR3,V,0.0
Transformer-onehot,HCDR3,V,0.0
Transformer-onehot,HCDR3,V,0.0
Transformer-onehot,HCDR3,V,0.0
Transformer-onehot,HCDR3,V,0.0091535337269306
Transformer-onehot,HCDR3,V,0.0
Transformer-onehot,HCDR3,V,0.0
Transformer-onehot,HCDR3,V,0.0
Transformer-onehot,HCDR3,V,0.0
Transformer-onehot,HCDR3,V,0.2044442147016525
Transformer-onehot,HCDR3,V,0.6848100423812866
Transformer-onehot,HCDR3,V,0.2833883762359619
Transformer-onehot,HCDR3,V,0.0
Transformer-onehot,HCDR3,V,0.7590093612670898
Transformer-onehot,HCDR3,V,0.0332402065396308
Transformer-onehot,HCDR3,V,0.0
Transformer-onehot,HCDR3,V,0.0
Transformer-onehot,HCDR3,V,0.2328927218914032
Transformer-onehot,HCDR3,V,0.6672579050064087
Transformer-onehot,HCDR3,V,0.7085192799568176
Transformer-onehot,HCDR3,V,0.0
Transformer-onehot,HCDR3,V,0.0
Transformer-onehot,HCDR3,V,0.0
Transformer-onehot,HCDR3,V,0.0
Transformer-onehot,HCDR3,V,0.0
Transformer-onehot,HCDR3,V,0.3127675652503967
Transformer-onehot,HCDR3,V,0.0
Transformer-onehot,HCDR3,V,0.0
Transformer-onehot,HCDR3,V,0.0
Transformer-onehot,HCDR3,V,1.113195776939392
Transformer-onehot,HCDR3,V,0.0
Transformer-onehot,HCDR3,V,0.0
Transformer-onehot,HCDR3,V,0.0
Transformer-onehot,HCDR3,V,0.0
Transformer-onehot,HCDR3,V,0.0
Transformer-onehot,HCDR3,V,0.2147398442029953
Transformer-onehot,HCDR3,V,0.3313520550727844
Transformer-onehot,HCDR3,V,0.0
Transformer-onehot,HCDR3,V,0.1752556562423706
Transformer-onehot,HCDR3,V,1.8268383741378784
Transformer-onehot,HCDR3,V,0.0
Transformer-onehot,HCDR3,V,0.0
Transformer-onehot,HCDR3,V,0.0
Transformer-onehot,HCDR3,V,0.0
Transformer-onehot,HCDR3,V,0.0
Transformer-onehot,HCDR3,V,0.0
Transformer-onehot,HCDR3,V,0.7621085047721863
Transformer-onehot,HCDR3,V,0.0
Transformer-onehot,HCDR3,V,0.0398502461612224
Transformer-onehot,HCDR3,V,0.0
Transformer-onehot,HCDR3,V,0.0
Transformer-onehot,HCDR3,V,0.0
Transformer-onehot,HCDR3,V,0.7324307560920715
Transformer-onehot,HCDR3,V,0.0230258237570524
Transformer-onehot,HCDR3,V,0.2355662137269973
Transformer-onehot,HCDR3,V,0.590298593044281
Transformer-onehot,HCDR3,V,0.0
Transformer-onehot,HCDR3,V,0.1530219912528991
Transformer-onehot,HCDR3,V,0.0
Transformer-onehot,HCDR3,V,0.0
Transformer-onehot,HCDR3,V,0.6838694214820862
Transformer-onehot,HCDR3,V,0.0
Transformer-onehot,HCDR3,V,0.0
Transformer-onehot,HCDR3,V,0.0
Transformer-onehot,HCDR3,V,0.0
Transformer-onehot,HCDR3,V,0.0
Transformer-onehot,HCDR3,V,0.0
Transformer-onehot,HCDR3,V,0.0
Transformer-onehot,HCDR3,V,0.0
Transformer-onehot,HCDR3,V,0.0
Transformer-onehot,HCDR3,V,0.0
Transformer-onehot,HCDR3,V,0.0
Transformer-onehot,HCDR3,V,0.3180451691150665
Transformer-onehot,HCDR3,V,0.0720979869365692
Transformer-onehot,HCDR3,V,0.0
Transformer-onehot,HCDR3,V,0.6250252723693848
Transformer-onehot,HCDR3,V,0.0
Transformer-onehot,HCDR3,V,0.5542072057723999
Transformer-onehot,HCDR3,V,0.4380942285060882
Transformer-onehot,HCDR3,V,0.0
Transformer-onehot,HCDR3,V,0.0477910190820694
Transformer-onehot,HCDR3,V,0.0
Transformer-onehot,HCDR3,V,0.0
Transformer-onehot,HCDR3,V,0.0
Transformer-onehot,HCDR3,V,0.4584830999374389
Transformer-onehot,HCDR3,V,0.0
Transformer-onehot,HCDR3,V,0.2507930099964142
Transformer-onehot,HCDR3,V,0.1828548312187194
Transformer-onehot,HCDR3,V,0.5906823873519897
Transformer-onehot,HCDR3,V,1.0491265058517456
Transformer-onehot,HCDR3,V,0.0
Transformer-onehot,HCDR3,V,0.0
Transformer-onehot,HCDR3,V,0.0328378863632679
Transformer-onehot,HCDR3,V,0.1661855280399322
Transformer-onehot,HCDR3,V,0.0913846269249916
Transformer-onehot,HCDR3,V,0.0
Transformer-onehot,HCDR3,V,0.0363044515252113
Transformer-onehot,HCDR3,V,0.1463767290115356
Transformer-onehot,HCDR3,V,0.2500811815261841
Transformer-onehot,HCDR3,V,0.0
Transformer-onehot,HCDR3,V,0.0
Transformer-onehot,HCDR3,V,0.0316527411341667
Transformer-onehot,HCDR3,V,0.0
Transformer-onehot,HCDR3,V,0.0
Transformer-onehot,HCDR3,V,0.657508909702301
Transformer-onehot,HCDR3,V,0.0
Transformer-onehot,HCDR3,V,0.5420671701431274
Transformer-onehot,HCDR3,V,0.0
Transformer-onehot,HCDR3,V,0.0
Transformer-onehot,HCDR3,V,0.2146757990121841
Transformer-onehot,HCDR3,V,0.0
Transformer-onehot,HCDR3,V,0.7513383626937866
Transformer-onehot,HCDR3,V,1.2495417594909668
Transformer-onehot,HCDR3,V,0.1061231270432472
Transformer-onehot,HCDR3,V,0.0
Transformer-onehot,HCDR3,V,0.0
Transformer-onehot,HCDR3,V,0.0
Transformer-onehot,HCDR3,V,0.0
Transformer-onehot,HCDR3,V,0.3122807741165161
Transformer-onehot,HCDR3,V,0.1640384346246719
Transformer-onehot,HCDR3,V,0.1060573160648346
Transformer-onehot,HCDR3,V,0.4274027347564697
Transformer-onehot,HCDR3,V,0.1326508224010467
Transformer-onehot,HCDR3,V,0.2018913477659225
Transformer-onehot,HCDR3,V,0.6070836186408997
Transformer-onehot,HCDR3,V,0.751883864402771
Transformer-onehot,HCDR3,V,0.3939357101917267
Transformer-onehot,HCDR3,V,0.4491143226623535
Transformer-onehot,HCDR3,V,0.0770304799079895
Transformer-onehot,HCDR3,V,0.0
Transformer-onehot,HCDR3,V,0.5966765284538269
Transformer-onehot,HCDR3,V,0.0
Transformer-onehot,HCDR3,V,0.3126657903194427
Transformer-onehot,HCDR3,V,0.0
Transformer-onehot,HCDR3,V,0.0
Transformer-onehot,HCDR3,V,0.2363801747560501
Transformer-onehot,HCDR3,V,0.0
Transformer-onehot,HCDR3,V,0.0
Transformer-onehot,HCDR3,V,0.0
Transformer-onehot,HCDR3,V,0.0
Transformer-onehot,HCDR3,V,0.0
Transformer-onehot,HCDR3,V,0.2448316365480423
Transformer-onehot,HCDR3,V,0.3900300562381744
Transformer-onehot,HCDR3,V,0.0
Transformer-onehot,HCDR3,V,0.1966673284769058
Transformer-onehot,HCDR3,V,0.0
Transformer-onehot,HCDR3,V,0.0
Transformer-onehot,HCDR3,V,0.0
Transformer-onehot,HCDR3,V,0.0
Transformer-onehot,HCDR3,V,0.0
Transformer-onehot,HCDR3,V,0.0382343120872974
Transformer-onehot,HCDR3,V,0.2884930074214935
Transformer-onehot,HCDR3,V,0.1463285535573959
Transformer-onehot,HCDR3,V,0.4981010556221008
Transformer-onehot,HCDR3,V,0.0
Transformer-onehot,HCDR3,V,0.0
Transformer-onehot,HCDR3,V,0.2154698967933654
Transformer-onehot,HCDR3,V,0.04806549847126
Transformer-onehot,HCDR3,V,0.0
Transformer-onehot,HCDR3,V,0.0
Transformer-onehot,HCDR3,V,0.0
Transformer-onehot,HCDR3,V,0.0
Transformer-onehot,HCDR3,V,0.1928125470876693
Transformer-onehot,HCDR3,V,0.0
Transformer-onehot,HCDR3,V,0.0
Transformer-onehot,HCDR3,V,0.0
Transformer-onehot,HCDR3,V,0.0
Transformer-onehot,HCDR3,V,0.1420537829399109
Transformer-onehot,HCDR3,V,0.0
Transformer-onehot,HCDR3,V,0.1526965498924255
Transformer-onehot,HCDR3,V,0.4402068853378296
Transformer-onehot,HCDR3,V,0.0
Transformer-onehot,HCDR3,V,0.140453815460205
Transformer-onehot,HCDR3,V,0.4667787551879883
Transformer-onehot,HCDR3,V,0.0
Transformer-onehot,HCDR3,V,0.0
Transformer-onehot,HCDR3,V,0.0
Transformer-onehot,HCDR3,V,0.4336800575256347
Transformer-onehot,HCDR3,V,0.0
Transformer-onehot,HCDR3,V,0.2005675584077835
Transformer-onehot,HCDR3,V,0.0
Transformer-onehot,HCDR3,V,0.0
Transformer-onehot,HCDR3,V,0.791563868522644
Transformer-onehot,HCDR3,V,0.6216143369674683
Transformer-onehot,HCDR3,V,0.0
Transformer-onehot,HCDR3,V,0.0
Transformer-onehot,HCDR3,V,0.338920384645462
Transformer-onehot,HCDR3,V,0.0433662235736846
Transformer-onehot,HCDR3,V,0.089549221098423
Transformer-onehot,HCDR3,V,0.2221182882785797
Transformer-onehot,HCDR3,V,0.0
Transformer-onehot,HCDR3,V,0.0
Transformer-onehot,HCDR3,V,0.511635422706604
Transformer-onehot,HCDR3,V,0.0
Transformer-onehot,HCDR3,V,0.0
Transformer-onehot,HCDR3,V,0.0
Transformer-onehot,HCDR3,V,0.0
Transformer-onehot,HCDR3,V,0.590167224407196
Transformer-onehot,HCDR3,V,1.2038958072662354
Transformer-onehot,HCDR3,V,0.0
Transformer-onehot,HCDR3,V,0.0
Transformer-onehot,HCDR3,V,0.0547021217644214
Transformer-onehot,HCDR3,V,0.4641229510307312
Transformer-onehot,HCDR3,V,0.0
Transformer-onehot,HCDR3,V,0.2384480386972427
Transformer-onehot,HCDR3,V,0.0
Transformer-onehot,HCDR3,V,0.0291422232985496
Transformer-onehot,HCDR3,V,0.0
Transformer-onehot,HCDR3,V,0.0
Transformer-onehot,HCDR3,V,0.0
Transformer-onehot,HCDR3,V,0.1898278146982193
Transformer-onehot,HCDR3,V,0.0
Transformer-onehot,HCDR3,V,0.1026616394519805
Transformer-onehot,HCDR3,V,0.0
Transformer-onehot,HCDR3,V,0.0
Transformer-onehot,HCDR3,V,0.0
Transformer-onehot,HCDR3,V,0.0
Transformer-onehot,HCDR3,V,0.0
Transformer-onehot,HCDR3,V,0.3197153210639953
Transformer-onehot,HCDR3,V,0.2329449504613876
Transformer-onehot,HCDR3,V,0.0451491214334964
Transformer-onehot,HCDR3,V,0.15726999938488
Transformer-onehot,HCDR3,V,0.0
Transformer-onehot,HCDR3,V,0.5331858396530151
Transformer-onehot,HCDR3,V,0.3611292541027069
Transformer-onehot,HCDR3,V,0.4459806680679321
Transformer-onehot,HCDR3,V,0.0
Transformer-onehot,HCDR3,V,0.0
Transformer-onehot,HCDR3,V,0.0
Transformer-onehot,HCDR3,V,0.5710585713386536
Transformer-onehot,HCDR3,V,0.0
Transformer-onehot,HCDR3,V,0.0
Transformer-onehot,HCDR3,V,0.0317197367548942
Transformer-onehot,HCDR3,V,0.0
Transformer-onehot,HCDR3,V,0.0
Transformer-onehot,HCDR3,V,0.0
Transformer-onehot,HCDR3,V,0.0
Transformer-onehot,HCDR3,V,0.0
Transformer-onehot,HCDR3,V,0.4082089960575104
Transformer-onehot,HCDR3,V,1.8679413795471191
Transformer-onehot,HCDR3,V,0.1523328721523285
Transformer-onehot,HCDR3,V,0.0
Transformer-onehot,HCDR3,V,0.0
Transformer-onehot,HCDR3,V,0.0
Transformer-onehot,HCDR3,V,0.0
Transformer-onehot,HCDR3,V,0.736086905002594
Transformer-onehot,HCDR3,V,0.0
Transformer-onehot,HCDR3,V,0.2585417926311493
Transformer-onehot,HCDR3,V,0.0
Transformer-onehot,HCDR3,V,0.0
Transformer-onehot,HCDR3,V,0.4759608209133148
Transformer-onehot,HCDR3,V,0.0
Transformer-onehot,HCDR3,V,0.0
Transformer-onehot,HCDR3,V,0.0
Transformer-onehot,HCDR3,V,0.3167281448841095
Transformer-onehot,HCDR3,V,0.5170682072639465
Transformer-onehot,HCDR3,V,0.43047034740448
Transformer-onehot,HCDR3,V,0.0
Transformer-onehot,HCDR3,V,0.0
Transformer-onehot,HCDR3,V,0.0
Transformer-onehot,HCDR3,V,0.0
Transformer-onehot,HCDR3,V,0.1848911345005035
Transformer-onehot,HCDR3,V,0.0
Transformer-onehot,HCDR3,V,0.0
Transformer-onehot,HCDR3,V,0.0
Transformer-onehot,HCDR3,V,0.0
Transformer-onehot,HCDR3,V,0.0
Transformer-onehot,HCDR3,V,0.1215511262416839
Transformer-onehot,HCDR3,V,0.0
Transformer-onehot,HCDR3,V,0.951162576675415
Transformer-onehot,HCDR3,V,0.2554693520069122
Transformer-onehot,HCDR3,V,0.0
Transformer-onehot,HCDR3,V,0.0
Transformer-onehot,HCDR3,V,0.0
Transformer-onehot,HCDR3,V,0.0
Transformer-onehot,HCDR3,V,0.2396291941404342
Transformer-onehot,HCDR3,V,0.0
Transformer-onehot,HCDR3,V,0.0
Transformer-onehot,HCDR3,V,0.7742290496826172
Transformer-onehot,HCDR3,V,0.2301958948373794
Transformer-onehot,HCDR3,V,0.0
Transformer-onehot,HCDR3,V,0.8236628770828247
Transformer-onehot,HCDR3,V,0.2988709211349487
Transformer-onehot,HCDR3,V,0.0
Transformer-onehot,HCDR3,V,0.179965540766716
Transformer-onehot,HCDR3,V,0.0
Transformer-onehot,HCDR3,V,0.0
Transformer-onehot,HCDR3,V,0.4322694540023803
Transformer-onehot,HCDR3,V,0.0
Transformer-onehot,HCDR3,V,0.679863691329956
Transformer-onehot,HCDR3,V,0.0
Transformer-onehot,HCDR3,V,0.0
Transformer-onehot,HCDR3,V,0.4171619117259979
Transformer-onehot,HCDR3,V,0.6954993009567261
Transformer-onehot,HCDR3,V,0.0
Transformer-onehot,HCDR3,V,0.0
Transformer-onehot,HCDR3,V,0.0
Transformer-onehot,HCDR3,V,0.069735512137413
Transformer-onehot,HCDR3,V,0.1923098117113113
Transformer-onehot,HCDR3,V,0.0
Transformer-onehot,HCDR3,V,0.8106687068939209
Transformer-onehot,HCDR3,V,0.0
Transformer-onehot,HCDR3,V,0.0
Transformer-onehot,HCDR3,V,0.0
Transformer-onehot,HCDR3,V,0.0
Transformer-onehot,HCDR3,V,0.4370014369487762
Transformer-onehot,HCDR3,V,0.0
Transformer-onehot,HCDR3,V,0.0
Transformer-onehot,HCDR3,V,0.546332061290741
Transformer-onehot,HCDR3,V,0.0
Transformer-onehot,HCDR3,V,0.6172198057174683
Transformer-onehot,HCDR3,V,0.6628558039665222
Transformer-onehot,HCDR3,V,0.1942976862192154
Transformer-onehot,HCDR3,V,0.0
Transformer-onehot,HCDR3,V,0.0
Transformer-onehot,HCDR3,V,0.0258111245930194
Transformer-onehot,HCDR3,V,0.7283624410629272
Transformer-onehot,HCDR3,V,0.0
Transformer-onehot,HCDR3,V,0.1504554450511932
Transformer-onehot,HCDR3,V,0.0
Transformer-onehot,HCDR3,V,0.0
Transformer-onehot,HCDR3,V,0.0
Transformer-onehot,HCDR3,V,0.0
Transformer-onehot,HCDR3,V,0.8134860396385193
Transformer-onehot,HCDR3,V,0.0
Transformer-onehot,HCDR3,V,0.0
Transformer-onehot,HCDR3,V,0.0
Transformer-onehot,HCDR3,W,0.0
Transformer-onehot,HCDR3,W,-4.401656150817871
Transformer-onehot,HCDR3,W,-0.2308582216501236
Transformer-onehot,HCDR3,W,-0.3015854060649872
Transformer-onehot,HCDR3,W,-0.1560807824134826
Transformer-onehot,HCDR3,W,0.0
Transformer-onehot,HCDR3,W,-0.8454698324203491
Transformer-onehot,HCDR3,W,-0.9893802404403688
Transformer-onehot,HCDR3,W,0.0
Transformer-onehot,HCDR3,W,0.0
Transformer-onehot,HCDR3,W,0.0
Transformer-onehot,HCDR3,W,-5.420715808868408
Transformer-onehot,HCDR3,W,-0.8275479078292847
Transformer-onehot,HCDR3,W,-1.524071455001831
Transformer-onehot,HCDR3,W,0.0
Transformer-onehot,HCDR3,W,0.0
Transformer-onehot,HCDR3,W,-0.8572100400924683
Transformer-onehot,HCDR3,W,-1.898123860359192
Transformer-onehot,HCDR3,W,-0.4548328220844269
Transformer-onehot,HCDR3,W,-6.392961502075195
Transformer-onehot,HCDR3,W,-0.6019468307495117
Transformer-onehot,HCDR3,W,0.0
Transformer-onehot,HCDR3,W,-0.6517224311828613
Transformer-onehot,HCDR3,W,-2.947582721710205
Transformer-onehot,HCDR3,W,-0.7187687158584595
Transformer-onehot,HCDR3,W,-0.2753928303718567
Transformer-onehot,HCDR3,W,0.0
Transformer-onehot,HCDR3,W,0.0
Transformer-onehot,HCDR3,W,-2.310340881347656
Transformer-onehot,HCDR3,W,-0.5456941723823547
Transformer-onehot,HCDR3,W,-0.6505130529403687
Transformer-onehot,HCDR3,W,-4.806981086730957
Transformer-onehot,HCDR3,W,-2.2586565017700195
Transformer-onehot,HCDR3,W,-1.2172967195510864
Transformer-onehot,HCDR3,W,-0.3925454914569855
Transformer-onehot,HCDR3,W,0.0
Transformer-onehot,HCDR3,W,0.0
Transformer-onehot,HCDR3,W,0.0
Transformer-onehot,HCDR3,W,-0.2362856566905975
Transformer-onehot,HCDR3,W,0.0
Transformer-onehot,HCDR3,W,-3.1207101345062256
Transformer-onehot,HCDR3,W,0.0
Transformer-onehot,HCDR3,W,-0.8934264779090881
Transformer-onehot,HCDR3,W,-0.3386649191379547
Transformer-onehot,HCDR3,W,0.0
Transformer-onehot,HCDR3,W,-5.010814666748047
Transformer-onehot,HCDR3,W,-7.529998779296875
Transformer-onehot,HCDR3,W,0.0
Transformer-onehot,HCDR3,W,-0.5664096474647522
Transformer-onehot,HCDR3,W,-0.5642373561859131
Transformer-onehot,HCDR3,W,0.0
Transformer-onehot,HCDR3,W,-6.249325752258301
Transformer-onehot,HCDR3,W,-0.2586752474308014
Transformer-onehot,HCDR3,W,0.0
Transformer-onehot,HCDR3,W,-0.7226744294166565
Transformer-onehot,HCDR3,W,-4.102707386016846
Transformer-onehot,HCDR3,W,0.0
Transformer-onehot,HCDR3,W,-0.4647267460823059
Transformer-onehot,HCDR3,W,0.0
Transformer-onehot,HCDR3,W,0.0
Transformer-onehot,HCDR3,W,-6.635533809661865
Transformer-onehot,HCDR3,W,-0.7070659399032593
Transformer-onehot,HCDR3,W,-0.8771549463272095
Transformer-onehot,HCDR3,W,-2.74979567527771
Transformer-onehot,HCDR3,W,-2.210669994354248
Transformer-onehot,HCDR3,W,-2.03456449508667
Transformer-onehot,HCDR3,W,0.0
Transformer-onehot,HCDR3,W,0.0
Transformer-onehot,HCDR3,W,-2.551485776901245
Transformer-onehot,HCDR3,W,0.0
Transformer-onehot,HCDR3,W,-1.9448505640029907
Transformer-onehot,HCDR3,W,-1.474064588546753
Transformer-onehot,HCDR3,W,-1.25300395488739
Transformer-onehot,HCDR3,W,0.0
Transformer-onehot,HCDR3,W,0.0
Transformer-onehot,HCDR3,W,0.0
Transformer-onehot,HCDR3,W,-4.143990993499756
Transformer-onehot,HCDR3,W,0.0
Transformer-onehot,HCDR3,W,0.0
Transformer-onehot,HCDR3,W,-1.503263235092163
Transformer-onehot,HCDR3,W,0.0
Transformer-onehot,HCDR3,W,-0.5014587640762329
Transformer-onehot,HCDR3,W,-0.2717059850692749
Transformer-onehot,HCDR3,W,-2.533562660217285
Transformer-onehot,HCDR3,W,-2.06689977645874
Transformer-onehot,HCDR3,W,-5.877468585968018
Transformer-onehot,HCDR3,W,0.0
Transformer-onehot,HCDR3,W,-5.133340358734131
Transformer-onehot,HCDR3,W,-0.6800647377967834
Transformer-onehot,HCDR3,W,0.0
Transformer-onehot,HCDR3,W,0.0
Transformer-onehot,HCDR3,W,-0.4745202958583832
Transformer-onehot,HCDR3,W,-1.3513216972351074
Transformer-onehot,HCDR3,W,-1.1912963390350342
Transformer-onehot,HCDR3,W,0.0
Transformer-onehot,HCDR3,W,-2.9769763946533203
Transformer-onehot,HCDR3,W,-4.28597354888916
Transformer-onehot,HCDR3,W,-3.2698569297790527
Transformer-onehot,HCDR3,W,-6.906339168548584
Transformer-onehot,HCDR3,W,0.0
Transformer-onehot,HCDR3,W,-0.6155287623405457
Transformer-onehot,HCDR3,W,-1.503976583480835
Transformer-onehot,HCDR3,W,-1.5244483947753906
Transformer-onehot,HCDR3,W,-3.3589982986450195
Transformer-onehot,HCDR3,W,0.0
Transformer-onehot,HCDR3,W,-1.9829628467559817
Transformer-onehot,HCDR3,W,0.0
Transformer-onehot,HCDR3,W,-8.347550392150879
Transformer-onehot,HCDR3,W,0.0
Transformer-onehot,HCDR3,W,0.0
Transformer-onehot,HCDR3,W,-1.5448527336120603
Transformer-onehot,HCDR3,W,-0.4311161041259765
Transformer-onehot,HCDR3,W,0.0
Transformer-onehot,HCDR3,W,0.0
Transformer-onehot,HCDR3,W,-1.74786114692688
Transformer-onehot,HCDR3,W,-0.151852086186409
Transformer-onehot,HCDR3,W,0.0
Transformer-onehot,HCDR3,W,0.0
Transformer-onehot,HCDR3,W,-0.2142640352249145
Transformer-onehot,HCDR3,W,0.0
Transformer-onehot,HCDR3,W,-0.5074647665023804
Transformer-onehot,HCDR3,W,-1.4141932725906372
Transformer-onehot,HCDR3,W,-0.6412179470062256
Transformer-onehot,HCDR3,W,0.0
Transformer-onehot,HCDR3,W,-5.953019142150879
Transformer-onehot,HCDR3,W,0.0
Transformer-onehot,HCDR3,W,-0.3066839277744293
Transformer-onehot,HCDR3,W,-1.389722466468811
Transformer-onehot,HCDR3,W,0.0
Transformer-onehot,HCDR3,W,0.0
Transformer-onehot,HCDR3,W,0.0
Transformer-onehot,HCDR3,W,-0.430950254201889
Transformer-onehot,HCDR3,W,0.0
Transformer-onehot,HCDR3,W,-0.4638798832893371
Transformer-onehot,HCDR3,W,-1.5329620838165283
Transformer-onehot,HCDR3,W,-1.3346458673477173
Transformer-onehot,HCDR3,W,0.0
Transformer-onehot,HCDR3,W,-4.259145259857178
Transformer-onehot,HCDR3,W,-3.601269245147705
Transformer-onehot,HCDR3,W,-0.863903284072876
Transformer-onehot,HCDR3,W,-0.5050435662269592
Transformer-onehot,HCDR3,W,-0.3877621591091156
Transformer-onehot,HCDR3,W,-7.440253734588623
Transformer-onehot,HCDR3,W,-0.3776876628398895
Transformer-onehot,HCDR3,W,-0.4060352742671966
Transformer-onehot,HCDR3,W,0.0
Transformer-onehot,HCDR3,W,0.0
Transformer-onehot,HCDR3,W,-3.4315977096557617
Transformer-onehot,HCDR3,W,-2.5286364555358887
Transformer-onehot,HCDR3,W,-2.2656102180480957
Transformer-onehot,HCDR3,W,-0.5952000617980957
Transformer-onehot,HCDR3,W,-0.417243093252182
Transformer-onehot,HCDR3,W,-0.5592067241668701
Transformer-onehot,HCDR3,W,0.0
Transformer-onehot,HCDR3,W,0.0
Transformer-onehot,HCDR3,W,0.0
Transformer-onehot,HCDR3,W,-1.441445231437683
Transformer-onehot,HCDR3,W,-1.9228798151016235
Transformer-onehot,HCDR3,W,-2.2858550548553467
Transformer-onehot,HCDR3,W,-3.4643824100494385
Transformer-onehot,HCDR3,W,-1.5679839849472046
Transformer-onehot,HCDR3,W,-0.8544636964797974
Transformer-onehot,HCDR3,W,0.0
Transformer-onehot,HCDR3,W,0.0
Transformer-onehot,HCDR3,W,-1.1034530401229858
Transformer-onehot,HCDR3,W,0.0
Transformer-onehot,HCDR3,W,-1.2546931505203247
Transformer-onehot,HCDR3,W,-0.3088446259498596
Transformer-onehot,HCDR3,W,-2.6557188034057617
Transformer-onehot,HCDR3,W,0.0
Transformer-onehot,HCDR3,W,0.0
Transformer-onehot,HCDR3,W,0.0
Transformer-onehot,HCDR3,W,-0.3386797308921814
Transformer-onehot,HCDR3,W,-1.346712589263916
Transformer-onehot,HCDR3,W,-0.8691060543060303
Transformer-onehot,HCDR3,W,-0.4833300709724426
Transformer-onehot,HCDR3,W,-0.3156886100769043
Transformer-onehot,HCDR3,W,-0.2806423604488373
Transformer-onehot,HCDR3,W,-0.7746407985687256
Transformer-onehot,HCDR3,W,0.0
Transformer-onehot,HCDR3,W,-0.5570336580276489
Transformer-onehot,HCDR3,W,0.0
Transformer-onehot,HCDR3,W,0.0
Transformer-onehot,HCDR3,W,-8.288803100585938
Transformer-onehot,HCDR3,W,-0.7411425113677979
Transformer-onehot,HCDR3,W,-0.2988242506980896
Transformer-onehot,HCDR3,W,0.0
Transformer-onehot,HCDR3,W,-0.9932092428207396
Transformer-onehot,HCDR3,W,-6.029287338256836
Transformer-onehot,HCDR3,W,0.0
Transformer-onehot,HCDR3,W,0.0
Transformer-onehot,HCDR3,W,-6.727308750152588
Transformer-onehot,HCDR3,W,0.0
Transformer-onehot,HCDR3,W,-0.9099382758140564
Transformer-onehot,HCDR3,W,-2.665499687194824
Transformer-onehot,HCDR3,W,0.0
Transformer-onehot,HCDR3,W,-1.1062829494476318
Transformer-onehot,HCDR3,W,-0.9822319746017456
Transformer-onehot,HCDR3,W,0.0
Transformer-onehot,HCDR3,W,0.0
Transformer-onehot,HCDR3,W,-3.5132296085357666
Transformer-onehot,HCDR3,W,-1.8124275207519531
Transformer-onehot,HCDR3,W,0.0
Transformer-onehot,HCDR3,W,-1.679278016090393
Transformer-onehot,HCDR3,W,-1.2935924530029297
Transformer-onehot,HCDR3,W,-5.293340682983398
Transformer-onehot,HCDR3,W,-0.9336737394332886
Transformer-onehot,HCDR3,W,-0.459240198135376
Transformer-onehot,HCDR3,W,-0.812762975692749
Transformer-onehot,HCDR3,W,0.0
Transformer-onehot,HCDR3,W,0.0
Transformer-onehot,HCDR3,W,-1.211176514625549
Transformer-onehot,HCDR3,W,-7.183485507965088
Transformer-onehot,HCDR3,W,-1.4256407022476196
Transformer-onehot,HCDR3,W,0.0
Transformer-onehot,HCDR3,W,-4.192081928253174
Transformer-onehot,HCDR3,W,0.0
Transformer-onehot,HCDR3,W,-0.6522551774978638
Transformer-onehot,HCDR3,W,-0.9648680686950684
Transformer-onehot,HCDR3,W,-8.831716537475586
Transformer-onehot,HCDR3,W,-1.3509149551391602
Transformer-onehot,HCDR3,W,-0.3408107161521911
Transformer-onehot,HCDR3,W,-2.021784543991089
Transformer-onehot,HCDR3,W,-7.201277256011963
Transformer-onehot,HCDR3,W,0.0
Transformer-onehot,HCDR3,W,0.0
Transformer-onehot,HCDR3,W,0.0
Transformer-onehot,HCDR3,W,-1.3315805196762085
Transformer-onehot,HCDR3,W,-3.855772018432617
Transformer-onehot,HCDR3,W,-5.3997063636779785
Transformer-onehot,HCDR3,W,-2.3339755535125732
Transformer-onehot,HCDR3,W,0.0
Transformer-onehot,HCDR3,W,-0.5506659746170044
Transformer-onehot,HCDR3,W,0.0
Transformer-onehot,HCDR3,W,-7.734425067901611
Transformer-onehot,HCDR3,W,0.0
Transformer-onehot,HCDR3,W,-3.4015085697174072
Transformer-onehot,HCDR3,W,-2.916378974914551
Transformer-onehot,HCDR3,W,-0.6679260730743408
Transformer-onehot,HCDR3,W,-0.8423253893852234
Transformer-onehot,HCDR3,W,-7.752787113189697
Transformer-onehot,HCDR3,W,-0.6126744151115417
Transformer-onehot,HCDR3,W,-0.4268345832824707
Transformer-onehot,HCDR3,W,0.0
Transformer-onehot,HCDR3,W,-0.2527307569980621
Transformer-onehot,HCDR3,W,-3.549093246459961
Transformer-onehot,HCDR3,W,-1.8740698099136353
Transformer-onehot,HCDR3,W,0.0
Transformer-onehot,HCDR3,W,0.0
Transformer-onehot,HCDR3,W,-0.4009594023227691
Transformer-onehot,HCDR3,W,0.0
Transformer-onehot,HCDR3,W,0.0
Transformer-onehot,HCDR3,W,0.0
Transformer-onehot,HCDR3,W,0.0
Transformer-onehot,HCDR3,W,0.0
Transformer-onehot,HCDR3,W,0.0
Transformer-onehot,HCDR3,W,0.0
Transformer-onehot,HCDR3,W,0.0
Transformer-onehot,HCDR3,W,0.0
Transformer-onehot,HCDR3,W,-1.4675318002700806
Transformer-onehot,HCDR3,W,0.0
Transformer-onehot,HCDR3,W,0.0
Transformer-onehot,HCDR3,W,0.0
Transformer-onehot,HCDR3,W,0.0
Transformer-onehot,HCDR3,W,0.0
Transformer-onehot,HCDR3,W,0.0
Transformer-onehot,HCDR3,W,0.0
Transformer-onehot,HCDR3,W,0.0
Transformer-onehot,HCDR3,W,0.0
Transformer-onehot,HCDR3,W,0.0
Transformer-onehot,HCDR3,W,0.0
Transformer-onehot,HCDR3,W,0.0
Transformer-onehot,HCDR3,W,0.0
Transformer-onehot,HCDR3,W,0.0
Transformer-onehot,HCDR3,W,0.0
Transformer-onehot,HCDR3,W,0.0
Transformer-onehot,HCDR3,W,0.0
Transformer-onehot,HCDR3,W,0.0
Transformer-onehot,HCDR3,W,0.0
Transformer-onehot,HCDR3,W,0.0
Transformer-onehot,HCDR3,W,0.0
Transformer-onehot,HCDR3,W,-1.1845078468322754
Transformer-onehot,HCDR3,W,-2.9021496772766113
Transformer-onehot,HCDR3,W,0.0
Transformer-onehot,HCDR3,W,0.0
Transformer-onehot,HCDR3,W,0.0
Transformer-onehot,HCDR3,W,0.0
Transformer-onehot,HCDR3,W,0.0
Transformer-onehot,HCDR3,W,0.0
Transformer-onehot,HCDR3,W,0.0
Transformer-onehot,HCDR3,W,0.0
Transformer-onehot,HCDR3,W,0.0
Transformer-onehot,HCDR3,W,0.0
Transformer-onehot,HCDR3,W,0.0
Transformer-onehot,HCDR3,W,0.0
Transformer-onehot,HCDR3,W,0.0
Transformer-onehot,HCDR3,W,0.0
Transformer-onehot,HCDR3,W,0.0
Transformer-onehot,HCDR3,W,0.0
Transformer-onehot,HCDR3,W,0.0
Transformer-onehot,HCDR3,W,0.0
Transformer-onehot,HCDR3,W,-0.6228986382484436
Transformer-onehot,HCDR3,W,0.0
Transformer-onehot,HCDR3,W,0.0
Transformer-onehot,HCDR3,W,0.0
Transformer-onehot,HCDR3,W,0.0
Transformer-onehot,HCDR3,W,-0.3119569718837738
Transformer-onehot,HCDR3,W,-4.88242244720459
Transformer-onehot,HCDR3,W,0.0
Transformer-onehot,HCDR3,W,0.0
Transformer-onehot,HCDR3,W,0.0
Transformer-onehot,HCDR3,W,0.0
Transformer-onehot,HCDR3,W,0.0
Transformer-onehot,HCDR3,W,0.0
Transformer-onehot,HCDR3,W,0.0
Transformer-onehot,HCDR3,W,0.0
Transformer-onehot,HCDR3,W,0.0
Transformer-onehot,HCDR3,W,0.0
Transformer-onehot,HCDR3,W,0.0
Transformer-onehot,HCDR3,W,0.0
Transformer-onehot,HCDR3,W,0.0
Transformer-onehot,HCDR3,W,0.0
Transformer-onehot,HCDR3,W,0.0
Transformer-onehot,HCDR3,W,0.0
Transformer-onehot,HCDR3,W,0.0
Transformer-onehot,HCDR3,W,0.0
Transformer-onehot,HCDR3,W,0.0
Transformer-onehot,HCDR3,W,0.0
Transformer-onehot,HCDR3,W,0.0
Transformer-onehot,HCDR3,W,0.0
Transformer-onehot,HCDR3,W,0.0
Transformer-onehot,HCDR3,W,-0.9499392509460448
Transformer-onehot,HCDR3,W,0.0
Transformer-onehot,HCDR3,W,0.0
Transformer-onehot,HCDR3,W,-0.9454753994941713
Transformer-onehot,HCDR3,W,0.0
Transformer-onehot,HCDR3,W,0.0
Transformer-onehot,HCDR3,W,0.0
Transformer-onehot,HCDR3,W,0.0
Transformer-onehot,HCDR3,W,0.0
Transformer-onehot,HCDR3,W,0.0
Transformer-onehot,HCDR3,W,0.0
Transformer-onehot,HCDR3,W,0.0
Transformer-onehot,HCDR3,W,0.0
Transformer-onehot,HCDR3,W,0.0
Transformer-onehot,HCDR3,W,0.0
Transformer-onehot,HCDR3,W,0.0
Transformer-onehot,HCDR3,W,0.0
Transformer-onehot,HCDR3,W,0.0
Transformer-onehot,HCDR3,W,0.0
Transformer-onehot,HCDR3,W,0.0
Transformer-onehot,HCDR3,W,0.0
Transformer-onehot,HCDR3,W,0.0
Transformer-onehot,HCDR3,W,0.0
Transformer-onehot,HCDR3,W,0.0
Transformer-onehot,HCDR3,W,0.0
Transformer-onehot,HCDR3,W,0.0
Transformer-onehot,HCDR3,W,-0.8351540565490723
Transformer-onehot,HCDR3,W,0.0
Transformer-onehot,HCDR3,W,0.0
Transformer-onehot,HCDR3,W,0.0
Transformer-onehot,HCDR3,W,0.0
Transformer-onehot,HCDR3,W,0.0
Transformer-onehot,HCDR3,W,0.0
Transformer-onehot,HCDR3,W,0.0
Transformer-onehot,HCDR3,W,0.0
Transformer-onehot,HCDR3,W,0.0
Transformer-onehot,HCDR3,W,0.0
Transformer-onehot,HCDR3,W,0.0
Transformer-onehot,HCDR3,W,0.0
Transformer-onehot,HCDR3,W,0.0
Transformer-onehot,HCDR3,W,0.0
Transformer-onehot,HCDR3,W,0.0
Transformer-onehot,HCDR3,W,0.0
Transformer-onehot,HCDR3,W,0.0
Transformer-onehot,HCDR3,W,0.0
Transformer-onehot,HCDR3,W,0.0
Transformer-onehot,HCDR3,W,-1.8460752964019775
Transformer-onehot,HCDR3,W,0.0
Transformer-onehot,HCDR3,W,0.0
Transformer-onehot,HCDR3,W,0.0
Transformer-onehot,HCDR3,W,-0.4201939105987549
Transformer-onehot,HCDR3,W,0.0
Transformer-onehot,HCDR3,W,0.0
Transformer-onehot,HCDR3,W,-4.396679401397705
Transformer-onehot,HCDR3,W,0.0
Transformer-onehot,HCDR3,W,0.0
Transformer-onehot,HCDR3,W,-0.3012675344944
Transformer-onehot,HCDR3,W,0.0
Transformer-onehot,HCDR3,W,0.0
Transformer-onehot,HCDR3,W,0.0
Transformer-onehot,HCDR3,W,0.0
Transformer-onehot,HCDR3,W,0.0
Transformer-onehot,HCDR3,W,0.0
Transformer-onehot,HCDR3,W,0.0
Transformer-onehot,HCDR3,W,0.0
Transformer-onehot,HCDR3,W,0.0
Transformer-onehot,HCDR3,W,0.0
Transformer-onehot,HCDR3,W,0.0
Transformer-onehot,HCDR3,W,0.0
Transformer-onehot,HCDR3,W,-1.0507460832595823
Transformer-onehot,HCDR3,W,0.0
Transformer-onehot,HCDR3,W,0.0
Transformer-onehot,HCDR3,W,0.0
Transformer-onehot,HCDR3,W,0.0
Transformer-onehot,HCDR3,W,0.0
Transformer-onehot,HCDR3,W,0.0
Transformer-onehot,HCDR3,W,-4.389788627624512
Transformer-onehot,HCDR3,W,0.0
Transformer-onehot,HCDR3,W,0.0
Transformer-onehot,HCDR3,W,0.0
Transformer-onehot,HCDR3,W,0.0
Transformer-onehot,HCDR3,W,0.0
Transformer-onehot,HCDR3,W,0.0
Transformer-onehot,HCDR3,W,0.0
Transformer-onehot,HCDR3,W,0.0
Transformer-onehot,HCDR3,W,-8.803468704223633
Transformer-onehot,HCDR3,W,-6.3189697265625
Transformer-onehot,HCDR3,W,0.0
Transformer-onehot,HCDR3,W,0.0
Transformer-onehot,HCDR3,W,0.0
Transformer-onehot,HCDR3,W,0.0
Transformer-onehot,HCDR3,W,0.0
Transformer-onehot,HCDR3,W,0.0
Transformer-onehot,HCDR3,W,-4.139123916625977
Transformer-onehot,HCDR3,W,0.0
Transformer-onehot,HCDR3,W,0.0
Transformer-onehot,HCDR3,W,0.0
Transformer-onehot,HCDR3,W,-4.46914005279541
Transformer-onehot,HCDR3,W,0.0
Transformer-onehot,HCDR3,W,0.0
Transformer-onehot,HCDR3,W,0.0
Transformer-onehot,HCDR3,W,0.0
Transformer-onehot,HCDR3,W,-2.260645866394043
Transformer-onehot,HCDR3,W,0.0
Transformer-onehot,HCDR3,W,-1.630738615989685
Transformer-onehot,HCDR3,W,0.0
Transformer-onehot,HCDR3,W,0.0
Transformer-onehot,HCDR3,W,0.0
Transformer-onehot,HCDR3,W,0.0
Transformer-onehot,HCDR3,W,0.0
Transformer-onehot,HCDR3,W,0.0
Transformer-onehot,HCDR3,W,0.0
Transformer-onehot,HCDR3,W,-2.026836633682251
Transformer-onehot,HCDR3,W,0.0
Transformer-onehot,HCDR3,W,0.0
Transformer-onehot,HCDR3,W,0.0
Transformer-onehot,HCDR3,W,-0.50206458568573
Transformer-onehot,HCDR3,W,0.0
Transformer-onehot,HCDR3,W,0.0
Transformer-onehot,HCDR3,W,0.0
Transformer-onehot,HCDR3,W,0.0
Transformer-onehot,HCDR3,W,0.0
Transformer-onehot,HCDR3,W,0.0
Transformer-onehot,HCDR3,W,-3.9035041332244873
Transformer-onehot,HCDR3,W,0.0
Transformer-onehot,HCDR3,W,0.0
Transformer-onehot,HCDR3,W,0.0
Transformer-onehot,HCDR3,W,0.0
Transformer-onehot,HCDR3,W,0.0
Transformer-onehot,HCDR3,W,0.0
Transformer-onehot,HCDR3,W,0.0
Transformer-onehot,HCDR3,W,-5.206643581390381
Transformer-onehot,HCDR3,W,0.0
Transformer-onehot,HCDR3,W,-0.6391382217407227
Transformer-onehot,HCDR3,W,0.0
Transformer-onehot,HCDR3,W,0.0
Transformer-onehot,HCDR3,W,0.0
Transformer-onehot,HCDR3,W,0.0
Transformer-onehot,HCDR3,W,0.0
Transformer-onehot,HCDR3,W,0.0
Transformer-onehot,HCDR3,W,0.0
Transformer-onehot,HCDR3,W,-4.508056163787842
Transformer-onehot,HCDR3,W,0.0
Transformer-onehot,HCDR3,W,0.0
Transformer-onehot,HCDR3,W,0.0
Transformer-onehot,HCDR3,W,0.0
Transformer-onehot,HCDR3,W,0.0
Transformer-onehot,HCDR3,W,0.0
Transformer-onehot,HCDR3,W,0.0
Transformer-onehot,HCDR3,W,0.0
Transformer-onehot,HCDR3,W,0.0
Transformer-onehot,HCDR3,W,0.0
Transformer-onehot,HCDR3,W,0.0
Transformer-onehot,HCDR3,W,-5.125986576080322
Transformer-onehot,HCDR3,W,0.0
Transformer-onehot,HCDR3,W,0.0
Transformer-onehot,HCDR3,W,0.0
Transformer-onehot,HCDR3,W,0.0
Transformer-onehot,HCDR3,W,0.0
Transformer-onehot,HCDR3,W,0.0
Transformer-onehot,HCDR3,W,0.0
Transformer-onehot,HCDR3,W,0.0
Transformer-onehot,HCDR3,W,0.0
Transformer-onehot,HCDR3,W,0.0
Transformer-onehot,HCDR3,W,0.0
Transformer-onehot,HCDR3,W,0.0
Transformer-onehot,HCDR3,W,0.0
Transformer-onehot,HCDR3,W,0.0
Transformer-onehot,HCDR3,W,0.0
Transformer-onehot,HCDR3,Y,-0.0678741186857223
Transformer-onehot,HCDR3,Y,-0.3888635337352752
Transformer-onehot,HCDR3,Y,-0.020984336733818
Transformer-onehot,HCDR3,Y,-0.0217231642454862
Transformer-onehot,HCDR3,Y,-0.0368261188268661
Transformer-onehot,HCDR3,Y,-0.3439732491970062
Transformer-onehot,HCDR3,Y,-0.0138653330504894
Transformer-onehot,HCDR3,Y,-0.04240682721138
Transformer-onehot,HCDR3,Y,-0.0243335403501987
Transformer-onehot,HCDR3,Y,-0.5126897692680359
Transformer-onehot,HCDR3,Y,-0.1133250743150711
Transformer-onehot,HCDR3,Y,-0.006940099876374
Transformer-onehot,HCDR3,Y,-0.0659081935882568
Transformer-onehot,HCDR3,Y,-0.3051543831825256
Transformer-onehot,HCDR3,Y,-0.4144870936870575
Transformer-onehot,HCDR3,Y,-0.4657285213470459
Transformer-onehot,HCDR3,Y,-0.1645155549049377
Transformer-onehot,HCDR3,Y,-0.1363644301891327
Transformer-onehot,HCDR3,Y,-0.0417506769299507
Transformer-onehot,HCDR3,Y,-0.1795451492071151
Transformer-onehot,HCDR3,Y,-0.111806184053421
Transformer-onehot,HCDR3,Y,0.0
Transformer-onehot,HCDR3,Y,-0.101370595395565
Transformer-onehot,HCDR3,Y,-0.487731397151947
Transformer-onehot,HCDR3,Y,-0.0921237394213676
Transformer-onehot,HCDR3,Y,-0.0466902777552604
Transformer-onehot,HCDR3,Y,-0.0697455257177352
Transformer-onehot,HCDR3,Y,-0.0472160317003726
Transformer-onehot,HCDR3,Y,-0.2614116370677948
Transformer-onehot,HCDR3,Y,-0.0199230909347534
Transformer-onehot,HCDR3,Y,-0.1167999729514122
Transformer-onehot,HCDR3,Y,-0.1804482638835907
Transformer-onehot,HCDR3,Y,-0.1586767733097076
Transformer-onehot,HCDR3,Y,-0.0481747835874557
Transformer-onehot,HCDR3,Y,-0.017124768346548
Transformer-onehot,HCDR3,Y,-0.1862807273864746
Transformer-onehot,HCDR3,Y,-0.2654434442520141
Transformer-onehot,HCDR3,Y,-0.085129328072071
Transformer-onehot,HCDR3,Y,-0.0409005843102932
Transformer-onehot,HCDR3,Y,-0.7368826866149902
Transformer-onehot,HCDR3,Y,-0.2812332212924957
Transformer-onehot,HCDR3,Y,-0.3160572350025177
Transformer-onehot,HCDR3,Y,-0.1403339505195617
Transformer-onehot,HCDR3,Y,-0.0770316049456596
Transformer-onehot,HCDR3,Y,-0.0741581693291664
Transformer-onehot,HCDR3,Y,-0.4215264618396759
Transformer-onehot,HCDR3,Y,-0.2804562449455261
Transformer-onehot,HCDR3,Y,-0.0452953800559043
Transformer-onehot,HCDR3,Y,-0.0626630932092666
Transformer-onehot,HCDR3,Y,-0.053317304700613
Transformer-onehot,HCDR3,Y,-0.0778208374977111
Transformer-onehot,HCDR3,Y,-0.2935012280941009
Transformer-onehot,HCDR3,Y,-0.0303892288357019
Transformer-onehot,HCDR3,Y,-0.1014460921287536
Transformer-onehot,HCDR3,Y,-0.149286538362503
Transformer-onehot,HCDR3,Y,-0.0188107788562774
Transformer-onehot,HCDR3,Y,-0.0980082601308822
Transformer-onehot,HCDR3,Y,-0.016688821837306
Transformer-onehot,HCDR3,Y,-0.1227940022945404
Transformer-onehot,HCDR3,Y,-0.1638536602258682
Transformer-onehot,HCDR3,Y,-0.406439334154129
Transformer-onehot,HCDR3,Y,-0.1091419160366058
Transformer-onehot,HCDR3,Y,-0.0167912952601909
Transformer-onehot,HCDR3,Y,-0.0016171534080058
Transformer-onehot,HCDR3,Y,-0.1823686361312866
Transformer-onehot,HCDR3,Y,-0.0332445800304412
Transformer-onehot,HCDR3,Y,-0.1508429497480392
Transformer-onehot,HCDR3,Y,-0.368964672088623
Transformer-onehot,HCDR3,Y,-0.3639888167381286
Transformer-onehot,HCDR3,Y,-0.0388374142348766
Transformer-onehot,HCDR3,Y,-0.0183196794241666
Transformer-onehot,HCDR3,Y,-0.1418125182390213
Transformer-onehot,HCDR3,Y,-0.1415901184082031
Transformer-onehot,HCDR3,Y,-0.0210779961198568
Transformer-onehot,HCDR3,Y,-0.3466553390026092
Transformer-onehot,HCDR3,Y,-0.0147645268589258
Transformer-onehot,HCDR3,Y,0.0091028101742267
Transformer-onehot,HCDR3,Y,-0.0969724804162979
Transformer-onehot,HCDR3,Y,-0.2211159020662307
Transformer-onehot,HCDR3,Y,-0.1329659223556518
Transformer-onehot,HCDR3,Y,-0.2050224542617797
Transformer-onehot,HCDR3,Y,-0.0592074915766716
Transformer-onehot,HCDR3,Y,-0.0452607572078704
Transformer-onehot,HCDR3,Y,-0.1019849106669426
Transformer-onehot,HCDR3,Y,-0.1614348888397216
Transformer-onehot,HCDR3,Y,-0.2113529294729232
Transformer-onehot,HCDR3,Y,-0.2228749245405197
Transformer-onehot,HCDR3,Y,-0.4932956099510193
Transformer-onehot,HCDR3,Y,-0.0207687430083751
Transformer-onehot,HCDR3,Y,-0.1695824116468429
Transformer-onehot,HCDR3,Y,-0.8920959234237671
Transformer-onehot,HCDR3,Y,-0.0598139651119709
Transformer-onehot,HCDR3,Y,-0.0233620535582304
Transformer-onehot,HCDR3,Y,-0.0923109501600265
Transformer-onehot,HCDR3,Y,-0.0959133058786392
Transformer-onehot,HCDR3,Y,-0.0782625749707222
Transformer-onehot,HCDR3,Y,-0.3301627933979034
Transformer-onehot,HCDR3,Y,-0.0588882602751255
Transformer-onehot,HCDR3,Y,-0.2321541905403137
Transformer-onehot,HCDR3,Y,-0.0354390777647495
Transformer-onehot,HCDR3,Y,-0.1317881345748901
Transformer-onehot,HCDR3,Y,-0.0600464828312397
Transformer-onehot,HCDR3,Y,-0.1221831738948822
Transformer-onehot,HCDR3,Y,-0.2934944033622741
Transformer-onehot,HCDR3,Y,-0.2414563596248626
Transformer-onehot,HCDR3,Y,-0.0856804996728897
Transformer-onehot,HCDR3,Y,-0.0403391867876052
Transformer-onehot,HCDR3,Y,0.0
Transformer-onehot,HCDR3,Y,-0.3741008043289184
Transformer-onehot,HCDR3,Y,-0.0670794546604156
Transformer-onehot,HCDR3,Y,-0.171352207660675
Transformer-onehot,HCDR3,Y,-0.0677161216735839
Transformer-onehot,HCDR3,Y,-0.0776987448334693
Transformer-onehot,HCDR3,Y,-0.0260275118052959
Transformer-onehot,HCDR3,Y,-0.3619875907897949
Transformer-onehot,HCDR3,Y,-0.0193012710660696
Transformer-onehot,HCDR3,Y,-0.0750595703721046
Transformer-onehot,HCDR3,Y,-0.374430775642395
Transformer-onehot,HCDR3,Y,-0.058217104524374
Transformer-onehot,HCDR3,Y,-0.1123224794864654
Transformer-onehot,HCDR3,Y,-0.0581705011427402
Transformer-onehot,HCDR3,Y,-0.0135332075878977
Transformer-onehot,HCDR3,Y,-0.0459203533828258
Transformer-onehot,HCDR3,Y,-0.0642537847161293
Transformer-onehot,HCDR3,Y,-0.4837643206119537
Transformer-onehot,HCDR3,Y,-0.5571821928024292
Transformer-onehot,HCDR3,Y,-0.0460100471973419
Transformer-onehot,HCDR3,Y,-0.1795778125524521
Transformer-onehot,HCDR3,Y,-0.1207214742898941
Transformer-onehot,HCDR3,Y,-0.0099561922252178
Transformer-onehot,HCDR3,Y,-0.0516735613346099
Transformer-onehot,HCDR3,Y,-0.0166918449103832
Transformer-onehot,HCDR3,Y,-0.4125370979309082
Transformer-onehot,HCDR3,Y,-0.0508065447211265
Transformer-onehot,HCDR3,Y,-0.1985771656036377
Transformer-onehot,HCDR3,Y,-0.0521617084741592
Transformer-onehot,HCDR3,Y,-0.3280399441719055
Transformer-onehot,HCDR3,Y,-0.1776392012834549
Transformer-onehot,HCDR3,Y,0.0227675419300794
Transformer-onehot,HCDR3,Y,-0.0261441729962825
Transformer-onehot,HCDR3,Y,-0.0541883409023284
Transformer-onehot,HCDR3,Y,-0.0303823146969079
Transformer-onehot,HCDR3,Y,-0.0737675353884697
Transformer-onehot,HCDR3,Y,-0.1010160744190216
Transformer-onehot,HCDR3,Y,-0.0485110022127628
Transformer-onehot,HCDR3,Y,-0.0257929414510726
Transformer-onehot,HCDR3,Y,-0.0479997657239437
Transformer-onehot,HCDR3,Y,-0.2458579093217849
Transformer-onehot,HCDR3,Y,-0.0163842812180519
Transformer-onehot,HCDR3,Y,-0.2543041408061981
Transformer-onehot,HCDR3,Y,-0.0501982420682907
Transformer-onehot,HCDR3,Y,-0.0565948784351348
Transformer-onehot,HCDR3,Y,-0.080384537577629
Transformer-onehot,HCDR3,Y,-0.187909334897995
Transformer-onehot,HCDR3,Y,-0.4319663345813751
Transformer-onehot,HCDR3,Y,-0.2065362781286239
Transformer-onehot,HCDR3,Y,-0.1553188562393188
Transformer-onehot,HCDR3,Y,-0.1143672838807106
Transformer-onehot,HCDR3,Y,0.0
Transformer-onehot,HCDR3,Y,-0.0469603985548019
Transformer-onehot,HCDR3,Y,-0.0829698368906974
Transformer-onehot,HCDR3,Y,0.0
Transformer-onehot,HCDR3,Y,-0.1648938953876495
Transformer-onehot,HCDR3,Y,-0.0205334145575761
Transformer-onehot,HCDR3,Y,-0.2658799886703491
Transformer-onehot,HCDR3,Y,-0.6042112708091736
Transformer-onehot,HCDR3,Y,-0.2777371406555176
Transformer-onehot,HCDR3,Y,-0.039178729057312
Transformer-onehot,HCDR3,Y,-0.1446438431739807
Transformer-onehot,HCDR3,Y,-0.0819779708981514
Transformer-onehot,HCDR3,Y,-0.1198112666606903
Transformer-onehot,HCDR3,Y,-0.1608482450246811
Transformer-onehot,HCDR3,Y,-0.0141473803669214
Transformer-onehot,HCDR3,Y,-0.1382679492235183
Transformer-onehot,HCDR3,Y,-0.1332792937755584
Transformer-onehot,HCDR3,Y,-0.0184390284121036
Transformer-onehot,HCDR3,Y,-0.0385606884956359
Transformer-onehot,HCDR3,Y,-0.0319623611867427
Transformer-onehot,HCDR3,Y,-0.0369807854294776
Transformer-onehot,HCDR3,Y,-0.2769044041633606
Transformer-onehot,HCDR3,Y,-0.0187985729426145
Transformer-onehot,HCDR3,Y,-0.1122199818491935
Transformer-onehot,HCDR3,Y,-0.0420532375574111
Transformer-onehot,HCDR3,Y,-0.0762712359428405
Transformer-onehot,HCDR3,Y,-0.0873152017593383
Transformer-onehot,HCDR3,Y,-0.0570903457701206
Transformer-onehot,HCDR3,Y,0.0
Transformer-onehot,HCDR3,Y,-0.073780171573162
Transformer-onehot,HCDR3,Y,-0.3555174767971039
Transformer-onehot,HCDR3,Y,-0.0234113112092018
Transformer-onehot,HCDR3,Y,-0.0508539080619812
Transformer-onehot,HCDR3,Y,-0.4092461466789245
Transformer-onehot,HCDR3,Y,-0.2957365810871124
Transformer-onehot,HCDR3,Y,0.0
Transformer-onehot,HCDR3,Y,-0.4089389443397522
Transformer-onehot,HCDR3,Y,-0.3495031595230102
Transformer-onehot,HCDR3,Y,-0.0180860683321952
Transformer-onehot,HCDR3,Y,-0.0183414667844772
Transformer-onehot,HCDR3,Y,-0.1489642858505249
Transformer-onehot,HCDR3,Y,-0.2588388919830322
Transformer-onehot,HCDR3,Y,-0.2274907231330871
Transformer-onehot,HCDR3,Y,0.0005581357982009
Transformer-onehot,HCDR3,Y,-0.0916898250579834
Transformer-onehot,HCDR3,Y,-0.0231868047267198
Transformer-onehot,HCDR3,Y,-0.0636472404003143
Transformer-onehot,HCDR3,Y,-0.2076532691717147
Transformer-onehot,HCDR3,Y,-0.0336767993867397
Transformer-onehot,HCDR3,Y,-0.0661418288946151
Transformer-onehot,HCDR3,Y,-0.0968520790338516
Transformer-onehot,HCDR3,Y,-0.0492715165019035
Transformer-onehot,HCDR3,Y,-0.0108488919213414
Transformer-onehot,HCDR3,Y,-0.0247603300958871
Transformer-onehot,HCDR3,Y,-0.2276393473148346
Transformer-onehot,HCDR3,Y,-0.1805944144725799
Transformer-onehot,HCDR3,Y,-0.1928260922431945
Transformer-onehot,HCDR3,Y,-0.1376239359378814
Transformer-onehot,HCDR3,Y,-0.2433776557445526
Transformer-onehot,HCDR3,Y,-0.0396529473364353
Transformer-onehot,HCDR3,Y,-0.1234778687357902
Transformer-onehot,HCDR3,Y,-0.3223255574703216
Transformer-onehot,HCDR3,Y,-0.0377127043902874
Transformer-onehot,HCDR3,Y,-0.046236302703619
Transformer-onehot,HCDR3,Y,-0.193332090973854
Transformer-onehot,HCDR3,Y,-0.4099231958389282
Transformer-onehot,HCDR3,Y,-0.3080791234970093
Transformer-onehot,HCDR3,Y,-0.0611870810389518
Transformer-onehot,HCDR3,Y,-0.0290270000696182
Transformer-onehot,HCDR3,Y,-0.1062387898564338
Transformer-onehot,HCDR3,Y,-0.1975710093975067
Transformer-onehot,HCDR3,Y,-0.2951525747776031
Transformer-onehot,HCDR3,Y,-0.2736872434616089
Transformer-onehot,HCDR3,Y,-0.6765651702880859
Transformer-onehot,HCDR3,Y,-0.0345595031976699
Transformer-onehot,HCDR3,Y,-0.1360514611005783
Transformer-onehot,HCDR3,Y,-0.4452629685401916
Transformer-onehot,HCDR3,Y,-0.0529434382915496
Transformer-onehot,HCDR3,Y,0.0
Transformer-onehot,HCDR3,Y,-0.021581569686532
Transformer-onehot,HCDR3,Y,-0.0781019404530525
Transformer-onehot,HCDR3,Y,-0.1313657313585281
Transformer-onehot,HCDR3,Y,-0.1503791064023971
Transformer-onehot,HCDR3,Y,-0.0828229486942291
Transformer-onehot,HCDR3,Y,-0.085583858191967
Transformer-onehot,HCDR3,Y,-0.2525385618209839
Transformer-onehot,HCDR3,Y,-0.0300730168819427
Transformer-onehot,HCDR3,Y,-0.1754855066537857
Transformer-onehot,HCDR3,Y,-0.1000351756811142
Transformer-onehot,HCDR3,Y,-0.3093244135379791
Transformer-onehot,HCDR3,Y,-0.1773730665445327
Transformer-onehot,HCDR3,Y,-0.0532335042953491
Transformer-onehot,HCDR3,Y,-0.1623731404542923
Transformer-onehot,HCDR3,Y,-0.1432726085186004
Transformer-onehot,HCDR3,Y,-0.0074580232612788
Transformer-onehot,HCDR3,Y,-0.0039970381185412
Transformer-onehot,HCDR3,Y,-0.232828602194786
Transformer-onehot,HCDR3,Y,-0.2860253453254699
Transformer-onehot,HCDR3,Y,-0.2917541563510895
Transformer-onehot,HCDR3,Y,-0.0881342664361
Transformer-onehot,HCDR3,Y,-0.0099183768033981
Transformer-onehot,HCDR3,Y,-0.0989871621131897
Transformer-onehot,HCDR3,Y,-0.4856210052967071
Transformer-onehot,HCDR3,Y,-0.1510212868452072
Transformer-onehot,HCDR3,Y,-0.6105664372444153
Transformer-onehot,HCDR3,Y,-0.0158183015882968
Transformer-onehot,HCDR3,Y,-0.3317843675613403
Transformer-onehot,HCDR3,Y,-0.0167444720864295
Transformer-onehot,HCDR3,Y,-0.2205137014389038
Transformer-onehot,HCDR3,Y,-0.0652719959616661
Transformer-onehot,HCDR3,Y,-0.0149132292717695
Transformer-onehot,HCDR3,Y,-0.0058551807887852
Transformer-onehot,HCDR3,Y,-0.1288507282733917
Transformer-onehot,HCDR3,Y,-0.1199321001768112
Transformer-onehot,HCDR3,Y,0.0
Transformer-onehot,HCDR3,Y,-0.0191627703607082
Transformer-onehot,HCDR3,Y,-0.007927767932415
Transformer-onehot,HCDR3,Y,-0.2258284389972686
Transformer-onehot,HCDR3,Y,-0.0227542985230684
Transformer-onehot,HCDR3,Y,-0.1471028625965118
Transformer-onehot,HCDR3,Y,-0.0058053350076079
Transformer-onehot,HCDR3,Y,-0.0127077717334032
Transformer-onehot,HCDR3,Y,-0.0279702637344598
Transformer-onehot,HCDR3,Y,-0.0024678183253854
Transformer-onehot,HCDR3,Y,-0.0038654364179819
Transformer-onehot,HCDR3,Y,-0.0226789191365242
Transformer-onehot,HCDR3,Y,-0.1508324146270752
Transformer-onehot,HCDR3,Y,-0.2496907263994217
Transformer-onehot,HCDR3,Y,-0.0689538344740867
Transformer-onehot,HCDR3,Y,-0.1239930540323257
Transformer-onehot,HCDR3,Y,-0.0035665757022798
Transformer-onehot,HCDR3,Y,-0.3946719765663147
Transformer-onehot,HCDR3,Y,-0.0600630268454551
Transformer-onehot,HCDR3,Y,-0.1570376455783844
Transformer-onehot,HCDR3,Y,-0.0575023479759693
Transformer-onehot,HCDR3,Y,-0.0945306122303009
Transformer-onehot,HCDR3,Y,-0.2772807478904724
Transformer-onehot,HCDR3,Y,-0.0649541243910789
Transformer-onehot,HCDR3,Y,-0.0552041381597518
Transformer-onehot,HCDR3,Y,-0.1515513658523559
Transformer-onehot,HCDR3,Y,-0.4803166389465332
Transformer-onehot,HCDR3,Y,-0.2644961178302765
Transformer-onehot,HCDR3,Y,-0.1575710773468017
Transformer-onehot,HCDR3,Y,-0.0090023474767804
Transformer-onehot,HCDR3,Y,-0.0631196573376655
Transformer-onehot,HCDR3,Y,-0.3179734945297241
Transformer-onehot,HCDR3,Y,-0.0572967380285263
Transformer-onehot,HCDR3,Y,-0.1908310651779174
Transformer-onehot,HCDR3,Y,-0.0052464641630649
Transformer-onehot,HCDR3,Y,-0.3907033503055572
Transformer-onehot,HCDR3,Y,-0.2451655566692352
Transformer-onehot,HCDR3,Y,-0.1607935428619384
Transformer-onehot,HCDR3,Y,-0.0079642375931143
Transformer-onehot,HCDR3,Y,-0.0035641335416585
Transformer-onehot,HCDR3,Y,-0.0148104652762413
Transformer-onehot,HCDR3,Y,-0.1086776629090309
Transformer-onehot,HCDR3,Y,-0.1174677535891532
Transformer-onehot,HCDR3,Y,-0.2872170209884643
Transformer-onehot,HCDR3,Y,-0.0046450467780232
Transformer-onehot,HCDR3,Y,-0.0111433304846286
Transformer-onehot,HCDR3,Y,-0.0653419867157936
Transformer-onehot,HCDR3,Y,-0.0285578779876232
Transformer-onehot,HCDR3,Y,-0.0046308566816151
Transformer-onehot,HCDR3,Y,-0.0982122719287872
Transformer-onehot,HCDR3,Y,-0.0083369966596364
Transformer-onehot,HCDR3,Y,-0.0040076659061014
Transformer-onehot,HCDR3,Y,-0.0597118027508258
Transformer-onehot,HCDR3,Y,-0.1206848099827766
Transformer-onehot,HCDR3,Y,-0.171892911195755
Transformer-onehot,HCDR3,Y,-0.210762932896614
Transformer-onehot,HCDR3,Y,0.0
Transformer-onehot,HCDR3,Y,-0.0424237437546253
Transformer-onehot,HCDR3,Y,-0.0057620471343398
Transformer-onehot,HCDR3,Y,-0.0030112867243587
Transformer-onehot,HCDR3,Y,-0.154137521982193
Transformer-onehot,HCDR3,Y,-0.0142374550923705
Transformer-onehot,HCDR3,Y,-0.0529188886284828
Transformer-onehot,HCDR3,Y,-0.0780268013477325
Transformer-onehot,HCDR3,Y,-0.0704997479915618
Transformer-onehot,HCDR3,Y,-0.0073576504364609
Transformer-onehot,HCDR3,Y,-0.0524014495313167
Transformer-onehot,HCDR3,Y,-0.0179580841213464
Transformer-onehot,HCDR3,Y,-0.0991449654102325
Transformer-onehot,HCDR3,Y,-0.011306120082736
Transformer-onehot,HCDR3,Y,-0.0515472590923309
Transformer-onehot,HCDR3,Y,-0.2206210047006607
Transformer-onehot,HCDR3,Y,-0.0843074768781662
Transformer-onehot,HCDR3,Y,-0.1542172133922577
Transformer-onehot,HCDR3,Y,-0.0447462275624275
Transformer-onehot,HCDR3,Y,-0.0309082902967929
Transformer-onehot,HCDR3,Y,-0.0957318767905235
Transformer-onehot,HCDR3,Y,-0.147938072681427
Transformer-onehot,HCDR3,Y,-0.0968873649835586
Transformer-onehot,HCDR3,Y,-0.0238577593117952
Transformer-onehot,HCDR3,Y,-0.1816961467266082
Transformer-onehot,HCDR3,Y,-0.0644993335008621
Transformer-onehot,HCDR3,Y,-0.0047418917529284
Transformer-onehot,HCDR3,Y,-0.3983812928199768
Transformer-onehot,HCDR3,Y,-0.090594083070755
Transformer-onehot,HCDR3,Y,-0.0038617390673607
Transformer-onehot,HCDR3,Y,-0.220764935016632
Transformer-onehot,HCDR3,Y,-0.0335221663117408
Transformer-onehot,HCDR3,Y,-0.0130132902413606
Transformer-onehot,HCDR3,Y,-0.2111784517765045
Transformer-onehot,HCDR3,Y,-0.2256824225187301
Transformer-onehot,HCDR3,Y,-0.3144640922546386
Transformer-onehot,HCDR3,Y,-0.1666441857814788
Transformer-onehot,HCDR3,Y,-0.2364609688520431
Transformer-onehot,HCDR3,Y,-0.0092313354834914
Transformer-onehot,HCDR3,Y,-0.0586350820958614
Transformer-onehot,HCDR3,Y,-0.154397040605545
Transformer-onehot,HCDR3,Y,-0.1298471391201019
Transformer-onehot,HCDR3,Y,-0.1381113678216934
Transformer-onehot,HCDR3,Y,-0.4118968248367309
Transformer-onehot,HCDR3,Y,-0.0119532290846109
Transformer-onehot,HCDR3,Y,-0.0885600820183754
Transformer-onehot,HCDR3,Y,-0.0197262559086084
Transformer-onehot,HCDR3,Y,-0.0568052418529987
Transformer-onehot,HCDR3,Y,-0.177402526140213
Transformer-onehot,HCDR3,Y,-0.0182716716080904
Transformer-onehot,HCDR3,Y,-0.026816226541996
Transformer-onehot,HCDR3,Y,-0.0060917376540601
Transformer-onehot,HCDR3,Y,-0.3410765528678894
Transformer-onehot,HCDR3,Y,-0.006883037276566
Transformer-onehot,HCDR3,Y,-0.05930932238698
Transformer-onehot,HCDR3,Y,-0.0138174481689929
Transformer-onehot,HCDR3,Y,-0.0587042458355426
Transformer-onehot,HCDR3,Y,-0.0212730728089809
Transformer-onehot,HCDR3,Y,-0.0588702000677585
Transformer-onehot,HCDR3,Y,-0.0043927999213337
Transformer-onehot,HCDR3,Y,-0.0370887741446495
Transformer-onehot,HCDR3,Y,-0.145246222615242
Transformer-onehot,HCDR3,Y,-0.0059948773123323
Transformer-onehot,HCDR3,Y,-0.0695332586765289
Transformer-onehot,HCDR3,Y,-0.3400135040283203
Transformer-onehot,HCDR3,Y,-0.0351097807288169
Transformer-onehot,HCDR3,Y,-0.1436919420957565
Transformer-onehot,HCDR3,Y,-0.1383478194475174
Transformer-onehot,HCDR3,Y,-0.372130423784256
Transformer-onehot,HCDR3,Y,-0.2660412490367889
Transformer-onehot,HCDR3,Y,-0.0203062519431114
Transformer-onehot,HCDR3,Y,-0.1081909760832786
Transformer-onehot,HCDR3,Y,-0.0776869505643844
Transformer-onehot,HCDR3,Y,-0.0532771907746791
Transformer-onehot,HCDR3,Y,-0.076531745493412
Transformer-onehot,HCDR3,Y,-0.0382152460515499
Transformer-onehot,HCDR3,Y,-0.0953890308737754
Transformer-onehot,HCDR3,Y,-0.0061756088398396
Transformer-onehot,HCDR3,Y,-0.3375507295131683
Transformer-onehot,HCDR3,Y,0.0306851733475923
Transformer-onehot,HCDR3,Y,-0.0215831957757473
Transformer-onehot,HCDR3,Y,-0.0520914420485496
Transformer-onehot,HCDR3,Y,-0.0145381772890686
Transformer-onehot,HCDR3,Y,-0.0603130757808685
Transformer-onehot,HCDR3,Y,-0.2260553985834121
Transformer-onehot,HCDR3,Y,-0.0490007810294628
Transformer-onehot,HCDR3,Y,-0.1661133915185928
Transformer-onehot,HCDR3,Y,-0.0215476285666227
Transformer-onehot,HCDR3,Y,-0.1431549787521362
Transformer-onehot,HCDR3,Y,-0.3345633149147033
Transformer-onehot,HCDR3,Y,0.0045986040495336
Transformer-onehot,HCDR3,Y,-0.0595392361283302
Transformer-onehot,HCDR3,Y,-0.1446869969367981
Transformer-onehot,HCDR3,Y,-0.1516593098640442
Transformer-onehot,HCDR3,Y,-0.0335339158773422
Transformer-onehot,HCDR3,Y,-0.1664878278970718
Transformer-onehot,HCDR3,Y,0.0443597733974456
Transformer-onehot,HCDR3,Y,-0.120448999106884
Transformer-onehot,HCDR3,Y,-0.0050556627102196
Transformer-onehot,HCDR3,Y,-0.1653155386447906
Transformer-onehot,HCDR3,Y,-0.0046752705238759
Transformer-onehot,HCDR3,Y,-0.1646747142076492
Transformer-onehot,HCDR3,Y,-0.006164638325572
Transformer-onehot,HCDR3,Y,-0.0592872314155101
Transformer-onehot,HCDR3,Y,-0.0135387443006038
Transformer-onehot,HCDR3,Y,-0.2358571141958236
Transformer-onehot,HCDR3,Y,-0.0904335603117942
Transformer-onehot,HCDR3,Y,-0.0406727120280265
Transformer-onehot,HCDR3,Y,-0.0033483107108622
Transformer-onehot,HCDR3,Y,-0.1209116429090499
Transformer-onehot,HCDR3,Y,-0.0456972084939479
Transformer-onehot,HCDR3,Y,-0.0082155680283904
Transformer-onehot,HCDR3,Y,-0.0453447140753269
Transformer-onehot,HCDR3,Y,-0.247482880949974
Transformer-onehot,HCDR3,Y,-0.4972187280654907
Transformer-onehot,HCDR3,Y,0.001485597807914
Transformer-onehot,HCDR3,Y,-0.3356276154518127
Transformer-onehot,HCDR3,Y,-0.0552600510418415
Transformer-onehot,HCDR3,Y,-0.129980057477951
Transformer-onehot,HCDR3,Y,-0.0033049769699573
Transformer-onehot,HCDR3,Y,-0.1143985614180564
Transformer-onehot,HCDR3,Y,-0.0664230436086654
Transformer-onehot,HCDR3,Y,-0.2717271447181701
Transformer-onehot,HCDR3,Y,-0.1960865557193756
Transformer-onehot,HCDR3,Y,-0.0789680853486061
Transformer-onehot,HCDR3,Y,-0.1211213245987892
Transformer-onehot,HCDR3,Y,-0.4106963872909546
Transformer-onehot,HCDR3,Y,-0.1088222712278366
Transformer-onehot,HCDR3,Y,-0.0322910398244857
Transformer-onehot,HCDR3,Y,-0.122291974723339
Transformer-onehot,HCDR3,Y,-0.0163281485438346
Transformer-onehot,HCDR3,Y,0.0
Transformer-onehot,HCDR3,Y,-0.1860819458961486
Transformer-onehot,HCDR3,Y,-0.1122292876243591
Transformer-onehot,HCDR3,Y,-0.075343981385231
Transformer-onehot,HCDR3,Y,-0.0233865026384592
Transformer-onehot,HCDR3,Y,-0.0097015863284468
Transformer-onehot,HCDR3,Y,-0.2354131489992141
Transformer-onehot,HCDR3,Y,-0.2628138363361358
Transformer-onehot,HCDR3,Y,0.0
Transformer-onehot,HCDR3,Y,-0.009558668360114
Transformer-onehot,HCDR3,Y,-0.0570062436163425
Transformer-onehot,HCDR3,Y,-0.0107660423964262
Transformer-onehot,HCDR3,Y,-0.014622064307332
Transformer-onehot,HCDR3,Y,-0.1468168944120407
Transformer-onehot,HCDR3,Y,-0.0201542899012565
Transformer-onehot,HCDR3,Y,-0.0122491288930177
Transformer-onehot,HCDR3,Y,-0.2201299518346786
Transformer-onehot,HCDR3,Y,-0.0880867838859558
Transformer-onehot,HCDR3,Y,-0.0076343575492501
Transformer-onehot,HCDR3,Y,-0.1094470098614692
Transformer-onehot,HCDR3,Y,-0.0115805026143789
Transformer-onehot,HCDR3,Y,-0.0907434001564979
Transformer-onehot,HCDR3,Y,-0.1465667486190796
Transformer-onehot,HCDR3,Y,-0.0241276994347572
Transformer-onehot,HCDR3,Y,-0.077039860188961
Transformer-onehot,HCDR3,Y,-0.0716227069497108
Transformer-onehot,HCDR3,Y,-0.3647076487541199
Transformer-onehot,HCDR3,Y,-0.0120830973610281
Transformer-onehot,HCDR3,Y,-0.0885305553674697
Transformer-onehot,HCDR3,Y,-0.0082446318119764
Transformer-onehot,HCDR3,Y,-0.2210436761379242
Transformer-onehot,HCDR3,Y,-0.0043927603401243
Transformer-onehot,HCDR3,Y,-0.0105872629210352
Transformer-onehot,HCDR3,Y,-0.4673150181770324
Transformer-onehot,HCDR3,Y,-0.1323563307523727
Transformer-onehot,HCDR3,Y,-0.3494617938995361
Transformer-onehot,HCDR3,Y,-0.0031985177192837
Transformer-onehot,HCDR3,Y,-0.1173463612794876
Transformer-onehot,HCDR3,Y,-0.392032265663147
Transformer-onehot,HCDR3,Y,-0.0213408861309289
Transformer-onehot,HCDR3,Y,-0.0678974390029907
Transformer-onehot,VH_framework,A,0.0
Transformer-onehot,VH_framework,A,0.0
Transformer-onehot,VH_framework,A,0.0
Transformer-onehot,VH_framework,A,0.0
Transformer-onehot,VH_framework,A,0.0
Transformer-onehot,VH_framework,A,0.0
Transformer-onehot,VH_framework,A,0.0
Transformer-onehot,VH_framework,A,0.0
Transformer-onehot,VH_framework,A,0.0
Transformer-onehot,VH_framework,A,0.0
Transformer-onehot,VH_framework,A,0.0
Transformer-onehot,VH_framework,A,0.0
Transformer-onehot,VH_framework,A,0.0
Transformer-onehot,VH_framework,A,0.0
Transformer-onehot,VH_framework,A,0.0
Transformer-onehot,VH_framework,A,0.0
Transformer-onehot,VH_framework,A,0.0
Transformer-onehot,VH_framework,A,0.0
Transformer-onehot,VH_framework,A,0.0
Transformer-onehot,VH_framework,A,0.0
Transformer-onehot,VH_framework,A,0.0
Transformer-onehot,VH_framework,A,0.0
Transformer-onehot,VH_framework,A,0.0
Transformer-onehot,VH_framework,A,0.0
Transformer-onehot,VH_framework,A,0.0
Transformer-onehot,VH_framework,A,0.0
Transformer-onehot,VH_framework,A,0.0
Transformer-onehot,VH_framework,A,0.0
Transformer-onehot,VH_framework,A,0.0
Transformer-onehot,VH_framework,A,0.0
Transformer-onehot,VH_framework,A,0.0
Transformer-onehot,VH_framework,A,0.0
Transformer-onehot,VH_framework,A,0.0
Transformer-onehot,VH_framework,A,0.0
Transformer-onehot,VH_framework,A,0.0
Transformer-onehot,VH_framework,A,0.0
Transformer-onehot,VH_framework,A,0.0
Transformer-onehot,VH_framework,A,0.0
Transformer-onehot,VH_framework,A,0.0
Transformer-onehot,VH_framework,A,0.0
Transformer-onehot,VH_framework,A,0.0
Transformer-onehot,VH_framework,A,0.0
Transformer-onehot,VH_framework,A,0.0
Transformer-onehot,VH_framework,A,0.0
Transformer-onehot,VH_framework,A,0.0
Transformer-onehot,VH_framework,A,0.0
Transformer-onehot,VH_framework,A,0.0
Transformer-onehot,VH_framework,A,0.0
Transformer-onehot,VH_framework,A,0.0
Transformer-onehot,VH_framework,A,0.0
Transformer-onehot,VH_framework,A,0.0
Transformer-onehot,VH_framework,A,0.0
Transformer-onehot,VH_framework,A,0.0
Transformer-onehot,VH_framework,A,0.0
Transformer-onehot,VH_framework,A,0.0
Transformer-onehot,VH_framework,A,0.0
Transformer-onehot,VH_framework,A,0.0
Transformer-onehot,VH_framework,A,0.0
Transformer-onehot,VH_framework,A,0.0
Transformer-onehot,VH_framework,A,0.0
Transformer-onehot,VH_framework,A,0.0
Transformer-onehot,VH_framework,A,0.0
Transformer-onehot,VH_framework,A,0.0
Transformer-onehot,VH_framework,A,0.0
Transformer-onehot,VH_framework,A,0.0
Transformer-onehot,VH_framework,A,0.0
Transformer-onehot,VH_framework,A,0.0
Transformer-onehot,VH_framework,A,0.0
Transformer-onehot,VH_framework,A,0.0
Transformer-onehot,VH_framework,A,0.0
Transformer-onehot,VH_framework,A,0.0
Transformer-onehot,VH_framework,A,0.0
Transformer-onehot,VH_framework,A,0.0
Transformer-onehot,VH_framework,A,0.0
Transformer-onehot,VH_framework,A,0.0
Transformer-onehot,VH_framework,A,0.0
Transformer-onehot,VH_framework,A,0.0
Transformer-onehot,VH_framework,A,0.0
Transformer-onehot,VH_framework,A,0.0
Transformer-onehot,VH_framework,A,0.0
Transformer-onehot,VH_framework,A,0.0
Transformer-onehot,VH_framework,A,0.0
Transformer-onehot,VH_framework,A,0.0
Transformer-onehot,VH_framework,A,0.0
Transformer-onehot,VH_framework,A,0.0
Transformer-onehot,VH_framework,A,0.0
Transformer-onehot,VH_framework,A,0.0
Transformer-onehot,VH_framework,A,0.0
Transformer-onehot,VH_framework,A,0.0
Transformer-onehot,VH_framework,A,0.0
Transformer-onehot,VH_framework,A,0.0
Transformer-onehot,VH_framework,A,0.0
Transformer-onehot,VH_framework,A,0.0
Transformer-onehot,VH_framework,A,0.0
Transformer-onehot,VH_framework,A,0.0
Transformer-onehot,VH_framework,A,0.0
Transformer-onehot,VH_framework,A,0.0
Transformer-onehot,VH_framework,A,0.0
Transformer-onehot,VH_framework,A,0.0
Transformer-onehot,VH_framework,A,0.0
Transformer-onehot,VH_framework,A,0.0
Transformer-onehot,VH_framework,A,0.0
Transformer-onehot,VH_framework,A,0.0
Transformer-onehot,VH_framework,A,0.0
Transformer-onehot,VH_framework,A,0.0
Transformer-onehot,VH_framework,A,0.0
Transformer-onehot,VH_framework,A,0.0
Transformer-onehot,VH_framework,A,0.0
Transformer-onehot,VH_framework,A,0.0
Transformer-onehot,VH_framework,A,0.0
Transformer-onehot,VH_framework,A,0.0
Transformer-onehot,VH_framework,A,0.0
Transformer-onehot,VH_framework,A,0.0
Transformer-onehot,VH_framework,A,0.0
Transformer-onehot,VH_framework,A,0.0
Transformer-onehot,VH_framework,A,0.0
Transformer-onehot,VH_framework,A,0.0
Transformer-onehot,VH_framework,A,0.0
Transformer-onehot,VH_framework,A,0.0
Transformer-onehot,VH_framework,A,0.0
Transformer-onehot,VH_framework,A,0.0
Transformer-onehot,VH_framework,A,0.0
Transformer-onehot,VH_framework,A,0.0
Transformer-onehot,VH_framework,A,0.0
Transformer-onehot,VH_framework,A,0.0
Transformer-onehot,VH_framework,A,0.0
Transformer-onehot,VH_framework,A,0.0
Transformer-onehot,VH_framework,A,0.0
Transformer-onehot,VH_framework,A,0.0
Transformer-onehot,VH_framework,A,0.0
Transformer-onehot,VH_framework,A,0.0
Transformer-onehot,VH_framework,A,0.0
Transformer-onehot,VH_framework,A,0.0
Transformer-onehot,VH_framework,A,0.0
Transformer-onehot,VH_framework,A,0.0
Transformer-onehot,VH_framework,A,0.0
Transformer-onehot,VH_framework,A,0.0
Transformer-onehot,VH_framework,A,0.0
Transformer-onehot,VH_framework,A,0.0
Transformer-onehot,VH_framework,A,0.0
Transformer-onehot,VH_framework,A,0.0
Transformer-onehot,VH_framework,A,0.0
Transformer-onehot,VH_framework,A,0.0
Transformer-onehot,VH_framework,A,0.0
Transformer-onehot,VH_framework,A,0.0
Transformer-onehot,VH_framework,A,0.0
Transformer-onehot,VH_framework,A,0.0
Transformer-onehot,VH_framework,A,0.0
Transformer-onehot,VH_framework,A,0.0
Transformer-onehot,VH_framework,A,0.0
Transformer-onehot,VH_framework,A,0.0
Transformer-onehot,VH_framework,A,0.0
Transformer-onehot,VH_framework,A,0.0
Transformer-onehot,VH_framework,A,0.0
Transformer-onehot,VH_framework,A,0.0
Transformer-onehot,VH_framework,A,0.0
Transformer-onehot,VH_framework,A,0.0
Transformer-onehot,VH_framework,A,0.0
Transformer-onehot,VH_framework,A,0.0
Transformer-onehot,VH_framework,A,0.0
Transformer-onehot,VH_framework,A,0.0
Transformer-onehot,VH_framework,A,0.0
Transformer-onehot,VH_framework,A,0.0
Transformer-onehot,VH_framework,A,0.0
Transformer-onehot,VH_framework,A,0.0
Transformer-onehot,VH_framework,A,0.0
Transformer-onehot,VH_framework,A,0.0
Transformer-onehot,VH_framework,A,0.0
Transformer-onehot,VH_framework,A,0.0
Transformer-onehot,VH_framework,A,0.0
Transformer-onehot,VH_framework,A,0.0
Transformer-onehot,VH_framework,A,0.0
Transformer-onehot,VH_framework,A,0.0
Transformer-onehot,VH_framework,A,0.0
Transformer-onehot,VH_framework,A,0.0
Transformer-onehot,VH_framework,A,0.0
Transformer-onehot,VH_framework,A,0.0
Transformer-onehot,VH_framework,A,0.0
Transformer-onehot,VH_framework,A,0.0
Transformer-onehot,VH_framework,A,0.0
Transformer-onehot,VH_framework,A,0.0
Transformer-onehot,VH_framework,A,0.0
Transformer-onehot,VH_framework,A,0.0
Transformer-onehot,VH_framework,A,0.0
Transformer-onehot,VH_framework,A,0.0
Transformer-onehot,VH_framework,A,0.0
Transformer-onehot,VH_framework,A,0.0
Transformer-onehot,VH_framework,A,0.0
Transformer-onehot,VH_framework,A,0.0
Transformer-onehot,VH_framework,A,0.0
Transformer-onehot,VH_framework,A,0.0
Transformer-onehot,VH_framework,A,0.0
Transformer-onehot,VH_framework,A,0.0
Transformer-onehot,VH_framework,A,0.0
Transformer-onehot,VH_framework,A,0.0
Transformer-onehot,VH_framework,A,0.0
Transformer-onehot,VH_framework,A,0.0
Transformer-onehot,VH_framework,A,0.0
Transformer-onehot,VH_framework,A,0.0
Transformer-onehot,VH_framework,A,0.0
Transformer-onehot,VH_framework,A,0.0
Transformer-onehot,VH_framework,A,0.0
Transformer-onehot,VH_framework,A,0.0
Transformer-onehot,VH_framework,A,0.0
Transformer-onehot,VH_framework,A,0.0
Transformer-onehot,VH_framework,A,0.0
Transformer-onehot,VH_framework,A,0.0
Transformer-onehot,VH_framework,A,0.0
Transformer-onehot,VH_framework,A,0.0
Transformer-onehot,VH_framework,A,0.0
Transformer-onehot,VH_framework,A,0.0
Transformer-onehot,VH_framework,A,0.0
Transformer-onehot,VH_framework,A,0.0
Transformer-onehot,VH_framework,A,0.0
Transformer-onehot,VH_framework,A,0.0
Transformer-onehot,VH_framework,A,0.0
Transformer-onehot,VH_framework,A,0.0
Transformer-onehot,VH_framework,A,0.0
Transformer-onehot,VH_framework,A,0.0
Transformer-onehot,VH_framework,A,0.0
Transformer-onehot,VH_framework,A,0.0
Transformer-onehot,VH_framework,A,0.0
Transformer-onehot,VH_framework,A,0.0
Transformer-onehot,VH_framework,A,0.0
Transformer-onehot,VH_framework,A,0.0
Transformer-onehot,VH_framework,A,0.0
Transformer-onehot,VH_framework,A,0.0
Transformer-onehot,VH_framework,A,0.0
Transformer-onehot,VH_framework,A,0.0
Transformer-onehot,VH_framework,A,0.0
Transformer-onehot,VH_framework,A,0.0
Transformer-onehot,VH_framework,A,0.0
Transformer-onehot,VH_framework,A,0.0
Transformer-onehot,VH_framework,A,0.0
Transformer-onehot,VH_framework,A,0.0
Transformer-onehot,VH_framework,A,0.0
Transformer-onehot,VH_framework,A,0.0
Transformer-onehot,VH_framework,A,0.0
Transformer-onehot,VH_framework,A,0.0
Transformer-onehot,VH_framework,A,0.0
Transformer-onehot,VH_framework,A,0.0
Transformer-onehot,VH_framework,A,0.0
Transformer-onehot,VH_framework,A,0.0
Transformer-onehot,VH_framework,A,0.0
Transformer-onehot,VH_framework,A,0.0
Transformer-onehot,VH_framework,A,0.0
Transformer-onehot,VH_framework,A,0.0
Transformer-onehot,VH_framework,A,0.0
Transformer-onehot,VH_framework,A,0.0
Transformer-onehot,VH_framework,A,0.0
Transformer-onehot,VH_framework,A,0.0
Transformer-onehot,VH_framework,A,0.0
Transformer-onehot,VH_framework,A,0.0
Transformer-onehot,VH_framework,A,0.0
Transformer-onehot,VH_framework,A,0.0
Transformer-onehot,VH_framework,A,0.0
Transformer-onehot,VH_framework,A,0.0
Transformer-onehot,VH_framework,A,0.0
Transformer-onehot,VH_framework,A,0.0
Transformer-onehot,VH_framework,A,0.0
Transformer-onehot,VH_framework,A,0.0
Transformer-onehot,VH_framework,A,0.0
Transformer-onehot,VH_framework,A,0.0
Transformer-onehot,VH_framework,A,0.0
Transformer-onehot,VH_framework,A,0.0
Transformer-onehot,VH_framework,A,0.0
Transformer-onehot,VH_framework,A,0.0
Transformer-onehot,VH_framework,A,0.0
Transformer-onehot,VH_framework,A,0.0
Transformer-onehot,VH_framework,A,0.0
Transformer-onehot,VH_framework,A,0.0
Transformer-onehot,VH_framework,A,0.0
Transformer-onehot,VH_framework,A,0.0
Transformer-onehot,VH_framework,A,0.0
Transformer-onehot,VH_framework,A,0.0
Transformer-onehot,VH_framework,A,0.0
Transformer-onehot,VH_framework,A,0.0
Transformer-onehot,VH_framework,A,0.0
Transformer-onehot,VH_framework,A,0.0
Transformer-onehot,VH_framework,A,0.0
Transformer-onehot,VH_framework,A,0.0
Transformer-onehot,VH_framework,A,0.0
Transformer-onehot,VH_framework,A,0.0
Transformer-onehot,VH_framework,A,0.0
Transformer-onehot,VH_framework,A,0.0
Transformer-onehot,VH_framework,A,0.0
Transformer-onehot,VH_framework,A,0.0
Transformer-onehot,VH_framework,A,0.0
Transformer-onehot,VH_framework,A,0.0
Transformer-onehot,VH_framework,A,0.0
Transformer-onehot,VH_framework,A,0.0
Transformer-onehot,VH_framework,A,0.0
Transformer-onehot,VH_framework,A,0.0
Transformer-onehot,VH_framework,A,0.0
Transformer-onehot,VH_framework,A,0.0
Transformer-onehot,VH_framework,A,0.0
Transformer-onehot,VH_framework,A,0.0
Transformer-onehot,VH_framework,A,0.0
Transformer-onehot,VH_framework,A,0.0
Transformer-onehot,VH_framework,A,0.0
Transformer-onehot,VH_framework,A,0.0
Transformer-onehot,VH_framework,A,0.0
Transformer-onehot,VH_framework,A,0.0
Transformer-onehot,VH_framework,A,0.0
Transformer-onehot,VH_framework,A,0.0
Transformer-onehot,VH_framework,A,0.0
Transformer-onehot,VH_framework,A,0.0
Transformer-onehot,VH_framework,A,0.0
Transformer-onehot,VH_framework,A,0.0
Transformer-onehot,VH_framework,A,0.0
Transformer-onehot,VH_framework,A,0.0
Transformer-onehot,VH_framework,A,0.0
Transformer-onehot,VH_framework,A,0.0
Transformer-onehot,VH_framework,A,0.0
Transformer-onehot,VH_framework,A,0.0
Transformer-onehot,VH_framework,A,0.0
Transformer-onehot,VH_framework,A,0.0
Transformer-onehot,VH_framework,A,0.0
Transformer-onehot,VH_framework,A,0.0
Transformer-onehot,VH_framework,A,0.0
Transformer-onehot,VH_framework,A,0.0
Transformer-onehot,VH_framework,A,0.0
Transformer-onehot,VH_framework,A,0.0
Transformer-onehot,VH_framework,A,0.0
Transformer-onehot,VH_framework,A,0.0
Transformer-onehot,VH_framework,A,0.0
Transformer-onehot,VH_framework,A,0.0
Transformer-onehot,VH_framework,A,0.0
Transformer-onehot,VH_framework,A,0.0
Transformer-onehot,VH_framework,A,0.0
Transformer-onehot,VH_framework,A,0.0
Transformer-onehot,VH_framework,A,0.0
Transformer-onehot,VH_framework,A,0.0
Transformer-onehot,VH_framework,A,0.0
Transformer-onehot,VH_framework,A,0.0
Transformer-onehot,VH_framework,A,0.0
Transformer-onehot,VH_framework,A,0.0
Transformer-onehot,VH_framework,A,0.0
Transformer-onehot,VH_framework,A,0.0
Transformer-onehot,VH_framework,A,0.0
Transformer-onehot,VH_framework,A,0.0
Transformer-onehot,VH_framework,A,0.0
Transformer-onehot,VH_framework,A,0.0
Transformer-onehot,VH_framework,A,0.0
Transformer-onehot,VH_framework,A,0.0
Transformer-onehot,VH_framework,A,0.0
Transformer-onehot,VH_framework,A,0.0
Transformer-onehot,VH_framework,A,0.0
Transformer-onehot,VH_framework,A,0.0
Transformer-onehot,VH_framework,A,0.0
Transformer-onehot,VH_framework,A,0.0
Transformer-onehot,VH_framework,A,0.0
Transformer-onehot,VH_framework,A,0.0
Transformer-onehot,VH_framework,A,0.0
Transformer-onehot,VH_framework,A,0.0
Transformer-onehot,VH_framework,A,0.0
Transformer-onehot,VH_framework,A,0.0
Transformer-onehot,VH_framework,A,0.0
Transformer-onehot,VH_framework,A,0.0
Transformer-onehot,VH_framework,A,0.0
Transformer-onehot,VH_framework,A,0.0
Transformer-onehot,VH_framework,A,0.0
Transformer-onehot,VH_framework,A,0.0
Transformer-onehot,VH_framework,A,0.0
Transformer-onehot,VH_framework,A,0.0
Transformer-onehot,VH_framework,A,0.0
Transformer-onehot,VH_framework,A,0.0
Transformer-onehot,VH_framework,A,0.0
Transformer-onehot,VH_framework,A,0.0
Transformer-onehot,VH_framework,A,0.0
Transformer-onehot,VH_framework,A,0.0
Transformer-onehot,VH_framework,A,0.0
Transformer-onehot,VH_framework,A,0.0
Transformer-onehot,VH_framework,A,0.0
Transformer-onehot,VH_framework,A,0.0
Transformer-onehot,VH_framework,A,0.0
Transformer-onehot,VH_framework,A,0.0
Transformer-onehot,VH_framework,A,0.0
Transformer-onehot,VH_framework,A,0.0
Transformer-onehot,VH_framework,A,0.0
Transformer-onehot,VH_framework,A,0.0
Transformer-onehot,VH_framework,A,0.0
Transformer-onehot,VH_framework,A,0.0
Transformer-onehot,VH_framework,A,0.0
Transformer-onehot,VH_framework,A,0.0
Transformer-onehot,VH_framework,A,0.0
Transformer-onehot,VH_framework,A,0.0
Transformer-onehot,VH_framework,A,0.0
Transformer-onehot,VH_framework,A,0.0
Transformer-onehot,VH_framework,A,0.0
Transformer-onehot,VH_framework,A,0.0
Transformer-onehot,VH_framework,A,0.0
Transformer-onehot,VH_framework,A,0.0
Transformer-onehot,VH_framework,A,0.0
Transformer-onehot,VH_framework,A,0.0
Transformer-onehot,VH_framework,A,0.0
Transformer-onehot,VH_framework,A,0.0
Transformer-onehot,VH_framework,A,0.0
Transformer-onehot,VH_framework,A,0.0
Transformer-onehot,VH_framework,A,0.0
Transformer-onehot,VH_framework,A,0.0
Transformer-onehot,VH_framework,A,0.0
Transformer-onehot,VH_framework,A,0.0
Transformer-onehot,VH_framework,A,0.0
Transformer-onehot,VH_framework,A,0.0
Transformer-onehot,VH_framework,A,0.0
Transformer-onehot,VH_framework,A,0.0
Transformer-onehot,VH_framework,A,0.0
Transformer-onehot,VH_framework,A,0.0
Transformer-onehot,VH_framework,A,0.0
Transformer-onehot,VH_framework,A,0.0
Transformer-onehot,VH_framework,A,0.0
Transformer-onehot,VH_framework,A,0.0
Transformer-onehot,VH_framework,A,0.0
Transformer-onehot,VH_framework,A,0.0
Transformer-onehot,VH_framework,A,0.0
Transformer-onehot,VH_framework,A,0.0
Transformer-onehot,VH_framework,A,0.0
Transformer-onehot,VH_framework,A,0.0
Transformer-onehot,VH_framework,A,0.0
Transformer-onehot,VH_framework,A,0.0
Transformer-onehot,VH_framework,A,0.0
Transformer-onehot,VH_framework,A,0.0
Transformer-onehot,VH_framework,A,0.0
Transformer-onehot,VH_framework,A,0.0
Transformer-onehot,VH_framework,A,0.0
Transformer-onehot,VH_framework,A,0.0
Transformer-onehot,VH_framework,A,0.0
Transformer-onehot,VH_framework,A,0.0
Transformer-onehot,VH_framework,A,0.0
Transformer-onehot,VH_framework,A,0.0
Transformer-onehot,VH_framework,A,0.0
Transformer-onehot,VH_framework,A,0.0
Transformer-onehot,VH_framework,A,0.0
Transformer-onehot,VH_framework,A,0.0
Transformer-onehot,VH_framework,A,0.0
Transformer-onehot,VH_framework,A,0.0
Transformer-onehot,VH_framework,A,0.0
Transformer-onehot,VH_framework,A,0.0
Transformer-onehot,VH_framework,A,0.0
Transformer-onehot,VH_framework,A,0.0
Transformer-onehot,VH_framework,A,0.0
Transformer-onehot,VH_framework,A,0.0
Transformer-onehot,VH_framework,A,0.0
Transformer-onehot,VH_framework,A,0.0
Transformer-onehot,VH_framework,A,0.0
Transformer-onehot,VH_framework,A,0.0
Transformer-onehot,VH_framework,A,0.0
Transformer-onehot,VH_framework,A,0.0
Transformer-onehot,VH_framework,A,0.0
Transformer-onehot,VH_framework,A,0.0
Transformer-onehot,VH_framework,A,0.0
Transformer-onehot,VH_framework,A,0.0
Transformer-onehot,VH_framework,A,0.0
Transformer-onehot,VH_framework,A,0.0
Transformer-onehot,VH_framework,A,0.0
Transformer-onehot,VH_framework,A,0.0
Transformer-onehot,VH_framework,A,0.0
Transformer-onehot,VH_framework,A,0.0
Transformer-onehot,VH_framework,A,0.0
Transformer-onehot,VH_framework,A,0.0
Transformer-onehot,VH_framework,A,0.0
Transformer-onehot,VH_framework,A,0.0
Transformer-onehot,VH_framework,A,0.0
Transformer-onehot,VH_framework,A,0.0
Transformer-onehot,VH_framework,A,0.0
Transformer-onehot,VH_framework,A,0.0
Transformer-onehot,VH_framework,A,0.0
Transformer-onehot,VH_framework,A,0.0
Transformer-onehot,VH_framework,A,0.0
Transformer-onehot,VH_framework,A,0.0
Transformer-onehot,VH_framework,A,0.0
Transformer-onehot,VH_framework,A,0.0
Transformer-onehot,VH_framework,A,0.0
Transformer-onehot,VH_framework,A,0.0
Transformer-onehot,VH_framework,A,0.0
Transformer-onehot,VH_framework,A,0.0
Transformer-onehot,VH_framework,A,0.0
Transformer-onehot,VH_framework,A,0.0
Transformer-onehot,VH_framework,A,0.0
Transformer-onehot,VH_framework,A,0.0
Transformer-onehot,VH_framework,A,0.0
Transformer-onehot,VH_framework,A,0.0
Transformer-onehot,VH_framework,A,0.0
Transformer-onehot,VH_framework,A,0.0
Transformer-onehot,VH_framework,A,0.0
Transformer-onehot,VH_framework,A,0.0
Transformer-onehot,VH_framework,A,0.0
Transformer-onehot,VH_framework,A,0.0
Transformer-onehot,VH_framework,A,0.0
Transformer-onehot,VH_framework,A,0.0
Transformer-onehot,VH_framework,A,0.0
Transformer-onehot,VH_framework,A,0.0
Transformer-onehot,VH_framework,A,0.0
Transformer-onehot,VH_framework,A,0.0
Transformer-onehot,VH_framework,A,0.0
Transformer-onehot,VH_framework,A,0.0
Transformer-onehot,VH_framework,A,0.0
Transformer-onehot,VH_framework,A,0.0
Transformer-onehot,VH_framework,A,0.0
Transformer-onehot,VH_framework,C,0.0
Transformer-onehot,VH_framework,C,0.0
Transformer-onehot,VH_framework,C,0.0
Transformer-onehot,VH_framework,C,0.0
Transformer-onehot,VH_framework,C,0.0
Transformer-onehot,VH_framework,C,0.0
Transformer-onehot,VH_framework,C,0.0
Transformer-onehot,VH_framework,C,0.0
Transformer-onehot,VH_framework,C,0.0
Transformer-onehot,VH_framework,C,0.0
Transformer-onehot,VH_framework,C,0.0
Transformer-onehot,VH_framework,C,0.0
Transformer-onehot,VH_framework,C,0.0
Transformer-onehot,VH_framework,C,0.0
Transformer-onehot,VH_framework,C,0.0
Transformer-onehot,VH_framework,C,0.0
Transformer-onehot,VH_framework,C,0.0
Transformer-onehot,VH_framework,C,0.0
Transformer-onehot,VH_framework,C,0.0
Transformer-onehot,VH_framework,C,0.0
Transformer-onehot,VH_framework,C,0.0
Transformer-onehot,VH_framework,C,0.0
Transformer-onehot,VH_framework,C,0.0
Transformer-onehot,VH_framework,C,0.0
Transformer-onehot,VH_framework,C,0.0
Transformer-onehot,VH_framework,C,0.0
Transformer-onehot,VH_framework,C,0.0
Transformer-onehot,VH_framework,C,0.0
Transformer-onehot,VH_framework,C,0.0
Transformer-onehot,VH_framework,C,0.0
Transformer-onehot,VH_framework,C,0.0
Transformer-onehot,VH_framework,C,0.0
Transformer-onehot,VH_framework,C,0.0
Transformer-onehot,VH_framework,C,0.0
Transformer-onehot,VH_framework,C,0.0
Transformer-onehot,VH_framework,C,0.0
Transformer-onehot,VH_framework,C,0.0
Transformer-onehot,VH_framework,C,0.0
Transformer-onehot,VH_framework,C,0.0
Transformer-onehot,VH_framework,C,0.0
Transformer-onehot,VH_framework,C,0.0
Transformer-onehot,VH_framework,C,0.0
Transformer-onehot,VH_framework,C,0.0
Transformer-onehot,VH_framework,C,0.0
Transformer-onehot,VH_framework,C,0.0
Transformer-onehot,VH_framework,C,0.0
Transformer-onehot,VH_framework,C,0.0
Transformer-onehot,VH_framework,C,0.0
Transformer-onehot,VH_framework,C,0.0
Transformer-onehot,VH_framework,C,0.0
Transformer-onehot,VH_framework,C,0.0
Transformer-onehot,VH_framework,C,0.0
Transformer-onehot,VH_framework,C,0.0
Transformer-onehot,VH_framework,C,0.0
Transformer-onehot,VH_framework,C,0.0
Transformer-onehot,VH_framework,C,0.0
Transformer-onehot,VH_framework,C,0.0
Transformer-onehot,VH_framework,C,0.0
Transformer-onehot,VH_framework,C,0.0
Transformer-onehot,VH_framework,C,0.0
Transformer-onehot,VH_framework,C,0.0
Transformer-onehot,VH_framework,C,0.0
Transformer-onehot,VH_framework,C,0.0
Transformer-onehot,VH_framework,C,0.0
Transformer-onehot,VH_framework,C,0.0
Transformer-onehot,VH_framework,C,0.0
Transformer-onehot,VH_framework,C,0.0
Transformer-onehot,VH_framework,C,0.0
Transformer-onehot,VH_framework,C,0.0
Transformer-onehot,VH_framework,C,0.0
Transformer-onehot,VH_framework,C,0.0
Transformer-onehot,VH_framework,C,0.0
Transformer-onehot,VH_framework,C,0.0
Transformer-onehot,VH_framework,C,0.0
Transformer-onehot,VH_framework,C,0.0
Transformer-onehot,VH_framework,C,0.0
Transformer-onehot,VH_framework,C,0.0
Transformer-onehot,VH_framework,C,0.0
Transformer-onehot,VH_framework,C,0.0
Transformer-onehot,VH_framework,C,0.0
Transformer-onehot,VH_framework,C,0.0
Transformer-onehot,VH_framework,C,0.0
Transformer-onehot,VH_framework,C,0.0
Transformer-onehot,VH_framework,C,0.0
Transformer-onehot,VH_framework,C,0.0
Transformer-onehot,VH_framework,C,0.0
Transformer-onehot,VH_framework,C,0.0
Transformer-onehot,VH_framework,C,0.0
Transformer-onehot,VH_framework,C,0.0
Transformer-onehot,VH_framework,C,0.0
Transformer-onehot,VH_framework,C,0.0
Transformer-onehot,VH_framework,C,0.0
Transformer-onehot,VH_framework,C,0.0
Transformer-onehot,VH_framework,C,0.0
Transformer-onehot,VH_framework,C,0.0
Transformer-onehot,VH_framework,C,0.0
Transformer-onehot,VH_framework,C,0.0
Transformer-onehot,VH_framework,C,0.0
Transformer-onehot,VH_framework,C,0.0
Transformer-onehot,VH_framework,C,0.0
Transformer-onehot,VH_framework,C,0.0
Transformer-onehot,VH_framework,C,0.0
Transformer-onehot,VH_framework,C,0.0
Transformer-onehot,VH_framework,C,0.0
Transformer-onehot,VH_framework,C,0.0
Transformer-onehot,VH_framework,C,0.0
Transformer-onehot,VH_framework,C,0.0
Transformer-onehot,VH_framework,C,0.0
Transformer-onehot,VH_framework,C,0.0
Transformer-onehot,VH_framework,C,0.0
Transformer-onehot,VH_framework,C,0.0
Transformer-onehot,VH_framework,C,0.0
Transformer-onehot,VH_framework,C,0.0
Transformer-onehot,VH_framework,C,0.0
Transformer-onehot,VH_framework,C,0.0
Transformer-onehot,VH_framework,C,0.0
Transformer-onehot,VH_framework,C,0.0
Transformer-onehot,VH_framework,C,0.0
Transformer-onehot,VH_framework,C,0.0
Transformer-onehot,VH_framework,C,0.0
Transformer-onehot,VH_framework,C,0.0
Transformer-onehot,VH_framework,C,0.0
Transformer-onehot,VH_framework,C,0.0
Transformer-onehot,VH_framework,C,0.0
Transformer-onehot,VH_framework,C,0.0
Transformer-onehot,VH_framework,C,0.0
Transformer-onehot,VH_framework,C,0.0
Transformer-onehot,VH_framework,C,0.0
Transformer-onehot,VH_framework,C,0.0
Transformer-onehot,VH_framework,C,0.0
Transformer-onehot,VH_framework,C,0.0
Transformer-onehot,VH_framework,C,0.0
Transformer-onehot,VH_framework,C,0.0
Transformer-onehot,VH_framework,C,0.0
Transformer-onehot,VH_framework,C,0.0
Transformer-onehot,VH_framework,C,0.0
Transformer-onehot,VH_framework,C,0.0
Transformer-onehot,VH_framework,C,0.0
Transformer-onehot,VH_framework,C,0.0
Transformer-onehot,VH_framework,C,0.0
Transformer-onehot,VH_framework,C,0.0
Transformer-onehot,VH_framework,C,0.0
Transformer-onehot,VH_framework,C,0.0
Transformer-onehot,VH_framework,C,0.0
Transformer-onehot,VH_framework,C,0.0
Transformer-onehot,VH_framework,C,0.0
Transformer-onehot,VH_framework,C,0.0
Transformer-onehot,VH_framework,C,0.0
Transformer-onehot,VH_framework,C,0.0
Transformer-onehot,VH_framework,C,0.0
Transformer-onehot,VH_framework,C,0.0
Transformer-onehot,VH_framework,C,0.0
Transformer-onehot,VH_framework,C,0.0
Transformer-onehot,VH_framework,C,0.0
Transformer-onehot,VH_framework,C,0.0
Transformer-onehot,VH_framework,C,0.0
Transformer-onehot,VH_framework,C,0.0
Transformer-onehot,VH_framework,C,0.0
Transformer-onehot,VH_framework,C,0.0
Transformer-onehot,VH_framework,C,0.0
Transformer-onehot,VH_framework,C,0.0
Transformer-onehot,VH_framework,C,0.0
Transformer-onehot,VH_framework,C,0.0
Transformer-onehot,VH_framework,C,0.0
Transformer-onehot,VH_framework,C,0.0
Transformer-onehot,VH_framework,C,0.0
Transformer-onehot,VH_framework,C,0.0
Transformer-onehot,VH_framework,C,0.0
Transformer-onehot,VH_framework,C,0.0
Transformer-onehot,VH_framework,C,0.0
Transformer-onehot,VH_framework,C,0.0
Transformer-onehot,VH_framework,C,0.0
Transformer-onehot,VH_framework,C,0.0
Transformer-onehot,VH_framework,C,0.0
Transformer-onehot,VH_framework,C,0.0
Transformer-onehot,VH_framework,C,0.0
Transformer-onehot,VH_framework,C,0.0
Transformer-onehot,VH_framework,C,0.0
Transformer-onehot,VH_framework,C,0.0
Transformer-onehot,VH_framework,C,0.0
Transformer-onehot,VH_framework,C,0.0
Transformer-onehot,VH_framework,C,0.0
Transformer-onehot,VH_framework,C,0.0
Transformer-onehot,VH_framework,C,0.0
Transformer-onehot,VH_framework,C,0.0
Transformer-onehot,VH_framework,C,0.0
Transformer-onehot,VH_framework,C,0.0
Transformer-onehot,VH_framework,C,0.0
Transformer-onehot,VH_framework,C,0.0
Transformer-onehot,VH_framework,C,0.0
Transformer-onehot,VH_framework,C,0.0
Transformer-onehot,VH_framework,C,0.0
Transformer-onehot,VH_framework,C,0.0
Transformer-onehot,VH_framework,C,0.0
Transformer-onehot,VH_framework,C,0.0
Transformer-onehot,VH_framework,C,0.0
Transformer-onehot,VH_framework,C,0.0
Transformer-onehot,VH_framework,C,0.0
Transformer-onehot,VH_framework,C,0.0
Transformer-onehot,VH_framework,C,0.0
Transformer-onehot,VH_framework,C,0.0
Transformer-onehot,VH_framework,C,0.0
Transformer-onehot,VH_framework,C,0.0
Transformer-onehot,VH_framework,C,0.0
Transformer-onehot,VH_framework,C,0.0
Transformer-onehot,VH_framework,C,0.0
Transformer-onehot,VH_framework,C,0.0
Transformer-onehot,VH_framework,C,0.0
Transformer-onehot,VH_framework,C,0.0
Transformer-onehot,VH_framework,C,0.0
Transformer-onehot,VH_framework,C,0.0
Transformer-onehot,VH_framework,C,0.0
Transformer-onehot,VH_framework,C,0.0
Transformer-onehot,VH_framework,C,0.0
Transformer-onehot,VH_framework,C,0.0
Transformer-onehot,VH_framework,C,0.0
Transformer-onehot,VH_framework,C,0.0
Transformer-onehot,VH_framework,C,0.0
Transformer-onehot,VH_framework,C,0.0
Transformer-onehot,VH_framework,C,0.0
Transformer-onehot,VH_framework,C,0.0
Transformer-onehot,VH_framework,C,0.0
Transformer-onehot,VH_framework,C,0.0
Transformer-onehot,VH_framework,C,0.0
Transformer-onehot,VH_framework,C,0.0
Transformer-onehot,VH_framework,C,0.0
Transformer-onehot,VH_framework,C,0.0
Transformer-onehot,VH_framework,C,0.0
Transformer-onehot,VH_framework,C,0.0
Transformer-onehot,VH_framework,C,0.0
Transformer-onehot,VH_framework,C,0.0
Transformer-onehot,VH_framework,C,0.0
Transformer-onehot,VH_framework,C,0.0
Transformer-onehot,VH_framework,C,0.0
Transformer-onehot,VH_framework,C,0.0
Transformer-onehot,VH_framework,C,0.0
Transformer-onehot,VH_framework,C,0.0
Transformer-onehot,VH_framework,C,0.0
Transformer-onehot,VH_framework,C,0.0
Transformer-onehot,VH_framework,C,0.0
Transformer-onehot,VH_framework,C,0.0
Transformer-onehot,VH_framework,C,0.0
Transformer-onehot,VH_framework,C,0.0
Transformer-onehot,VH_framework,C,0.0
Transformer-onehot,VH_framework,C,0.0
Transformer-onehot,VH_framework,C,0.0
Transformer-onehot,VH_framework,C,0.0
Transformer-onehot,VH_framework,C,0.0
Transformer-onehot,VH_framework,C,0.0
Transformer-onehot,VH_framework,C,0.0
Transformer-onehot,VH_framework,C,0.0
Transformer-onehot,VH_framework,C,0.0
Transformer-onehot,VH_framework,C,0.0
Transformer-onehot,VH_framework,C,0.0
Transformer-onehot,VH_framework,C,0.0
Transformer-onehot,VH_framework,C,0.0
Transformer-onehot,VH_framework,C,0.0
Transformer-onehot,VH_framework,C,0.0
Transformer-onehot,VH_framework,C,0.0
Transformer-onehot,VH_framework,C,0.0
Transformer-onehot,VH_framework,C,0.0
Transformer-onehot,VH_framework,C,0.0
Transformer-onehot,VH_framework,C,0.0
Transformer-onehot,VH_framework,C,0.0
Transformer-onehot,VH_framework,C,0.0
Transformer-onehot,VH_framework,C,0.0
Transformer-onehot,VH_framework,C,0.0
Transformer-onehot,VH_framework,C,0.0
Transformer-onehot,VH_framework,C,0.0
Transformer-onehot,VH_framework,C,0.0
Transformer-onehot,VH_framework,C,0.0
Transformer-onehot,VH_framework,C,0.0
Transformer-onehot,VH_framework,C,0.0
Transformer-onehot,VH_framework,C,0.0
Transformer-onehot,VH_framework,C,0.0
Transformer-onehot,VH_framework,C,0.0
Transformer-onehot,VH_framework,C,0.0
Transformer-onehot,VH_framework,C,0.0
Transformer-onehot,VH_framework,C,0.0
Transformer-onehot,VH_framework,C,0.0
Transformer-onehot,VH_framework,C,0.0
Transformer-onehot,VH_framework,C,0.0
Transformer-onehot,VH_framework,C,0.0
Transformer-onehot,VH_framework,C,0.0
Transformer-onehot,VH_framework,C,0.0
Transformer-onehot,VH_framework,C,0.0
Transformer-onehot,VH_framework,C,0.0
Transformer-onehot,VH_framework,C,0.0
Transformer-onehot,VH_framework,C,0.0
Transformer-onehot,VH_framework,C,0.0
Transformer-onehot,VH_framework,C,0.0
Transformer-onehot,VH_framework,C,0.0
Transformer-onehot,VH_framework,C,0.0
Transformer-onehot,VH_framework,C,0.0
Transformer-onehot,VH_framework,C,0.0
Transformer-onehot,VH_framework,C,0.0
Transformer-onehot,VH_framework,C,0.0
Transformer-onehot,VH_framework,C,0.0
Transformer-onehot,VH_framework,C,0.0
Transformer-onehot,VH_framework,C,0.0
Transformer-onehot,VH_framework,C,0.0
Transformer-onehot,VH_framework,C,0.0
Transformer-onehot,VH_framework,C,0.0
Transformer-onehot,VH_framework,C,0.0
Transformer-onehot,VH_framework,C,0.0
Transformer-onehot,VH_framework,C,0.0
Transformer-onehot,VH_framework,C,0.0
Transformer-onehot,VH_framework,C,0.0
Transformer-onehot,VH_framework,C,0.0
Transformer-onehot,VH_framework,C,0.0
Transformer-onehot,VH_framework,C,0.0
Transformer-onehot,VH_framework,C,0.0
Transformer-onehot,VH_framework,C,0.0
Transformer-onehot,VH_framework,C,0.0
Transformer-onehot,VH_framework,C,0.0
Transformer-onehot,VH_framework,C,0.0
Transformer-onehot,VH_framework,C,0.0
Transformer-onehot,VH_framework,C,0.0
Transformer-onehot,VH_framework,C,0.0
Transformer-onehot,VH_framework,C,0.0
Transformer-onehot,VH_framework,C,0.0
Transformer-onehot,VH_framework,C,0.0
Transformer-onehot,VH_framework,C,0.0
Transformer-onehot,VH_framework,C,0.0
Transformer-onehot,VH_framework,C,0.0
Transformer-onehot,VH_framework,C,0.0
Transformer-onehot,VH_framework,C,0.0
Transformer-onehot,VH_framework,C,0.0
Transformer-onehot,VH_framework,C,0.0
Transformer-onehot,VH_framework,C,0.0
Transformer-onehot,VH_framework,C,0.0
Transformer-onehot,VH_framework,C,0.0
Transformer-onehot,VH_framework,C,0.0
Transformer-onehot,VH_framework,C,0.0
Transformer-onehot,VH_framework,C,0.0
Transformer-onehot,VH_framework,C,0.0
Transformer-onehot,VH_framework,C,0.0
Transformer-onehot,VH_framework,C,0.0
Transformer-onehot,VH_framework,C,0.0
Transformer-onehot,VH_framework,C,0.0
Transformer-onehot,VH_framework,C,0.0
Transformer-onehot,VH_framework,C,0.0
Transformer-onehot,VH_framework,C,0.0
Transformer-onehot,VH_framework,C,0.0
Transformer-onehot,VH_framework,C,0.0
Transformer-onehot,VH_framework,C,0.0
Transformer-onehot,VH_framework,C,0.0
Transformer-onehot,VH_framework,C,0.0
Transformer-onehot,VH_framework,C,0.0
Transformer-onehot,VH_framework,C,0.0
Transformer-onehot,VH_framework,C,0.0
Transformer-onehot,VH_framework,C,0.0
Transformer-onehot,VH_framework,C,0.0
Transformer-onehot,VH_framework,C,0.0
Transformer-onehot,VH_framework,C,0.0
Transformer-onehot,VH_framework,C,0.0
Transformer-onehot,VH_framework,C,0.0
Transformer-onehot,VH_framework,C,0.0
Transformer-onehot,VH_framework,C,0.0
Transformer-onehot,VH_framework,C,0.0
Transformer-onehot,VH_framework,C,0.0
Transformer-onehot,VH_framework,C,0.0
Transformer-onehot,VH_framework,C,0.0
Transformer-onehot,VH_framework,C,0.0
Transformer-onehot,VH_framework,C,0.0
Transformer-onehot,VH_framework,C,0.0
Transformer-onehot,VH_framework,C,0.0
Transformer-onehot,VH_framework,C,0.0
Transformer-onehot,VH_framework,C,0.0
Transformer-onehot,VH_framework,C,0.0
Transformer-onehot,VH_framework,C,0.0
Transformer-onehot,VH_framework,C,0.0
Transformer-onehot,VH_framework,C,0.0
Transformer-onehot,VH_framework,C,0.0
Transformer-onehot,VH_framework,C,0.0
Transformer-onehot,VH_framework,C,0.0
Transformer-onehot,VH_framework,C,0.0
Transformer-onehot,VH_framework,C,0.0
Transformer-onehot,VH_framework,C,0.0
Transformer-onehot,VH_framework,C,0.0
Transformer-onehot,VH_framework,C,0.0
Transformer-onehot,VH_framework,C,0.0
Transformer-onehot,VH_framework,C,0.0
Transformer-onehot,VH_framework,C,0.0
Transformer-onehot,VH_framework,C,0.0
Transformer-onehot,VH_framework,C,0.0
Transformer-onehot,VH_framework,C,0.0
Transformer-onehot,VH_framework,C,0.0
Transformer-onehot,VH_framework,C,0.0
Transformer-onehot,VH_framework,C,0.0
Transformer-onehot,VH_framework,C,0.0
Transformer-onehot,VH_framework,C,0.0
Transformer-onehot,VH_framework,C,0.0
Transformer-onehot,VH_framework,C,0.0
Transformer-onehot,VH_framework,C,0.0
Transformer-onehot,VH_framework,C,0.0
Transformer-onehot,VH_framework,C,0.0
Transformer-onehot,VH_framework,C,0.0
Transformer-onehot,VH_framework,C,0.0
Transformer-onehot,VH_framework,C,0.0
Transformer-onehot,VH_framework,C,0.0
Transformer-onehot,VH_framework,C,0.0
Transformer-onehot,VH_framework,C,0.0
Transformer-onehot,VH_framework,C,0.0
Transformer-onehot,VH_framework,C,0.0
Transformer-onehot,VH_framework,C,0.0
Transformer-onehot,VH_framework,C,0.0
Transformer-onehot,VH_framework,C,0.0
Transformer-onehot,VH_framework,C,0.0
Transformer-onehot,VH_framework,C,0.0
Transformer-onehot,VH_framework,C,0.0
Transformer-onehot,VH_framework,C,0.0
Transformer-onehot,VH_framework,C,0.0
Transformer-onehot,VH_framework,C,0.0
Transformer-onehot,VH_framework,C,0.0
Transformer-onehot,VH_framework,C,0.0
Transformer-onehot,VH_framework,C,0.0
Transformer-onehot,VH_framework,C,0.0
Transformer-onehot,VH_framework,C,0.0
Transformer-onehot,VH_framework,C,0.0
Transformer-onehot,VH_framework,C,0.0
Transformer-onehot,VH_framework,C,0.0
Transformer-onehot,VH_framework,C,0.0
Transformer-onehot,VH_framework,C,0.0
Transformer-onehot,VH_framework,C,0.0
Transformer-onehot,VH_framework,C,0.0
Transformer-onehot,VH_framework,C,0.0
Transformer-onehot,VH_framework,C,0.0
Transformer-onehot,VH_framework,C,0.0
Transformer-onehot,VH_framework,C,0.0
Transformer-onehot,VH_framework,C,0.0
Transformer-onehot,VH_framework,C,0.0
Transformer-onehot,VH_framework,C,0.0
Transformer-onehot,VH_framework,C,0.0
Transformer-onehot,VH_framework,C,0.0
Transformer-onehot,VH_framework,C,0.0
Transformer-onehot,VH_framework,C,0.0
Transformer-onehot,VH_framework,C,0.0
Transformer-onehot,VH_framework,C,0.0
Transformer-onehot,VH_framework,C,0.0
Transformer-onehot,VH_framework,C,0.0
Transformer-onehot,VH_framework,C,0.0
Transformer-onehot,VH_framework,C,0.0
Transformer-onehot,VH_framework,C,0.0
Transformer-onehot,VH_framework,C,0.0
Transformer-onehot,VH_framework,C,0.0
Transformer-onehot,VH_framework,C,0.0
Transformer-onehot,VH_framework,C,0.0
Transformer-onehot,VH_framework,C,0.0
Transformer-onehot,VH_framework,C,0.0
Transformer-onehot,VH_framework,C,0.0
Transformer-onehot,VH_framework,C,0.0
Transformer-onehot,VH_framework,C,0.0
Transformer-onehot,VH_framework,C,0.0
Transformer-onehot,VH_framework,C,0.0
Transformer-onehot,VH_framework,C,0.0
Transformer-onehot,VH_framework,C,0.0
Transformer-onehot,VH_framework,C,0.0
Transformer-onehot,VH_framework,C,0.0
Transformer-onehot,VH_framework,C,0.0
Transformer-onehot,VH_framework,C,0.0
Transformer-onehot,VH_framework,C,0.0
Transformer-onehot,VH_framework,C,0.0
Transformer-onehot,VH_framework,C,0.0
Transformer-onehot,VH_framework,C,0.0
Transformer-onehot,VH_framework,C,0.0
Transformer-onehot,VH_framework,C,0.0
Transformer-onehot,VH_framework,C,0.0
Transformer-onehot,VH_framework,C,0.0
Transformer-onehot,VH_framework,C,0.0
Transformer-onehot,VH_framework,C,0.0
Transformer-onehot,VH_framework,C,0.0
Transformer-onehot,VH_framework,C,0.0
Transformer-onehot,VH_framework,C,0.0
Transformer-onehot,VH_framework,C,0.0
Transformer-onehot,VH_framework,C,0.0
Transformer-onehot,VH_framework,C,0.0
Transformer-onehot,VH_framework,C,0.0
Transformer-onehot,VH_framework,C,0.0
Transformer-onehot,VH_framework,C,0.0
Transformer-onehot,VH_framework,C,0.0
Transformer-onehot,VH_framework,C,0.0
Transformer-onehot,VH_framework,C,0.0
Transformer-onehot,VH_framework,C,0.0
Transformer-onehot,VH_framework,C,0.0
Transformer-onehot,VH_framework,C,0.0
Transformer-onehot,VH_framework,C,0.0
Transformer-onehot,VH_framework,C,0.0
Transformer-onehot,VH_framework,C,0.0
Transformer-onehot,VH_framework,C,0.0
Transformer-onehot,VH_framework,C,0.0
Transformer-onehot,VH_framework,C,0.0
Transformer-onehot,VH_framework,C,0.0
Transformer-onehot,VH_framework,C,0.0
Transformer-onehot,VH_framework,C,0.0
Transformer-onehot,VH_framework,C,0.0
Transformer-onehot,VH_framework,C,0.0
Transformer-onehot,VH_framework,C,0.0
Transformer-onehot,VH_framework,C,0.0
Transformer-onehot,VH_framework,C,0.0
Transformer-onehot,VH_framework,D,0.0
Transformer-onehot,VH_framework,D,0.0
Transformer-onehot,VH_framework,D,0.0
Transformer-onehot,VH_framework,D,0.0
Transformer-onehot,VH_framework,D,0.0
Transformer-onehot,VH_framework,D,0.0
Transformer-onehot,VH_framework,D,0.0
Transformer-onehot,VH_framework,D,0.0
Transformer-onehot,VH_framework,D,0.0
Transformer-onehot,VH_framework,D,0.0
Transformer-onehot,VH_framework,D,0.0
Transformer-onehot,VH_framework,D,0.0
Transformer-onehot,VH_framework,D,0.0
Transformer-onehot,VH_framework,D,0.0
Transformer-onehot,VH_framework,D,0.0
Transformer-onehot,VH_framework,D,0.0
Transformer-onehot,VH_framework,D,0.0
Transformer-onehot,VH_framework,D,0.0
Transformer-onehot,VH_framework,D,0.0
Transformer-onehot,VH_framework,D,0.0
Transformer-onehot,VH_framework,D,0.0
Transformer-onehot,VH_framework,D,0.0
Transformer-onehot,VH_framework,D,0.0
Transformer-onehot,VH_framework,D,0.0
Transformer-onehot,VH_framework,D,0.0
Transformer-onehot,VH_framework,D,0.0
Transformer-onehot,VH_framework,D,0.0
Transformer-onehot,VH_framework,D,0.0
Transformer-onehot,VH_framework,D,0.0
Transformer-onehot,VH_framework,D,0.0
Transformer-onehot,VH_framework,D,0.0
Transformer-onehot,VH_framework,D,0.0
Transformer-onehot,VH_framework,D,0.0
Transformer-onehot,VH_framework,D,0.0
Transformer-onehot,VH_framework,D,0.0
Transformer-onehot,VH_framework,D,0.0
Transformer-onehot,VH_framework,D,0.0
Transformer-onehot,VH_framework,D,0.0
Transformer-onehot,VH_framework,D,0.0
Transformer-onehot,VH_framework,D,0.0
Transformer-onehot,VH_framework,D,0.0
Transformer-onehot,VH_framework,D,0.0
Transformer-onehot,VH_framework,D,0.0
Transformer-onehot,VH_framework,D,0.0
Transformer-onehot,VH_framework,D,0.0
Transformer-onehot,VH_framework,D,0.0
Transformer-onehot,VH_framework,D,0.0
Transformer-onehot,VH_framework,D,0.0
Transformer-onehot,VH_framework,D,0.0
Transformer-onehot,VH_framework,D,0.0
Transformer-onehot,VH_framework,D,0.0
Transformer-onehot,VH_framework,D,0.0
Transformer-onehot,VH_framework,D,0.0
Transformer-onehot,VH_framework,D,0.0
Transformer-onehot,VH_framework,D,0.0
Transformer-onehot,VH_framework,D,0.0
Transformer-onehot,VH_framework,D,0.0
Transformer-onehot,VH_framework,D,0.0
Transformer-onehot,VH_framework,D,0.0
Transformer-onehot,VH_framework,D,0.0
Transformer-onehot,VH_framework,D,0.0
Transformer-onehot,VH_framework,D,0.0
Transformer-onehot,VH_framework,D,0.0
Transformer-onehot,VH_framework,D,0.0
Transformer-onehot,VH_framework,D,0.0
Transformer-onehot,VH_framework,D,0.0
Transformer-onehot,VH_framework,D,0.0
Transformer-onehot,VH_framework,D,0.0
Transformer-onehot,VH_framework,D,0.0
Transformer-onehot,VH_framework,D,0.0
Transformer-onehot,VH_framework,D,0.0
Transformer-onehot,VH_framework,D,0.0
Transformer-onehot,VH_framework,D,0.0
Transformer-onehot,VH_framework,D,0.0
Transformer-onehot,VH_framework,D,0.0
Transformer-onehot,VH_framework,D,0.0
Transformer-onehot,VH_framework,D,0.0
Transformer-onehot,VH_framework,D,0.0
Transformer-onehot,VH_framework,D,0.0
Transformer-onehot,VH_framework,D,0.0
Transformer-onehot,VH_framework,D,0.0
Transformer-onehot,VH_framework,D,0.0
Transformer-onehot,VH_framework,D,0.0
Transformer-onehot,VH_framework,D,0.0
Transformer-onehot,VH_framework,D,0.0
Transformer-onehot,VH_framework,D,0.0
Transformer-onehot,VH_framework,D,0.0
Transformer-onehot,VH_framework,D,0.0
Transformer-onehot,VH_framework,D,0.0
Transformer-onehot,VH_framework,D,0.0
Transformer-onehot,VH_framework,D,0.0
Transformer-onehot,VH_framework,D,0.0
Transformer-onehot,VH_framework,D,0.0
Transformer-onehot,VH_framework,D,0.0
Transformer-onehot,VH_framework,D,0.0
Transformer-onehot,VH_framework,D,0.0
Transformer-onehot,VH_framework,D,0.0
Transformer-onehot,VH_framework,D,0.0
Transformer-onehot,VH_framework,D,0.0
Transformer-onehot,VH_framework,D,0.0
Transformer-onehot,VH_framework,D,0.0
Transformer-onehot,VH_framework,D,0.0
Transformer-onehot,VH_framework,D,0.0
Transformer-onehot,VH_framework,D,0.0
Transformer-onehot,VH_framework,D,0.0
Transformer-onehot,VH_framework,D,0.0
Transformer-onehot,VH_framework,D,0.0
Transformer-onehot,VH_framework,D,0.0
Transformer-onehot,VH_framework,D,0.0
Transformer-onehot,VH_framework,D,0.0
Transformer-onehot,VH_framework,D,0.0
Transformer-onehot,VH_framework,D,0.0
Transformer-onehot,VH_framework,D,0.0
Transformer-onehot,VH_framework,D,0.0
Transformer-onehot,VH_framework,D,0.0
Transformer-onehot,VH_framework,D,0.0
Transformer-onehot,VH_framework,D,0.0
Transformer-onehot,VH_framework,D,0.0
Transformer-onehot,VH_framework,D,0.0
Transformer-onehot,VH_framework,D,0.0
Transformer-onehot,VH_framework,D,0.0
Transformer-onehot,VH_framework,D,0.0
Transformer-onehot,VH_framework,D,0.0
Transformer-onehot,VH_framework,D,0.0
Transformer-onehot,VH_framework,D,0.0
Transformer-onehot,VH_framework,D,0.0
Transformer-onehot,VH_framework,D,0.0
Transformer-onehot,VH_framework,D,0.0
Transformer-onehot,VH_framework,D,0.0
Transformer-onehot,VH_framework,D,0.0
Transformer-onehot,VH_framework,D,0.0
Transformer-onehot,VH_framework,D,0.0
Transformer-onehot,VH_framework,D,0.0
Transformer-onehot,VH_framework,D,0.0
Transformer-onehot,VH_framework,D,0.0
Transformer-onehot,VH_framework,D,0.0
Transformer-onehot,VH_framework,D,0.0
Transformer-onehot,VH_framework,D,0.0
Transformer-onehot,VH_framework,D,0.0
Transformer-onehot,VH_framework,D,0.0
Transformer-onehot,VH_framework,D,0.0
Transformer-onehot,VH_framework,D,0.0
Transformer-onehot,VH_framework,D,0.0
Transformer-onehot,VH_framework,D,0.0
Transformer-onehot,VH_framework,D,0.0
Transformer-onehot,VH_framework,D,0.0
Transformer-onehot,VH_framework,D,0.0
Transformer-onehot,VH_framework,D,0.0
Transformer-onehot,VH_framework,D,0.0
Transformer-onehot,VH_framework,D,0.0
Transformer-onehot,VH_framework,D,0.0
Transformer-onehot,VH_framework,D,0.0
Transformer-onehot,VH_framework,D,0.0
Transformer-onehot,VH_framework,D,0.0
Transformer-onehot,VH_framework,D,0.0
Transformer-onehot,VH_framework,D,0.0
Transformer-onehot,VH_framework,D,0.0
Transformer-onehot,VH_framework,D,0.0
Transformer-onehot,VH_framework,D,0.0
Transformer-onehot,VH_framework,D,0.0
Transformer-onehot,VH_framework,D,0.0
Transformer-onehot,VH_framework,D,0.0
Transformer-onehot,VH_framework,D,0.0
Transformer-onehot,VH_framework,D,0.0
Transformer-onehot,VH_framework,D,0.0
Transformer-onehot,VH_framework,D,0.0
Transformer-onehot,VH_framework,D,0.0
Transformer-onehot,VH_framework,D,0.0
Transformer-onehot,VH_framework,D,0.0
Transformer-onehot,VH_framework,D,0.0
Transformer-onehot,VH_framework,D,0.0
Transformer-onehot,VH_framework,D,0.0
Transformer-onehot,VH_framework,D,0.0
Transformer-onehot,VH_framework,D,0.0
Transformer-onehot,VH_framework,D,0.0
Transformer-onehot,VH_framework,D,0.0
Transformer-onehot,VH_framework,D,0.0
Transformer-onehot,VH_framework,D,0.0
Transformer-onehot,VH_framework,D,0.0
Transformer-onehot,VH_framework,D,0.0
Transformer-onehot,VH_framework,D,0.0
Transformer-onehot,VH_framework,D,0.0
Transformer-onehot,VH_framework,D,0.0
Transformer-onehot,VH_framework,D,0.0
Transformer-onehot,VH_framework,D,0.0
Transformer-onehot,VH_framework,D,0.0
Transformer-onehot,VH_framework,D,0.0
Transformer-onehot,VH_framework,D,0.0
Transformer-onehot,VH_framework,D,0.0
Transformer-onehot,VH_framework,D,0.0
Transformer-onehot,VH_framework,D,0.0
Transformer-onehot,VH_framework,D,0.0
Transformer-onehot,VH_framework,D,0.0
Transformer-onehot,VH_framework,D,0.0
Transformer-onehot,VH_framework,D,0.0
Transformer-onehot,VH_framework,D,0.0
Transformer-onehot,VH_framework,D,0.0
Transformer-onehot,VH_framework,D,0.0
Transformer-onehot,VH_framework,D,0.0
Transformer-onehot,VH_framework,D,0.0
Transformer-onehot,VH_framework,D,0.0
Transformer-onehot,VH_framework,D,0.0
Transformer-onehot,VH_framework,D,0.0
Transformer-onehot,VH_framework,D,0.0
Transformer-onehot,VH_framework,D,0.0
Transformer-onehot,VH_framework,D,0.0
Transformer-onehot,VH_framework,D,0.0
Transformer-onehot,VH_framework,D,0.0
Transformer-onehot,VH_framework,D,0.0
Transformer-onehot,VH_framework,D,0.0
Transformer-onehot,VH_framework,D,0.0
Transformer-onehot,VH_framework,D,0.0
Transformer-onehot,VH_framework,D,0.0
Transformer-onehot,VH_framework,D,0.0
Transformer-onehot,VH_framework,D,0.0
Transformer-onehot,VH_framework,D,0.0
Transformer-onehot,VH_framework,D,0.0
Transformer-onehot,VH_framework,D,0.0
Transformer-onehot,VH_framework,D,0.0
Transformer-onehot,VH_framework,D,0.0
Transformer-onehot,VH_framework,D,0.0
Transformer-onehot,VH_framework,D,0.0
Transformer-onehot,VH_framework,D,0.0
Transformer-onehot,VH_framework,D,0.0
Transformer-onehot,VH_framework,D,0.0
Transformer-onehot,VH_framework,D,0.0
Transformer-onehot,VH_framework,D,0.0
Transformer-onehot,VH_framework,D,0.0
Transformer-onehot,VH_framework,D,0.0
Transformer-onehot,VH_framework,D,0.0
Transformer-onehot,VH_framework,D,0.0
Transformer-onehot,VH_framework,D,0.0
Transformer-onehot,VH_framework,D,0.0
Transformer-onehot,VH_framework,D,0.0
Transformer-onehot,VH_framework,D,0.0
Transformer-onehot,VH_framework,D,0.0
Transformer-onehot,VH_framework,D,0.0
Transformer-onehot,VH_framework,D,0.0
Transformer-onehot,VH_framework,D,0.0
Transformer-onehot,VH_framework,D,0.0
Transformer-onehot,VH_framework,D,0.0
Transformer-onehot,VH_framework,D,0.0
Transformer-onehot,VH_framework,D,0.0
Transformer-onehot,VH_framework,D,0.0
Transformer-onehot,VH_framework,D,0.0
Transformer-onehot,VH_framework,D,0.0
Transformer-onehot,VH_framework,D,0.0
Transformer-onehot,VH_framework,D,0.0
Transformer-onehot,VH_framework,D,0.0
Transformer-onehot,VH_framework,D,0.0
Transformer-onehot,VH_framework,D,0.0
Transformer-onehot,VH_framework,D,0.0
Transformer-onehot,VH_framework,D,0.0
Transformer-onehot,VH_framework,D,0.0
Transformer-onehot,VH_framework,D,0.0
Transformer-onehot,VH_framework,D,0.0
Transformer-onehot,VH_framework,D,0.0
Transformer-onehot,VH_framework,D,0.0
Transformer-onehot,VH_framework,D,0.0
Transformer-onehot,VH_framework,D,0.0
Transformer-onehot,VH_framework,D,0.0
Transformer-onehot,VH_framework,D,0.0
Transformer-onehot,VH_framework,D,0.0
Transformer-onehot,VH_framework,D,0.0
Transformer-onehot,VH_framework,D,0.0
Transformer-onehot,VH_framework,D,0.0
Transformer-onehot,VH_framework,D,0.0
Transformer-onehot,VH_framework,D,0.0
Transformer-onehot,VH_framework,D,0.0
Transformer-onehot,VH_framework,D,0.0
Transformer-onehot,VH_framework,D,0.0
Transformer-onehot,VH_framework,D,0.0
Transformer-onehot,VH_framework,D,0.0
Transformer-onehot,VH_framework,D,0.0
Transformer-onehot,VH_framework,D,0.0
Transformer-onehot,VH_framework,D,0.0
Transformer-onehot,VH_framework,D,0.0
Transformer-onehot,VH_framework,D,0.0
Transformer-onehot,VH_framework,D,0.0
Transformer-onehot,VH_framework,D,0.0
Transformer-onehot,VH_framework,D,0.0
Transformer-onehot,VH_framework,D,0.0
Transformer-onehot,VH_framework,D,0.0
Transformer-onehot,VH_framework,D,0.0
Transformer-onehot,VH_framework,D,0.0
Transformer-onehot,VH_framework,D,0.0
Transformer-onehot,VH_framework,D,0.0
Transformer-onehot,VH_framework,D,0.0
Transformer-onehot,VH_framework,D,0.0
Transformer-onehot,VH_framework,D,0.0
Transformer-onehot,VH_framework,D,0.0
Transformer-onehot,VH_framework,D,0.0
Transformer-onehot,VH_framework,D,0.0
Transformer-onehot,VH_framework,D,0.0
Transformer-onehot,VH_framework,D,0.0
Transformer-onehot,VH_framework,D,0.0
Transformer-onehot,VH_framework,D,0.0
Transformer-onehot,VH_framework,D,0.0
Transformer-onehot,VH_framework,D,0.0
Transformer-onehot,VH_framework,D,0.0
Transformer-onehot,VH_framework,D,0.0
Transformer-onehot,VH_framework,D,0.0
Transformer-onehot,VH_framework,D,0.0
Transformer-onehot,VH_framework,D,0.0
Transformer-onehot,VH_framework,D,0.0
Transformer-onehot,VH_framework,D,0.0
Transformer-onehot,VH_framework,D,0.0
Transformer-onehot,VH_framework,D,0.0
Transformer-onehot,VH_framework,D,0.0
Transformer-onehot,VH_framework,D,0.0
Transformer-onehot,VH_framework,D,0.0
Transformer-onehot,VH_framework,D,0.0
Transformer-onehot,VH_framework,D,0.0
Transformer-onehot,VH_framework,D,0.0
Transformer-onehot,VH_framework,D,0.0
Transformer-onehot,VH_framework,D,0.0
Transformer-onehot,VH_framework,D,0.0
Transformer-onehot,VH_framework,D,0.0
Transformer-onehot,VH_framework,D,0.0
Transformer-onehot,VH_framework,D,0.0
Transformer-onehot,VH_framework,D,0.0
Transformer-onehot,VH_framework,D,0.0
Transformer-onehot,VH_framework,D,0.0
Transformer-onehot,VH_framework,D,0.0
Transformer-onehot,VH_framework,D,0.0
Transformer-onehot,VH_framework,D,0.0
Transformer-onehot,VH_framework,D,0.0
Transformer-onehot,VH_framework,D,0.0
Transformer-onehot,VH_framework,D,0.0
Transformer-onehot,VH_framework,D,0.0
Transformer-onehot,VH_framework,D,0.0
Transformer-onehot,VH_framework,D,0.0
Transformer-onehot,VH_framework,D,0.0
Transformer-onehot,VH_framework,D,0.0
Transformer-onehot,VH_framework,D,0.0
Transformer-onehot,VH_framework,D,0.0
Transformer-onehot,VH_framework,D,0.0
Transformer-onehot,VH_framework,D,0.0
Transformer-onehot,VH_framework,D,0.0
Transformer-onehot,VH_framework,D,0.0
Transformer-onehot,VH_framework,D,0.0
Transformer-onehot,VH_framework,D,0.0
Transformer-onehot,VH_framework,D,0.0
Transformer-onehot,VH_framework,D,0.0
Transformer-onehot,VH_framework,D,0.0
Transformer-onehot,VH_framework,D,0.0
Transformer-onehot,VH_framework,D,0.0
Transformer-onehot,VH_framework,D,0.0
Transformer-onehot,VH_framework,D,0.0
Transformer-onehot,VH_framework,D,0.0
Transformer-onehot,VH_framework,D,0.0
Transformer-onehot,VH_framework,D,0.0
Transformer-onehot,VH_framework,D,0.0
Transformer-onehot,VH_framework,D,0.0
Transformer-onehot,VH_framework,D,0.0
Transformer-onehot,VH_framework,D,0.0
Transformer-onehot,VH_framework,D,0.0
Transformer-onehot,VH_framework,D,0.0
Transformer-onehot,VH_framework,D,0.0
Transformer-onehot,VH_framework,D,0.0
Transformer-onehot,VH_framework,D,0.0
Transformer-onehot,VH_framework,D,0.0
Transformer-onehot,VH_framework,D,0.0
Transformer-onehot,VH_framework,D,0.0
Transformer-onehot,VH_framework,D,0.0
Transformer-onehot,VH_framework,D,0.0
Transformer-onehot,VH_framework,D,0.0
Transformer-onehot,VH_framework,D,0.0
Transformer-onehot,VH_framework,D,0.0
Transformer-onehot,VH_framework,D,0.0
Transformer-onehot,VH_framework,D,0.0
Transformer-onehot,VH_framework,D,0.0
Transformer-onehot,VH_framework,D,0.0
Transformer-onehot,VH_framework,D,0.0
Transformer-onehot,VH_framework,D,0.0
Transformer-onehot,VH_framework,D,0.0
Transformer-onehot,VH_framework,D,0.0
Transformer-onehot,VH_framework,D,0.0
Transformer-onehot,VH_framework,D,0.0
Transformer-onehot,VH_framework,D,0.0
Transformer-onehot,VH_framework,D,0.0
Transformer-onehot,VH_framework,D,0.0
Transformer-onehot,VH_framework,D,0.0
Transformer-onehot,VH_framework,D,0.0
Transformer-onehot,VH_framework,D,0.0
Transformer-onehot,VH_framework,D,0.0
Transformer-onehot,VH_framework,D,0.0
Transformer-onehot,VH_framework,D,0.0
Transformer-onehot,VH_framework,D,0.0
Transformer-onehot,VH_framework,D,0.0
Transformer-onehot,VH_framework,D,0.0
Transformer-onehot,VH_framework,D,0.0
Transformer-onehot,VH_framework,D,0.0
Transformer-onehot,VH_framework,D,0.0
Transformer-onehot,VH_framework,D,0.0
Transformer-onehot,VH_framework,D,0.0
Transformer-onehot,VH_framework,D,0.0
Transformer-onehot,VH_framework,D,0.0
Transformer-onehot,VH_framework,D,0.0
Transformer-onehot,VH_framework,D,0.0
Transformer-onehot,VH_framework,D,0.0
Transformer-onehot,VH_framework,D,0.0
Transformer-onehot,VH_framework,D,0.0
Transformer-onehot,VH_framework,D,0.0
Transformer-onehot,VH_framework,D,0.0
Transformer-onehot,VH_framework,D,0.0
Transformer-onehot,VH_framework,D,0.0
Transformer-onehot,VH_framework,D,0.0
Transformer-onehot,VH_framework,D,0.0
Transformer-onehot,VH_framework,D,0.0
Transformer-onehot,VH_framework,D,0.0
Transformer-onehot,VH_framework,D,0.0
Transformer-onehot,VH_framework,D,0.0
Transformer-onehot,VH_framework,D,0.0
Transformer-onehot,VH_framework,D,0.0
Transformer-onehot,VH_framework,D,0.0
Transformer-onehot,VH_framework,D,0.0
Transformer-onehot,VH_framework,D,0.0
Transformer-onehot,VH_framework,D,0.0
Transformer-onehot,VH_framework,D,0.0
Transformer-onehot,VH_framework,D,0.0
Transformer-onehot,VH_framework,D,0.0
Transformer-onehot,VH_framework,D,0.0
Transformer-onehot,VH_framework,D,0.0
Transformer-onehot,VH_framework,D,0.0
Transformer-onehot,VH_framework,D,0.0
Transformer-onehot,VH_framework,D,0.0
Transformer-onehot,VH_framework,D,0.0
Transformer-onehot,VH_framework,D,0.0
Transformer-onehot,VH_framework,D,0.0
Transformer-onehot,VH_framework,D,0.0
Transformer-onehot,VH_framework,D,0.0
Transformer-onehot,VH_framework,D,0.0
Transformer-onehot,VH_framework,D,0.0
Transformer-onehot,VH_framework,D,0.0
Transformer-onehot,VH_framework,D,0.0
Transformer-onehot,VH_framework,D,0.0
Transformer-onehot,VH_framework,D,0.0
Transformer-onehot,VH_framework,D,0.0
Transformer-onehot,VH_framework,D,0.0
Transformer-onehot,VH_framework,D,0.0
Transformer-onehot,VH_framework,D,0.0
Transformer-onehot,VH_framework,D,0.0
Transformer-onehot,VH_framework,D,0.0
Transformer-onehot,VH_framework,D,0.0
Transformer-onehot,VH_framework,D,0.0
Transformer-onehot,VH_framework,D,0.0
Transformer-onehot,VH_framework,D,0.0
Transformer-onehot,VH_framework,D,0.0
Transformer-onehot,VH_framework,D,0.0
Transformer-onehot,VH_framework,D,0.0
Transformer-onehot,VH_framework,D,0.0
Transformer-onehot,VH_framework,D,0.0
Transformer-onehot,VH_framework,D,0.0
Transformer-onehot,VH_framework,D,0.0
Transformer-onehot,VH_framework,D,0.0
Transformer-onehot,VH_framework,D,0.0
Transformer-onehot,VH_framework,D,0.0
Transformer-onehot,VH_framework,D,0.0
Transformer-onehot,VH_framework,D,0.0
Transformer-onehot,VH_framework,D,0.0
Transformer-onehot,VH_framework,D,0.0
Transformer-onehot,VH_framework,D,0.0
Transformer-onehot,VH_framework,D,0.0
Transformer-onehot,VH_framework,D,0.0
Transformer-onehot,VH_framework,D,0.0
Transformer-onehot,VH_framework,D,0.0
Transformer-onehot,VH_framework,D,0.0
Transformer-onehot,VH_framework,D,0.0
Transformer-onehot,VH_framework,D,0.0
Transformer-onehot,VH_framework,D,0.0
Transformer-onehot,VH_framework,D,0.0
Transformer-onehot,VH_framework,D,0.0
Transformer-onehot,VH_framework,D,0.0
Transformer-onehot,VH_framework,D,0.0
Transformer-onehot,VH_framework,D,0.0
Transformer-onehot,VH_framework,D,0.0
Transformer-onehot,VH_framework,D,0.0
Transformer-onehot,VH_framework,D,0.0
Transformer-onehot,VH_framework,D,0.0
Transformer-onehot,VH_framework,D,0.0
Transformer-onehot,VH_framework,D,0.0
Transformer-onehot,VH_framework,D,0.0
Transformer-onehot,VH_framework,D,0.0
Transformer-onehot,VH_framework,D,0.0
Transformer-onehot,VH_framework,D,0.0
Transformer-onehot,VH_framework,D,0.0
Transformer-onehot,VH_framework,D,0.0
Transformer-onehot,VH_framework,D,0.0
Transformer-onehot,VH_framework,D,0.0
Transformer-onehot,VH_framework,D,0.0
Transformer-onehot,VH_framework,D,0.0
Transformer-onehot,VH_framework,D,0.0
Transformer-onehot,VH_framework,D,0.0
Transformer-onehot,VH_framework,D,0.0
Transformer-onehot,VH_framework,D,0.0
Transformer-onehot,VH_framework,D,0.0
Transformer-onehot,VH_framework,D,0.0
Transformer-onehot,VH_framework,D,0.0
Transformer-onehot,VH_framework,D,0.0
Transformer-onehot,VH_framework,E,0.0
Transformer-onehot,VH_framework,E,0.0
Transformer-onehot,VH_framework,E,0.0
Transformer-onehot,VH_framework,E,0.0
Transformer-onehot,VH_framework,E,0.0
Transformer-onehot,VH_framework,E,0.0
Transformer-onehot,VH_framework,E,0.0
Transformer-onehot,VH_framework,E,0.0
Transformer-onehot,VH_framework,E,0.0
Transformer-onehot,VH_framework,E,0.0
Transformer-onehot,VH_framework,E,0.0
Transformer-onehot,VH_framework,E,0.0
Transformer-onehot,VH_framework,E,0.0
Transformer-onehot,VH_framework,E,0.0
Transformer-onehot,VH_framework,E,0.0
Transformer-onehot,VH_framework,E,0.0
Transformer-onehot,VH_framework,E,0.0
Transformer-onehot,VH_framework,E,0.0
Transformer-onehot,VH_framework,E,0.0
Transformer-onehot,VH_framework,E,0.0
Transformer-onehot,VH_framework,E,0.0
Transformer-onehot,VH_framework,E,0.0
Transformer-onehot,VH_framework,E,0.0
Transformer-onehot,VH_framework,E,0.0
Transformer-onehot,VH_framework,E,0.0
Transformer-onehot,VH_framework,E,0.0
Transformer-onehot,VH_framework,E,0.0
Transformer-onehot,VH_framework,E,0.0
Transformer-onehot,VH_framework,E,0.0
Transformer-onehot,VH_framework,E,0.0
Transformer-onehot,VH_framework,E,0.0
Transformer-onehot,VH_framework,E,0.0
Transformer-onehot,VH_framework,E,0.0
Transformer-onehot,VH_framework,E,0.0
Transformer-onehot,VH_framework,E,0.0
Transformer-onehot,VH_framework,E,0.0
Transformer-onehot,VH_framework,E,0.0
Transformer-onehot,VH_framework,E,0.0
Transformer-onehot,VH_framework,E,0.0
Transformer-onehot,VH_framework,E,0.0
Transformer-onehot,VH_framework,E,0.0
Transformer-onehot,VH_framework,E,0.0
Transformer-onehot,VH_framework,E,0.0
Transformer-onehot,VH_framework,E,0.0
Transformer-onehot,VH_framework,E,0.0
Transformer-onehot,VH_framework,E,0.0
Transformer-onehot,VH_framework,E,0.0
Transformer-onehot,VH_framework,E,0.0
Transformer-onehot,VH_framework,E,0.0
Transformer-onehot,VH_framework,E,0.0
Transformer-onehot,VH_framework,E,0.0
Transformer-onehot,VH_framework,E,0.0
Transformer-onehot,VH_framework,E,0.0
Transformer-onehot,VH_framework,E,0.0
Transformer-onehot,VH_framework,E,0.0
Transformer-onehot,VH_framework,E,0.0
Transformer-onehot,VH_framework,E,0.0
Transformer-onehot,VH_framework,E,0.0
Transformer-onehot,VH_framework,E,0.0
Transformer-onehot,VH_framework,E,0.0
Transformer-onehot,VH_framework,E,0.0
Transformer-onehot,VH_framework,E,0.0
Transformer-onehot,VH_framework,E,0.0
Transformer-onehot,VH_framework,E,0.0
Transformer-onehot,VH_framework,E,0.0
Transformer-onehot,VH_framework,E,0.0
Transformer-onehot,VH_framework,E,0.0
Transformer-onehot,VH_framework,E,0.0
Transformer-onehot,VH_framework,E,0.0
Transformer-onehot,VH_framework,E,0.0
Transformer-onehot,VH_framework,E,0.0
Transformer-onehot,VH_framework,E,0.0
Transformer-onehot,VH_framework,E,0.0
Transformer-onehot,VH_framework,E,0.0
Transformer-onehot,VH_framework,E,0.0
Transformer-onehot,VH_framework,E,0.0
Transformer-onehot,VH_framework,E,0.0
Transformer-onehot,VH_framework,E,0.0
Transformer-onehot,VH_framework,E,0.0
Transformer-onehot,VH_framework,E,0.0
Transformer-onehot,VH_framework,E,0.0
Transformer-onehot,VH_framework,E,0.0
Transformer-onehot,VH_framework,E,0.0
Transformer-onehot,VH_framework,E,0.0
Transformer-onehot,VH_framework,E,0.0
Transformer-onehot,VH_framework,E,0.0
Transformer-onehot,VH_framework,E,0.0
Transformer-onehot,VH_framework,E,0.0
Transformer-onehot,VH_framework,E,0.0
Transformer-onehot,VH_framework,E,0.0
Transformer-onehot,VH_framework,E,0.0
Transformer-onehot,VH_framework,E,0.0
Transformer-onehot,VH_framework,E,0.0
Transformer-onehot,VH_framework,E,0.0
Transformer-onehot,VH_framework,E,0.0
Transformer-onehot,VH_framework,E,0.0
Transformer-onehot,VH_framework,E,0.0
Transformer-onehot,VH_framework,E,0.0
Transformer-onehot,VH_framework,E,0.0
Transformer-onehot,VH_framework,E,0.0
Transformer-onehot,VH_framework,E,0.0
Transformer-onehot,VH_framework,E,0.0
Transformer-onehot,VH_framework,E,0.0
Transformer-onehot,VH_framework,E,0.0
Transformer-onehot,VH_framework,E,0.0
Transformer-onehot,VH_framework,E,0.0
Transformer-onehot,VH_framework,E,0.0
Transformer-onehot,VH_framework,E,0.0
Transformer-onehot,VH_framework,E,0.0
Transformer-onehot,VH_framework,E,0.0
Transformer-onehot,VH_framework,E,0.0
Transformer-onehot,VH_framework,E,0.0
Transformer-onehot,VH_framework,E,0.0
Transformer-onehot,VH_framework,E,0.0
Transformer-onehot,VH_framework,E,0.0
Transformer-onehot,VH_framework,E,0.0
Transformer-onehot,VH_framework,E,0.0
Transformer-onehot,VH_framework,E,0.0
Transformer-onehot,VH_framework,E,0.0
Transformer-onehot,VH_framework,E,0.0
Transformer-onehot,VH_framework,E,0.0
Transformer-onehot,VH_framework,E,0.0
Transformer-onehot,VH_framework,E,0.0
Transformer-onehot,VH_framework,E,0.0
Transformer-onehot,VH_framework,E,0.0
Transformer-onehot,VH_framework,E,0.0
Transformer-onehot,VH_framework,E,0.0
Transformer-onehot,VH_framework,E,0.0
Transformer-onehot,VH_framework,E,0.0
Transformer-onehot,VH_framework,E,0.0
Transformer-onehot,VH_framework,E,0.0
Transformer-onehot,VH_framework,E,0.0
Transformer-onehot,VH_framework,E,0.0
Transformer-onehot,VH_framework,E,0.0
Transformer-onehot,VH_framework,E,0.0
Transformer-onehot,VH_framework,E,0.0
Transformer-onehot,VH_framework,E,0.0
Transformer-onehot,VH_framework,E,0.0
Transformer-onehot,VH_framework,E,0.0
Transformer-onehot,VH_framework,E,0.0
Transformer-onehot,VH_framework,E,0.0
Transformer-onehot,VH_framework,E,0.0
Transformer-onehot,VH_framework,E,0.0
Transformer-onehot,VH_framework,E,0.0
Transformer-onehot,VH_framework,E,0.0
Transformer-onehot,VH_framework,E,0.0
Transformer-onehot,VH_framework,E,0.0
Transformer-onehot,VH_framework,E,0.0
Transformer-onehot,VH_framework,E,0.0
Transformer-onehot,VH_framework,E,0.0
Transformer-onehot,VH_framework,E,0.0
Transformer-onehot,VH_framework,E,0.0
Transformer-onehot,VH_framework,E,0.0
Transformer-onehot,VH_framework,E,0.0
Transformer-onehot,VH_framework,E,0.0
Transformer-onehot,VH_framework,E,0.0
Transformer-onehot,VH_framework,E,0.0
Transformer-onehot,VH_framework,E,0.0
Transformer-onehot,VH_framework,E,0.0
Transformer-onehot,VH_framework,E,0.0
Transformer-onehot,VH_framework,E,0.0
Transformer-onehot,VH_framework,E,0.0
Transformer-onehot,VH_framework,E,0.0
Transformer-onehot,VH_framework,E,0.0
Transformer-onehot,VH_framework,E,0.0
Transformer-onehot,VH_framework,E,0.0
Transformer-onehot,VH_framework,E,0.0
Transformer-onehot,VH_framework,E,0.0
Transformer-onehot,VH_framework,E,0.0
Transformer-onehot,VH_framework,E,0.0
Transformer-onehot,VH_framework,E,0.0
Transformer-onehot,VH_framework,E,0.0
Transformer-onehot,VH_framework,E,0.0
Transformer-onehot,VH_framework,E,0.0
Transformer-onehot,VH_framework,E,0.0
Transformer-onehot,VH_framework,E,0.0
Transformer-onehot,VH_framework,E,0.0
Transformer-onehot,VH_framework,E,0.0
Transformer-onehot,VH_framework,E,0.0
Transformer-onehot,VH_framework,E,0.0
Transformer-onehot,VH_framework,E,0.0
Transformer-onehot,VH_framework,E,0.0
Transformer-onehot,VH_framework,E,0.0
Transformer-onehot,VH_framework,E,0.0
Transformer-onehot,VH_framework,E,0.0
Transformer-onehot,VH_framework,E,0.0
Transformer-onehot,VH_framework,E,0.0
Transformer-onehot,VH_framework,E,0.0
Transformer-onehot,VH_framework,E,0.0
Transformer-onehot,VH_framework,E,0.0
Transformer-onehot,VH_framework,E,0.0
Transformer-onehot,VH_framework,E,0.0
Transformer-onehot,VH_framework,E,0.0
Transformer-onehot,VH_framework,E,0.0
Transformer-onehot,VH_framework,E,0.0
Transformer-onehot,VH_framework,E,0.0
Transformer-onehot,VH_framework,E,0.0
Transformer-onehot,VH_framework,E,0.0
Transformer-onehot,VH_framework,E,0.0
Transformer-onehot,VH_framework,E,0.0
Transformer-onehot,VH_framework,E,0.0
Transformer-onehot,VH_framework,E,0.0
Transformer-onehot,VH_framework,E,0.0
Transformer-onehot,VH_framework,E,0.0
Transformer-onehot,VH_framework,E,0.0
Transformer-onehot,VH_framework,E,0.0
Transformer-onehot,VH_framework,E,0.0
Transformer-onehot,VH_framework,E,0.0
Transformer-onehot,VH_framework,E,0.0
Transformer-onehot,VH_framework,E,0.0
Transformer-onehot,VH_framework,E,0.0
Transformer-onehot,VH_framework,E,0.0
Transformer-onehot,VH_framework,E,0.0
Transformer-onehot,VH_framework,E,0.0
Transformer-onehot,VH_framework,E,0.0
Transformer-onehot,VH_framework,E,0.0
Transformer-onehot,VH_framework,E,0.0
Transformer-onehot,VH_framework,E,0.0
Transformer-onehot,VH_framework,E,0.0
Transformer-onehot,VH_framework,E,0.0
Transformer-onehot,VH_framework,E,0.0
Transformer-onehot,VH_framework,E,0.0
Transformer-onehot,VH_framework,E,0.0
Transformer-onehot,VH_framework,E,0.0
Transformer-onehot,VH_framework,E,0.0
Transformer-onehot,VH_framework,E,0.0
Transformer-onehot,VH_framework,E,0.0
Transformer-onehot,VH_framework,E,0.0
Transformer-onehot,VH_framework,E,0.0
Transformer-onehot,VH_framework,E,0.0
Transformer-onehot,VH_framework,E,0.0
Transformer-onehot,VH_framework,E,0.0
Transformer-onehot,VH_framework,E,0.0
Transformer-onehot,VH_framework,E,0.0
Transformer-onehot,VH_framework,E,0.0
Transformer-onehot,VH_framework,E,0.0
Transformer-onehot,VH_framework,E,0.0
Transformer-onehot,VH_framework,E,0.0
Transformer-onehot,VH_framework,E,0.0
Transformer-onehot,VH_framework,E,0.0
Transformer-onehot,VH_framework,E,0.0
Transformer-onehot,VH_framework,E,0.0
Transformer-onehot,VH_framework,E,0.0
Transformer-onehot,VH_framework,E,0.0
Transformer-onehot,VH_framework,E,0.0
Transformer-onehot,VH_framework,E,0.0
Transformer-onehot,VH_framework,E,0.0
Transformer-onehot,VH_framework,E,0.0
Transformer-onehot,VH_framework,E,0.0
Transformer-onehot,VH_framework,E,0.0
Transformer-onehot,VH_framework,E,0.0
Transformer-onehot,VH_framework,E,0.0
Transformer-onehot,VH_framework,E,0.0
Transformer-onehot,VH_framework,E,0.0
Transformer-onehot,VH_framework,E,0.0
Transformer-onehot,VH_framework,E,0.0
Transformer-onehot,VH_framework,E,0.0
Transformer-onehot,VH_framework,E,0.0
Transformer-onehot,VH_framework,E,0.0
Transformer-onehot,VH_framework,E,0.0
Transformer-onehot,VH_framework,E,0.0
Transformer-onehot,VH_framework,E,0.0
Transformer-onehot,VH_framework,E,0.0
Transformer-onehot,VH_framework,E,0.0
Transformer-onehot,VH_framework,E,0.0
Transformer-onehot,VH_framework,E,0.0
Transformer-onehot,VH_framework,E,0.0
Transformer-onehot,VH_framework,E,0.0
Transformer-onehot,VH_framework,E,0.0
Transformer-onehot,VH_framework,E,0.0
Transformer-onehot,VH_framework,E,0.0
Transformer-onehot,VH_framework,E,0.0
Transformer-onehot,VH_framework,E,0.0
Transformer-onehot,VH_framework,E,0.0
Transformer-onehot,VH_framework,E,0.0
Transformer-onehot,VH_framework,E,0.0
Transformer-onehot,VH_framework,E,0.0
Transformer-onehot,VH_framework,E,0.0
Transformer-onehot,VH_framework,E,0.0
Transformer-onehot,VH_framework,E,0.0
Transformer-onehot,VH_framework,E,0.0
Transformer-onehot,VH_framework,E,0.0
Transformer-onehot,VH_framework,E,0.0
Transformer-onehot,VH_framework,E,0.0
Transformer-onehot,VH_framework,E,0.0
Transformer-onehot,VH_framework,E,0.0
Transformer-onehot,VH_framework,E,0.0
Transformer-onehot,VH_framework,E,0.0
Transformer-onehot,VH_framework,E,0.0
Transformer-onehot,VH_framework,E,0.0
Transformer-onehot,VH_framework,E,0.0
Transformer-onehot,VH_framework,E,0.0
Transformer-onehot,VH_framework,E,0.0
Transformer-onehot,VH_framework,E,0.0
Transformer-onehot,VH_framework,E,0.0
Transformer-onehot,VH_framework,E,0.0
Transformer-onehot,VH_framework,E,0.0
Transformer-onehot,VH_framework,E,0.0
Transformer-onehot,VH_framework,E,0.0
Transformer-onehot,VH_framework,E,0.0
Transformer-onehot,VH_framework,E,0.0
Transformer-onehot,VH_framework,E,0.0
Transformer-onehot,VH_framework,E,0.0
Transformer-onehot,VH_framework,E,0.0
Transformer-onehot,VH_framework,E,0.0
Transformer-onehot,VH_framework,E,0.0
Transformer-onehot,VH_framework,E,0.0
Transformer-onehot,VH_framework,E,0.0
Transformer-onehot,VH_framework,E,0.0
Transformer-onehot,VH_framework,E,0.0
Transformer-onehot,VH_framework,E,0.0
Transformer-onehot,VH_framework,E,0.0
Transformer-onehot,VH_framework,E,0.0
Transformer-onehot,VH_framework,E,0.0
Transformer-onehot,VH_framework,E,0.0
Transformer-onehot,VH_framework,E,0.0
Transformer-onehot,VH_framework,E,0.0
Transformer-onehot,VH_framework,E,0.0
Transformer-onehot,VH_framework,E,0.0
Transformer-onehot,VH_framework,E,0.0
Transformer-onehot,VH_framework,E,0.0
Transformer-onehot,VH_framework,E,0.0
Transformer-onehot,VH_framework,E,0.0
Transformer-onehot,VH_framework,E,0.0
Transformer-onehot,VH_framework,E,0.0
Transformer-onehot,VH_framework,E,0.0
Transformer-onehot,VH_framework,E,0.0
Transformer-onehot,VH_framework,E,0.0
Transformer-onehot,VH_framework,E,0.0
Transformer-onehot,VH_framework,E,0.0
Transformer-onehot,VH_framework,E,0.0
Transformer-onehot,VH_framework,E,0.0
Transformer-onehot,VH_framework,E,0.0
Transformer-onehot,VH_framework,E,0.0
Transformer-onehot,VH_framework,E,0.0
Transformer-onehot,VH_framework,E,0.0
Transformer-onehot,VH_framework,E,0.0
Transformer-onehot,VH_framework,E,0.0
Transformer-onehot,VH_framework,E,0.0
Transformer-onehot,VH_framework,E,0.0
Transformer-onehot,VH_framework,E,0.0
Transformer-onehot,VH_framework,E,0.0
Transformer-onehot,VH_framework,E,0.0
Transformer-onehot,VH_framework,E,0.0
Transformer-onehot,VH_framework,E,0.0
Transformer-onehot,VH_framework,E,0.0
Transformer-onehot,VH_framework,E,0.0
Transformer-onehot,VH_framework,E,0.0
Transformer-onehot,VH_framework,E,0.0
Transformer-onehot,VH_framework,E,0.0
Transformer-onehot,VH_framework,E,0.0
Transformer-onehot,VH_framework,E,0.0
Transformer-onehot,VH_framework,E,0.0
Transformer-onehot,VH_framework,E,0.0
Transformer-onehot,VH_framework,E,0.0
Transformer-onehot,VH_framework,E,0.0
Transformer-onehot,VH_framework,E,0.0
Transformer-onehot,VH_framework,E,0.0
Transformer-onehot,VH_framework,E,0.0
Transformer-onehot,VH_framework,E,0.0
Transformer-onehot,VH_framework,E,0.0
Transformer-onehot,VH_framework,E,0.0
Transformer-onehot,VH_framework,E,0.0
Transformer-onehot,VH_framework,E,0.0
Transformer-onehot,VH_framework,E,0.0
Transformer-onehot,VH_framework,E,0.0
Transformer-onehot,VH_framework,E,0.0
Transformer-onehot,VH_framework,E,0.0
Transformer-onehot,VH_framework,E,0.0
Transformer-onehot,VH_framework,E,0.0
Transformer-onehot,VH_framework,E,0.0
Transformer-onehot,VH_framework,E,0.0
Transformer-onehot,VH_framework,E,0.0
Transformer-onehot,VH_framework,E,0.0
Transformer-onehot,VH_framework,E,0.0
Transformer-onehot,VH_framework,E,0.0
Transformer-onehot,VH_framework,E,0.0
Transformer-onehot,VH_framework,E,0.0
Transformer-onehot,VH_framework,E,0.0
Transformer-onehot,VH_framework,E,0.0
Transformer-onehot,VH_framework,E,0.0
Transformer-onehot,VH_framework,E,0.0
Transformer-onehot,VH_framework,E,0.0
Transformer-onehot,VH_framework,E,0.0
Transformer-onehot,VH_framework,E,0.0
Transformer-onehot,VH_framework,E,0.0
Transformer-onehot,VH_framework,E,0.0
Transformer-onehot,VH_framework,E,0.0
Transformer-onehot,VH_framework,E,0.0
Transformer-onehot,VH_framework,E,0.0
Transformer-onehot,VH_framework,E,0.0
Transformer-onehot,VH_framework,E,0.0
Transformer-onehot,VH_framework,E,0.0
Transformer-onehot,VH_framework,E,0.0
Transformer-onehot,VH_framework,E,0.0
Transformer-onehot,VH_framework,E,0.0
Transformer-onehot,VH_framework,E,0.0
Transformer-onehot,VH_framework,E,0.0
Transformer-onehot,VH_framework,E,0.0
Transformer-onehot,VH_framework,E,0.0
Transformer-onehot,VH_framework,E,0.0
Transformer-onehot,VH_framework,E,0.0
Transformer-onehot,VH_framework,E,0.0
Transformer-onehot,VH_framework,E,0.0
Transformer-onehot,VH_framework,E,0.0
Transformer-onehot,VH_framework,E,0.0
Transformer-onehot,VH_framework,E,0.0
Transformer-onehot,VH_framework,E,0.0
Transformer-onehot,VH_framework,E,0.0
Transformer-onehot,VH_framework,E,0.0
Transformer-onehot,VH_framework,E,0.0
Transformer-onehot,VH_framework,E,0.0
Transformer-onehot,VH_framework,E,0.0
Transformer-onehot,VH_framework,E,0.0
Transformer-onehot,VH_framework,E,0.0
Transformer-onehot,VH_framework,E,0.0
Transformer-onehot,VH_framework,E,0.0
Transformer-onehot,VH_framework,E,0.0
Transformer-onehot,VH_framework,E,0.0
Transformer-onehot,VH_framework,E,0.0
Transformer-onehot,VH_framework,E,0.0
Transformer-onehot,VH_framework,E,0.0
Transformer-onehot,VH_framework,E,0.0
Transformer-onehot,VH_framework,E,0.0
Transformer-onehot,VH_framework,E,0.0
Transformer-onehot,VH_framework,E,0.0
Transformer-onehot,VH_framework,E,0.0
Transformer-onehot,VH_framework,E,0.0
Transformer-onehot,VH_framework,E,0.0
Transformer-onehot,VH_framework,E,0.0
Transformer-onehot,VH_framework,E,0.0
Transformer-onehot,VH_framework,E,0.0
Transformer-onehot,VH_framework,E,0.0
Transformer-onehot,VH_framework,E,0.0
Transformer-onehot,VH_framework,E,0.0
Transformer-onehot,VH_framework,E,0.0
Transformer-onehot,VH_framework,E,0.0
Transformer-onehot,VH_framework,E,0.0
Transformer-onehot,VH_framework,E,0.0
Transformer-onehot,VH_framework,E,0.0
Transformer-onehot,VH_framework,E,0.0
Transformer-onehot,VH_framework,E,0.0
Transformer-onehot,VH_framework,E,0.0
Transformer-onehot,VH_framework,E,0.0
Transformer-onehot,VH_framework,E,0.0
Transformer-onehot,VH_framework,E,0.0
Transformer-onehot,VH_framework,E,0.0
Transformer-onehot,VH_framework,E,0.0
Transformer-onehot,VH_framework,E,0.0
Transformer-onehot,VH_framework,E,0.0
Transformer-onehot,VH_framework,E,0.0
Transformer-onehot,VH_framework,E,0.0
Transformer-onehot,VH_framework,E,0.0
Transformer-onehot,VH_framework,E,0.0
Transformer-onehot,VH_framework,E,0.0
Transformer-onehot,VH_framework,E,0.0
Transformer-onehot,VH_framework,E,0.0
Transformer-onehot,VH_framework,E,0.0
Transformer-onehot,VH_framework,E,0.0
Transformer-onehot,VH_framework,E,0.0
Transformer-onehot,VH_framework,E,0.0
Transformer-onehot,VH_framework,E,0.0
Transformer-onehot,VH_framework,E,0.0
Transformer-onehot,VH_framework,E,0.0
Transformer-onehot,VH_framework,E,0.0
Transformer-onehot,VH_framework,E,0.0
Transformer-onehot,VH_framework,E,0.0
Transformer-onehot,VH_framework,E,0.0
Transformer-onehot,VH_framework,E,0.0
Transformer-onehot,VH_framework,E,0.0
Transformer-onehot,VH_framework,E,0.0
Transformer-onehot,VH_framework,E,0.0
Transformer-onehot,VH_framework,E,0.0
Transformer-onehot,VH_framework,E,0.0
Transformer-onehot,VH_framework,E,0.0
Transformer-onehot,VH_framework,E,0.0
Transformer-onehot,VH_framework,E,0.0
Transformer-onehot,VH_framework,E,0.0
Transformer-onehot,VH_framework,E,0.0
Transformer-onehot,VH_framework,E,0.0
Transformer-onehot,VH_framework,E,0.0
Transformer-onehot,VH_framework,E,0.0
Transformer-onehot,VH_framework,E,0.0
Transformer-onehot,VH_framework,E,0.0
Transformer-onehot,VH_framework,E,0.0
Transformer-onehot,VH_framework,E,0.0
Transformer-onehot,VH_framework,E,0.0
Transformer-onehot,VH_framework,E,0.0
Transformer-onehot,VH_framework,E,0.0
Transformer-onehot,VH_framework,E,0.0
Transformer-onehot,VH_framework,E,0.0
Transformer-onehot,VH_framework,E,0.0
Transformer-onehot,VH_framework,E,0.0
Transformer-onehot,VH_framework,E,0.0
Transformer-onehot,VH_framework,E,0.0
Transformer-onehot,VH_framework,E,0.0
Transformer-onehot,VH_framework,E,0.0
Transformer-onehot,VH_framework,E,0.0
Transformer-onehot,VH_framework,E,0.0
Transformer-onehot,VH_framework,E,0.0
Transformer-onehot,VH_framework,F,0.0
Transformer-onehot,VH_framework,F,0.0
Transformer-onehot,VH_framework,F,0.0
Transformer-onehot,VH_framework,F,0.0
Transformer-onehot,VH_framework,F,0.0
Transformer-onehot,VH_framework,F,0.0
Transformer-onehot,VH_framework,F,0.0
Transformer-onehot,VH_framework,F,0.0
Transformer-onehot,VH_framework,F,0.0
Transformer-onehot,VH_framework,F,0.0
Transformer-onehot,VH_framework,F,0.0
Transformer-onehot,VH_framework,F,0.0
Transformer-onehot,VH_framework,F,0.0
Transformer-onehot,VH_framework,F,0.0
Transformer-onehot,VH_framework,F,0.0
Transformer-onehot,VH_framework,F,0.0
Transformer-onehot,VH_framework,F,0.0
Transformer-onehot,VH_framework,F,0.0
Transformer-onehot,VH_framework,F,0.0
Transformer-onehot,VH_framework,F,0.0
Transformer-onehot,VH_framework,F,0.0
Transformer-onehot,VH_framework,F,0.0
Transformer-onehot,VH_framework,F,0.0
Transformer-onehot,VH_framework,F,0.0
Transformer-onehot,VH_framework,F,0.0
Transformer-onehot,VH_framework,F,0.0
Transformer-onehot,VH_framework,F,0.0
Transformer-onehot,VH_framework,F,0.0
Transformer-onehot,VH_framework,F,0.0
Transformer-onehot,VH_framework,F,0.0
Transformer-onehot,VH_framework,F,0.0
Transformer-onehot,VH_framework,F,0.0
Transformer-onehot,VH_framework,F,0.0
Transformer-onehot,VH_framework,F,0.0
Transformer-onehot,VH_framework,F,0.0
Transformer-onehot,VH_framework,F,0.0
Transformer-onehot,VH_framework,F,0.0
Transformer-onehot,VH_framework,F,0.0
Transformer-onehot,VH_framework,F,0.0
Transformer-onehot,VH_framework,F,0.0
Transformer-onehot,VH_framework,F,0.0
Transformer-onehot,VH_framework,F,0.0
Transformer-onehot,VH_framework,F,0.0
Transformer-onehot,VH_framework,F,0.0
Transformer-onehot,VH_framework,F,0.0
Transformer-onehot,VH_framework,F,0.0
Transformer-onehot,VH_framework,F,0.0
Transformer-onehot,VH_framework,F,0.0
Transformer-onehot,VH_framework,F,0.0
Transformer-onehot,VH_framework,F,0.0
Transformer-onehot,VH_framework,F,0.0
Transformer-onehot,VH_framework,F,0.0
Transformer-onehot,VH_framework,F,0.0
Transformer-onehot,VH_framework,F,0.0
Transformer-onehot,VH_framework,F,0.0
Transformer-onehot,VH_framework,F,0.0
Transformer-onehot,VH_framework,F,0.0
Transformer-onehot,VH_framework,F,0.0
Transformer-onehot,VH_framework,F,0.0
Transformer-onehot,VH_framework,F,0.0
Transformer-onehot,VH_framework,F,0.0
Transformer-onehot,VH_framework,F,0.0
Transformer-onehot,VH_framework,F,0.0
Transformer-onehot,VH_framework,F,0.0
Transformer-onehot,VH_framework,F,0.0
Transformer-onehot,VH_framework,F,0.0
Transformer-onehot,VH_framework,F,0.0
Transformer-onehot,VH_framework,F,0.0
Transformer-onehot,VH_framework,F,0.0
Transformer-onehot,VH_framework,F,0.0
Transformer-onehot,VH_framework,F,0.0
Transformer-onehot,VH_framework,F,0.0
Transformer-onehot,VH_framework,F,0.0
Transformer-onehot,VH_framework,F,0.0
Transformer-onehot,VH_framework,F,0.0
Transformer-onehot,VH_framework,F,0.0
Transformer-onehot,VH_framework,F,0.0
Transformer-onehot,VH_framework,F,0.0
Transformer-onehot,VH_framework,F,0.0
Transformer-onehot,VH_framework,F,0.0
Transformer-onehot,VH_framework,F,0.0
Transformer-onehot,VH_framework,F,0.0
Transformer-onehot,VH_framework,F,0.0
Transformer-onehot,VH_framework,F,0.0
Transformer-onehot,VH_framework,F,0.0
Transformer-onehot,VH_framework,F,0.0
Transformer-onehot,VH_framework,F,0.0
Transformer-onehot,VH_framework,F,0.0
Transformer-onehot,VH_framework,F,0.0
Transformer-onehot,VH_framework,F,0.0
Transformer-onehot,VH_framework,F,0.0
Transformer-onehot,VH_framework,F,0.0
Transformer-onehot,VH_framework,F,0.0
Transformer-onehot,VH_framework,F,0.0
Transformer-onehot,VH_framework,F,0.0
Transformer-onehot,VH_framework,F,0.0
Transformer-onehot,VH_framework,F,0.0
Transformer-onehot,VH_framework,F,0.0
Transformer-onehot,VH_framework,F,0.0
Transformer-onehot,VH_framework,F,0.0
Transformer-onehot,VH_framework,F,0.0
Transformer-onehot,VH_framework,F,0.0
Transformer-onehot,VH_framework,F,0.0
Transformer-onehot,VH_framework,F,0.0
Transformer-onehot,VH_framework,F,0.0
Transformer-onehot,VH_framework,F,0.0
Transformer-onehot,VH_framework,F,0.0
Transformer-onehot,VH_framework,F,0.0
Transformer-onehot,VH_framework,F,0.0
Transformer-onehot,VH_framework,F,0.0
Transformer-onehot,VH_framework,F,0.0
Transformer-onehot,VH_framework,F,0.0
Transformer-onehot,VH_framework,F,0.0
Transformer-onehot,VH_framework,F,0.0
Transformer-onehot,VH_framework,F,0.0
Transformer-onehot,VH_framework,F,0.0
Transformer-onehot,VH_framework,F,0.0
Transformer-onehot,VH_framework,F,0.0
Transformer-onehot,VH_framework,F,0.0
Transformer-onehot,VH_framework,F,0.0
Transformer-onehot,VH_framework,F,0.0
Transformer-onehot,VH_framework,F,0.0
Transformer-onehot,VH_framework,F,0.0
Transformer-onehot,VH_framework,F,0.0
Transformer-onehot,VH_framework,F,0.0
Transformer-onehot,VH_framework,F,0.0
Transformer-onehot,VH_framework,F,0.0
Transformer-onehot,VH_framework,F,0.0
Transformer-onehot,VH_framework,F,0.0
Transformer-onehot,VH_framework,F,0.0
Transformer-onehot,VH_framework,F,0.0
Transformer-onehot,VH_framework,F,0.0
Transformer-onehot,VH_framework,F,0.0
Transformer-onehot,VH_framework,F,0.0
Transformer-onehot,VH_framework,F,0.0
Transformer-onehot,VH_framework,F,0.0
Transformer-onehot,VH_framework,F,0.0
Transformer-onehot,VH_framework,F,0.0
Transformer-onehot,VH_framework,F,0.0
Transformer-onehot,VH_framework,F,0.0
Transformer-onehot,VH_framework,F,0.0
Transformer-onehot,VH_framework,F,0.0
Transformer-onehot,VH_framework,F,0.0
Transformer-onehot,VH_framework,F,0.0
Transformer-onehot,VH_framework,F,0.0
Transformer-onehot,VH_framework,F,0.0
Transformer-onehot,VH_framework,F,0.0
Transformer-onehot,VH_framework,F,0.0
Transformer-onehot,VH_framework,F,0.0
Transformer-onehot,VH_framework,F,0.0
Transformer-onehot,VH_framework,F,0.0
Transformer-onehot,VH_framework,F,0.0
Transformer-onehot,VH_framework,F,0.0
Transformer-onehot,VH_framework,F,0.0
Transformer-onehot,VH_framework,F,0.0
Transformer-onehot,VH_framework,F,0.0
Transformer-onehot,VH_framework,F,0.0
Transformer-onehot,VH_framework,F,0.0
Transformer-onehot,VH_framework,F,0.0
Transformer-onehot,VH_framework,F,0.0
Transformer-onehot,VH_framework,F,0.0
Transformer-onehot,VH_framework,F,0.0
Transformer-onehot,VH_framework,F,0.0
Transformer-onehot,VH_framework,F,0.0
Transformer-onehot,VH_framework,F,0.0
Transformer-onehot,VH_framework,F,0.0
Transformer-onehot,VH_framework,F,0.0
Transformer-onehot,VH_framework,F,0.0
Transformer-onehot,VH_framework,F,0.0
Transformer-onehot,VH_framework,F,0.0
Transformer-onehot,VH_framework,F,0.0
Transformer-onehot,VH_framework,F,0.0
Transformer-onehot,VH_framework,F,0.0
Transformer-onehot,VH_framework,F,0.0
Transformer-onehot,VH_framework,F,0.0
Transformer-onehot,VH_framework,F,0.0
Transformer-onehot,VH_framework,F,0.0
Transformer-onehot,VH_framework,F,0.0
Transformer-onehot,VH_framework,F,0.0
Transformer-onehot,VH_framework,F,0.0
Transformer-onehot,VH_framework,F,0.0
Transformer-onehot,VH_framework,F,0.0
Transformer-onehot,VH_framework,F,0.0
Transformer-onehot,VH_framework,F,0.0
Transformer-onehot,VH_framework,F,0.0
Transformer-onehot,VH_framework,F,0.0
Transformer-onehot,VH_framework,F,0.0
Transformer-onehot,VH_framework,F,0.0
Transformer-onehot,VH_framework,F,0.0
Transformer-onehot,VH_framework,F,0.0
Transformer-onehot,VH_framework,F,0.0
Transformer-onehot,VH_framework,F,0.0
Transformer-onehot,VH_framework,F,0.0
Transformer-onehot,VH_framework,F,0.0
Transformer-onehot,VH_framework,F,0.0
Transformer-onehot,VH_framework,F,0.0
Transformer-onehot,VH_framework,F,0.0
Transformer-onehot,VH_framework,F,0.0
Transformer-onehot,VH_framework,F,0.0
Transformer-onehot,VH_framework,F,0.0
Transformer-onehot,VH_framework,F,0.0
Transformer-onehot,VH_framework,F,0.0
Transformer-onehot,VH_framework,F,0.0
Transformer-onehot,VH_framework,F,0.0
Transformer-onehot,VH_framework,F,0.0
Transformer-onehot,VH_framework,F,0.0
Transformer-onehot,VH_framework,F,0.0
Transformer-onehot,VH_framework,F,0.0
Transformer-onehot,VH_framework,F,0.0
Transformer-onehot,VH_framework,F,0.0
Transformer-onehot,VH_framework,F,0.0
Transformer-onehot,VH_framework,F,0.0
Transformer-onehot,VH_framework,F,0.0
Transformer-onehot,VH_framework,F,0.0
Transformer-onehot,VH_framework,F,0.0
Transformer-onehot,VH_framework,F,0.0
Transformer-onehot,VH_framework,F,0.0
Transformer-onehot,VH_framework,F,0.0
Transformer-onehot,VH_framework,F,0.0
Transformer-onehot,VH_framework,F,0.0
Transformer-onehot,VH_framework,F,0.0
Transformer-onehot,VH_framework,F,0.0
Transformer-onehot,VH_framework,F,0.0
Transformer-onehot,VH_framework,F,0.0
Transformer-onehot,VH_framework,F,0.0
Transformer-onehot,VH_framework,F,0.0
Transformer-onehot,VH_framework,F,0.0
Transformer-onehot,VH_framework,F,0.0
Transformer-onehot,VH_framework,F,0.0
Transformer-onehot,VH_framework,F,0.0
Transformer-onehot,VH_framework,F,0.0
Transformer-onehot,VH_framework,F,0.0
Transformer-onehot,VH_framework,F,0.0
Transformer-onehot,VH_framework,F,0.0
Transformer-onehot,VH_framework,F,0.0
Transformer-onehot,VH_framework,F,0.0
Transformer-onehot,VH_framework,F,0.0
Transformer-onehot,VH_framework,F,0.0
Transformer-onehot,VH_framework,F,0.0
Transformer-onehot,VH_framework,F,0.0
Transformer-onehot,VH_framework,F,0.0
Transformer-onehot,VH_framework,F,0.0
Transformer-onehot,VH_framework,F,0.0
Transformer-onehot,VH_framework,F,0.0
Transformer-onehot,VH_framework,F,0.0
Transformer-onehot,VH_framework,F,0.0
Transformer-onehot,VH_framework,F,0.0
Transformer-onehot,VH_framework,F,0.0
Transformer-onehot,VH_framework,F,0.0
Transformer-onehot,VH_framework,F,0.0
Transformer-onehot,VH_framework,F,0.0
Transformer-onehot,VH_framework,F,0.0
Transformer-onehot,VH_framework,F,0.0
Transformer-onehot,VH_framework,F,0.0
Transformer-onehot,VH_framework,F,0.0
Transformer-onehot,VH_framework,F,0.0
Transformer-onehot,VH_framework,F,0.0
Transformer-onehot,VH_framework,F,0.0
Transformer-onehot,VH_framework,F,0.0
Transformer-onehot,VH_framework,F,0.0
Transformer-onehot,VH_framework,F,0.0
Transformer-onehot,VH_framework,F,0.0
Transformer-onehot,VH_framework,F,0.0
Transformer-onehot,VH_framework,F,0.0
Transformer-onehot,VH_framework,F,0.0
Transformer-onehot,VH_framework,F,0.0
Transformer-onehot,VH_framework,F,0.0
Transformer-onehot,VH_framework,F,0.0
Transformer-onehot,VH_framework,F,0.0
Transformer-onehot,VH_framework,F,0.0
Transformer-onehot,VH_framework,F,0.0
Transformer-onehot,VH_framework,F,0.0
Transformer-onehot,VH_framework,F,0.0
Transformer-onehot,VH_framework,F,0.0
Transformer-onehot,VH_framework,F,0.0
Transformer-onehot,VH_framework,F,0.0
Transformer-onehot,VH_framework,F,0.0
Transformer-onehot,VH_framework,F,0.0
Transformer-onehot,VH_framework,F,0.0
Transformer-onehot,VH_framework,F,0.0
Transformer-onehot,VH_framework,F,0.0
Transformer-onehot,VH_framework,F,0.0
Transformer-onehot,VH_framework,F,0.0
Transformer-onehot,VH_framework,F,0.0
Transformer-onehot,VH_framework,F,0.0
Transformer-onehot,VH_framework,F,0.0
Transformer-onehot,VH_framework,F,0.0
Transformer-onehot,VH_framework,F,0.0
Transformer-onehot,VH_framework,F,0.0
Transformer-onehot,VH_framework,F,0.0
Transformer-onehot,VH_framework,F,0.0
Transformer-onehot,VH_framework,F,0.0
Transformer-onehot,VH_framework,F,0.0
Transformer-onehot,VH_framework,F,0.0
Transformer-onehot,VH_framework,F,0.0
Transformer-onehot,VH_framework,F,0.0
Transformer-onehot,VH_framework,F,0.0
Transformer-onehot,VH_framework,F,0.0
Transformer-onehot,VH_framework,F,0.0
Transformer-onehot,VH_framework,F,0.0
Transformer-onehot,VH_framework,F,0.0
Transformer-onehot,VH_framework,F,0.0
Transformer-onehot,VH_framework,F,0.0
Transformer-onehot,VH_framework,F,0.0
Transformer-onehot,VH_framework,F,0.0
Transformer-onehot,VH_framework,F,0.0
Transformer-onehot,VH_framework,F,0.0
Transformer-onehot,VH_framework,F,0.0
Transformer-onehot,VH_framework,F,0.0
Transformer-onehot,VH_framework,F,0.0
Transformer-onehot,VH_framework,F,0.0
Transformer-onehot,VH_framework,F,0.0
Transformer-onehot,VH_framework,F,0.0
Transformer-onehot,VH_framework,F,0.0
Transformer-onehot,VH_framework,F,0.0
Transformer-onehot,VH_framework,F,0.0
Transformer-onehot,VH_framework,F,0.0
Transformer-onehot,VH_framework,F,0.0
Transformer-onehot,VH_framework,F,0.0
Transformer-onehot,VH_framework,F,0.0
Transformer-onehot,VH_framework,F,0.0
Transformer-onehot,VH_framework,F,0.0
Transformer-onehot,VH_framework,F,0.0
Transformer-onehot,VH_framework,F,0.0
Transformer-onehot,VH_framework,F,0.0
Transformer-onehot,VH_framework,F,0.0
Transformer-onehot,VH_framework,F,0.0
Transformer-onehot,VH_framework,F,0.0
Transformer-onehot,VH_framework,F,0.0
Transformer-onehot,VH_framework,F,0.0
Transformer-onehot,VH_framework,F,0.0
Transformer-onehot,VH_framework,F,0.0
Transformer-onehot,VH_framework,F,0.0
Transformer-onehot,VH_framework,F,0.0
Transformer-onehot,VH_framework,F,0.0
Transformer-onehot,VH_framework,F,0.0
Transformer-onehot,VH_framework,F,0.0
Transformer-onehot,VH_framework,F,0.0
Transformer-onehot,VH_framework,F,0.0
Transformer-onehot,VH_framework,F,0.0
Transformer-onehot,VH_framework,F,0.0
Transformer-onehot,VH_framework,F,0.0
Transformer-onehot,VH_framework,F,0.0
Transformer-onehot,VH_framework,F,0.0
Transformer-onehot,VH_framework,F,0.0
Transformer-onehot,VH_framework,F,0.0
Transformer-onehot,VH_framework,F,0.0
Transformer-onehot,VH_framework,F,0.0
Transformer-onehot,VH_framework,F,0.0
Transformer-onehot,VH_framework,F,0.0
Transformer-onehot,VH_framework,F,0.0
Transformer-onehot,VH_framework,F,0.0
Transformer-onehot,VH_framework,F,0.0
Transformer-onehot,VH_framework,F,0.0
Transformer-onehot,VH_framework,F,0.0
Transformer-onehot,VH_framework,F,0.0
Transformer-onehot,VH_framework,F,0.0
Transformer-onehot,VH_framework,F,0.0
Transformer-onehot,VH_framework,F,0.0
Transformer-onehot,VH_framework,F,0.0
Transformer-onehot,VH_framework,F,0.0
Transformer-onehot,VH_framework,F,0.0
Transformer-onehot,VH_framework,F,0.0
Transformer-onehot,VH_framework,F,0.0
Transformer-onehot,VH_framework,F,0.0
Transformer-onehot,VH_framework,F,0.0
Transformer-onehot,VH_framework,F,0.0
Transformer-onehot,VH_framework,F,0.0
Transformer-onehot,VH_framework,F,0.0
Transformer-onehot,VH_framework,F,0.0
Transformer-onehot,VH_framework,F,0.0
Transformer-onehot,VH_framework,F,0.0
Transformer-onehot,VH_framework,F,0.0
Transformer-onehot,VH_framework,F,0.0
Transformer-onehot,VH_framework,F,0.0
Transformer-onehot,VH_framework,F,0.0
Transformer-onehot,VH_framework,F,0.0
Transformer-onehot,VH_framework,F,0.0
Transformer-onehot,VH_framework,F,0.0
Transformer-onehot,VH_framework,F,0.0
Transformer-onehot,VH_framework,F,0.0
Transformer-onehot,VH_framework,F,0.0
Transformer-onehot,VH_framework,F,0.0
Transformer-onehot,VH_framework,F,0.0
Transformer-onehot,VH_framework,F,0.0
Transformer-onehot,VH_framework,F,0.0
Transformer-onehot,VH_framework,F,0.0
Transformer-onehot,VH_framework,F,0.0
Transformer-onehot,VH_framework,F,0.0
Transformer-onehot,VH_framework,F,0.0
Transformer-onehot,VH_framework,F,0.0
Transformer-onehot,VH_framework,F,0.0
Transformer-onehot,VH_framework,F,0.0
Transformer-onehot,VH_framework,F,0.0
Transformer-onehot,VH_framework,F,0.0
Transformer-onehot,VH_framework,F,0.0
Transformer-onehot,VH_framework,F,0.0
Transformer-onehot,VH_framework,F,0.0
Transformer-onehot,VH_framework,F,0.0
Transformer-onehot,VH_framework,F,0.0
Transformer-onehot,VH_framework,F,0.0
Transformer-onehot,VH_framework,F,0.0
Transformer-onehot,VH_framework,F,0.0
Transformer-onehot,VH_framework,F,0.0
Transformer-onehot,VH_framework,F,0.0
Transformer-onehot,VH_framework,F,0.0
Transformer-onehot,VH_framework,F,0.0
Transformer-onehot,VH_framework,F,0.0
Transformer-onehot,VH_framework,F,0.0
Transformer-onehot,VH_framework,F,0.0
Transformer-onehot,VH_framework,F,0.0
Transformer-onehot,VH_framework,F,0.0
Transformer-onehot,VH_framework,F,0.0
Transformer-onehot,VH_framework,F,0.0
Transformer-onehot,VH_framework,F,0.0
Transformer-onehot,VH_framework,F,0.0
Transformer-onehot,VH_framework,F,0.0
Transformer-onehot,VH_framework,F,0.0
Transformer-onehot,VH_framework,F,0.0
Transformer-onehot,VH_framework,F,0.0
Transformer-onehot,VH_framework,F,0.0
Transformer-onehot,VH_framework,F,0.0
Transformer-onehot,VH_framework,F,0.0
Transformer-onehot,VH_framework,F,0.0
Transformer-onehot,VH_framework,F,0.0
Transformer-onehot,VH_framework,F,0.0
Transformer-onehot,VH_framework,F,0.0
Transformer-onehot,VH_framework,F,0.0
Transformer-onehot,VH_framework,F,0.0
Transformer-onehot,VH_framework,F,0.0
Transformer-onehot,VH_framework,F,0.0
Transformer-onehot,VH_framework,F,0.0
Transformer-onehot,VH_framework,F,0.0
Transformer-onehot,VH_framework,F,0.0
Transformer-onehot,VH_framework,F,0.0
Transformer-onehot,VH_framework,F,0.0
Transformer-onehot,VH_framework,F,0.0
Transformer-onehot,VH_framework,F,0.0
Transformer-onehot,VH_framework,F,0.0
Transformer-onehot,VH_framework,F,0.0
Transformer-onehot,VH_framework,F,0.0
Transformer-onehot,VH_framework,F,0.0
Transformer-onehot,VH_framework,F,0.0
Transformer-onehot,VH_framework,F,0.0
Transformer-onehot,VH_framework,F,0.0
Transformer-onehot,VH_framework,F,0.0
Transformer-onehot,VH_framework,F,0.0
Transformer-onehot,VH_framework,F,0.0
Transformer-onehot,VH_framework,F,0.0
Transformer-onehot,VH_framework,F,0.0
Transformer-onehot,VH_framework,F,0.0
Transformer-onehot,VH_framework,F,0.0
Transformer-onehot,VH_framework,F,0.0
Transformer-onehot,VH_framework,F,0.0
Transformer-onehot,VH_framework,F,0.0
Transformer-onehot,VH_framework,F,0.0
Transformer-onehot,VH_framework,F,0.0
Transformer-onehot,VH_framework,F,0.0
Transformer-onehot,VH_framework,F,0.0
Transformer-onehot,VH_framework,F,0.0
Transformer-onehot,VH_framework,F,0.0
Transformer-onehot,VH_framework,F,0.0
Transformer-onehot,VH_framework,F,0.0
Transformer-onehot,VH_framework,F,0.0
Transformer-onehot,VH_framework,F,0.0
Transformer-onehot,VH_framework,F,0.0
Transformer-onehot,VH_framework,F,0.0
Transformer-onehot,VH_framework,F,0.0
Transformer-onehot,VH_framework,F,0.0
Transformer-onehot,VH_framework,F,0.0
Transformer-onehot,VH_framework,F,0.0
Transformer-onehot,VH_framework,F,0.0
Transformer-onehot,VH_framework,F,0.0
Transformer-onehot,VH_framework,F,0.0
Transformer-onehot,VH_framework,F,0.0
Transformer-onehot,VH_framework,F,0.0
Transformer-onehot,VH_framework,F,0.0
Transformer-onehot,VH_framework,F,0.0
Transformer-onehot,VH_framework,F,0.0
Transformer-onehot,VH_framework,F,0.0
Transformer-onehot,VH_framework,F,0.0
Transformer-onehot,VH_framework,F,0.0
Transformer-onehot,VH_framework,F,0.0
Transformer-onehot,VH_framework,F,0.0
Transformer-onehot,VH_framework,F,0.0
Transformer-onehot,VH_framework,F,0.0
Transformer-onehot,VH_framework,F,0.0
Transformer-onehot,VH_framework,F,0.0
Transformer-onehot,VH_framework,F,0.0
Transformer-onehot,VH_framework,F,0.0
Transformer-onehot,VH_framework,F,0.0
Transformer-onehot,VH_framework,F,0.0
Transformer-onehot,VH_framework,F,0.0
Transformer-onehot,VH_framework,F,0.0
Transformer-onehot,VH_framework,F,0.0
Transformer-onehot,VH_framework,F,0.0
Transformer-onehot,VH_framework,F,0.0
Transformer-onehot,VH_framework,F,0.0
Transformer-onehot,VH_framework,F,0.0
Transformer-onehot,VH_framework,F,0.0
Transformer-onehot,VH_framework,G,-0.0085267862305045
Transformer-onehot,VH_framework,G,-0.0167365465313196
Transformer-onehot,VH_framework,G,-0.0082106795161962
Transformer-onehot,VH_framework,G,-0.0085178157314658
Transformer-onehot,VH_framework,G,-0.0084294993430376
Transformer-onehot,VH_framework,G,-0.015021052211523
Transformer-onehot,VH_framework,G,-0.0080243721604347
Transformer-onehot,VH_framework,G,-0.0080390283837914
Transformer-onehot,VH_framework,G,-0.0083243949338793
Transformer-onehot,VH_framework,G,-0.0108103733509778
Transformer-onehot,VH_framework,G,-0.0083643617108464
Transformer-onehot,VH_framework,G,-0.0101047093048691
Transformer-onehot,VH_framework,G,-0.0080444468185305
Transformer-onehot,VH_framework,G,-0.0087273530662059
Transformer-onehot,VH_framework,G,-0.0091160237789154
Transformer-onehot,VH_framework,G,-0.0090601099655032
Transformer-onehot,VH_framework,G,-0.0084033012390136
Transformer-onehot,VH_framework,G,-0.008388458751142
Transformer-onehot,VH_framework,G,-0.0081017641350626
Transformer-onehot,VH_framework,G,-0.0104688890278339
Transformer-onehot,VH_framework,G,-0.0082980506122112
Transformer-onehot,VH_framework,G,-0.0161227062344551
Transformer-onehot,VH_framework,G,-0.0082002226263284
Transformer-onehot,VH_framework,G,-0.0110763367265462
Transformer-onehot,VH_framework,G,-0.0086710453033447
Transformer-onehot,VH_framework,G,-0.0078081148676574
Transformer-onehot,VH_framework,G,-0.0087836654856801
Transformer-onehot,VH_framework,G,-0.014661424793303
Transformer-onehot,VH_framework,G,-0.0096229240298271
Transformer-onehot,VH_framework,G,-0.0079709561541676
Transformer-onehot,VH_framework,G,-0.0084480615332722
Transformer-onehot,VH_framework,G,-0.0104800714179873
Transformer-onehot,VH_framework,G,-0.0175199210643768
Transformer-onehot,VH_framework,G,-0.0148174203932285
Transformer-onehot,VH_framework,G,-0.0075078145600855
Transformer-onehot,VH_framework,G,-0.0159272197633981
Transformer-onehot,VH_framework,G,-0.0174640174955129
Transformer-onehot,VH_framework,G,-0.0090686026960611
Transformer-onehot,VH_framework,G,-0.0081454496830701
Transformer-onehot,VH_framework,G,-0.0102208638563752
Transformer-onehot,VH_framework,G,-0.0099579244852066
Transformer-onehot,VH_framework,G,-0.0104533769190311
Transformer-onehot,VH_framework,G,-0.0087012397125363
Transformer-onehot,VH_framework,G,-0.0084467232227325
Transformer-onehot,VH_framework,G,-0.014698770828545
Transformer-onehot,VH_framework,G,-0.0136802094057202
Transformer-onehot,VH_framework,G,-0.0118956444784998
Transformer-onehot,VH_framework,G,-0.0080256713554263
Transformer-onehot,VH_framework,G,-0.0077898525632917
Transformer-onehot,VH_framework,G,-0.0076865721493959
Transformer-onehot,VH_framework,G,-0.0084290634840726
Transformer-onehot,VH_framework,G,-0.0104853017255663
Transformer-onehot,VH_framework,G,-0.0078985569998621
Transformer-onehot,VH_framework,G,-0.0080468151718378
Transformer-onehot,VH_framework,G,-0.0085791526362299
Transformer-onehot,VH_framework,G,-0.0155718233436346
Transformer-onehot,VH_framework,G,-0.0170578248798847
Transformer-onehot,VH_framework,G,-0.0075254566036164
Transformer-onehot,VH_framework,G,-0.0161139536648988
Transformer-onehot,VH_framework,G,-0.0144638968631625
Transformer-onehot,VH_framework,G,-0.0120032103732228
Transformer-onehot,VH_framework,G,-0.0086332745850086
Transformer-onehot,VH_framework,G,-0.0075860791839659
Transformer-onehot,VH_framework,G,-0.0175196453928947
Transformer-onehot,VH_framework,G,-0.0086612123996019
Transformer-onehot,VH_framework,G,-0.0173670686781406
Transformer-onehot,VH_framework,G,-0.0095731625333428
Transformer-onehot,VH_framework,G,-0.010212535969913
Transformer-onehot,VH_framework,G,-0.0095411008223891
Transformer-onehot,VH_framework,G,-0.0177755765616893
Transformer-onehot,VH_framework,G,-0.0096408501267433
Transformer-onehot,VH_framework,G,-0.0087685789912939
Transformer-onehot,VH_framework,G,-0.0085713779553771
Transformer-onehot,VH_framework,G,-0.0082024810835719
Transformer-onehot,VH_framework,G,-0.0158121734857559
Transformer-onehot,VH_framework,G,-0.0165996998548507
Transformer-onehot,VH_framework,G,-0.0172092225402593
Transformer-onehot,VH_framework,G,-0.0078687323257327
Transformer-onehot,VH_framework,G,-0.008801044896245
Transformer-onehot,VH_framework,G,-0.0086649553850293
Transformer-onehot,VH_framework,G,-0.0158006940037012
Transformer-onehot,VH_framework,G,-0.0078388564288616
Transformer-onehot,VH_framework,G,-0.0077257645316421
Transformer-onehot,VH_framework,G,-0.0094905924052
Transformer-onehot,VH_framework,G,-0.0089243752881884
Transformer-onehot,VH_framework,G,-0.0106154158711433
Transformer-onehot,VH_framework,G,-0.0107476543635129
Transformer-onehot,VH_framework,G,-0.0133084487169981
Transformer-onehot,VH_framework,G,-0.0083522405475378
Transformer-onehot,VH_framework,G,-0.0089485505595803
Transformer-onehot,VH_framework,G,-0.0122468499466776
Transformer-onehot,VH_framework,G,-0.0076236613094806
Transformer-onehot,VH_framework,G,-0.0084599340334534
Transformer-onehot,VH_framework,G,-0.00872812140733
Transformer-onehot,VH_framework,G,-0.0088346470147371
Transformer-onehot,VH_framework,G,-0.0094987582415342
Transformer-onehot,VH_framework,G,-0.0099251829087734
Transformer-onehot,VH_framework,G,-0.0094475382938981
Transformer-onehot,VH_framework,G,-0.0113858319818973
Transformer-onehot,VH_framework,G,-0.0081626214087009
Transformer-onehot,VH_framework,G,-0.0085426997393369
Transformer-onehot,VH_framework,G,-0.0086492327973246
Transformer-onehot,VH_framework,G,-0.0082770837470889
Transformer-onehot,VH_framework,G,-0.0103113465011119
Transformer-onehot,VH_framework,G,-0.0108657460659742
Transformer-onehot,VH_framework,G,-0.0090695060789585
Transformer-onehot,VH_framework,G,-0.0153423538431525
Transformer-onehot,VH_framework,G,-0.0131803089752793
Transformer-onehot,VH_framework,G,-0.0150566529482603
Transformer-onehot,VH_framework,G,-0.0081549892202019
Transformer-onehot,VH_framework,G,-0.0086348783224821
Transformer-onehot,VH_framework,G,-0.0082297138869762
Transformer-onehot,VH_framework,G,-0.0150990989059209
Transformer-onehot,VH_framework,G,-0.0177649017423391
Transformer-onehot,VH_framework,G,-0.0099735474213957
Transformer-onehot,VH_framework,G,-0.0078437337651848
Transformer-onehot,VH_framework,G,-0.0087395766749978
Transformer-onehot,VH_framework,G,-0.0150671666488051
Transformer-onehot,VH_framework,G,-0.0083660800009965
Transformer-onehot,VH_framework,G,-0.0079702828079462
Transformer-onehot,VH_framework,G,-0.0085027404129505
Transformer-onehot,VH_framework,G,-0.0167036857455968
Transformer-onehot,VH_framework,G,-0.0083316257223486
Transformer-onehot,VH_framework,G,-0.0079233022406697
Transformer-onehot,VH_framework,G,-0.0109345959499478
Transformer-onehot,VH_framework,G,-0.0141410194337368
Transformer-onehot,VH_framework,G,-0.0082862116396427
Transformer-onehot,VH_framework,G,-0.0090932128950953
Transformer-onehot,VH_framework,G,-0.013058653101325
Transformer-onehot,VH_framework,G,-0.0081389946863055
Transformer-onehot,VH_framework,G,-0.0081470124423503
Transformer-onehot,VH_framework,G,-0.007535224314779
Transformer-onehot,VH_framework,G,-0.0096885543316602
Transformer-onehot,VH_framework,G,-0.0077166729606688
Transformer-onehot,VH_framework,G,-0.0091168973594903
Transformer-onehot,VH_framework,G,-0.0174668580293655
Transformer-onehot,VH_framework,G,-0.0104794455692172
Transformer-onehot,VH_framework,G,-0.0124798128381371
Transformer-onehot,VH_framework,G,-0.0172690339386463
Transformer-onehot,VH_framework,G,-0.0080592362210154
Transformer-onehot,VH_framework,G,-0.0079639246687293
Transformer-onehot,VH_framework,G,-0.0083675757050514
Transformer-onehot,VH_framework,G,-0.0106904441490769
Transformer-onehot,VH_framework,G,-0.0081754717975854
Transformer-onehot,VH_framework,G,-0.0081931697204709
Transformer-onehot,VH_framework,G,-0.0095246993005275
Transformer-onehot,VH_framework,G,-0.0157843846827745
Transformer-onehot,VH_framework,G,-0.0105970865115523
Transformer-onehot,VH_framework,G,-0.0095293018966913
Transformer-onehot,VH_framework,G,-0.0095942942425608
Transformer-onehot,VH_framework,G,-0.0082401316612958
Transformer-onehot,VH_framework,G,-0.0084351804107427
Transformer-onehot,VH_framework,G,-0.0088156899437308
Transformer-onehot,VH_framework,G,-0.0156949907541275
Transformer-onehot,VH_framework,G,-0.0136588923633098
Transformer-onehot,VH_framework,G,-0.011361208744347
Transformer-onehot,VH_framework,G,-0.0087176142260432
Transformer-onehot,VH_framework,G,-0.0084296772256493
Transformer-onehot,VH_framework,G,-0.0089129637926816
Transformer-onehot,VH_framework,G,-0.0098440647125244
Transformer-onehot,VH_framework,G,-0.0083046862855553
Transformer-onehot,VH_framework,G,-0.008770034648478
Transformer-onehot,VH_framework,G,-0.0165905654430389
Transformer-onehot,VH_framework,G,-0.0082380920648574
Transformer-onehot,VH_framework,G,-0.0085191577672958
Transformer-onehot,VH_framework,G,-0.0155966049060225
Transformer-onehot,VH_framework,G,-0.0089178644120693
Transformer-onehot,VH_framework,G,-0.0079256407916545
Transformer-onehot,VH_framework,G,-0.0087042516097426
Transformer-onehot,VH_framework,G,-0.0096354214474558
Transformer-onehot,VH_framework,G,-0.0086542209610342
Transformer-onehot,VH_framework,G,-0.0091146677732467
Transformer-onehot,VH_framework,G,-0.0078862318769097
Transformer-onehot,VH_framework,G,-0.0090571446344256
Transformer-onehot,VH_framework,G,-0.0083200586959719
Transformer-onehot,VH_framework,G,-0.0080533949658274
Transformer-onehot,VH_framework,G,-0.0082761859521269
Transformer-onehot,VH_framework,G,-0.007678014691919
Transformer-onehot,VH_framework,G,-0.0084383934736251
Transformer-onehot,VH_framework,G,-0.0160898901522159
Transformer-onehot,VH_framework,G,-0.0081348894163966
Transformer-onehot,VH_framework,G,-0.0091114314272999
Transformer-onehot,VH_framework,G,-0.0155218672007322
Transformer-onehot,VH_framework,G,-0.0122364098206162
Transformer-onehot,VH_framework,G,-0.0089711202308535
Transformer-onehot,VH_framework,G,-0.0082125067710876
Transformer-onehot,VH_framework,G,-0.0149789778515696
Transformer-onehot,VH_framework,G,-0.0082170078530907
Transformer-onehot,VH_framework,G,-0.0120639139786362
Transformer-onehot,VH_framework,G,-0.0168234407901763
Transformer-onehot,VH_framework,G,-0.0163794085383415
Transformer-onehot,VH_framework,G,-0.0108576156198978
Transformer-onehot,VH_framework,G,-0.0159529596567153
Transformer-onehot,VH_framework,G,-0.008735011331737
Transformer-onehot,VH_framework,G,-0.0110592069104313
Transformer-onehot,VH_framework,G,-0.0093273678794503
Transformer-onehot,VH_framework,G,-0.0085130333900451
Transformer-onehot,VH_framework,G,-0.0080460160970687
Transformer-onehot,VH_framework,G,-0.0088063366711139
Transformer-onehot,VH_framework,G,-0.0129338037222623
Transformer-onehot,VH_framework,G,-0.0099783781915903
Transformer-onehot,VH_framework,G,-0.0167791601270437
Transformer-onehot,VH_framework,G,-0.0128796231001615
Transformer-onehot,VH_framework,G,-0.0090895649045705
Transformer-onehot,VH_framework,G,-0.008137141354382
Transformer-onehot,VH_framework,G,-0.0127292489632964
Transformer-onehot,VH_framework,G,-0.008469863794744
Transformer-onehot,VH_framework,G,-0.0078867841511964
Transformer-onehot,VH_framework,G,-0.0086804497987031
Transformer-onehot,VH_framework,G,-0.0155381774529814
Transformer-onehot,VH_framework,G,-0.0165502429008483
Transformer-onehot,VH_framework,G,-0.0155459623783826
Transformer-onehot,VH_framework,G,-0.01417045481503
Transformer-onehot,VH_framework,G,-0.0079892296344041
Transformer-onehot,VH_framework,G,-0.0160559825599193
Transformer-onehot,VH_framework,G,-0.0170383714139461
Transformer-onehot,VH_framework,G,-0.014689247123897
Transformer-onehot,VH_framework,G,-0.0082740457728505
Transformer-onehot,VH_framework,G,-0.0077137476764619
Transformer-onehot,VH_framework,G,-0.0125735905021429
Transformer-onehot,VH_framework,G,-0.0082178926095366
Transformer-onehot,VH_framework,G,-0.0085856923833489
Transformer-onehot,VH_framework,G,-0.0083971247076988
Transformer-onehot,VH_framework,G,-0.0123207662254571
Transformer-onehot,VH_framework,G,-0.0104232905432581
Transformer-onehot,VH_framework,G,-0.015118827112019
Transformer-onehot,VH_framework,G,-0.0081717018038034
Transformer-onehot,VH_framework,G,-0.0090140728279948
Transformer-onehot,VH_framework,G,-0.0097240768373012
Transformer-onehot,VH_framework,G,-0.0118468077853322
Transformer-onehot,VH_framework,G,-0.0090755876153707
Transformer-onehot,VH_framework,G,-0.0152157824486494
Transformer-onehot,VH_framework,G,-0.0078630074858665
Transformer-onehot,VH_framework,G,-0.0160282384604215
Transformer-onehot,VH_framework,G,-0.0108524244278669
Transformer-onehot,VH_framework,G,-0.008714023977518
Transformer-onehot,VH_framework,G,-0.0093907034024596
Transformer-onehot,VH_framework,G,-0.0087838107720017
Transformer-onehot,VH_framework,G,-0.0083579504862427
Transformer-onehot,VH_framework,G,-0.0086871534585952
Transformer-onehot,VH_framework,G,-0.0136274024844169
Transformer-onehot,VH_framework,G,-0.0083577474579215
Transformer-onehot,VH_framework,G,-0.0083442144095897
Transformer-onehot,VH_framework,G,-0.0089892903342843
Transformer-onehot,VH_framework,G,-0.0078773694112896
Transformer-onehot,VH_framework,G,-0.0097388690337538
Transformer-onehot,VH_framework,G,-0.0085147749632596
Transformer-onehot,VH_framework,G,-0.0168427936732769
Transformer-onehot,VH_framework,G,-0.0173159074038267
Transformer-onehot,VH_framework,G,-0.0084132421761751
Transformer-onehot,VH_framework,G,-0.0156576186418533
Transformer-onehot,VH_framework,G,-0.0143724493682384
Transformer-onehot,VH_framework,G,-0.0165962073951959
Transformer-onehot,VH_framework,G,-0.0144631192088127
Transformer-onehot,VH_framework,G,-0.016341745853424
Transformer-onehot,VH_framework,G,-0.0149813927710056
Transformer-onehot,VH_framework,G,-0.0161082353442907
Transformer-onehot,VH_framework,G,-0.0149491019546985
Transformer-onehot,VH_framework,G,-0.0146866161376237
Transformer-onehot,VH_framework,G,-0.0156470760703086
Transformer-onehot,VH_framework,G,-0.0152621213346719
Transformer-onehot,VH_framework,G,-0.0160966850817203
Transformer-onehot,VH_framework,G,-0.0171194039285182
Transformer-onehot,VH_framework,G,-0.0149255925789475
Transformer-onehot,VH_framework,G,-0.0157908853143453
Transformer-onehot,VH_framework,G,-0.0147229107096791
Transformer-onehot,VH_framework,G,-0.0157536808401346
Transformer-onehot,VH_framework,G,-0.0151218315586447
Transformer-onehot,VH_framework,G,-0.0145508889108896
Transformer-onehot,VH_framework,G,-0.0149130998179316
Transformer-onehot,VH_framework,G,-0.0145280789583921
Transformer-onehot,VH_framework,G,-0.0154789257794618
Transformer-onehot,VH_framework,G,-0.0142920827493071
Transformer-onehot,VH_framework,G,-0.0159748289734125
Transformer-onehot,VH_framework,G,-0.0169967636466026
Transformer-onehot,VH_framework,G,-0.0145586188882589
Transformer-onehot,VH_framework,G,-0.014211468398571
Transformer-onehot,VH_framework,G,-0.0147841516882181
Transformer-onehot,VH_framework,G,-0.0153199285268783
Transformer-onehot,VH_framework,G,-0.0144814569503068
Transformer-onehot,VH_framework,G,-0.0163560211658477
Transformer-onehot,VH_framework,G,-0.0176143068820238
Transformer-onehot,VH_framework,G,-0.0175682660192251
Transformer-onehot,VH_framework,G,-0.0153516307473182
Transformer-onehot,VH_framework,G,-0.0167366527020931
Transformer-onehot,VH_framework,G,-0.0160085503011941
Transformer-onehot,VH_framework,G,-0.0169280935078859
Transformer-onehot,VH_framework,G,-0.0145437680184841
Transformer-onehot,VH_framework,G,-0.0166307557374238
Transformer-onehot,VH_framework,G,-0.016120845451951
Transformer-onehot,VH_framework,G,-0.0148344840854406
Transformer-onehot,VH_framework,G,-0.0154900681227445
Transformer-onehot,VH_framework,G,-0.0151453958824276
Transformer-onehot,VH_framework,G,-0.0166036244481802
Transformer-onehot,VH_framework,G,-0.016279187053442
Transformer-onehot,VH_framework,G,-0.0149775333702564
Transformer-onehot,VH_framework,G,-0.0162077154964208
Transformer-onehot,VH_framework,G,-0.0167777687311172
Transformer-onehot,VH_framework,G,-0.0156013071537017
Transformer-onehot,VH_framework,G,-0.0145624736323952
Transformer-onehot,VH_framework,G,-0.0144604993984103
Transformer-onehot,VH_framework,G,-0.0158894602209329
Transformer-onehot,VH_framework,G,-0.0165673699229955
Transformer-onehot,VH_framework,G,-0.0149214202538132
Transformer-onehot,VH_framework,G,-0.0173475891351699
Transformer-onehot,VH_framework,G,-0.0174202732741832
Transformer-onehot,VH_framework,G,-0.0152983060106635
Transformer-onehot,VH_framework,G,-0.0174894146621227
Transformer-onehot,VH_framework,G,-0.016012804582715
Transformer-onehot,VH_framework,G,-0.0161513686180114
Transformer-onehot,VH_framework,G,-0.0158238243311643
Transformer-onehot,VH_framework,G,-0.0144455265253782
Transformer-onehot,VH_framework,G,-0.0162029769271612
Transformer-onehot,VH_framework,G,-0.0145812025293707
Transformer-onehot,VH_framework,G,-0.0152680128812789
Transformer-onehot,VH_framework,G,-0.0161544755101203
Transformer-onehot,VH_framework,G,-0.0166708808392286
Transformer-onehot,VH_framework,G,-0.0146497841924428
Transformer-onehot,VH_framework,G,-0.0144717404618859
Transformer-onehot,VH_framework,G,-0.0158487241715192
Transformer-onehot,VH_framework,G,-0.0163736641407012
Transformer-onehot,VH_framework,G,-0.0146048059687018
Transformer-onehot,VH_framework,G,-0.0154403839260339
Transformer-onehot,VH_framework,G,-0.0148865049704909
Transformer-onehot,VH_framework,G,-0.0157596431672573
Transformer-onehot,VH_framework,G,-0.0158913061022758
Transformer-onehot,VH_framework,G,-0.0149552812799811
Transformer-onehot,VH_framework,G,-0.0142228985205292
Transformer-onehot,VH_framework,G,-0.015255257487297
Transformer-onehot,VH_framework,G,-0.0162013098597526
Transformer-onehot,VH_framework,G,-0.0158608630299568
Transformer-onehot,VH_framework,G,-0.016426159068942
Transformer-onehot,VH_framework,G,-0.0143946465104818
Transformer-onehot,VH_framework,G,-0.0151889789849519
Transformer-onehot,VH_framework,G,-0.0175133235752582
Transformer-onehot,VH_framework,G,-0.016446515917778
Transformer-onehot,VH_framework,G,-0.0147220119833946
Transformer-onehot,VH_framework,G,-0.0158162917941808
Transformer-onehot,VH_framework,G,-0.0147242303937673
Transformer-onehot,VH_framework,G,-0.01436423137784
Transformer-onehot,VH_framework,G,-0.0159679688513278
Transformer-onehot,VH_framework,G,-0.0145080806687474
Transformer-onehot,VH_framework,G,-0.0147657580673694
Transformer-onehot,VH_framework,G,-0.0146907987073063
Transformer-onehot,VH_framework,G,-0.0159182026982307
Transformer-onehot,VH_framework,G,-0.0169266834855079
Transformer-onehot,VH_framework,G,-0.0147925671190023
Transformer-onehot,VH_framework,G,-0.014328864403069
Transformer-onehot,VH_framework,G,-0.0157283544540405
Transformer-onehot,VH_framework,G,-0.0158797279000282
Transformer-onehot,VH_framework,G,-0.0149943074211478
Transformer-onehot,VH_framework,G,-0.0148651553317904
Transformer-onehot,VH_framework,G,-0.0158099383115768
Transformer-onehot,VH_framework,G,-0.0149731561541557
Transformer-onehot,VH_framework,G,-0.015131875872612
Transformer-onehot,VH_framework,G,-0.015773706138134
Transformer-onehot,VH_framework,G,-0.0149519201368093
Transformer-onehot,VH_framework,G,-0.0158952064812183
Transformer-onehot,VH_framework,G,-0.0142627870664
Transformer-onehot,VH_framework,G,-0.0144105777144432
Transformer-onehot,VH_framework,G,-0.0148768927901983
Transformer-onehot,VH_framework,G,-0.0152245517820119
Transformer-onehot,VH_framework,G,-0.0155503405258059
Transformer-onehot,VH_framework,G,-0.0154185174033045
Transformer-onehot,VH_framework,G,-0.014688292518258
Transformer-onehot,VH_framework,G,-0.0155256958678364
Transformer-onehot,VH_framework,G,-0.0157421100884675
Transformer-onehot,VH_framework,G,-0.01493726298213
Transformer-onehot,VH_framework,G,-0.0142832091078162
Transformer-onehot,VH_framework,G,-0.0168079175055027
Transformer-onehot,VH_framework,G,-0.014815205708146
Transformer-onehot,VH_framework,G,-0.0147174037992954
Transformer-onehot,VH_framework,G,-0.0156151829287409
Transformer-onehot,VH_framework,G,-0.0152817564085125
Transformer-onehot,VH_framework,G,-0.0151299769058823
Transformer-onehot,VH_framework,G,-0.0156271792948246
Transformer-onehot,VH_framework,G,-0.0148276221007108
Transformer-onehot,VH_framework,G,-0.0169273540377616
Transformer-onehot,VH_framework,G,-0.0164774823933839
Transformer-onehot,VH_framework,G,-0.0151921948418021
Transformer-onehot,VH_framework,G,-0.0150902736932039
Transformer-onehot,VH_framework,G,-0.0156549382954835
Transformer-onehot,VH_framework,G,-0.0165182128548622
Transformer-onehot,VH_framework,G,-0.0149985626339912
Transformer-onehot,VH_framework,G,-0.0170195717364549
Transformer-onehot,VH_framework,G,-0.0170752052217721
Transformer-onehot,VH_framework,G,-0.0146282101050019
Transformer-onehot,VH_framework,G,-0.0148555086925625
Transformer-onehot,VH_framework,G,-0.0157059878110885
Transformer-onehot,VH_framework,G,-0.0145699540153145
Transformer-onehot,VH_framework,G,-0.0152830304577946
Transformer-onehot,VH_framework,G,-0.0145724667236208
Transformer-onehot,VH_framework,G,-0.0171349793672561
Transformer-onehot,VH_framework,G,-0.0165718514472246
Transformer-onehot,VH_framework,G,-0.0161709450185298
Transformer-onehot,VH_framework,G,-0.0154221411794424
Transformer-onehot,VH_framework,G,-0.0158713515847921
Transformer-onehot,VH_framework,G,-0.0153614450246095
Transformer-onehot,VH_framework,G,-0.0161399897187948
Transformer-onehot,VH_framework,G,-0.0159062109887599
Transformer-onehot,VH_framework,G,-0.0173274669796228
Transformer-onehot,VH_framework,G,-0.0151835205033421
Transformer-onehot,VH_framework,G,-0.0146108213812112
Transformer-onehot,VH_framework,G,-0.0162210613489151
Transformer-onehot,VH_framework,G,-0.0158014167100191
Transformer-onehot,VH_framework,G,-0.0153481857851147
Transformer-onehot,VH_framework,G,-0.0158317666500806
Transformer-onehot,VH_framework,G,-0.017094699665904
Transformer-onehot,VH_framework,G,-0.0164863131940364
Transformer-onehot,VH_framework,G,-0.0145510602742433
Transformer-onehot,VH_framework,G,-0.0164983421564102
Transformer-onehot,VH_framework,G,-0.0163256060332059
Transformer-onehot,VH_framework,G,-0.0174294505268335
Transformer-onehot,VH_framework,G,-0.0149974301457405
Transformer-onehot,VH_framework,G,-0.016172781586647
Transformer-onehot,VH_framework,G,-0.0150012420490384
Transformer-onehot,VH_framework,G,-0.0161927342414855
Transformer-onehot,VH_framework,G,-0.0165349170565605
Transformer-onehot,VH_framework,G,-0.0146739417687058
Transformer-onehot,VH_framework,G,-0.0158649832010269
Transformer-onehot,VH_framework,G,-0.0151098733767867
Transformer-onehot,VH_framework,G,-0.0162891112267971
Transformer-onehot,VH_framework,G,-0.0159917753189802
Transformer-onehot,VH_framework,G,-0.0146984681487083
Transformer-onehot,VH_framework,G,-0.0169178992509841
Transformer-onehot,VH_framework,G,-0.0152640910819172
Transformer-onehot,VH_framework,G,-0.0149821238592267
Transformer-onehot,VH_framework,G,-0.0151635594666004
Transformer-onehot,VH_framework,G,-0.0172798354178667
Transformer-onehot,VH_framework,G,-0.0163054466247558
Transformer-onehot,VH_framework,G,-0.0144785996526479
Transformer-onehot,VH_framework,G,-0.0164206624031066
Transformer-onehot,VH_framework,G,-0.0170320700854063
Transformer-onehot,VH_framework,G,-0.0162534248083829
Transformer-onehot,VH_framework,G,-0.0150151858106255
Transformer-onehot,VH_framework,G,-0.016200054436922
Transformer-onehot,VH_framework,G,-0.0145608419552445
Transformer-onehot,VH_framework,G,-0.016175489872694
Transformer-onehot,VH_framework,G,-0.0170968826860189
Transformer-onehot,VH_framework,G,-0.0168442223221063
Transformer-onehot,VH_framework,G,-0.0165868569165468
Transformer-onehot,VH_framework,G,-0.0148945599794387
Transformer-onehot,VH_framework,G,-0.0157400947064161
Transformer-onehot,VH_framework,G,-0.0170206446200609
Transformer-onehot,VH_framework,G,-0.015546403825283
Transformer-onehot,VH_framework,G,-0.015336069278419
Transformer-onehot,VH_framework,G,-0.016517611220479
Transformer-onehot,VH_framework,G,-0.0152018936350941
Transformer-onehot,VH_framework,G,-0.0168934222310781
Transformer-onehot,VH_framework,G,-0.0153449103236198
Transformer-onehot,VH_framework,G,-0.0155887827277183
Transformer-onehot,VH_framework,G,-0.0150962295010685
Transformer-onehot,VH_framework,G,-0.0146741354838013
Transformer-onehot,VH_framework,G,-0.0152518078684806
Transformer-onehot,VH_framework,G,-0.0161766279488801
Transformer-onehot,VH_framework,G,-0.0158055182546377
Transformer-onehot,VH_framework,G,-0.0165570471435785
Transformer-onehot,VH_framework,G,-0.0152557184919714
Transformer-onehot,VH_framework,G,-0.0147738838568329
Transformer-onehot,VH_framework,G,-0.0158759988844394
Transformer-onehot,VH_framework,G,-0.0148704014718532
Transformer-onehot,VH_framework,G,-0.0164945349097251
Transformer-onehot,VH_framework,G,-0.0164378676563501
Transformer-onehot,VH_framework,G,-0.0145889641717076
Transformer-onehot,VH_framework,G,-0.0163226332515478
Transformer-onehot,VH_framework,G,-0.0161479506641626
Transformer-onehot,VH_framework,G,-0.0173689201474189
Transformer-onehot,VH_framework,G,-0.0164197813719511
Transformer-onehot,VH_framework,G,-0.0165910385549068
Transformer-onehot,VH_framework,G,-0.0164019055664539
Transformer-onehot,VH_framework,G,-0.0154765835031867
Transformer-onehot,VH_framework,G,-0.0168143138289451
Transformer-onehot,VH_framework,G,-0.016997480764985
Transformer-onehot,VH_framework,G,-0.0154697801917791
Transformer-onehot,VH_framework,G,-0.0152816139161586
Transformer-onehot,VH_framework,G,-0.0153866987675428
Transformer-onehot,VH_framework,G,-0.0148799866437911
Transformer-onehot,VH_framework,G,-0.0167474187910556
Transformer-onehot,VH_framework,G,-0.0158413611352443
Transformer-onehot,VH_framework,G,-0.0164394751191139
Transformer-onehot,VH_framework,G,-0.0155939571559429
Transformer-onehot,VH_framework,G,-0.0160830896347761
Transformer-onehot,VH_framework,G,-0.014695013873279
Transformer-onehot,VH_framework,G,-0.0146732665598392
Transformer-onehot,VH_framework,G,-0.0164241045713424
Transformer-onehot,VH_framework,G,-0.0158495418727397
Transformer-onehot,VH_framework,G,-0.0156707298010587
Transformer-onehot,VH_framework,G,-0.0160816349089145
Transformer-onehot,VH_framework,G,-0.0143115641549229
Transformer-onehot,VH_framework,G,-0.0149803655222058
Transformer-onehot,VH_framework,G,-0.014724925160408
Transformer-onehot,VH_framework,G,-0.0145143046975135
Transformer-onehot,VH_framework,G,-0.0161246638745069
Transformer-onehot,VH_framework,G,-0.0148375732824206
Transformer-onehot,VH_framework,G,-0.0163356848061084
Transformer-onehot,VH_framework,G,-0.0142822172492742
Transformer-onehot,VH_framework,G,-0.0145714115351438
Transformer-onehot,VH_framework,G,-0.015125447884202
Transformer-onehot,VH_framework,G,-0.0151089802384376
Transformer-onehot,VH_framework,G,-0.0147364987060427
Transformer-onehot,VH_framework,H,0.0
Transformer-onehot,VH_framework,H,0.0
Transformer-onehot,VH_framework,H,0.0
Transformer-onehot,VH_framework,H,0.0
Transformer-onehot,VH_framework,H,0.0
Transformer-onehot,VH_framework,H,0.0
Transformer-onehot,VH_framework,H,0.0
Transformer-onehot,VH_framework,H,0.0
Transformer-onehot,VH_framework,H,0.0
Transformer-onehot,VH_framework,H,0.0
Transformer-onehot,VH_framework,H,0.0
Transformer-onehot,VH_framework,H,0.0
Transformer-onehot,VH_framework,H,0.0
Transformer-onehot,VH_framework,H,0.0
Transformer-onehot,VH_framework,H,0.0
Transformer-onehot,VH_framework,H,0.0
Transformer-onehot,VH_framework,H,0.0
Transformer-onehot,VH_framework,H,0.0
Transformer-onehot,VH_framework,H,0.0
Transformer-onehot,VH_framework,H,0.0
Transformer-onehot,VH_framework,H,0.0
Transformer-onehot,VH_framework,H,0.0
Transformer-onehot,VH_framework,H,0.0
Transformer-onehot,VH_framework,H,0.0
Transformer-onehot,VH_framework,H,0.0
Transformer-onehot,VH_framework,H,0.0
Transformer-onehot,VH_framework,H,0.0
Transformer-onehot,VH_framework,H,0.0
Transformer-onehot,VH_framework,H,0.0
Transformer-onehot,VH_framework,H,0.0
Transformer-onehot,VH_framework,H,0.0
Transformer-onehot,VH_framework,H,0.0
Transformer-onehot,VH_framework,H,0.0
Transformer-onehot,VH_framework,H,0.0
Transformer-onehot,VH_framework,H,0.0
Transformer-onehot,VH_framework,H,0.0
Transformer-onehot,VH_framework,H,0.0
Transformer-onehot,VH_framework,H,0.0
Transformer-onehot,VH_framework,H,0.0
Transformer-onehot,VH_framework,H,0.0
Transformer-onehot,VH_framework,H,0.0
Transformer-onehot,VH_framework,H,0.0
Transformer-onehot,VH_framework,H,0.0
Transformer-onehot,VH_framework,H,0.0
Transformer-onehot,VH_framework,H,0.0
Transformer-onehot,VH_framework,H,0.0
Transformer-onehot,VH_framework,H,0.0
Transformer-onehot,VH_framework,H,0.0
Transformer-onehot,VH_framework,H,0.0
Transformer-onehot,VH_framework,H,0.0
Transformer-onehot,VH_framework,H,0.0
Transformer-onehot,VH_framework,H,0.0
Transformer-onehot,VH_framework,H,0.0
Transformer-onehot,VH_framework,H,0.0
Transformer-onehot,VH_framework,H,0.0
Transformer-onehot,VH_framework,H,0.0
Transformer-onehot,VH_framework,H,0.0
Transformer-onehot,VH_framework,H,0.0
Transformer-onehot,VH_framework,H,0.0
Transformer-onehot,VH_framework,H,0.0
Transformer-onehot,VH_framework,H,0.0
Transformer-onehot,VH_framework,H,0.0
Transformer-onehot,VH_framework,H,0.0
Transformer-onehot,VH_framework,H,0.0
Transformer-onehot,VH_framework,H,0.0
Transformer-onehot,VH_framework,H,0.0
Transformer-onehot,VH_framework,H,0.0
Transformer-onehot,VH_framework,H,0.0
Transformer-onehot,VH_framework,H,0.0
Transformer-onehot,VH_framework,H,0.0
Transformer-onehot,VH_framework,H,0.0
Transformer-onehot,VH_framework,H,0.0
Transformer-onehot,VH_framework,H,0.0
Transformer-onehot,VH_framework,H,0.0
Transformer-onehot,VH_framework,H,0.0
Transformer-onehot,VH_framework,H,0.0
Transformer-onehot,VH_framework,H,0.0
Transformer-onehot,VH_framework,H,0.0
Transformer-onehot,VH_framework,H,0.0
Transformer-onehot,VH_framework,H,0.0
Transformer-onehot,VH_framework,H,0.0
Transformer-onehot,VH_framework,H,0.0
Transformer-onehot,VH_framework,H,0.0
Transformer-onehot,VH_framework,H,0.0
Transformer-onehot,VH_framework,H,0.0
Transformer-onehot,VH_framework,H,0.0
Transformer-onehot,VH_framework,H,0.0
Transformer-onehot,VH_framework,H,0.0
Transformer-onehot,VH_framework,H,0.0
Transformer-onehot,VH_framework,H,0.0
Transformer-onehot,VH_framework,H,0.0
Transformer-onehot,VH_framework,H,0.0
Transformer-onehot,VH_framework,H,0.0
Transformer-onehot,VH_framework,H,0.0
Transformer-onehot,VH_framework,H,0.0
Transformer-onehot,VH_framework,H,0.0
Transformer-onehot,VH_framework,H,0.0
Transformer-onehot,VH_framework,H,0.0
Transformer-onehot,VH_framework,H,0.0
Transformer-onehot,VH_framework,H,0.0
Transformer-onehot,VH_framework,H,0.0
Transformer-onehot,VH_framework,H,0.0
Transformer-onehot,VH_framework,H,0.0
Transformer-onehot,VH_framework,H,0.0
Transformer-onehot,VH_framework,H,0.0
Transformer-onehot,VH_framework,H,0.0
Transformer-onehot,VH_framework,H,0.0
Transformer-onehot,VH_framework,H,0.0
Transformer-onehot,VH_framework,H,0.0
Transformer-onehot,VH_framework,H,0.0
Transformer-onehot,VH_framework,H,0.0
Transformer-onehot,VH_framework,H,0.0
Transformer-onehot,VH_framework,H,0.0
Transformer-onehot,VH_framework,H,0.0
Transformer-onehot,VH_framework,H,0.0
Transformer-onehot,VH_framework,H,0.0
Transformer-onehot,VH_framework,H,0.0
Transformer-onehot,VH_framework,H,0.0
Transformer-onehot,VH_framework,H,0.0
Transformer-onehot,VH_framework,H,0.0
Transformer-onehot,VH_framework,H,0.0
Transformer-onehot,VH_framework,H,0.0
Transformer-onehot,VH_framework,H,0.0
Transformer-onehot,VH_framework,H,0.0
Transformer-onehot,VH_framework,H,0.0
Transformer-onehot,VH_framework,H,0.0
Transformer-onehot,VH_framework,H,0.0
Transformer-onehot,VH_framework,H,0.0
Transformer-onehot,VH_framework,H,0.0
Transformer-onehot,VH_framework,H,0.0
Transformer-onehot,VH_framework,H,0.0
Transformer-onehot,VH_framework,H,0.0
Transformer-onehot,VH_framework,H,0.0
Transformer-onehot,VH_framework,H,0.0
Transformer-onehot,VH_framework,H,0.0
Transformer-onehot,VH_framework,H,0.0
Transformer-onehot,VH_framework,H,0.0
Transformer-onehot,VH_framework,H,0.0
Transformer-onehot,VH_framework,H,0.0
Transformer-onehot,VH_framework,H,0.0
Transformer-onehot,VH_framework,H,0.0
Transformer-onehot,VH_framework,H,0.0
Transformer-onehot,VH_framework,H,0.0
Transformer-onehot,VH_framework,H,0.0
Transformer-onehot,VH_framework,H,0.0
Transformer-onehot,VH_framework,H,0.0
Transformer-onehot,VH_framework,H,0.0
Transformer-onehot,VH_framework,H,0.0
Transformer-onehot,VH_framework,H,0.0
Transformer-onehot,VH_framework,H,0.0
Transformer-onehot,VH_framework,H,0.0
Transformer-onehot,VH_framework,H,0.0
Transformer-onehot,VH_framework,H,0.0
Transformer-onehot,VH_framework,H,0.0
Transformer-onehot,VH_framework,H,0.0
Transformer-onehot,VH_framework,H,0.0
Transformer-onehot,VH_framework,H,0.0
Transformer-onehot,VH_framework,H,0.0
Transformer-onehot,VH_framework,H,0.0
Transformer-onehot,VH_framework,H,0.0
Transformer-onehot,VH_framework,H,0.0
Transformer-onehot,VH_framework,H,0.0
Transformer-onehot,VH_framework,H,0.0
Transformer-onehot,VH_framework,H,0.0
Transformer-onehot,VH_framework,H,0.0
Transformer-onehot,VH_framework,H,0.0
Transformer-onehot,VH_framework,H,0.0
Transformer-onehot,VH_framework,H,0.0
Transformer-onehot,VH_framework,H,0.0
Transformer-onehot,VH_framework,H,0.0
Transformer-onehot,VH_framework,H,0.0
Transformer-onehot,VH_framework,H,0.0
Transformer-onehot,VH_framework,H,0.0
Transformer-onehot,VH_framework,H,0.0
Transformer-onehot,VH_framework,H,0.0
Transformer-onehot,VH_framework,H,0.0
Transformer-onehot,VH_framework,H,0.0
Transformer-onehot,VH_framework,H,0.0
Transformer-onehot,VH_framework,H,0.0
Transformer-onehot,VH_framework,H,0.0
Transformer-onehot,VH_framework,H,0.0
Transformer-onehot,VH_framework,H,0.0
Transformer-onehot,VH_framework,H,0.0
Transformer-onehot,VH_framework,H,0.0
Transformer-onehot,VH_framework,H,0.0
Transformer-onehot,VH_framework,H,0.0
Transformer-onehot,VH_framework,H,0.0
Transformer-onehot,VH_framework,H,0.0
Transformer-onehot,VH_framework,H,0.0
Transformer-onehot,VH_framework,H,0.0
Transformer-onehot,VH_framework,H,0.0
Transformer-onehot,VH_framework,H,0.0
Transformer-onehot,VH_framework,H,0.0
Transformer-onehot,VH_framework,H,0.0
Transformer-onehot,VH_framework,H,0.0
Transformer-onehot,VH_framework,H,0.0
Transformer-onehot,VH_framework,H,0.0
Transformer-onehot,VH_framework,H,0.0
Transformer-onehot,VH_framework,H,0.0
Transformer-onehot,VH_framework,H,0.0
Transformer-onehot,VH_framework,H,0.0
Transformer-onehot,VH_framework,H,0.0
Transformer-onehot,VH_framework,H,0.0
Transformer-onehot,VH_framework,H,0.0
Transformer-onehot,VH_framework,H,0.0
Transformer-onehot,VH_framework,H,0.0
Transformer-onehot,VH_framework,H,0.0
Transformer-onehot,VH_framework,H,0.0
Transformer-onehot,VH_framework,H,0.0
Transformer-onehot,VH_framework,H,0.0
Transformer-onehot,VH_framework,H,0.0
Transformer-onehot,VH_framework,H,0.0
Transformer-onehot,VH_framework,H,0.0
Transformer-onehot,VH_framework,H,0.0
Transformer-onehot,VH_framework,H,0.0
Transformer-onehot,VH_framework,H,0.0
Transformer-onehot,VH_framework,H,0.0
Transformer-onehot,VH_framework,H,0.0
Transformer-onehot,VH_framework,H,0.0
Transformer-onehot,VH_framework,H,0.0
Transformer-onehot,VH_framework,H,0.0
Transformer-onehot,VH_framework,H,0.0
Transformer-onehot,VH_framework,H,0.0
Transformer-onehot,VH_framework,H,0.0
Transformer-onehot,VH_framework,H,0.0
Transformer-onehot,VH_framework,H,0.0
Transformer-onehot,VH_framework,H,0.0
Transformer-onehot,VH_framework,H,0.0
Transformer-onehot,VH_framework,H,0.0
Transformer-onehot,VH_framework,H,0.0
Transformer-onehot,VH_framework,H,0.0
Transformer-onehot,VH_framework,H,0.0
Transformer-onehot,VH_framework,H,0.0
Transformer-onehot,VH_framework,H,0.0
Transformer-onehot,VH_framework,H,0.0
Transformer-onehot,VH_framework,H,0.0
Transformer-onehot,VH_framework,H,0.0
Transformer-onehot,VH_framework,H,0.0
Transformer-onehot,VH_framework,H,0.0
Transformer-onehot,VH_framework,H,0.0
Transformer-onehot,VH_framework,H,0.0
Transformer-onehot,VH_framework,H,0.0
Transformer-onehot,VH_framework,H,0.0
Transformer-onehot,VH_framework,H,0.0
Transformer-onehot,VH_framework,H,0.0
Transformer-onehot,VH_framework,H,0.0
Transformer-onehot,VH_framework,H,0.0
Transformer-onehot,VH_framework,H,0.0
Transformer-onehot,VH_framework,H,0.0
Transformer-onehot,VH_framework,H,0.0
Transformer-onehot,VH_framework,H,0.0
Transformer-onehot,VH_framework,H,0.0
Transformer-onehot,VH_framework,H,0.0
Transformer-onehot,VH_framework,H,0.0
Transformer-onehot,VH_framework,H,0.0
Transformer-onehot,VH_framework,H,0.0
Transformer-onehot,VH_framework,H,0.0
Transformer-onehot,VH_framework,H,0.0
Transformer-onehot,VH_framework,H,0.0
Transformer-onehot,VH_framework,H,0.0
Transformer-onehot,VH_framework,H,0.0
Transformer-onehot,VH_framework,H,0.0
Transformer-onehot,VH_framework,H,0.0
Transformer-onehot,VH_framework,H,0.0
Transformer-onehot,VH_framework,H,0.0
Transformer-onehot,VH_framework,H,0.0
Transformer-onehot,VH_framework,H,0.0
Transformer-onehot,VH_framework,H,0.0
Transformer-onehot,VH_framework,H,0.0
Transformer-onehot,VH_framework,H,0.0
Transformer-onehot,VH_framework,H,0.0
Transformer-onehot,VH_framework,H,0.0
Transformer-onehot,VH_framework,H,0.0
Transformer-onehot,VH_framework,H,0.0
Transformer-onehot,VH_framework,H,0.0
Transformer-onehot,VH_framework,H,0.0
Transformer-onehot,VH_framework,H,0.0
Transformer-onehot,VH_framework,H,0.0
Transformer-onehot,VH_framework,H,0.0
Transformer-onehot,VH_framework,H,0.0
Transformer-onehot,VH_framework,H,0.0
Transformer-onehot,VH_framework,H,0.0
Transformer-onehot,VH_framework,H,0.0
Transformer-onehot,VH_framework,H,0.0
Transformer-onehot,VH_framework,H,0.0
Transformer-onehot,VH_framework,H,0.0
Transformer-onehot,VH_framework,H,0.0
Transformer-onehot,VH_framework,H,0.0
Transformer-onehot,VH_framework,H,0.0
Transformer-onehot,VH_framework,H,0.0
Transformer-onehot,VH_framework,H,0.0
Transformer-onehot,VH_framework,H,0.0
Transformer-onehot,VH_framework,H,0.0
Transformer-onehot,VH_framework,H,0.0
Transformer-onehot,VH_framework,H,0.0
Transformer-onehot,VH_framework,H,0.0
Transformer-onehot,VH_framework,H,0.0
Transformer-onehot,VH_framework,H,0.0
Transformer-onehot,VH_framework,H,0.0
Transformer-onehot,VH_framework,H,0.0
Transformer-onehot,VH_framework,H,0.0
Transformer-onehot,VH_framework,H,0.0
Transformer-onehot,VH_framework,H,0.0
Transformer-onehot,VH_framework,H,0.0
Transformer-onehot,VH_framework,H,0.0
Transformer-onehot,VH_framework,H,0.0
Transformer-onehot,VH_framework,H,0.0
Transformer-onehot,VH_framework,H,0.0
Transformer-onehot,VH_framework,H,0.0
Transformer-onehot,VH_framework,H,0.0
Transformer-onehot,VH_framework,H,0.0
Transformer-onehot,VH_framework,H,0.0
Transformer-onehot,VH_framework,H,0.0
Transformer-onehot,VH_framework,H,0.0
Transformer-onehot,VH_framework,H,0.0
Transformer-onehot,VH_framework,H,0.0
Transformer-onehot,VH_framework,H,0.0
Transformer-onehot,VH_framework,H,0.0
Transformer-onehot,VH_framework,H,0.0
Transformer-onehot,VH_framework,H,0.0
Transformer-onehot,VH_framework,H,0.0
Transformer-onehot,VH_framework,H,0.0
Transformer-onehot,VH_framework,H,0.0
Transformer-onehot,VH_framework,H,0.0
Transformer-onehot,VH_framework,H,0.0
Transformer-onehot,VH_framework,H,0.0
Transformer-onehot,VH_framework,H,0.0
Transformer-onehot,VH_framework,H,0.0
Transformer-onehot,VH_framework,H,0.0
Transformer-onehot,VH_framework,H,0.0
Transformer-onehot,VH_framework,H,0.0
Transformer-onehot,VH_framework,H,0.0
Transformer-onehot,VH_framework,H,0.0
Transformer-onehot,VH_framework,H,0.0
Transformer-onehot,VH_framework,H,0.0
Transformer-onehot,VH_framework,H,0.0
Transformer-onehot,VH_framework,H,0.0
Transformer-onehot,VH_framework,H,0.0
Transformer-onehot,VH_framework,H,0.0
Transformer-onehot,VH_framework,H,0.0
Transformer-onehot,VH_framework,H,0.0
Transformer-onehot,VH_framework,H,0.0
Transformer-onehot,VH_framework,H,0.0
Transformer-onehot,VH_framework,H,0.0
Transformer-onehot,VH_framework,H,0.0
Transformer-onehot,VH_framework,H,0.0
Transformer-onehot,VH_framework,H,0.0
Transformer-onehot,VH_framework,H,0.0
Transformer-onehot,VH_framework,H,0.0
Transformer-onehot,VH_framework,H,0.0
Transformer-onehot,VH_framework,H,0.0
Transformer-onehot,VH_framework,H,0.0
Transformer-onehot,VH_framework,H,0.0
Transformer-onehot,VH_framework,H,0.0
Transformer-onehot,VH_framework,H,0.0
Transformer-onehot,VH_framework,H,0.0
Transformer-onehot,VH_framework,H,0.0
Transformer-onehot,VH_framework,H,0.0
Transformer-onehot,VH_framework,H,0.0
Transformer-onehot,VH_framework,H,0.0
Transformer-onehot,VH_framework,H,0.0
Transformer-onehot,VH_framework,H,0.0
Transformer-onehot,VH_framework,H,0.0
Transformer-onehot,VH_framework,H,0.0
Transformer-onehot,VH_framework,H,0.0
Transformer-onehot,VH_framework,H,0.0
Transformer-onehot,VH_framework,H,0.0
Transformer-onehot,VH_framework,H,0.0
Transformer-onehot,VH_framework,H,0.0
Transformer-onehot,VH_framework,H,0.0
Transformer-onehot,VH_framework,H,0.0
Transformer-onehot,VH_framework,H,0.0
Transformer-onehot,VH_framework,H,0.0
Transformer-onehot,VH_framework,H,0.0
Transformer-onehot,VH_framework,H,0.0
Transformer-onehot,VH_framework,H,0.0
Transformer-onehot,VH_framework,H,0.0
Transformer-onehot,VH_framework,H,0.0
Transformer-onehot,VH_framework,H,0.0
Transformer-onehot,VH_framework,H,0.0
Transformer-onehot,VH_framework,H,0.0
Transformer-onehot,VH_framework,H,0.0
Transformer-onehot,VH_framework,H,0.0
Transformer-onehot,VH_framework,H,0.0
Transformer-onehot,VH_framework,H,0.0
Transformer-onehot,VH_framework,H,0.0
Transformer-onehot,VH_framework,H,0.0
Transformer-onehot,VH_framework,H,0.0
Transformer-onehot,VH_framework,H,0.0
Transformer-onehot,VH_framework,H,0.0
Transformer-onehot,VH_framework,H,0.0
Transformer-onehot,VH_framework,H,0.0
Transformer-onehot,VH_framework,H,0.0
Transformer-onehot,VH_framework,H,0.0
Transformer-onehot,VH_framework,H,0.0
Transformer-onehot,VH_framework,H,0.0
Transformer-onehot,VH_framework,H,0.0
Transformer-onehot,VH_framework,H,0.0
Transformer-onehot,VH_framework,H,0.0
Transformer-onehot,VH_framework,H,0.0
Transformer-onehot,VH_framework,H,0.0
Transformer-onehot,VH_framework,H,0.0
Transformer-onehot,VH_framework,H,0.0
Transformer-onehot,VH_framework,H,0.0
Transformer-onehot,VH_framework,H,0.0
Transformer-onehot,VH_framework,H,0.0
Transformer-onehot,VH_framework,H,0.0
Transformer-onehot,VH_framework,H,0.0
Transformer-onehot,VH_framework,H,0.0
Transformer-onehot,VH_framework,H,0.0
Transformer-onehot,VH_framework,H,0.0
Transformer-onehot,VH_framework,H,0.0
Transformer-onehot,VH_framework,H,0.0
Transformer-onehot,VH_framework,H,0.0
Transformer-onehot,VH_framework,H,0.0
Transformer-onehot,VH_framework,H,0.0
Transformer-onehot,VH_framework,H,0.0
Transformer-onehot,VH_framework,H,0.0
Transformer-onehot,VH_framework,H,0.0
Transformer-onehot,VH_framework,H,0.0
Transformer-onehot,VH_framework,H,0.0
Transformer-onehot,VH_framework,H,0.0
Transformer-onehot,VH_framework,H,0.0
Transformer-onehot,VH_framework,H,0.0
Transformer-onehot,VH_framework,H,0.0
Transformer-onehot,VH_framework,H,0.0
Transformer-onehot,VH_framework,H,0.0
Transformer-onehot,VH_framework,H,0.0
Transformer-onehot,VH_framework,H,0.0
Transformer-onehot,VH_framework,H,0.0
Transformer-onehot,VH_framework,H,0.0
Transformer-onehot,VH_framework,H,0.0
Transformer-onehot,VH_framework,H,0.0
Transformer-onehot,VH_framework,H,0.0
Transformer-onehot,VH_framework,H,0.0
Transformer-onehot,VH_framework,H,0.0
Transformer-onehot,VH_framework,H,0.0
Transformer-onehot,VH_framework,H,0.0
Transformer-onehot,VH_framework,H,0.0
Transformer-onehot,VH_framework,H,0.0
Transformer-onehot,VH_framework,H,0.0
Transformer-onehot,VH_framework,H,0.0
Transformer-onehot,VH_framework,H,0.0
Transformer-onehot,VH_framework,H,0.0
Transformer-onehot,VH_framework,H,0.0
Transformer-onehot,VH_framework,H,0.0
Transformer-onehot,VH_framework,H,0.0
Transformer-onehot,VH_framework,H,0.0
Transformer-onehot,VH_framework,H,0.0
Transformer-onehot,VH_framework,H,0.0
Transformer-onehot,VH_framework,H,0.0
Transformer-onehot,VH_framework,H,0.0
Transformer-onehot,VH_framework,H,0.0
Transformer-onehot,VH_framework,H,0.0
Transformer-onehot,VH_framework,H,0.0
Transformer-onehot,VH_framework,H,0.0
Transformer-onehot,VH_framework,H,0.0
Transformer-onehot,VH_framework,H,0.0
Transformer-onehot,VH_framework,H,0.0
Transformer-onehot,VH_framework,H,0.0
Transformer-onehot,VH_framework,H,0.0
Transformer-onehot,VH_framework,H,0.0
Transformer-onehot,VH_framework,H,0.0
Transformer-onehot,VH_framework,H,0.0
Transformer-onehot,VH_framework,H,0.0
Transformer-onehot,VH_framework,H,0.0
Transformer-onehot,VH_framework,H,0.0
Transformer-onehot,VH_framework,H,0.0
Transformer-onehot,VH_framework,H,0.0
Transformer-onehot,VH_framework,H,0.0
Transformer-onehot,VH_framework,H,0.0
Transformer-onehot,VH_framework,H,0.0
Transformer-onehot,VH_framework,H,0.0
Transformer-onehot,VH_framework,H,0.0
Transformer-onehot,VH_framework,H,0.0
Transformer-onehot,VH_framework,H,0.0
Transformer-onehot,VH_framework,H,0.0
Transformer-onehot,VH_framework,H,0.0
Transformer-onehot,VH_framework,H,0.0
Transformer-onehot,VH_framework,H,0.0
Transformer-onehot,VH_framework,H,0.0
Transformer-onehot,VH_framework,H,0.0
Transformer-onehot,VH_framework,H,0.0
Transformer-onehot,VH_framework,H,0.0
Transformer-onehot,VH_framework,H,0.0
Transformer-onehot,VH_framework,H,0.0
Transformer-onehot,VH_framework,H,0.0
Transformer-onehot,VH_framework,H,0.0
Transformer-onehot,VH_framework,H,0.0
Transformer-onehot,VH_framework,H,0.0
Transformer-onehot,VH_framework,H,0.0
Transformer-onehot,VH_framework,H,0.0
Transformer-onehot,VH_framework,H,0.0
Transformer-onehot,VH_framework,H,0.0
Transformer-onehot,VH_framework,H,0.0
Transformer-onehot,VH_framework,H,0.0
Transformer-onehot,VH_framework,H,0.0
Transformer-onehot,VH_framework,H,0.0
Transformer-onehot,VH_framework,H,0.0
Transformer-onehot,VH_framework,H,0.0
Transformer-onehot,VH_framework,I,0.0
Transformer-onehot,VH_framework,I,0.0
Transformer-onehot,VH_framework,I,0.0
Transformer-onehot,VH_framework,I,0.0
Transformer-onehot,VH_framework,I,0.0
Transformer-onehot,VH_framework,I,0.0
Transformer-onehot,VH_framework,I,0.0
Transformer-onehot,VH_framework,I,0.0
Transformer-onehot,VH_framework,I,0.0
Transformer-onehot,VH_framework,I,0.0
Transformer-onehot,VH_framework,I,0.0
Transformer-onehot,VH_framework,I,0.0
Transformer-onehot,VH_framework,I,0.0
Transformer-onehot,VH_framework,I,0.0
Transformer-onehot,VH_framework,I,0.0
Transformer-onehot,VH_framework,I,0.0
Transformer-onehot,VH_framework,I,0.0
Transformer-onehot,VH_framework,I,0.0
Transformer-onehot,VH_framework,I,0.0
Transformer-onehot,VH_framework,I,0.0
Transformer-onehot,VH_framework,I,0.0
Transformer-onehot,VH_framework,I,0.0
Transformer-onehot,VH_framework,I,0.0
Transformer-onehot,VH_framework,I,0.0
Transformer-onehot,VH_framework,I,0.0
Transformer-onehot,VH_framework,I,0.0
Transformer-onehot,VH_framework,I,0.0
Transformer-onehot,VH_framework,I,0.0
Transformer-onehot,VH_framework,I,0.0
Transformer-onehot,VH_framework,I,0.0
Transformer-onehot,VH_framework,I,0.0
Transformer-onehot,VH_framework,I,0.0
Transformer-onehot,VH_framework,I,0.0
Transformer-onehot,VH_framework,I,0.0
Transformer-onehot,VH_framework,I,0.0
Transformer-onehot,VH_framework,I,0.0
Transformer-onehot,VH_framework,I,0.0
Transformer-onehot,VH_framework,I,0.0
Transformer-onehot,VH_framework,I,0.0
Transformer-onehot,VH_framework,I,0.0
Transformer-onehot,VH_framework,I,0.0
Transformer-onehot,VH_framework,I,0.0
Transformer-onehot,VH_framework,I,0.0
Transformer-onehot,VH_framework,I,0.0
Transformer-onehot,VH_framework,I,0.0
Transformer-onehot,VH_framework,I,0.0
Transformer-onehot,VH_framework,I,0.0
Transformer-onehot,VH_framework,I,0.0001724121102597
Transformer-onehot,VH_framework,I,0.0
Transformer-onehot,VH_framework,I,0.0
Transformer-onehot,VH_framework,I,0.0
Transformer-onehot,VH_framework,I,0.0
Transformer-onehot,VH_framework,I,0.0
Transformer-onehot,VH_framework,I,0.0
Transformer-onehot,VH_framework,I,0.0
Transformer-onehot,VH_framework,I,0.0
Transformer-onehot,VH_framework,I,0.0
Transformer-onehot,VH_framework,I,0.0
Transformer-onehot,VH_framework,I,0.0
Transformer-onehot,VH_framework,I,0.0
Transformer-onehot,VH_framework,I,0.0
Transformer-onehot,VH_framework,I,0.0
Transformer-onehot,VH_framework,I,0.0
Transformer-onehot,VH_framework,I,-0.0018498328281566
Transformer-onehot,VH_framework,I,0.0
Transformer-onehot,VH_framework,I,0.0
Transformer-onehot,VH_framework,I,0.0
Transformer-onehot,VH_framework,I,0.0
Transformer-onehot,VH_framework,I,0.0
Transformer-onehot,VH_framework,I,0.0
Transformer-onehot,VH_framework,I,0.0
Transformer-onehot,VH_framework,I,0.0
Transformer-onehot,VH_framework,I,0.0
Transformer-onehot,VH_framework,I,0.0
Transformer-onehot,VH_framework,I,-0.0018027212936431
Transformer-onehot,VH_framework,I,0.0
Transformer-onehot,VH_framework,I,0.0
Transformer-onehot,VH_framework,I,0.0
Transformer-onehot,VH_framework,I,0.0
Transformer-onehot,VH_framework,I,0.0
Transformer-onehot,VH_framework,I,0.0
Transformer-onehot,VH_framework,I,0.0
Transformer-onehot,VH_framework,I,0.0
Transformer-onehot,VH_framework,I,0.0
Transformer-onehot,VH_framework,I,0.0
Transformer-onehot,VH_framework,I,0.0
Transformer-onehot,VH_framework,I,0.0
Transformer-onehot,VH_framework,I,0.0
Transformer-onehot,VH_framework,I,0.0
Transformer-onehot,VH_framework,I,0.0
Transformer-onehot,VH_framework,I,0.0
Transformer-onehot,VH_framework,I,0.0
Transformer-onehot,VH_framework,I,0.0
Transformer-onehot,VH_framework,I,0.0
Transformer-onehot,VH_framework,I,0.0
Transformer-onehot,VH_framework,I,0.0
Transformer-onehot,VH_framework,I,0.0
Transformer-onehot,VH_framework,I,0.0
Transformer-onehot,VH_framework,I,0.0
Transformer-onehot,VH_framework,I,0.0
Transformer-onehot,VH_framework,I,0.0
Transformer-onehot,VH_framework,I,0.0
Transformer-onehot,VH_framework,I,0.0
Transformer-onehot,VH_framework,I,0.0
Transformer-onehot,VH_framework,I,0.0
Transformer-onehot,VH_framework,I,0.0
Transformer-onehot,VH_framework,I,-0.0029402282088994
Transformer-onehot,VH_framework,I,0.0
Transformer-onehot,VH_framework,I,0.0
Transformer-onehot,VH_framework,I,0.0
Transformer-onehot,VH_framework,I,0.0
Transformer-onehot,VH_framework,I,0.0
Transformer-onehot,VH_framework,I,-0.001713860197924
Transformer-onehot,VH_framework,I,0.0
Transformer-onehot,VH_framework,I,0.0
Transformer-onehot,VH_framework,I,0.0
Transformer-onehot,VH_framework,I,0.0
Transformer-onehot,VH_framework,I,0.0
Transformer-onehot,VH_framework,I,0.0
Transformer-onehot,VH_framework,I,0.0
Transformer-onehot,VH_framework,I,0.0
Transformer-onehot,VH_framework,I,0.0
Transformer-onehot,VH_framework,I,0.0
Transformer-onehot,VH_framework,I,0.0
Transformer-onehot,VH_framework,I,0.0
Transformer-onehot,VH_framework,I,0.0
Transformer-onehot,VH_framework,I,0.0
Transformer-onehot,VH_framework,I,0.0
Transformer-onehot,VH_framework,I,0.0
Transformer-onehot,VH_framework,I,4.162610639468767e-05
Transformer-onehot,VH_framework,I,0.0
Transformer-onehot,VH_framework,I,0.0
Transformer-onehot,VH_framework,I,0.0
Transformer-onehot,VH_framework,I,0.0
Transformer-onehot,VH_framework,I,0.0
Transformer-onehot,VH_framework,I,0.0
Transformer-onehot,VH_framework,I,0.0
Transformer-onehot,VH_framework,I,0.0
Transformer-onehot,VH_framework,I,0.0
Transformer-onehot,VH_framework,I,0.0
Transformer-onehot,VH_framework,I,0.0
Transformer-onehot,VH_framework,I,0.0
Transformer-onehot,VH_framework,I,0.0
Transformer-onehot,VH_framework,I,0.0
Transformer-onehot,VH_framework,I,0.0
Transformer-onehot,VH_framework,I,0.0
Transformer-onehot,VH_framework,I,0.0
Transformer-onehot,VH_framework,I,0.0
Transformer-onehot,VH_framework,I,0.0
Transformer-onehot,VH_framework,I,0.0
Transformer-onehot,VH_framework,I,0.0
Transformer-onehot,VH_framework,I,0.0
Transformer-onehot,VH_framework,I,0.0001145615169662
Transformer-onehot,VH_framework,I,0.0
Transformer-onehot,VH_framework,I,0.0
Transformer-onehot,VH_framework,I,0.0
Transformer-onehot,VH_framework,I,0.0
Transformer-onehot,VH_framework,I,0.0
Transformer-onehot,VH_framework,I,0.0
Transformer-onehot,VH_framework,I,0.0
Transformer-onehot,VH_framework,I,0.0
Transformer-onehot,VH_framework,I,0.0
Transformer-onehot,VH_framework,I,0.0
Transformer-onehot,VH_framework,I,0.0
Transformer-onehot,VH_framework,I,0.0
Transformer-onehot,VH_framework,I,0.0
Transformer-onehot,VH_framework,I,0.0
Transformer-onehot,VH_framework,I,0.0
Transformer-onehot,VH_framework,I,0.0
Transformer-onehot,VH_framework,I,0.0
Transformer-onehot,VH_framework,I,0.0
Transformer-onehot,VH_framework,I,0.0
Transformer-onehot,VH_framework,I,0.0
Transformer-onehot,VH_framework,I,0.0
Transformer-onehot,VH_framework,I,0.0
Transformer-onehot,VH_framework,I,0.0
Transformer-onehot,VH_framework,I,0.0
Transformer-onehot,VH_framework,I,0.0
Transformer-onehot,VH_framework,I,0.0
Transformer-onehot,VH_framework,I,0.0
Transformer-onehot,VH_framework,I,0.0
Transformer-onehot,VH_framework,I,0.0
Transformer-onehot,VH_framework,I,0.0
Transformer-onehot,VH_framework,I,0.0
Transformer-onehot,VH_framework,I,0.0
Transformer-onehot,VH_framework,I,0.0
Transformer-onehot,VH_framework,I,0.0
Transformer-onehot,VH_framework,I,0.0
Transformer-onehot,VH_framework,I,0.0
Transformer-onehot,VH_framework,I,0.0
Transformer-onehot,VH_framework,I,0.0
Transformer-onehot,VH_framework,I,0.0
Transformer-onehot,VH_framework,I,0.0
Transformer-onehot,VH_framework,I,0.0
Transformer-onehot,VH_framework,I,0.0
Transformer-onehot,VH_framework,I,0.0
Transformer-onehot,VH_framework,I,0.0
Transformer-onehot,VH_framework,I,0.0
Transformer-onehot,VH_framework,I,0.0
Transformer-onehot,VH_framework,I,0.0
Transformer-onehot,VH_framework,I,0.0
Transformer-onehot,VH_framework,I,0.0
Transformer-onehot,VH_framework,I,-0.0003175056481268
Transformer-onehot,VH_framework,I,0.0
Transformer-onehot,VH_framework,I,0.0
Transformer-onehot,VH_framework,I,0.0
Transformer-onehot,VH_framework,I,0.0
Transformer-onehot,VH_framework,I,0.0
Transformer-onehot,VH_framework,I,0.0
Transformer-onehot,VH_framework,I,-0.002794814761728
Transformer-onehot,VH_framework,I,0.0
Transformer-onehot,VH_framework,I,0.0
Transformer-onehot,VH_framework,I,0.0
Transformer-onehot,VH_framework,I,0.0
Transformer-onehot,VH_framework,I,0.0
Transformer-onehot,VH_framework,I,0.0
Transformer-onehot,VH_framework,I,0.0
Transformer-onehot,VH_framework,I,0.0
Transformer-onehot,VH_framework,I,0.0
Transformer-onehot,VH_framework,I,0.0
Transformer-onehot,VH_framework,I,0.0002755082387011
Transformer-onehot,VH_framework,I,0.0
Transformer-onehot,VH_framework,I,0.0002227498771389
Transformer-onehot,VH_framework,I,0.0
Transformer-onehot,VH_framework,I,0.0
Transformer-onehot,VH_framework,I,0.0
Transformer-onehot,VH_framework,I,0.0
Transformer-onehot,VH_framework,I,0.0
Transformer-onehot,VH_framework,I,0.0
Transformer-onehot,VH_framework,I,0.0
Transformer-onehot,VH_framework,I,0.0
Transformer-onehot,VH_framework,I,0.0
Transformer-onehot,VH_framework,I,0.0
Transformer-onehot,VH_framework,I,0.0
Transformer-onehot,VH_framework,I,0.0
Transformer-onehot,VH_framework,I,0.0
Transformer-onehot,VH_framework,I,0.0
Transformer-onehot,VH_framework,I,0.0
Transformer-onehot,VH_framework,I,0.0
Transformer-onehot,VH_framework,I,0.0
Transformer-onehot,VH_framework,I,0.0
Transformer-onehot,VH_framework,I,0.0
Transformer-onehot,VH_framework,I,0.0
Transformer-onehot,VH_framework,I,0.0
Transformer-onehot,VH_framework,I,0.0
Transformer-onehot,VH_framework,I,0.0
Transformer-onehot,VH_framework,I,0.0
Transformer-onehot,VH_framework,I,0.0
Transformer-onehot,VH_framework,I,0.0
Transformer-onehot,VH_framework,I,0.0
Transformer-onehot,VH_framework,I,-0.0025453148409724
Transformer-onehot,VH_framework,I,0.0
Transformer-onehot,VH_framework,I,0.0
Transformer-onehot,VH_framework,I,0.0
Transformer-onehot,VH_framework,I,-0.0016691969940438
Transformer-onehot,VH_framework,I,0.0
Transformer-onehot,VH_framework,I,0.0
Transformer-onehot,VH_framework,I,0.0
Transformer-onehot,VH_framework,I,0.0
Transformer-onehot,VH_framework,I,0.0
Transformer-onehot,VH_framework,I,0.0
Transformer-onehot,VH_framework,I,0.0
Transformer-onehot,VH_framework,I,0.0
Transformer-onehot,VH_framework,I,0.0
Transformer-onehot,VH_framework,I,0.0
Transformer-onehot,VH_framework,I,0.0
Transformer-onehot,VH_framework,I,0.0
Transformer-onehot,VH_framework,I,-0.0027320135850459
Transformer-onehot,VH_framework,I,0.0
Transformer-onehot,VH_framework,I,0.0
Transformer-onehot,VH_framework,I,0.0
Transformer-onehot,VH_framework,I,0.0
Transformer-onehot,VH_framework,I,0.0
Transformer-onehot,VH_framework,I,0.0
Transformer-onehot,VH_framework,I,0.0
Transformer-onehot,VH_framework,I,0.0
Transformer-onehot,VH_framework,I,0.0
Transformer-onehot,VH_framework,I,0.0
Transformer-onehot,VH_framework,I,0.0
Transformer-onehot,VH_framework,I,0.0
Transformer-onehot,VH_framework,I,0.0
Transformer-onehot,VH_framework,I,0.0
Transformer-onehot,VH_framework,I,0.0
Transformer-onehot,VH_framework,I,0.0
Transformer-onehot,VH_framework,I,0.0
Transformer-onehot,VH_framework,I,-0.0021921361330896
Transformer-onehot,VH_framework,I,0.0
Transformer-onehot,VH_framework,I,0.0
Transformer-onehot,VH_framework,I,0.0
Transformer-onehot,VH_framework,I,0.0
Transformer-onehot,VH_framework,I,0.0
Transformer-onehot,VH_framework,I,0.0
Transformer-onehot,VH_framework,I,0.0
Transformer-onehot,VH_framework,I,0.0
Transformer-onehot,VH_framework,I,0.0
Transformer-onehot,VH_framework,I,0.0
Transformer-onehot,VH_framework,I,0.0
Transformer-onehot,VH_framework,I,0.0
Transformer-onehot,VH_framework,I,0.0
Transformer-onehot,VH_framework,I,0.0
Transformer-onehot,VH_framework,I,0.0
Transformer-onehot,VH_framework,I,0.0
Transformer-onehot,VH_framework,I,0.0
Transformer-onehot,VH_framework,I,0.0
Transformer-onehot,VH_framework,I,0.0
Transformer-onehot,VH_framework,I,0.0
Transformer-onehot,VH_framework,I,0.0
Transformer-onehot,VH_framework,I,0.0
Transformer-onehot,VH_framework,I,0.0
Transformer-onehot,VH_framework,I,0.0
Transformer-onehot,VH_framework,I,-0.0046509616076946
Transformer-onehot,VH_framework,I,0.0
Transformer-onehot,VH_framework,I,-0.0030208243988454
Transformer-onehot,VH_framework,I,0.0
Transformer-onehot,VH_framework,I,0.0
Transformer-onehot,VH_framework,I,0.0
Transformer-onehot,VH_framework,I,0.0
Transformer-onehot,VH_framework,I,0.0
Transformer-onehot,VH_framework,I,0.0
Transformer-onehot,VH_framework,I,0.0
Transformer-onehot,VH_framework,I,0.0
Transformer-onehot,VH_framework,I,0.0
Transformer-onehot,VH_framework,I,0.0
Transformer-onehot,VH_framework,I,0.0
Transformer-onehot,VH_framework,I,-0.0024833995848894
Transformer-onehot,VH_framework,I,0.0
Transformer-onehot,VH_framework,I,-0.0020634543616324
Transformer-onehot,VH_framework,I,0.0
Transformer-onehot,VH_framework,I,-0.0037850150838494
Transformer-onehot,VH_framework,I,0.0
Transformer-onehot,VH_framework,I,-0.0042774956673383
Transformer-onehot,VH_framework,I,0.0
Transformer-onehot,VH_framework,I,0.0
Transformer-onehot,VH_framework,I,0.0
Transformer-onehot,VH_framework,I,0.0
Transformer-onehot,VH_framework,I,0.0
Transformer-onehot,VH_framework,I,0.0
Transformer-onehot,VH_framework,I,0.0
Transformer-onehot,VH_framework,I,0.0
Transformer-onehot,VH_framework,I,0.0
Transformer-onehot,VH_framework,I,0.0
Transformer-onehot,VH_framework,I,0.0
Transformer-onehot,VH_framework,I,0.0
Transformer-onehot,VH_framework,I,0.0
Transformer-onehot,VH_framework,I,0.0
Transformer-onehot,VH_framework,I,0.0
Transformer-onehot,VH_framework,I,0.0
Transformer-onehot,VH_framework,I,0.0
Transformer-onehot,VH_framework,I,0.0
Transformer-onehot,VH_framework,I,0.0
Transformer-onehot,VH_framework,I,0.0
Transformer-onehot,VH_framework,I,0.0
Transformer-onehot,VH_framework,I,0.0
Transformer-onehot,VH_framework,I,0.0
Transformer-onehot,VH_framework,I,0.0
Transformer-onehot,VH_framework,I,0.0
Transformer-onehot,VH_framework,I,0.0
Transformer-onehot,VH_framework,I,0.0
Transformer-onehot,VH_framework,I,0.0
Transformer-onehot,VH_framework,I,0.0
Transformer-onehot,VH_framework,I,0.0
Transformer-onehot,VH_framework,I,0.0
Transformer-onehot,VH_framework,I,0.0
Transformer-onehot,VH_framework,I,-0.0027440572157502
Transformer-onehot,VH_framework,I,0.0
Transformer-onehot,VH_framework,I,0.0
Transformer-onehot,VH_framework,I,0.0
Transformer-onehot,VH_framework,I,0.0
Transformer-onehot,VH_framework,I,0.0
Transformer-onehot,VH_framework,I,0.0
Transformer-onehot,VH_framework,I,0.0
Transformer-onehot,VH_framework,I,0.0
Transformer-onehot,VH_framework,I,-0.0033682649955153
Transformer-onehot,VH_framework,I,0.0
Transformer-onehot,VH_framework,I,0.0
Transformer-onehot,VH_framework,I,0.0
Transformer-onehot,VH_framework,I,0.0
Transformer-onehot,VH_framework,I,0.0
Transformer-onehot,VH_framework,I,0.0
Transformer-onehot,VH_framework,I,0.0
Transformer-onehot,VH_framework,I,0.0
Transformer-onehot,VH_framework,I,0.0
Transformer-onehot,VH_framework,I,0.0
Transformer-onehot,VH_framework,I,0.0
Transformer-onehot,VH_framework,I,0.0
Transformer-onehot,VH_framework,I,0.0
Transformer-onehot,VH_framework,I,0.0
Transformer-onehot,VH_framework,I,0.0
Transformer-onehot,VH_framework,I,0.0
Transformer-onehot,VH_framework,I,0.0
Transformer-onehot,VH_framework,I,0.0
Transformer-onehot,VH_framework,I,0.0
Transformer-onehot,VH_framework,I,0.0
Transformer-onehot,VH_framework,I,0.0
Transformer-onehot,VH_framework,I,0.0
Transformer-onehot,VH_framework,I,0.0
Transformer-onehot,VH_framework,I,0.0
Transformer-onehot,VH_framework,I,0.0
Transformer-onehot,VH_framework,I,0.0
Transformer-onehot,VH_framework,I,0.0
Transformer-onehot,VH_framework,I,0.0
Transformer-onehot,VH_framework,I,0.0
Transformer-onehot,VH_framework,I,0.0
Transformer-onehot,VH_framework,I,0.0
Transformer-onehot,VH_framework,I,0.0
Transformer-onehot,VH_framework,I,-0.0041353814303874
Transformer-onehot,VH_framework,I,-0.0022798962891101
Transformer-onehot,VH_framework,I,0.0
Transformer-onehot,VH_framework,I,0.0
Transformer-onehot,VH_framework,I,0.0
Transformer-onehot,VH_framework,I,0.0
Transformer-onehot,VH_framework,I,0.0
Transformer-onehot,VH_framework,I,0.0
Transformer-onehot,VH_framework,I,0.0
Transformer-onehot,VH_framework,I,0.0
Transformer-onehot,VH_framework,I,0.0
Transformer-onehot,VH_framework,I,0.0
Transformer-onehot,VH_framework,I,0.0
Transformer-onehot,VH_framework,I,0.0
Transformer-onehot,VH_framework,I,0.0
Transformer-onehot,VH_framework,I,-0.0029605035670101
Transformer-onehot,VH_framework,I,0.0
Transformer-onehot,VH_framework,I,-0.0036464878357946
Transformer-onehot,VH_framework,I,0.0
Transformer-onehot,VH_framework,I,0.0
Transformer-onehot,VH_framework,I,0.0
Transformer-onehot,VH_framework,I,0.0
Transformer-onehot,VH_framework,I,0.0
Transformer-onehot,VH_framework,I,0.0
Transformer-onehot,VH_framework,I,0.0
Transformer-onehot,VH_framework,I,0.0
Transformer-onehot,VH_framework,I,0.0
Transformer-onehot,VH_framework,I,0.0
Transformer-onehot,VH_framework,I,0.0
Transformer-onehot,VH_framework,I,0.0
Transformer-onehot,VH_framework,I,0.0
Transformer-onehot,VH_framework,I,0.0
Transformer-onehot,VH_framework,I,0.0
Transformer-onehot,VH_framework,I,0.0
Transformer-onehot,VH_framework,I,0.0
Transformer-onehot,VH_framework,I,-0.003372514154762
Transformer-onehot,VH_framework,I,0.0
Transformer-onehot,VH_framework,I,0.0
Transformer-onehot,VH_framework,I,0.0
Transformer-onehot,VH_framework,I,0.0
Transformer-onehot,VH_framework,I,0.0
Transformer-onehot,VH_framework,I,0.0
Transformer-onehot,VH_framework,I,0.0
Transformer-onehot,VH_framework,I,0.0
Transformer-onehot,VH_framework,I,0.0
Transformer-onehot,VH_framework,I,0.0
Transformer-onehot,VH_framework,I,0.0
Transformer-onehot,VH_framework,I,0.0
Transformer-onehot,VH_framework,I,-0.0026297748554497
Transformer-onehot,VH_framework,I,0.0
Transformer-onehot,VH_framework,I,-0.0031110669951885
Transformer-onehot,VH_framework,I,0.0
Transformer-onehot,VH_framework,I,0.0
Transformer-onehot,VH_framework,I,0.0
Transformer-onehot,VH_framework,I,0.0
Transformer-onehot,VH_framework,I,0.0
Transformer-onehot,VH_framework,I,0.0
Transformer-onehot,VH_framework,I,0.0
Transformer-onehot,VH_framework,I,0.0
Transformer-onehot,VH_framework,I,0.0
Transformer-onehot,VH_framework,I,0.0
Transformer-onehot,VH_framework,I,0.0
Transformer-onehot,VH_framework,I,0.0
Transformer-onehot,VH_framework,I,0.0
Transformer-onehot,VH_framework,I,0.0
Transformer-onehot,VH_framework,I,0.0
Transformer-onehot,VH_framework,I,0.0
Transformer-onehot,VH_framework,I,0.0
Transformer-onehot,VH_framework,I,0.0
Transformer-onehot,VH_framework,I,0.0
Transformer-onehot,VH_framework,I,0.0
Transformer-onehot,VH_framework,I,0.0
Transformer-onehot,VH_framework,I,0.0
Transformer-onehot,VH_framework,I,0.0
Transformer-onehot,VH_framework,I,0.0
Transformer-onehot,VH_framework,I,0.0
Transformer-onehot,VH_framework,I,0.0
Transformer-onehot,VH_framework,I,0.0
Transformer-onehot,VH_framework,I,0.0
Transformer-onehot,VH_framework,I,0.0
Transformer-onehot,VH_framework,I,0.0
Transformer-onehot,VH_framework,I,0.0
Transformer-onehot,VH_framework,I,-0.0008918326348066
Transformer-onehot,VH_framework,I,0.0
Transformer-onehot,VH_framework,I,0.0
Transformer-onehot,VH_framework,I,0.0
Transformer-onehot,VH_framework,I,0.0
Transformer-onehot,VH_framework,I,0.0
Transformer-onehot,VH_framework,I,0.0
Transformer-onehot,VH_framework,I,0.0
Transformer-onehot,VH_framework,I,0.0
Transformer-onehot,VH_framework,I,0.0
Transformer-onehot,VH_framework,I,0.0
Transformer-onehot,VH_framework,I,0.0
Transformer-onehot,VH_framework,I,0.0
Transformer-onehot,VH_framework,K,0.0
Transformer-onehot,VH_framework,K,-0.0167931523174047
Transformer-onehot,VH_framework,K,-0.0047838413156569
Transformer-onehot,VH_framework,K,-0.0050562820397317
Transformer-onehot,VH_framework,K,0.0
Transformer-onehot,VH_framework,K,-0.0133864358067512
Transformer-onehot,VH_framework,K,-0.0046568512916564
Transformer-onehot,VH_framework,K,-0.0047502187080681
Transformer-onehot,VH_framework,K,0.0
Transformer-onehot,VH_framework,K,-0.0073076379485428
Transformer-onehot,VH_framework,K,0.0
Transformer-onehot,VH_framework,K,-0.0065204640850424
Transformer-onehot,VH_framework,K,0.0
Transformer-onehot,VH_framework,K,-0.0054996269755065
Transformer-onehot,VH_framework,K,-0.0062912087887525
Transformer-onehot,VH_framework,K,0.0
Transformer-onehot,VH_framework,K,-0.0051899868994951
Transformer-onehot,VH_framework,K,-0.0050836680456995
Transformer-onehot,VH_framework,K,0.0
Transformer-onehot,VH_framework,K,0.0
Transformer-onehot,VH_framework,K,-0.0049618845805525
Transformer-onehot,VH_framework,K,-0.0147074125707149
Transformer-onehot,VH_framework,K,-0.0048584612086415
Transformer-onehot,VH_framework,K,-0.0090586189180612
Transformer-onehot,VH_framework,K,0.0
Transformer-onehot,VH_framework,K,0.0
Transformer-onehot,VH_framework,K,-0.0052885608747601
Transformer-onehot,VH_framework,K,0.0
Transformer-onehot,VH_framework,K,-0.0067402496933937
Transformer-onehot,VH_framework,K,0.0
Transformer-onehot,VH_framework,K,0.0
Transformer-onehot,VH_framework,K,0.0
Transformer-onehot,VH_framework,K,-0.0182302221655845
Transformer-onehot,VH_framework,K,0.0
Transformer-onehot,VH_framework,K,-0.0042010904289782
Transformer-onehot,VH_framework,K,-0.0242759902030229
Transformer-onehot,VH_framework,K,-0.0173141080886125
Transformer-onehot,VH_framework,K,-0.0054522980935871
Transformer-onehot,VH_framework,K,0.0
Transformer-onehot,VH_framework,K,-0.0073497537523508
Transformer-onehot,VH_framework,K,-0.0071287099272012
Transformer-onehot,VH_framework,K,0.0
Transformer-onehot,VH_framework,K,0.0
Transformer-onehot,VH_framework,K,0.0
Transformer-onehot,VH_framework,K,0.0
Transformer-onehot,VH_framework,K,-0.0124080628156661
Transformer-onehot,VH_framework,K,-0.0081991497427225
Transformer-onehot,VH_framework,K,-0.0046365605667233
Transformer-onehot,VH_framework,K,-0.0044397967867553
Transformer-onehot,VH_framework,K,-0.0042719165794551
Transformer-onehot,VH_framework,K,0.0
Transformer-onehot,VH_framework,K,0.0
Transformer-onehot,VH_framework,K,-0.0045003984123468
Transformer-onehot,VH_framework,K,-0.004664103500545
Transformer-onehot,VH_framework,K,0.0
Transformer-onehot,VH_framework,K,-0.013193423859775
Transformer-onehot,VH_framework,K,0.0
Transformer-onehot,VH_framework,K,-0.0043240287341177
Transformer-onehot,VH_framework,K,-0.0237007476389408
Transformer-onehot,VH_framework,K,-0.0119608044624328
Transformer-onehot,VH_framework,K,-0.0092800371348857
Transformer-onehot,VH_framework,K,0.0
Transformer-onehot,VH_framework,K,-0.0044785286299884
Transformer-onehot,VH_framework,K,-0.0179907418787479
Transformer-onehot,VH_framework,K,0.0
Transformer-onehot,VH_framework,K,-0.0188548192381858
Transformer-onehot,VH_framework,K,0.0
Transformer-onehot,VH_framework,K,-0.0068326308391988
Transformer-onehot,VH_framework,K,0.0
Transformer-onehot,VH_framework,K,-0.0195333622395992
Transformer-onehot,VH_framework,K,0.0
Transformer-onehot,VH_framework,K,-0.0055873370729386
Transformer-onehot,VH_framework,K,-0.0053664725273847
Transformer-onehot,VH_framework,K,0.0
Transformer-onehot,VH_framework,K,-0.0174628868699073
Transformer-onehot,VH_framework,K,-0.0272821951657533
Transformer-onehot,VH_framework,K,0.0
Transformer-onehot,VH_framework,K,-0.0044537908397614
Transformer-onehot,VH_framework,K,-0.0055637611076235
Transformer-onehot,VH_framework,K,0.0
Transformer-onehot,VH_framework,K,-0.0176648516207933
Transformer-onehot,VH_framework,K,0.0
Transformer-onehot,VH_framework,K,0.0
Transformer-onehot,VH_framework,K,0.0
Transformer-onehot,VH_framework,K,-0.0057834573090076
Transformer-onehot,VH_framework,K,-0.0070680980570614
Transformer-onehot,VH_framework,K,0.0
Transformer-onehot,VH_framework,K,-0.0120234228670597
Transformer-onehot,VH_framework,K,-0.0050376467406749
Transformer-onehot,VH_framework,K,-0.0059581967070698
Transformer-onehot,VH_framework,K,-0.0089052924886345
Transformer-onehot,VH_framework,K,-0.0042667752131819
Transformer-onehot,VH_framework,K,0.0
Transformer-onehot,VH_framework,K,0.0
Transformer-onehot,VH_framework,K,0.0
Transformer-onehot,VH_framework,K,-0.0059733400121331
Transformer-onehot,VH_framework,K,-0.0067268791608512
Transformer-onehot,VH_framework,K,-0.0062922043725848
Transformer-onehot,VH_framework,K,0.0
Transformer-onehot,VH_framework,K,-0.0047718281857669
Transformer-onehot,VH_framework,K,0.0
Transformer-onehot,VH_framework,K,0.0
Transformer-onehot,VH_framework,K,-0.0049571082927286
Transformer-onehot,VH_framework,K,-0.0075510856695473
Transformer-onehot,VH_framework,K,0.0
Transformer-onehot,VH_framework,K,-0.0056919245980679
Transformer-onehot,VH_framework,K,-0.021143116056919
Transformer-onehot,VH_framework,K,-0.0092164846137166
Transformer-onehot,VH_framework,K,-0.0125790135934948
Transformer-onehot,VH_framework,K,-0.0047194296494126
Transformer-onehot,VH_framework,K,0.0
Transformer-onehot,VH_framework,K,-0.0047493888996541
Transformer-onehot,VH_framework,K,-0.0170682612806558
Transformer-onehot,VH_framework,K,-0.018277795985341
Transformer-onehot,VH_framework,K,-0.0076411189511418
Transformer-onehot,VH_framework,K,0.0
Transformer-onehot,VH_framework,K,0.0
Transformer-onehot,VH_framework,K,-0.0126021467149257
Transformer-onehot,VH_framework,K,0.0
Transformer-onehot,VH_framework,K,0.0
Transformer-onehot,VH_framework,K,0.0
Transformer-onehot,VH_framework,K,0.0
Transformer-onehot,VH_framework,K,0.0
Transformer-onehot,VH_framework,K,-0.004558193963021
Transformer-onehot,VH_framework,K,-0.0075306077487766
Transformer-onehot,VH_framework,K,-0.0114862387999892
Transformer-onehot,VH_framework,K,-0.0048240073956549
Transformer-onehot,VH_framework,K,0.0
Transformer-onehot,VH_framework,K,0.0
Transformer-onehot,VH_framework,K,-0.0047080558724701
Transformer-onehot,VH_framework,K,-0.0048456573858857
Transformer-onehot,VH_framework,K,0.0
Transformer-onehot,VH_framework,K,0.0
Transformer-onehot,VH_framework,K,-0.0043258178047835
Transformer-onehot,VH_framework,K,0.0
Transformer-onehot,VH_framework,K,-0.0197309255599975
Transformer-onehot,VH_framework,K,0.0
Transformer-onehot,VH_framework,K,-0.0108019802719354
Transformer-onehot,VH_framework,K,0.0
Transformer-onehot,VH_framework,K,-0.0047582606784999
Transformer-onehot,VH_framework,K,0.0
Transformer-onehot,VH_framework,K,0.0
Transformer-onehot,VH_framework,K,0.0
Transformer-onehot,VH_framework,K,-0.0046323966234922
Transformer-onehot,VH_framework,K,0.0
Transformer-onehot,VH_framework,K,0.0
Transformer-onehot,VH_framework,K,-0.0177271980792284
Transformer-onehot,VH_framework,K,0.0
Transformer-onehot,VH_framework,K,-0.0070944330655038
Transformer-onehot,VH_framework,K,-0.0066970596089959
Transformer-onehot,VH_framework,K,-0.0048043229617178
Transformer-onehot,VH_framework,K,0.0
Transformer-onehot,VH_framework,K,-0.0053545157425105
Transformer-onehot,VH_framework,K,-0.0229963716119527
Transformer-onehot,VH_framework,K,0.0
Transformer-onehot,VH_framework,K,0.0
Transformer-onehot,VH_framework,K,-0.0055254530161619
Transformer-onehot,VH_framework,K,-0.0052424781024456
Transformer-onehot,VH_framework,K,0.0
Transformer-onehot,VH_framework,K,0.0
Transformer-onehot,VH_framework,K,-0.004959865938872
Transformer-onehot,VH_framework,K,0.0
Transformer-onehot,VH_framework,K,-0.0204988960176706
Transformer-onehot,VH_framework,K,0.0
Transformer-onehot,VH_framework,K,-0.0051651080138981
Transformer-onehot,VH_framework,K,-0.0130257084965705
Transformer-onehot,VH_framework,K,0.0
Transformer-onehot,VH_framework,K,0.0
Transformer-onehot,VH_framework,K,-0.0055157821625471
Transformer-onehot,VH_framework,K,-0.0060596507973968
Transformer-onehot,VH_framework,K,-0.0053472053259611
Transformer-onehot,VH_framework,K,-0.0057927160523831
Transformer-onehot,VH_framework,K,0.0
Transformer-onehot,VH_framework,K,0.0
Transformer-onehot,VH_framework,K,0.0
Transformer-onehot,VH_framework,K,-0.0046116597950458
Transformer-onehot,VH_framework,K,0.0
Transformer-onehot,VH_framework,K,0.0
Transformer-onehot,VH_framework,K,0.0
Transformer-onehot,VH_framework,K,-0.0225494541227817
Transformer-onehot,VH_framework,K,-0.004711776971817
Transformer-onehot,VH_framework,K,-0.0056578409858047
Transformer-onehot,VH_framework,K,-0.0167554542422294
Transformer-onehot,VH_framework,K,-0.0089891534298658
Transformer-onehot,VH_framework,K,0.0
Transformer-onehot,VH_framework,K,0.0
Transformer-onehot,VH_framework,K,0.0
Transformer-onehot,VH_framework,K,-0.0049045756459236
Transformer-onehot,VH_framework,K,0.0
Transformer-onehot,VH_framework,K,-0.0236136186867952
Transformer-onehot,VH_framework,K,-0.0214773043990135
Transformer-onehot,VH_framework,K,-0.0074793053790926
Transformer-onehot,VH_framework,K,0.0
Transformer-onehot,VH_framework,K,0.0
Transformer-onehot,VH_framework,K,0.0
Transformer-onehot,VH_framework,K,0.0
Transformer-onehot,VH_framework,K,-0.0051070735789835
Transformer-onehot,VH_framework,K,-0.0046971924602985
Transformer-onehot,VH_framework,K,-0.0055846720933914
Transformer-onehot,VH_framework,K,0.0
Transformer-onehot,VH_framework,K,-0.0071718590334057
Transformer-onehot,VH_framework,K,0.0
Transformer-onehot,VH_framework,K,-0.0091317351907491
Transformer-onehot,VH_framework,K,0.0
Transformer-onehot,VH_framework,K,-0.0049756430089473
Transformer-onehot,VH_framework,K,-0.0091116838157176
Transformer-onehot,VH_framework,K,0.0
Transformer-onehot,VH_framework,K,0.0
Transformer-onehot,VH_framework,K,0.0
Transformer-onehot,VH_framework,K,-0.0202987007796764
Transformer-onehot,VH_framework,K,-0.024596931412816
Transformer-onehot,VH_framework,K,-0.0159913320094347
Transformer-onehot,VH_framework,K,0.0
Transformer-onehot,VH_framework,K,0.0
Transformer-onehot,VH_framework,K,-0.0232778489589691
Transformer-onehot,VH_framework,K,-0.0170016475021839
Transformer-onehot,VH_framework,K,-0.0117084803059697
Transformer-onehot,VH_framework,K,0.0
Transformer-onehot,VH_framework,K,-0.0045764031819999
Transformer-onehot,VH_framework,K,0.0
Transformer-onehot,VH_framework,K,-0.0049888091161847
Transformer-onehot,VH_framework,K,0.0
Transformer-onehot,VH_framework,K,-0.0050825062207877
Transformer-onehot,VH_framework,K,-0.0088071329519152
Transformer-onehot,VH_framework,K,0.0
Transformer-onehot,VH_framework,K,-0.01398098282516
Transformer-onehot,VH_framework,K,0.0
Transformer-onehot,VH_framework,K,0.0
Transformer-onehot,VH_framework,K,-0.006231817882508
Transformer-onehot,VH_framework,K,0.0
Transformer-onehot,VH_framework,K,-0.0058559346944093
Transformer-onehot,VH_framework,K,-0.0129780136048793
Transformer-onehot,VH_framework,K,-0.0046619097702205
Transformer-onehot,VH_framework,K,-0.0155173763632774
Transformer-onehot,VH_framework,K,-0.0081097474321722
Transformer-onehot,VH_framework,K,0.0
Transformer-onehot,VH_framework,K,-0.0060538342222571
Transformer-onehot,VH_framework,K,-0.0054101650603115
Transformer-onehot,VH_framework,K,0.0
Transformer-onehot,VH_framework,K,0.0
Transformer-onehot,VH_framework,K,-0.009614354930818
Transformer-onehot,VH_framework,K,-0.005014325492084
Transformer-onehot,VH_framework,K,0.0
Transformer-onehot,VH_framework,K,0.0
Transformer-onehot,VH_framework,K,0.0
Transformer-onehot,VH_framework,K,-0.0068666320294141
Transformer-onehot,VH_framework,K,0.0
Transformer-onehot,VH_framework,K,0.0
Transformer-onehot,VH_framework,K,-0.0163539312779903
Transformer-onehot,VH_framework,K,0.0
Transformer-onehot,VH_framework,K,-0.0194531250745058
Transformer-onehot,VH_framework,K,0.0
Transformer-onehot,VH_framework,K,-0.0231091026216745
Transformer-onehot,VH_framework,K,0.0
Transformer-onehot,VH_framework,K,-0.0160375759005546
Transformer-onehot,VH_framework,K,0.0
Transformer-onehot,VH_framework,K,-0.0204310435801744
Transformer-onehot,VH_framework,K,0.0
Transformer-onehot,VH_framework,K,0.0
Transformer-onehot,VH_framework,K,0.0
Transformer-onehot,VH_framework,K,0.0
Transformer-onehot,VH_framework,K,-0.0182234179228544
Transformer-onehot,VH_framework,K,0.0
Transformer-onehot,VH_framework,K,0.0
Transformer-onehot,VH_framework,K,-0.0138018270954489
Transformer-onehot,VH_framework,K,0.0
Transformer-onehot,VH_framework,K,-0.0166615042835474
Transformer-onehot,VH_framework,K,-0.0204398334026336
Transformer-onehot,VH_framework,K,0.0
Transformer-onehot,VH_framework,K,0.0
Transformer-onehot,VH_framework,K,0.0
Transformer-onehot,VH_framework,K,0.0
Transformer-onehot,VH_framework,K,0.0
Transformer-onehot,VH_framework,K,0.0
Transformer-onehot,VH_framework,K,-0.0232184194028377
Transformer-onehot,VH_framework,K,0.0
Transformer-onehot,VH_framework,K,0.0
Transformer-onehot,VH_framework,K,-0.0135117853060364
Transformer-onehot,VH_framework,K,0.0
Transformer-onehot,VH_framework,K,0.0
Transformer-onehot,VH_framework,K,-0.0247567221522331
Transformer-onehot,VH_framework,K,-0.0193416513502597
Transformer-onehot,VH_framework,K,-0.0181646421551704
Transformer-onehot,VH_framework,K,0.0
Transformer-onehot,VH_framework,K,0.0
Transformer-onehot,VH_framework,K,-0.0183618161827325
Transformer-onehot,VH_framework,K,-0.0225477665662765
Transformer-onehot,VH_framework,K,0.0
Transformer-onehot,VH_framework,K,-0.027629978954792
Transformer-onehot,VH_framework,K,-0.0213020239025354
Transformer-onehot,VH_framework,K,-0.0072108404710888
Transformer-onehot,VH_framework,K,-0.016650142148137
Transformer-onehot,VH_framework,K,0.0
Transformer-onehot,VH_framework,K,-0.0219678040593862
Transformer-onehot,VH_framework,K,-0.021463293582201
Transformer-onehot,VH_framework,K,0.0
Transformer-onehot,VH_framework,K,0.0
Transformer-onehot,VH_framework,K,0.0
Transformer-onehot,VH_framework,K,0.0
Transformer-onehot,VH_framework,K,0.0
Transformer-onehot,VH_framework,K,0.0
Transformer-onehot,VH_framework,K,0.0
Transformer-onehot,VH_framework,K,-0.0230431463569402
Transformer-onehot,VH_framework,K,0.0
Transformer-onehot,VH_framework,K,-0.0208387356251478
Transformer-onehot,VH_framework,K,-0.0184875763952732
Transformer-onehot,VH_framework,K,0.0
Transformer-onehot,VH_framework,K,0.0
Transformer-onehot,VH_framework,K,-0.0221629068255424
Transformer-onehot,VH_framework,K,0.0
Transformer-onehot,VH_framework,K,-0.0231002960354089
Transformer-onehot,VH_framework,K,0.0
Transformer-onehot,VH_framework,K,-0.0202057175338268
Transformer-onehot,VH_framework,K,0.0
Transformer-onehot,VH_framework,K,0.0
Transformer-onehot,VH_framework,K,-0.0215355679392814
Transformer-onehot,VH_framework,K,-0.0247591398656368
Transformer-onehot,VH_framework,K,0.0
Transformer-onehot,VH_framework,K,0.0
Transformer-onehot,VH_framework,K,0.0
Transformer-onehot,VH_framework,K,-0.025407338514924
Transformer-onehot,VH_framework,K,0.0
Transformer-onehot,VH_framework,K,0.0
Transformer-onehot,VH_framework,K,0.0
Transformer-onehot,VH_framework,K,-0.0193824116140604
Transformer-onehot,VH_framework,K,0.0
Transformer-onehot,VH_framework,K,-0.0174778122454881
Transformer-onehot,VH_framework,K,0.0
Transformer-onehot,VH_framework,K,-0.0231511052697896
Transformer-onehot,VH_framework,K,0.0
Transformer-onehot,VH_framework,K,-0.022897332906723
Transformer-onehot,VH_framework,K,0.0
Transformer-onehot,VH_framework,K,0.0
Transformer-onehot,VH_framework,K,0.0
Transformer-onehot,VH_framework,K,-0.019487626850605
Transformer-onehot,VH_framework,K,-0.0236331224441528
Transformer-onehot,VH_framework,K,0.0
Transformer-onehot,VH_framework,K,-0.0144695825874805
Transformer-onehot,VH_framework,K,0.0
Transformer-onehot,VH_framework,K,0.0
Transformer-onehot,VH_framework,K,-0.0214539468288421
Transformer-onehot,VH_framework,K,0.0
Transformer-onehot,VH_framework,K,0.0
Transformer-onehot,VH_framework,K,-0.0074687735177576
Transformer-onehot,VH_framework,K,0.0
Transformer-onehot,VH_framework,K,-0.0208579711616039
Transformer-onehot,VH_framework,K,0.0
Transformer-onehot,VH_framework,K,0.0
Transformer-onehot,VH_framework,K,-0.0171200204640626
Transformer-onehot,VH_framework,K,0.0
Transformer-onehot,VH_framework,K,0.0
Transformer-onehot,VH_framework,K,0.0
Transformer-onehot,VH_framework,K,-0.0167258772999048
Transformer-onehot,VH_framework,K,0.0
Transformer-onehot,VH_framework,K,0.0
Transformer-onehot,VH_framework,K,-0.0223385281860828
Transformer-onehot,VH_framework,K,0.0
Transformer-onehot,VH_framework,K,0.0
Transformer-onehot,VH_framework,K,0.0
Transformer-onehot,VH_framework,K,0.0
Transformer-onehot,VH_framework,K,0.0
Transformer-onehot,VH_framework,K,-0.0135610634461045
Transformer-onehot,VH_framework,K,-0.0186712425202131
Transformer-onehot,VH_framework,K,-0.0198370050638914
Transformer-onehot,VH_framework,K,0.0
Transformer-onehot,VH_framework,K,0.0
Transformer-onehot,VH_framework,K,0.0
Transformer-onehot,VH_framework,K,0.0
Transformer-onehot,VH_framework,K,-0.0117980176582932
Transformer-onehot,VH_framework,K,-0.020801356062293
Transformer-onehot,VH_framework,K,0.0
Transformer-onehot,VH_framework,K,0.0
Transformer-onehot,VH_framework,K,-0.0218769852072
Transformer-onehot,VH_framework,K,0.0
Transformer-onehot,VH_framework,K,0.0
Transformer-onehot,VH_framework,K,-0.019298804923892
Transformer-onehot,VH_framework,K,0.0
Transformer-onehot,VH_framework,K,0.0
Transformer-onehot,VH_framework,K,-0.0244205631315708
Transformer-onehot,VH_framework,K,0.0
Transformer-onehot,VH_framework,K,0.0
Transformer-onehot,VH_framework,K,0.0
Transformer-onehot,VH_framework,K,-0.0196487922221422
Transformer-onehot,VH_framework,K,0.0
Transformer-onehot,VH_framework,K,-0.0165447518229484
Transformer-onehot,VH_framework,K,-0.0243077017366886
Transformer-onehot,VH_framework,K,0.0
Transformer-onehot,VH_framework,K,0.0
Transformer-onehot,VH_framework,K,0.0
Transformer-onehot,VH_framework,K,0.0
Transformer-onehot,VH_framework,K,0.0
Transformer-onehot,VH_framework,K,0.0
Transformer-onehot,VH_framework,K,-0.0185193940997123
Transformer-onehot,VH_framework,K,-0.0237628575414419
Transformer-onehot,VH_framework,K,-0.0220725778490304
Transformer-onehot,VH_framework,K,0.0
Transformer-onehot,VH_framework,K,-0.0190930888056755
Transformer-onehot,VH_framework,K,0.0
Transformer-onehot,VH_framework,K,-0.0080156400799751
Transformer-onehot,VH_framework,K,0.0
Transformer-onehot,VH_framework,K,-0.0200114231556653
Transformer-onehot,VH_framework,K,0.0
Transformer-onehot,VH_framework,K,0.0
Transformer-onehot,VH_framework,K,-0.0261272490024566
Transformer-onehot,VH_framework,K,0.0
Transformer-onehot,VH_framework,K,-0.0239405538886785
Transformer-onehot,VH_framework,K,-0.019325902685523
Transformer-onehot,VH_framework,K,0.0
Transformer-onehot,VH_framework,K,0.0
Transformer-onehot,VH_framework,K,0.0
Transformer-onehot,VH_framework,K,-0.0228590704500675
Transformer-onehot,VH_framework,K,-0.0207722950726747
Transformer-onehot,VH_framework,K,-0.0168922767043113
Transformer-onehot,VH_framework,K,0.0
Transformer-onehot,VH_framework,K,-0.0178315080702304
Transformer-onehot,VH_framework,K,0.0
Transformer-onehot,VH_framework,K,-0.015137393027544
Transformer-onehot,VH_framework,K,0.0
Transformer-onehot,VH_framework,K,0.0
Transformer-onehot,VH_framework,K,0.0
Transformer-onehot,VH_framework,K,-0.0214524436742067
Transformer-onehot,VH_framework,K,-0.0236145295202732
Transformer-onehot,VH_framework,K,-0.0214317236095666
Transformer-onehot,VH_framework,K,0.0
Transformer-onehot,VH_framework,K,0.0
Transformer-onehot,VH_framework,K,0.0
Transformer-onehot,VH_framework,K,0.0
Transformer-onehot,VH_framework,K,0.0
Transformer-onehot,VH_framework,K,0.0
Transformer-onehot,VH_framework,K,-0.0229522585868835
Transformer-onehot,VH_framework,K,0.0
Transformer-onehot,VH_framework,K,-0.0192277748137712
Transformer-onehot,VH_framework,K,-0.0235945582389831
Transformer-onehot,VH_framework,K,0.0
Transformer-onehot,VH_framework,K,0.0
Transformer-onehot,VH_framework,K,-0.0203199498355388
Transformer-onehot,VH_framework,K,0.0
Transformer-onehot,VH_framework,K,-0.0192098245024681
Transformer-onehot,VH_framework,K,-0.0210681371390819
Transformer-onehot,VH_framework,K,-0.0235925745218992
Transformer-onehot,VH_framework,K,-0.0211176164448261
Transformer-onehot,VH_framework,K,0.0
Transformer-onehot,VH_framework,K,-0.0156054953113198
Transformer-onehot,VH_framework,K,0.0
Transformer-onehot,VH_framework,K,0.0
Transformer-onehot,VH_framework,K,0.0
Transformer-onehot,VH_framework,K,0.0
Transformer-onehot,VH_framework,K,0.0
Transformer-onehot,VH_framework,K,-0.0217259805649518
Transformer-onehot,VH_framework,K,0.0
Transformer-onehot,VH_framework,K,0.0
Transformer-onehot,VH_framework,K,0.0
Transformer-onehot,VH_framework,K,0.0
Transformer-onehot,VH_framework,K,-0.0198652073740959
Transformer-onehot,VH_framework,K,0.0
Transformer-onehot,VH_framework,K,-0.021074092015624
Transformer-onehot,VH_framework,K,-0.0241347718983888
Transformer-onehot,VH_framework,K,-0.0147896995767951
Transformer-onehot,VH_framework,K,0.0
Transformer-onehot,VH_framework,K,-0.0235198456794023
Transformer-onehot,VH_framework,K,0.0
Transformer-onehot,VH_framework,K,-0.025734482333064
Transformer-onehot,VH_framework,K,0.0
Transformer-onehot,VH_framework,K,0.0
Transformer-onehot,VH_framework,K,0.0
Transformer-onehot,VH_framework,K,-0.0231786035001277
Transformer-onehot,VH_framework,K,-0.0175547339022159
Transformer-onehot,VH_framework,K,-0.0200893450528383
Transformer-onehot,VH_framework,K,-0.0243529509752988
Transformer-onehot,VH_framework,K,-0.0206075683236122
Transformer-onehot,VH_framework,K,0.0
Transformer-onehot,VH_framework,K,-0.0220697615295648
Transformer-onehot,VH_framework,K,0.0
Transformer-onehot,VH_framework,K,-0.0155747793614864
Transformer-onehot,VH_framework,K,0.0
Transformer-onehot,VH_framework,K,-0.0176877863705158
Transformer-onehot,VH_framework,K,0.0
Transformer-onehot,VH_framework,K,-0.0258657429367303
Transformer-onehot,VH_framework,K,-0.0197831615805625
Transformer-onehot,VH_framework,K,-0.0240216199308633
Transformer-onehot,VH_framework,K,0.0
Transformer-onehot,VH_framework,K,-0.0210721436887979
Transformer-onehot,VH_framework,K,0.0
Transformer-onehot,VH_framework,K,0.0
Transformer-onehot,VH_framework,K,0.0
Transformer-onehot,VH_framework,K,-0.0203121956437826
Transformer-onehot,VH_framework,K,-0.0221133138984441
Transformer-onehot,VH_framework,K,-0.0139213297516107
Transformer-onehot,VH_framework,K,0.0
Transformer-onehot,VH_framework,K,0.0
Transformer-onehot,VH_framework,K,0.0
Transformer-onehot,VH_framework,K,0.0
Transformer-onehot,VH_framework,K,-0.0169889740645885
Transformer-onehot,VH_framework,K,0.0
Transformer-onehot,VH_framework,K,-0.0201466903090477
Transformer-onehot,VH_framework,K,0.0
Transformer-onehot,VH_framework,K,0.0
Transformer-onehot,VH_framework,K,0.0
Transformer-onehot,VH_framework,K,0.0
Transformer-onehot,VH_framework,K,0.0
Transformer-onehot,VH_framework,L,0.0458056554198265
Transformer-onehot,VH_framework,L,0.043650884181261
Transformer-onehot,VH_framework,L,0.017966266721487
Transformer-onehot,VH_framework,L,0.0189488902688026
Transformer-onehot,VH_framework,L,0.0448457784950733
Transformer-onehot,VH_framework,L,0.0382651388645172
Transformer-onehot,VH_framework,L,0.0175414513796567
Transformer-onehot,VH_framework,L,0.018148997798562
Transformer-onehot,VH_framework,L,0.0446230471134185
Transformer-onehot,VH_framework,L,0.0269355364143848
Transformer-onehot,VH_framework,L,0.0458866171538829
Transformer-onehot,VH_framework,L,0.0248858034610748
Transformer-onehot,VH_framework,L,0.043850515037775
Transformer-onehot,VH_framework,L,0.0198405683040618
Transformer-onehot,VH_framework,L,0.0214302167296409
Transformer-onehot,VH_framework,L,0.0503036044538021
Transformer-onehot,VH_framework,L,0.0188888181000947
Transformer-onehot,VH_framework,L,0.0191756039857864
Transformer-onehot,VH_framework,L,0.0425783619284629
Transformer-onehot,VH_framework,L,0.0614891834557056
Transformer-onehot,VH_framework,L,0.0183890163898468
Transformer-onehot,VH_framework,L,0.0414737313985824
Transformer-onehot,VH_framework,L,0.0180529411882162
Transformer-onehot,VH_framework,L,0.0268849749118089
Transformer-onehot,VH_framework,L,0.0466296076774597
Transformer-onehot,VH_framework,L,0.0408971272408962
Transformer-onehot,VH_framework,L,0.020732145756483
Transformer-onehot,VH_framework,L,0.1066594496369361
Transformer-onehot,VH_framework,L,0.0226244498044252
Transformer-onehot,VH_framework,L,0.0430365428328514
Transformer-onehot,VH_framework,L,0.0463689416646957
Transformer-onehot,VH_framework,L,0.061445266008377
Transformer-onehot,VH_framework,L,0.0453973114490509
Transformer-onehot,VH_framework,L,0.1094685271382331
Transformer-onehot,VH_framework,L,0.0165709592401981
Transformer-onehot,VH_framework,L,0.043553702533245
Transformer-onehot,VH_framework,L,0.0460328012704849
Transformer-onehot,VH_framework,L,0.0214975476264953
Transformer-onehot,VH_framework,L,0.0434793457388877
Transformer-onehot,VH_framework,L,0.0245147086679935
Transformer-onehot,VH_framework,L,0.0236943624913692
Transformer-onehot,VH_framework,L,0.0633816123008728
Transformer-onehot,VH_framework,L,0.0475624836981296
Transformer-onehot,VH_framework,L,0.0452568382024765
Transformer-onehot,VH_framework,L,0.2089309394359588
Transformer-onehot,VH_framework,L,0.0348603539168834
Transformer-onehot,VH_framework,L,0.0299067087471485
Transformer-onehot,VH_framework,L,0.026166807860136
Transformer-onehot,VH_framework,L,0.0170259661972522
Transformer-onehot,VH_framework,L,0.0166108552366495
Transformer-onehot,VH_framework,L,0.0470016002655029
Transformer-onehot,VH_framework,L,0.0629168376326561
Transformer-onehot,VH_framework,L,0.0172500424087047
Transformer-onehot,VH_framework,L,0.0182179622352123
Transformer-onehot,VH_framework,L,0.0468092449009418
Transformer-onehot,VH_framework,L,0.0393139533698558
Transformer-onehot,VH_framework,L,0.1640354543924331
Transformer-onehot,VH_framework,L,0.0167205296456813
Transformer-onehot,VH_framework,L,0.0427395030856132
Transformer-onehot,VH_framework,L,0.036770686507225
Transformer-onehot,VH_framework,L,0.0299901701509952
Transformer-onehot,VH_framework,L,0.0464558340609073
Transformer-onehot,VH_framework,L,0.0174000579863786
Transformer-onehot,VH_framework,L,0.089934766292572
Transformer-onehot,VH_framework,L,0.0479293875396251
Transformer-onehot,VH_framework,L,0.0451826825737953
Transformer-onehot,VH_framework,L,0.0546423308551311
Transformer-onehot,VH_framework,L,0.0252806767821311
Transformer-onehot,VH_framework,L,0.0549150146543979
Transformer-onehot,VH_framework,L,0.0463128685951232
Transformer-onehot,VH_framework,L,0.0569667778909206
Transformer-onehot,VH_framework,L,0.0199769213795661
Transformer-onehot,VH_framework,L,0.0194877870380878
Transformer-onehot,VH_framework,L,0.0442221760749816
Transformer-onehot,VH_framework,L,0.0942388102412223
Transformer-onehot,VH_framework,L,0.045562494546175
Transformer-onehot,VH_framework,L,0.1651399731636047
Transformer-onehot,VH_framework,L,0.0175307691097259
Transformer-onehot,VH_framework,L,0.0204803422093391
Transformer-onehot,VH_framework,L,0.0470390208065509
Transformer-onehot,VH_framework,L,0.0417246706783771
Transformer-onehot,VH_framework,L,0.0426850393414497
Transformer-onehot,VH_framework,L,0.0402907319366931
Transformer-onehot,VH_framework,L,0.0537064038217067
Transformer-onehot,VH_framework,L,0.020723108202219
Transformer-onehot,VH_framework,L,0.0260054171085357
Transformer-onehot,VH_framework,L,0.0691317319869995
Transformer-onehot,VH_framework,L,0.0334849171340465
Transformer-onehot,VH_framework,L,0.0185278262943029
Transformer-onehot,VH_framework,L,0.0206915363669395
Transformer-onehot,VH_framework,L,0.0309769958257675
Transformer-onehot,VH_framework,L,0.0165228992700576
Transformer-onehot,VH_framework,L,0.0461890622973442
Transformer-onehot,VH_framework,L,0.0479417219758033
Transformer-onehot,VH_framework,L,0.0590830594301223
Transformer-onehot,VH_framework,L,0.0228538513183593
Transformer-onehot,VH_framework,L,0.0236994735896587
Transformer-onehot,VH_framework,L,0.0222790893167257
Transformer-onehot,VH_framework,L,0.0813779532909393
Transformer-onehot,VH_framework,L,0.017917975783348
Transformer-onehot,VH_framework,L,0.0460169836878776
Transformer-onehot,VH_framework,L,0.0469724088907241
Transformer-onehot,VH_framework,L,0.0187671016901731
Transformer-onehot,VH_framework,L,0.0247268006205558
Transformer-onehot,VH_framework,L,0.0663109421730041
Transformer-onehot,VH_framework,L,0.0212485790252685
Transformer-onehot,VH_framework,L,0.1258953809738159
Transformer-onehot,VH_framework,L,0.0332109183073043
Transformer-onehot,VH_framework,L,0.0391631126403808
Transformer-onehot,VH_framework,L,0.0176753811538219
Transformer-onehot,VH_framework,L,0.0488848090171813
Transformer-onehot,VH_framework,L,0.0178416650742292
Transformer-onehot,VH_framework,L,0.0963152721524238
Transformer-onehot,VH_framework,L,0.0461331829428672
Transformer-onehot,VH_framework,L,0.0237909853458404
Transformer-onehot,VH_framework,L,0.0415943711996078
Transformer-onehot,VH_framework,L,0.0479495711624622
Transformer-onehot,VH_framework,L,0.0391023308038711
Transformer-onehot,VH_framework,L,0.0442545786499977
Transformer-onehot,VH_framework,L,0.0424142405390739
Transformer-onehot,VH_framework,L,0.0457794815301895
Transformer-onehot,VH_framework,L,0.1543938815593719
Transformer-onehot,VH_framework,L,0.0447975918650627
Transformer-onehot,VH_framework,L,0.0175485964864492
Transformer-onehot,VH_framework,L,0.0267828814685344
Transformer-onehot,VH_framework,L,0.0368985459208488
Transformer-onehot,VH_framework,L,0.0182539001107215
Transformer-onehot,VH_framework,L,0.0507194735109806
Transformer-onehot,VH_framework,L,0.0846867114305496
Transformer-onehot,VH_framework,L,0.0257534813135862
Transformer-onehot,VH_framework,L,0.0181579440832138
Transformer-onehot,VH_framework,L,0.0400263778865337
Transformer-onehot,VH_framework,L,0.0561697296798229
Transformer-onehot,VH_framework,L,0.0166882369667291
Transformer-onehot,VH_framework,L,0.0505938790738582
Transformer-onehot,VH_framework,L,0.0447421744465827
Transformer-onehot,VH_framework,L,0.0629759281873703
Transformer-onehot,VH_framework,L,0.0311626158654689
Transformer-onehot,VH_framework,L,0.1368569731712341
Transformer-onehot,VH_framework,L,0.0177569109946489
Transformer-onehot,VH_framework,L,0.0422171726822853
Transformer-onehot,VH_framework,L,0.044834841042757
Transformer-onehot,VH_framework,L,0.0632019713521003
Transformer-onehot,VH_framework,L,0.0177760887891054
Transformer-onehot,VH_framework,L,0.044154155999422
Transformer-onehot,VH_framework,L,0.0558838099241256
Transformer-onehot,VH_framework,L,0.041771475225687
Transformer-onehot,VH_framework,L,0.0636613219976425
Transformer-onehot,VH_framework,L,0.0227597877383232
Transformer-onehot,VH_framework,L,0.0224905107170343
Transformer-onehot,VH_framework,L,0.0179835800081491
Transformer-onehot,VH_framework,L,0.0450480207800865
Transformer-onehot,VH_framework,L,0.0297095756977796
Transformer-onehot,VH_framework,L,0.0425228998064994
Transformer-onehot,VH_framework,L,0.0909794569015502
Transformer-onehot,VH_framework,L,0.0707078948616981
Transformer-onehot,VH_framework,L,0.0198280662298202
Transformer-onehot,VH_framework,L,0.0191081427037715
Transformer-onehot,VH_framework,L,0.0489652715623378
Transformer-onehot,VH_framework,L,0.057011853903532
Transformer-onehot,VH_framework,L,0.0187538210302591
Transformer-onehot,VH_framework,L,0.0479133687913417
Transformer-onehot,VH_framework,L,0.0435978919267654
Transformer-onehot,VH_framework,L,0.0441570803523063
Transformer-onehot,VH_framework,L,0.0190083682537078
Transformer-onehot,VH_framework,L,0.0407571196556091
Transformer-onehot,VH_framework,L,0.0491678193211555
Transformer-onehot,VH_framework,L,0.0427420772612094
Transformer-onehot,VH_framework,L,0.0197092127054929
Transformer-onehot,VH_framework,L,0.0234326049685478
Transformer-onehot,VH_framework,L,0.0196186527609825
Transformer-onehot,VH_framework,L,0.0218870639801025
Transformer-onehot,VH_framework,L,0.0423745922744274
Transformer-onehot,VH_framework,L,0.0515611916780471
Transformer-onehot,VH_framework,L,0.0456321947276592
Transformer-onehot,VH_framework,L,0.0174371730536222
Transformer-onehot,VH_framework,L,0.0437837801873683
Transformer-onehot,VH_framework,L,0.0400140136480331
Transformer-onehot,VH_framework,L,0.054392009973526
Transformer-onehot,VH_framework,L,0.0427095368504524
Transformer-onehot,VH_framework,L,0.0176636073738336
Transformer-onehot,VH_framework,L,0.0217985603958368
Transformer-onehot,VH_framework,L,0.0402668863534927
Transformer-onehot,VH_framework,L,0.0307342074811458
Transformer-onehot,VH_framework,L,0.0505544655025005
Transformer-onehot,VH_framework,L,0.0438137203454971
Transformer-onehot,VH_framework,L,0.1255871802568435
Transformer-onehot,VH_framework,L,0.0182090830057859
Transformer-onehot,VH_framework,L,0.0771214663982391
Transformer-onehot,VH_framework,L,0.045415248721838
Transformer-onehot,VH_framework,L,0.0432544648647308
Transformer-onehot,VH_framework,L,0.0271719489246606
Transformer-onehot,VH_framework,L,0.121340125799179
Transformer-onehot,VH_framework,L,0.047490581870079
Transformer-onehot,VH_framework,L,0.0713168308138847
Transformer-onehot,VH_framework,L,0.0542066767811775
Transformer-onehot,VH_framework,L,0.0191704705357551
Transformer-onehot,VH_framework,L,0.0176308862864971
Transformer-onehot,VH_framework,L,0.020056128501892
Transformer-onehot,VH_framework,L,0.0942783206701278
Transformer-onehot,VH_framework,L,0.0239157304167747
Transformer-onehot,VH_framework,L,0.1504098773002624
Transformer-onehot,VH_framework,L,0.0477381348609924
Transformer-onehot,VH_framework,L,0.0526291131973266
Transformer-onehot,VH_framework,L,0.0182728953659534
Transformer-onehot,VH_framework,L,0.0322719030082225
Transformer-onehot,VH_framework,L,0.0451374799013137
Transformer-onehot,VH_framework,L,0.0421819314360618
Transformer-onehot,VH_framework,L,0.0561404265463352
Transformer-onehot,VH_framework,L,0.115237072110176
Transformer-onehot,VH_framework,L,0.0438689365983009
Transformer-onehot,VH_framework,L,0.0404364392161369
Transformer-onehot,VH_framework,L,0.0892463102936744
Transformer-onehot,VH_framework,L,0.0431429296731948
Transformer-onehot,VH_framework,L,0.0433138497173786
Transformer-onehot,VH_framework,L,0.0442145988345146
Transformer-onehot,VH_framework,L,0.0378493219614028
Transformer-onehot,VH_framework,L,0.0442260913550853
Transformer-onehot,VH_framework,L,0.017324524000287
Transformer-onehot,VH_framework,L,0.0768096297979354
Transformer-onehot,VH_framework,L,0.0269724000245332
Transformer-onehot,VH_framework,L,0.0466853268444538
Transformer-onehot,VH_framework,L,0.0282811727374792
Transformer-onehot,VH_framework,L,0.0306489057838916
Transformer-onehot,VH_framework,L,0.0609010159969329
Transformer-onehot,VH_framework,L,0.0390868633985519
Transformer-onehot,VH_framework,L,0.0439772009849548
Transformer-onehot,VH_framework,L,0.0498061627149581
Transformer-onehot,VH_framework,L,0.0235556028783321
Transformer-onehot,VH_framework,L,0.0744115486741066
Transformer-onehot,VH_framework,L,0.0209786649793386
Transformer-onehot,VH_framework,L,0.0396221280097961
Transformer-onehot,VH_framework,L,0.0174980796873569
Transformer-onehot,VH_framework,L,0.0420646369457244
Transformer-onehot,VH_framework,L,0.026316575706005
Transformer-onehot,VH_framework,L,0.0477990135550498
Transformer-onehot,VH_framework,L,0.0225405097007751
Transformer-onehot,VH_framework,L,0.0200327672064304
Transformer-onehot,VH_framework,L,0.0446435175836086
Transformer-onehot,VH_framework,L,0.0471295490860939
Transformer-onehot,VH_framework,L,0.0343361534178257
Transformer-onehot,VH_framework,L,0.0185153074562549
Transformer-onehot,VH_framework,L,0.0447135902941226
Transformer-onehot,VH_framework,L,0.0508830957114696
Transformer-onehot,VH_framework,L,0.0411405339837074
Transformer-onehot,VH_framework,L,0.0231210179626941
Transformer-onehot,VH_framework,L,0.0468128323554992
Transformer-onehot,VH_framework,L,0.1235739514231681
Transformer-onehot,VH_framework,L,0.045354776084423
Transformer-onehot,VH_framework,L,0.0445833057165145
Transformer-onehot,VH_framework,L,0.1088979467749595
Transformer-onehot,VH_framework,L,0.1857089847326278
Transformer-onehot,VH_framework,L,0.0438604354858398
Transformer-onehot,VH_framework,L,0.1982356160879135
Transformer-onehot,VH_framework,L,0.0801769867539405
Transformer-onehot,VH_framework,L,0.1673218756914138
Transformer-onehot,VH_framework,L,0.0425384379923343
Transformer-onehot,VH_framework,L,0.1786869466304779
Transformer-onehot,VH_framework,L,0.2029211074113845
Transformer-onehot,VH_framework,L,0.1666922271251678
Transformer-onehot,VH_framework,L,0.1807270348072052
Transformer-onehot,VH_framework,L,0.0426253750920295
Transformer-onehot,VH_framework,L,0.1278489530086517
Transformer-onehot,VH_framework,L,0.2066830694675445
Transformer-onehot,VH_framework,L,0.0415458604693412
Transformer-onehot,VH_framework,L,0.1896547079086303
Transformer-onehot,VH_framework,L,0.0415658690035343
Transformer-onehot,VH_framework,L,0.1201129630208015
Transformer-onehot,VH_framework,L,0.1963911652565002
Transformer-onehot,VH_framework,L,0.2067905366420745
Transformer-onehot,VH_framework,L,0.1803527474403381
Transformer-onehot,VH_framework,L,0.1734247505664825
Transformer-onehot,VH_framework,L,0.1697788387537002
Transformer-onehot,VH_framework,L,0.1532880067825317
Transformer-onehot,VH_framework,L,0.0445484444499015
Transformer-onehot,VH_framework,L,0.1617542952299118
Transformer-onehot,VH_framework,L,0.2022135704755783
Transformer-onehot,VH_framework,L,0.0376802161335945
Transformer-onehot,VH_framework,L,0.2418872565031051
Transformer-onehot,VH_framework,L,0.1401793658733368
Transformer-onehot,VH_framework,L,0.0432301759719848
Transformer-onehot,VH_framework,L,0.0445916354656219
Transformer-onehot,VH_framework,L,0.0454282015562057
Transformer-onehot,VH_framework,L,0.1841040104627609
Transformer-onehot,VH_framework,L,0.1422457098960876
Transformer-onehot,VH_framework,L,0.0938022881746292
Transformer-onehot,VH_framework,L,0.0440860614180564
Transformer-onehot,VH_framework,L,0.1663247048854828
Transformer-onehot,VH_framework,L,0.0448558330535888
Transformer-onehot,VH_framework,L,0.0430775061249733
Transformer-onehot,VH_framework,L,0.1212117671966552
Transformer-onehot,VH_framework,L,0.0401920266449451
Transformer-onehot,VH_framework,L,0.1868787854909896
Transformer-onehot,VH_framework,L,0.0442467331886291
Transformer-onehot,VH_framework,L,0.043088499456644
Transformer-onehot,VH_framework,L,0.1320932209491729
Transformer-onehot,VH_framework,L,0.1671013981103897
Transformer-onehot,VH_framework,L,0.1417429447174072
Transformer-onehot,VH_framework,L,0.1341941505670547
Transformer-onehot,VH_framework,L,0.1482938528060913
Transformer-onehot,VH_framework,L,0.1105552166700363
Transformer-onehot,VH_framework,L,0.1731706261634826
Transformer-onehot,VH_framework,L,0.0436483062803745
Transformer-onehot,VH_framework,L,0.1220284402370452
Transformer-onehot,VH_framework,L,0.0448656901717186
Transformer-onehot,VH_framework,L,0.0454728193581104
Transformer-onehot,VH_framework,L,0.2017421722412109
Transformer-onehot,VH_framework,L,0.1373067498207092
Transformer-onehot,VH_framework,L,0.0428610406816005
Transformer-onehot,VH_framework,L,0.1575305610895156
Transformer-onehot,VH_framework,L,0.1506345272064209
Transformer-onehot,VH_framework,L,0.2010280787944793
Transformer-onehot,VH_framework,L,0.1245895847678184
Transformer-onehot,VH_framework,L,0.1270153522491455
Transformer-onehot,VH_framework,L,0.1717322319746017
Transformer-onehot,VH_framework,L,0.0436011627316474
Transformer-onehot,VH_framework,L,0.0437846556305885
Transformer-onehot,VH_framework,L,0.1852753609418869
Transformer-onehot,VH_framework,L,0.1663714498281479
Transformer-onehot,VH_framework,L,0.1842487454414367
Transformer-onehot,VH_framework,L,0.0435447543859481
Transformer-onehot,VH_framework,L,0.1816717982292175
Transformer-onehot,VH_framework,L,0.2373528480529785
Transformer-onehot,VH_framework,L,0.2135939002037048
Transformer-onehot,VH_framework,L,0.105161041021347
Transformer-onehot,VH_framework,L,0.1724815219640731
Transformer-onehot,VH_framework,L,0.0967005118727684
Transformer-onehot,VH_framework,L,0.1801091730594635
Transformer-onehot,VH_framework,L,0.1479997336864471
Transformer-onehot,VH_framework,L,0.1687281876802444
Transformer-onehot,VH_framework,L,0.1490497291088104
Transformer-onehot,VH_framework,L,0.1711245775222778
Transformer-onehot,VH_framework,L,0.1542635858058929
Transformer-onehot,VH_framework,L,0.2011134326457977
Transformer-onehot,VH_framework,L,0.0455617979168891
Transformer-onehot,VH_framework,L,0.0435424298048019
Transformer-onehot,VH_framework,L,0.1488184928894043
Transformer-onehot,VH_framework,L,0.0409950092434883
Transformer-onehot,VH_framework,L,0.1568198949098587
Transformer-onehot,VH_framework,L,0.1963679045438766
Transformer-onehot,VH_framework,L,0.0426026433706283
Transformer-onehot,VH_framework,L,0.1895142048597335
Transformer-onehot,VH_framework,L,0.1987606137990951
Transformer-onehot,VH_framework,L,0.1514010280370712
Transformer-onehot,VH_framework,L,0.1703835725784301
Transformer-onehot,VH_framework,L,0.044536754488945
Transformer-onehot,VH_framework,L,0.2020605504512787
Transformer-onehot,VH_framework,L,0.1900940090417862
Transformer-onehot,VH_framework,L,0.0413491353392601
Transformer-onehot,VH_framework,L,0.163506805896759
Transformer-onehot,VH_framework,L,0.1730519533157348
Transformer-onehot,VH_framework,L,0.2006807625293731
Transformer-onehot,VH_framework,L,0.0412105843424797
Transformer-onehot,VH_framework,L,0.1891244351863861
Transformer-onehot,VH_framework,L,0.1943251192569732
Transformer-onehot,VH_framework,L,0.0423718877136707
Transformer-onehot,VH_framework,L,0.1760399639606475
Transformer-onehot,VH_framework,L,0.1686053574085235
Transformer-onehot,VH_framework,L,0.1449304670095443
Transformer-onehot,VH_framework,L,0.1876393258571624
Transformer-onehot,VH_framework,L,0.197492778301239
Transformer-onehot,VH_framework,L,0.0381407774984836
Transformer-onehot,VH_framework,L,0.0412567555904388
Transformer-onehot,VH_framework,L,0.1152485460042953
Transformer-onehot,VH_framework,L,0.1115371435880661
Transformer-onehot,VH_framework,L,0.1495236605405807
Transformer-onehot,VH_framework,L,0.2141534239053726
Transformer-onehot,VH_framework,L,0.1836839169263839
Transformer-onehot,VH_framework,L,0.0368080884218215
Transformer-onehot,VH_framework,L,0.0449183359742164
Transformer-onehot,VH_framework,L,0.1616965383291244
Transformer-onehot,VH_framework,L,0.1326169520616531
Transformer-onehot,VH_framework,L,0.1322411894798278
Transformer-onehot,VH_framework,L,0.1709621250629425
Transformer-onehot,VH_framework,L,0.1852877885103225
Transformer-onehot,VH_framework,L,0.0411101728677749
Transformer-onehot,VH_framework,L,0.2284282594919204
Transformer-onehot,VH_framework,L,0.1498098373413086
Transformer-onehot,VH_framework,L,0.0438118167221546
Transformer-onehot,VH_framework,L,0.2131664156913757
Transformer-onehot,VH_framework,L,0.1122709959745407
Transformer-onehot,VH_framework,L,0.1826454401016235
Transformer-onehot,VH_framework,L,0.0431908443570137
Transformer-onehot,VH_framework,L,0.178092211484909
Transformer-onehot,VH_framework,L,0.0442095808684825
Transformer-onehot,VH_framework,L,0.0452704094350338
Transformer-onehot,VH_framework,L,0.187156081199646
Transformer-onehot,VH_framework,L,0.1872851699590683
Transformer-onehot,VH_framework,L,0.1840265244245529
Transformer-onehot,VH_framework,L,0.1222005411982536
Transformer-onehot,VH_framework,L,0.2048233747482299
Transformer-onehot,VH_framework,L,0.203092560172081
Transformer-onehot,VH_framework,L,0.0451232977211475
Transformer-onehot,VH_framework,L,0.0433587953448295
Transformer-onehot,VH_framework,L,0.0431481003761291
Transformer-onehot,VH_framework,L,0.1304095834493637
Transformer-onehot,VH_framework,L,0.0423012375831604
Transformer-onehot,VH_framework,L,0.1647184044122696
Transformer-onehot,VH_framework,L,0.1458644866943359
Transformer-onehot,VH_framework,L,0.1594064235687255
Transformer-onehot,VH_framework,L,0.0448016300797462
Transformer-onehot,VH_framework,L,0.1642930954694748
Transformer-onehot,VH_framework,L,0.1369966268539428
Transformer-onehot,VH_framework,L,0.0431925691664218
Transformer-onehot,VH_framework,L,0.166853129863739
Transformer-onehot,VH_framework,L,0.1529951244592666
Transformer-onehot,VH_framework,L,0.1102003678679466
Transformer-onehot,VH_framework,L,0.1363976448774337
Transformer-onehot,VH_framework,L,0.1523971408605575
Transformer-onehot,VH_framework,L,0.1927615702152252
Transformer-onehot,VH_framework,L,0.0438224114477634
Transformer-onehot,VH_framework,L,0.0434197150170803
Transformer-onehot,VH_framework,L,0.0463788732886314
Transformer-onehot,VH_framework,L,0.1743422001600265
Transformer-onehot,VH_framework,L,0.0422677546739578
Transformer-onehot,VH_framework,L,0.2020878046751022
Transformer-onehot,VH_framework,L,0.0418751835823059
Transformer-onehot,VH_framework,L,0.1259187161922454
Transformer-onehot,VH_framework,L,0.1165399551391601
Transformer-onehot,VH_framework,L,0.1780591309070587
Transformer-onehot,VH_framework,L,0.1299455761909485
Transformer-onehot,VH_framework,L,0.0431133359670639
Transformer-onehot,VH_framework,L,0.1388117372989654
Transformer-onehot,VH_framework,L,0.1660791933536529
Transformer-onehot,VH_framework,L,0.1371658444404602
Transformer-onehot,VH_framework,L,0.1815215051174163
Transformer-onehot,VH_framework,L,0.2160375267267227
Transformer-onehot,VH_framework,L,0.1540751755237579
Transformer-onehot,VH_framework,L,0.1391682773828506
Transformer-onehot,VH_framework,L,0.0436254628002643
Transformer-onehot,VH_framework,L,0.1408351510763168
Transformer-onehot,VH_framework,L,0.0433319583535194
Transformer-onehot,VH_framework,L,0.0459494553506374
Transformer-onehot,VH_framework,L,0.1536313444375991
Transformer-onehot,VH_framework,L,0.1849777698516845
Transformer-onehot,VH_framework,L,0.0420696325600147
Transformer-onehot,VH_framework,L,0.2060994356870651
Transformer-onehot,VH_framework,L,0.0425516888499259
Transformer-onehot,VH_framework,L,0.0445154905319213
Transformer-onehot,VH_framework,L,0.0456623844802379
Transformer-onehot,VH_framework,L,0.1234039217233657
Transformer-onehot,VH_framework,L,0.1217535063624382
Transformer-onehot,VH_framework,L,0.0417086035013198
Transformer-onehot,VH_framework,L,0.1502289474010467
Transformer-onehot,VH_framework,L,0.140531837940216
Transformer-onehot,VH_framework,L,0.1577698737382888
Transformer-onehot,VH_framework,L,0.1478235572576522
Transformer-onehot,VH_framework,L,0.1806747764348983
Transformer-onehot,VH_framework,L,0.0441317036747932
Transformer-onehot,VH_framework,L,0.1738897711038589
Transformer-onehot,VH_framework,L,0.1785329580307006
Transformer-onehot,VH_framework,L,0.1697153747081756
Transformer-onehot,VH_framework,L,0.1822757571935653
Transformer-onehot,VH_framework,L,0.1156428977847099
Transformer-onehot,VH_framework,L,0.1401521414518356
Transformer-onehot,VH_framework,L,0.1200665831565857
Transformer-onehot,VH_framework,L,0.0445830263197422
Transformer-onehot,VH_framework,L,0.0396000780165195
Transformer-onehot,VH_framework,L,0.2071395218372345
Transformer-onehot,VH_framework,L,0.0423951297998428
Transformer-onehot,VH_framework,L,0.1532762944698333
Transformer-onehot,VH_framework,L,0.0443694777786731
Transformer-onehot,VH_framework,L,0.1305601149797439
Transformer-onehot,VH_framework,L,0.1929317861795425
Transformer-onehot,VH_framework,L,0.1828921437263488
Transformer-onehot,VH_framework,L,0.0423786789178848
Transformer-onehot,VH_framework,L,0.0457194037735462
Transformer-onehot,VH_framework,L,0.0435232333838939
Transformer-onehot,VH_framework,L,0.0437406972050666
Transformer-onehot,VH_framework,L,0.0434806123375892
Transformer-onehot,VH_framework,L,0.2214462757110595
Transformer-onehot,VH_framework,L,0.0439963489770889
Transformer-onehot,VH_framework,L,0.1348270177841186
Transformer-onehot,VH_framework,L,0.0401754304766655
Transformer-onehot,VH_framework,L,0.2113026529550552
Transformer-onehot,VH_framework,L,0.0401715859770774
Transformer-onehot,VH_framework,L,0.1931710243225097
Transformer-onehot,VH_framework,L,0.0445825457572937
Transformer-onehot,VH_framework,L,0.0417458824813365
Transformer-onehot,VH_framework,L,0.0434799268841743
Transformer-onehot,VH_framework,L,0.1974709331989288
Transformer-onehot,VH_framework,L,0.0422981344163417
Transformer-onehot,VH_framework,L,0.1893264353275299
Transformer-onehot,VH_framework,L,0.1644329726696014
Transformer-onehot,VH_framework,L,0.1309666037559509
Transformer-onehot,VH_framework,L,0.0422088280320167
Transformer-onehot,VH_framework,L,0.0416214354336261
Transformer-onehot,VH_framework,L,0.067731574177742
Transformer-onehot,VH_framework,L,0.2032869607210159
Transformer-onehot,VH_framework,L,0.1294175386428833
Transformer-onehot,VH_framework,L,0.2199728041887283
Transformer-onehot,VH_framework,L,0.1888745129108429
Transformer-onehot,VH_framework,L,0.0428923666477203
Transformer-onehot,VH_framework,L,0.1786240190267563
Transformer-onehot,VH_framework,L,0.0431396812200546
Transformer-onehot,VH_framework,L,0.2058534324169159
Transformer-onehot,VH_framework,L,0.1089363396167755
Transformer-onehot,VH_framework,L,0.1361857950687408
Transformer-onehot,VH_framework,L,0.1782610714435577
Transformer-onehot,VH_framework,L,0.1814486533403396
Transformer-onehot,VH_framework,M,0.0
Transformer-onehot,VH_framework,M,0.0
Transformer-onehot,VH_framework,M,0.0
Transformer-onehot,VH_framework,M,0.0
Transformer-onehot,VH_framework,M,0.0
Transformer-onehot,VH_framework,M,0.0
Transformer-onehot,VH_framework,M,0.0
Transformer-onehot,VH_framework,M,0.0
Transformer-onehot,VH_framework,M,0.0
Transformer-onehot,VH_framework,M,0.0
Transformer-onehot,VH_framework,M,0.0
Transformer-onehot,VH_framework,M,0.0
Transformer-onehot,VH_framework,M,0.0
Transformer-onehot,VH_framework,M,0.0
Transformer-onehot,VH_framework,M,0.0
Transformer-onehot,VH_framework,M,0.0
Transformer-onehot,VH_framework,M,0.0
Transformer-onehot,VH_framework,M,0.0
Transformer-onehot,VH_framework,M,0.0
Transformer-onehot,VH_framework,M,0.0
Transformer-onehot,VH_framework,M,0.0
Transformer-onehot,VH_framework,M,0.0
Transformer-onehot,VH_framework,M,0.0
Transformer-onehot,VH_framework,M,0.0
Transformer-onehot,VH_framework,M,0.0
Transformer-onehot,VH_framework,M,0.0
Transformer-onehot,VH_framework,M,0.0
Transformer-onehot,VH_framework,M,0.0
Transformer-onehot,VH_framework,M,0.0
Transformer-onehot,VH_framework,M,0.0
Transformer-onehot,VH_framework,M,0.0
Transformer-onehot,VH_framework,M,0.0
Transformer-onehot,VH_framework,M,0.0
Transformer-onehot,VH_framework,M,0.0
Transformer-onehot,VH_framework,M,0.0
Transformer-onehot,VH_framework,M,0.0
Transformer-onehot,VH_framework,M,0.0
Transformer-onehot,VH_framework,M,0.0
Transformer-onehot,VH_framework,M,0.0
Transformer-onehot,VH_framework,M,0.0
Transformer-onehot,VH_framework,M,0.0
Transformer-onehot,VH_framework,M,0.0
Transformer-onehot,VH_framework,M,0.0
Transformer-onehot,VH_framework,M,0.0
Transformer-onehot,VH_framework,M,0.0
Transformer-onehot,VH_framework,M,0.0
Transformer-onehot,VH_framework,M,0.0
Transformer-onehot,VH_framework,M,0.0
Transformer-onehot,VH_framework,M,0.0
Transformer-onehot,VH_framework,M,0.0
Transformer-onehot,VH_framework,M,0.0
Transformer-onehot,VH_framework,M,0.0
Transformer-onehot,VH_framework,M,0.0
Transformer-onehot,VH_framework,M,0.0
Transformer-onehot,VH_framework,M,0.0
Transformer-onehot,VH_framework,M,0.0
Transformer-onehot,VH_framework,M,0.0
Transformer-onehot,VH_framework,M,0.0
Transformer-onehot,VH_framework,M,0.0
Transformer-onehot,VH_framework,M,0.0
Transformer-onehot,VH_framework,M,0.0
Transformer-onehot,VH_framework,M,0.0
Transformer-onehot,VH_framework,M,0.0
Transformer-onehot,VH_framework,M,0.0
Transformer-onehot,VH_framework,M,0.0
Transformer-onehot,VH_framework,M,0.0
Transformer-onehot,VH_framework,M,0.0
Transformer-onehot,VH_framework,M,0.0
Transformer-onehot,VH_framework,M,0.0
Transformer-onehot,VH_framework,M,0.0
Transformer-onehot,VH_framework,M,0.0
Transformer-onehot,VH_framework,M,0.0
Transformer-onehot,VH_framework,M,0.0
Transformer-onehot,VH_framework,M,0.0
Transformer-onehot,VH_framework,M,0.0
Transformer-onehot,VH_framework,M,0.0
Transformer-onehot,VH_framework,M,0.0
Transformer-onehot,VH_framework,M,0.0
Transformer-onehot,VH_framework,M,0.0
Transformer-onehot,VH_framework,M,0.0
Transformer-onehot,VH_framework,M,0.0
Transformer-onehot,VH_framework,M,0.0
Transformer-onehot,VH_framework,M,0.0
Transformer-onehot,VH_framework,M,0.0
Transformer-onehot,VH_framework,M,0.0
Transformer-onehot,VH_framework,M,0.0
Transformer-onehot,VH_framework,M,0.0
Transformer-onehot,VH_framework,M,0.0
Transformer-onehot,VH_framework,M,0.0
Transformer-onehot,VH_framework,M,0.0
Transformer-onehot,VH_framework,M,0.0
Transformer-onehot,VH_framework,M,0.0
Transformer-onehot,VH_framework,M,0.0
Transformer-onehot,VH_framework,M,0.0
Transformer-onehot,VH_framework,M,0.0
Transformer-onehot,VH_framework,M,0.0
Transformer-onehot,VH_framework,M,0.0
Transformer-onehot,VH_framework,M,0.0
Transformer-onehot,VH_framework,M,0.0
Transformer-onehot,VH_framework,M,0.0
Transformer-onehot,VH_framework,M,0.0
Transformer-onehot,VH_framework,M,0.0
Transformer-onehot,VH_framework,M,0.0
Transformer-onehot,VH_framework,M,0.0
Transformer-onehot,VH_framework,M,0.0
Transformer-onehot,VH_framework,M,0.0
Transformer-onehot,VH_framework,M,0.0
Transformer-onehot,VH_framework,M,0.0
Transformer-onehot,VH_framework,M,0.0
Transformer-onehot,VH_framework,M,0.0
Transformer-onehot,VH_framework,M,0.0
Transformer-onehot,VH_framework,M,0.0
Transformer-onehot,VH_framework,M,0.0
Transformer-onehot,VH_framework,M,0.0
Transformer-onehot,VH_framework,M,0.0
Transformer-onehot,VH_framework,M,0.0
Transformer-onehot,VH_framework,M,0.0
Transformer-onehot,VH_framework,M,0.0
Transformer-onehot,VH_framework,M,0.0
Transformer-onehot,VH_framework,M,0.0
Transformer-onehot,VH_framework,M,0.0
Transformer-onehot,VH_framework,M,0.0
Transformer-onehot,VH_framework,M,0.0
Transformer-onehot,VH_framework,M,0.0
Transformer-onehot,VH_framework,M,0.0
Transformer-onehot,VH_framework,M,0.0
Transformer-onehot,VH_framework,M,0.0
Transformer-onehot,VH_framework,M,0.0
Transformer-onehot,VH_framework,M,0.0
Transformer-onehot,VH_framework,M,0.0
Transformer-onehot,VH_framework,M,0.0
Transformer-onehot,VH_framework,M,0.0
Transformer-onehot,VH_framework,M,0.0
Transformer-onehot,VH_framework,M,0.0
Transformer-onehot,VH_framework,M,0.0
Transformer-onehot,VH_framework,M,0.0
Transformer-onehot,VH_framework,M,0.0
Transformer-onehot,VH_framework,M,0.0
Transformer-onehot,VH_framework,M,0.0
Transformer-onehot,VH_framework,M,0.0
Transformer-onehot,VH_framework,M,0.0
Transformer-onehot,VH_framework,M,0.0
Transformer-onehot,VH_framework,M,0.0
Transformer-onehot,VH_framework,M,0.0
Transformer-onehot,VH_framework,M,0.0
Transformer-onehot,VH_framework,M,0.0
Transformer-onehot,VH_framework,M,0.0
Transformer-onehot,VH_framework,M,0.0
Transformer-onehot,VH_framework,M,0.0
Transformer-onehot,VH_framework,M,0.0
Transformer-onehot,VH_framework,M,0.0
Transformer-onehot,VH_framework,M,0.0
Transformer-onehot,VH_framework,M,0.0
Transformer-onehot,VH_framework,M,0.0
Transformer-onehot,VH_framework,M,0.0
Transformer-onehot,VH_framework,M,0.0
Transformer-onehot,VH_framework,M,0.0
Transformer-onehot,VH_framework,M,0.0
Transformer-onehot,VH_framework,M,0.0
Transformer-onehot,VH_framework,M,0.0
Transformer-onehot,VH_framework,M,0.0
Transformer-onehot,VH_framework,M,0.0
Transformer-onehot,VH_framework,M,0.0
Transformer-onehot,VH_framework,M,0.0
Transformer-onehot,VH_framework,M,0.0
Transformer-onehot,VH_framework,M,0.0
Transformer-onehot,VH_framework,M,0.0
Transformer-onehot,VH_framework,M,0.0
Transformer-onehot,VH_framework,M,0.0
Transformer-onehot,VH_framework,M,0.0
Transformer-onehot,VH_framework,M,0.0
Transformer-onehot,VH_framework,M,0.0
Transformer-onehot,VH_framework,M,0.0
Transformer-onehot,VH_framework,M,0.0
Transformer-onehot,VH_framework,M,0.0
Transformer-onehot,VH_framework,M,0.0
Transformer-onehot,VH_framework,M,0.0
Transformer-onehot,VH_framework,M,0.0
Transformer-onehot,VH_framework,M,0.0
Transformer-onehot,VH_framework,M,0.0
Transformer-onehot,VH_framework,M,0.0
Transformer-onehot,VH_framework,M,0.0
Transformer-onehot,VH_framework,M,0.0
Transformer-onehot,VH_framework,M,0.0
Transformer-onehot,VH_framework,M,0.0
Transformer-onehot,VH_framework,M,0.0
Transformer-onehot,VH_framework,M,0.0
Transformer-onehot,VH_framework,M,0.0
Transformer-onehot,VH_framework,M,0.0
Transformer-onehot,VH_framework,M,0.0
Transformer-onehot,VH_framework,M,0.0
Transformer-onehot,VH_framework,M,0.0
Transformer-onehot,VH_framework,M,0.0
Transformer-onehot,VH_framework,M,0.0
Transformer-onehot,VH_framework,M,0.0
Transformer-onehot,VH_framework,M,0.0
Transformer-onehot,VH_framework,M,0.0
Transformer-onehot,VH_framework,M,0.0
Transformer-onehot,VH_framework,M,0.0
Transformer-onehot,VH_framework,M,0.0
Transformer-onehot,VH_framework,M,0.0
Transformer-onehot,VH_framework,M,0.0
Transformer-onehot,VH_framework,M,0.0
Transformer-onehot,VH_framework,M,0.0
Transformer-onehot,VH_framework,M,0.0
Transformer-onehot,VH_framework,M,0.0
Transformer-onehot,VH_framework,M,0.0
Transformer-onehot,VH_framework,M,0.0
Transformer-onehot,VH_framework,M,0.0
Transformer-onehot,VH_framework,M,0.0
Transformer-onehot,VH_framework,M,0.0
Transformer-onehot,VH_framework,M,0.0
Transformer-onehot,VH_framework,M,0.0
Transformer-onehot,VH_framework,M,0.0
Transformer-onehot,VH_framework,M,0.0
Transformer-onehot,VH_framework,M,0.0
Transformer-onehot,VH_framework,M,0.0
Transformer-onehot,VH_framework,M,0.0
Transformer-onehot,VH_framework,M,0.0
Transformer-onehot,VH_framework,M,0.0
Transformer-onehot,VH_framework,M,0.0
Transformer-onehot,VH_framework,M,0.0
Transformer-onehot,VH_framework,M,0.0
Transformer-onehot,VH_framework,M,0.0
Transformer-onehot,VH_framework,M,0.0
Transformer-onehot,VH_framework,M,0.0
Transformer-onehot,VH_framework,M,0.0
Transformer-onehot,VH_framework,M,0.0
Transformer-onehot,VH_framework,M,0.0
Transformer-onehot,VH_framework,M,0.0
Transformer-onehot,VH_framework,M,0.0
Transformer-onehot,VH_framework,M,0.0
Transformer-onehot,VH_framework,M,0.0
Transformer-onehot,VH_framework,M,0.0
Transformer-onehot,VH_framework,M,0.0
Transformer-onehot,VH_framework,M,0.0
Transformer-onehot,VH_framework,M,0.0
Transformer-onehot,VH_framework,M,0.0
Transformer-onehot,VH_framework,M,0.0
Transformer-onehot,VH_framework,M,0.0
Transformer-onehot,VH_framework,M,0.0
Transformer-onehot,VH_framework,M,0.0
Transformer-onehot,VH_framework,M,0.0
Transformer-onehot,VH_framework,M,0.0
Transformer-onehot,VH_framework,M,0.0
Transformer-onehot,VH_framework,M,0.0
Transformer-onehot,VH_framework,M,0.0
Transformer-onehot,VH_framework,M,0.0
Transformer-onehot,VH_framework,M,0.0
Transformer-onehot,VH_framework,M,0.0
Transformer-onehot,VH_framework,M,0.0
Transformer-onehot,VH_framework,M,0.0
Transformer-onehot,VH_framework,M,0.0
Transformer-onehot,VH_framework,M,0.0
Transformer-onehot,VH_framework,M,0.0
Transformer-onehot,VH_framework,M,0.0
Transformer-onehot,VH_framework,M,0.0
Transformer-onehot,VH_framework,M,0.0
Transformer-onehot,VH_framework,M,0.0
Transformer-onehot,VH_framework,M,0.0
Transformer-onehot,VH_framework,M,0.0
Transformer-onehot,VH_framework,M,0.0
Transformer-onehot,VH_framework,M,0.0
Transformer-onehot,VH_framework,M,0.0
Transformer-onehot,VH_framework,M,0.0
Transformer-onehot,VH_framework,M,0.0
Transformer-onehot,VH_framework,M,0.0
Transformer-onehot,VH_framework,M,0.0
Transformer-onehot,VH_framework,M,0.0
Transformer-onehot,VH_framework,M,0.0
Transformer-onehot,VH_framework,M,0.0
Transformer-onehot,VH_framework,M,0.0
Transformer-onehot,VH_framework,M,0.0
Transformer-onehot,VH_framework,M,0.0
Transformer-onehot,VH_framework,M,0.0
Transformer-onehot,VH_framework,M,0.0
Transformer-onehot,VH_framework,M,0.0
Transformer-onehot,VH_framework,M,0.0
Transformer-onehot,VH_framework,M,0.0
Transformer-onehot,VH_framework,M,0.0
Transformer-onehot,VH_framework,M,0.0
Transformer-onehot,VH_framework,M,0.0
Transformer-onehot,VH_framework,M,0.0
Transformer-onehot,VH_framework,M,0.0
Transformer-onehot,VH_framework,M,0.0
Transformer-onehot,VH_framework,M,0.0
Transformer-onehot,VH_framework,M,0.0
Transformer-onehot,VH_framework,M,0.0
Transformer-onehot,VH_framework,M,0.0
Transformer-onehot,VH_framework,M,0.0
Transformer-onehot,VH_framework,M,0.0
Transformer-onehot,VH_framework,M,0.0
Transformer-onehot,VH_framework,M,0.0
Transformer-onehot,VH_framework,M,0.0
Transformer-onehot,VH_framework,M,0.0
Transformer-onehot,VH_framework,M,0.0
Transformer-onehot,VH_framework,M,0.0
Transformer-onehot,VH_framework,M,0.0
Transformer-onehot,VH_framework,M,0.0
Transformer-onehot,VH_framework,M,0.0
Transformer-onehot,VH_framework,M,0.0
Transformer-onehot,VH_framework,M,0.0
Transformer-onehot,VH_framework,M,0.0
Transformer-onehot,VH_framework,M,0.0
Transformer-onehot,VH_framework,M,0.0
Transformer-onehot,VH_framework,M,0.0
Transformer-onehot,VH_framework,M,0.0
Transformer-onehot,VH_framework,M,0.0
Transformer-onehot,VH_framework,M,0.0
Transformer-onehot,VH_framework,M,0.0
Transformer-onehot,VH_framework,M,0.0
Transformer-onehot,VH_framework,M,0.0
Transformer-onehot,VH_framework,M,0.0
Transformer-onehot,VH_framework,M,0.0
Transformer-onehot,VH_framework,M,0.0
Transformer-onehot,VH_framework,M,0.0
Transformer-onehot,VH_framework,M,0.0
Transformer-onehot,VH_framework,M,0.0
Transformer-onehot,VH_framework,M,0.0
Transformer-onehot,VH_framework,M,0.0
Transformer-onehot,VH_framework,M,0.0
Transformer-onehot,VH_framework,M,0.0
Transformer-onehot,VH_framework,M,0.0
Transformer-onehot,VH_framework,M,0.0
Transformer-onehot,VH_framework,M,0.0
Transformer-onehot,VH_framework,M,0.0
Transformer-onehot,VH_framework,M,0.0
Transformer-onehot,VH_framework,M,0.0
Transformer-onehot,VH_framework,M,0.0
Transformer-onehot,VH_framework,M,0.0
Transformer-onehot,VH_framework,M,0.0
Transformer-onehot,VH_framework,M,0.0
Transformer-onehot,VH_framework,M,0.0
Transformer-onehot,VH_framework,M,0.0
Transformer-onehot,VH_framework,M,0.0
Transformer-onehot,VH_framework,M,0.0
Transformer-onehot,VH_framework,M,0.0
Transformer-onehot,VH_framework,M,0.0
Transformer-onehot,VH_framework,M,0.0
Transformer-onehot,VH_framework,M,0.0
Transformer-onehot,VH_framework,M,0.0
Transformer-onehot,VH_framework,M,0.0
Transformer-onehot,VH_framework,M,0.0
Transformer-onehot,VH_framework,M,0.0
Transformer-onehot,VH_framework,M,0.0
Transformer-onehot,VH_framework,M,0.0
Transformer-onehot,VH_framework,M,0.0
Transformer-onehot,VH_framework,M,0.0
Transformer-onehot,VH_framework,M,0.0
Transformer-onehot,VH_framework,M,0.0
Transformer-onehot,VH_framework,M,0.0
Transformer-onehot,VH_framework,M,0.0
Transformer-onehot,VH_framework,M,0.0
Transformer-onehot,VH_framework,M,0.0
Transformer-onehot,VH_framework,M,0.0
Transformer-onehot,VH_framework,M,0.0
Transformer-onehot,VH_framework,M,0.0
Transformer-onehot,VH_framework,M,0.0
Transformer-onehot,VH_framework,M,0.0
Transformer-onehot,VH_framework,M,0.0
Transformer-onehot,VH_framework,M,0.0
Transformer-onehot,VH_framework,M,0.0
Transformer-onehot,VH_framework,M,0.0
Transformer-onehot,VH_framework,M,0.0
Transformer-onehot,VH_framework,M,0.0
Transformer-onehot,VH_framework,M,0.0
Transformer-onehot,VH_framework,M,0.0
Transformer-onehot,VH_framework,M,0.0
Transformer-onehot,VH_framework,M,0.0
Transformer-onehot,VH_framework,M,0.0
Transformer-onehot,VH_framework,M,0.0
Transformer-onehot,VH_framework,M,0.0
Transformer-onehot,VH_framework,M,0.0
Transformer-onehot,VH_framework,M,0.0
Transformer-onehot,VH_framework,M,0.0
Transformer-onehot,VH_framework,M,0.0
Transformer-onehot,VH_framework,M,0.0
Transformer-onehot,VH_framework,M,0.0
Transformer-onehot,VH_framework,M,0.0
Transformer-onehot,VH_framework,M,0.0
Transformer-onehot,VH_framework,M,0.0
Transformer-onehot,VH_framework,M,0.0
Transformer-onehot,VH_framework,M,0.0
Transformer-onehot,VH_framework,M,0.0
Transformer-onehot,VH_framework,M,0.0
Transformer-onehot,VH_framework,M,0.0
Transformer-onehot,VH_framework,M,0.0
Transformer-onehot,VH_framework,M,0.0
Transformer-onehot,VH_framework,M,0.0
Transformer-onehot,VH_framework,M,0.0
Transformer-onehot,VH_framework,M,0.0
Transformer-onehot,VH_framework,M,0.0
Transformer-onehot,VH_framework,M,0.0
Transformer-onehot,VH_framework,M,0.0
Transformer-onehot,VH_framework,M,0.0
Transformer-onehot,VH_framework,M,0.0
Transformer-onehot,VH_framework,M,0.0
Transformer-onehot,VH_framework,M,0.0
Transformer-onehot,VH_framework,M,0.0
Transformer-onehot,VH_framework,M,0.0
Transformer-onehot,VH_framework,M,0.0
Transformer-onehot,VH_framework,M,0.0
Transformer-onehot,VH_framework,M,0.0
Transformer-onehot,VH_framework,M,0.0
Transformer-onehot,VH_framework,M,0.0
Transformer-onehot,VH_framework,M,0.0
Transformer-onehot,VH_framework,M,0.0
Transformer-onehot,VH_framework,M,0.0
Transformer-onehot,VH_framework,M,0.0
Transformer-onehot,VH_framework,M,0.0
Transformer-onehot,VH_framework,M,0.0
Transformer-onehot,VH_framework,M,0.0
Transformer-onehot,VH_framework,M,0.0
Transformer-onehot,VH_framework,M,0.0
Transformer-onehot,VH_framework,M,0.0
Transformer-onehot,VH_framework,M,0.0
Transformer-onehot,VH_framework,M,0.0
Transformer-onehot,VH_framework,M,0.0
Transformer-onehot,VH_framework,M,0.0
Transformer-onehot,VH_framework,M,0.0
Transformer-onehot,VH_framework,M,0.0
Transformer-onehot,VH_framework,M,0.0
Transformer-onehot,VH_framework,M,0.0
Transformer-onehot,VH_framework,M,0.0
Transformer-onehot,VH_framework,M,0.0
Transformer-onehot,VH_framework,M,0.0
Transformer-onehot,VH_framework,M,0.0
Transformer-onehot,VH_framework,M,0.0
Transformer-onehot,VH_framework,M,0.0
Transformer-onehot,VH_framework,M,0.0
Transformer-onehot,VH_framework,M,0.0
Transformer-onehot,VH_framework,M,0.0
Transformer-onehot,VH_framework,M,0.0
Transformer-onehot,VH_framework,M,0.0
Transformer-onehot,VH_framework,M,0.0
Transformer-onehot,VH_framework,M,0.0
Transformer-onehot,VH_framework,M,0.0
Transformer-onehot,VH_framework,M,0.0
Transformer-onehot,VH_framework,M,0.0
Transformer-onehot,VH_framework,M,0.0
Transformer-onehot,VH_framework,M,0.0
Transformer-onehot,VH_framework,M,0.0
Transformer-onehot,VH_framework,M,0.0
Transformer-onehot,VH_framework,M,0.0
Transformer-onehot,VH_framework,M,0.0
Transformer-onehot,VH_framework,M,0.0
Transformer-onehot,VH_framework,M,0.0
Transformer-onehot,VH_framework,M,0.0
Transformer-onehot,VH_framework,M,0.0
Transformer-onehot,VH_framework,M,0.0
Transformer-onehot,VH_framework,M,0.0
Transformer-onehot,VH_framework,M,0.0
Transformer-onehot,VH_framework,M,0.0
Transformer-onehot,VH_framework,M,0.0
Transformer-onehot,VH_framework,M,0.0
Transformer-onehot,VH_framework,M,0.0
Transformer-onehot,VH_framework,M,0.0
Transformer-onehot,VH_framework,M,0.0
Transformer-onehot,VH_framework,M,0.0
Transformer-onehot,VH_framework,M,0.0
Transformer-onehot,VH_framework,M,0.0
Transformer-onehot,VH_framework,M,0.0
Transformer-onehot,VH_framework,M,0.0
Transformer-onehot,VH_framework,M,0.0
Transformer-onehot,VH_framework,M,0.0
Transformer-onehot,VH_framework,M,0.0
Transformer-onehot,VH_framework,M,0.0
Transformer-onehot,VH_framework,M,0.0
Transformer-onehot,VH_framework,M,0.0
Transformer-onehot,VH_framework,M,0.0
Transformer-onehot,VH_framework,M,0.0
Transformer-onehot,VH_framework,M,0.0
Transformer-onehot,VH_framework,M,0.0
Transformer-onehot,VH_framework,M,0.0
Transformer-onehot,VH_framework,M,0.0
Transformer-onehot,VH_framework,M,0.0
Transformer-onehot,VH_framework,M,0.0
Transformer-onehot,VH_framework,M,0.0
Transformer-onehot,VH_framework,M,0.0
Transformer-onehot,VH_framework,M,0.0
Transformer-onehot,VH_framework,M,0.0
Transformer-onehot,VH_framework,M,0.0
Transformer-onehot,VH_framework,M,0.0
Transformer-onehot,VH_framework,M,0.0
Transformer-onehot,VH_framework,M,0.0
Transformer-onehot,VH_framework,M,0.0
Transformer-onehot,VH_framework,M,0.0
Transformer-onehot,VH_framework,M,0.0
Transformer-onehot,VH_framework,M,0.0
Transformer-onehot,VH_framework,M,0.0
Transformer-onehot,VH_framework,M,0.0
Transformer-onehot,VH_framework,M,0.0
Transformer-onehot,VH_framework,M,0.0
Transformer-onehot,VH_framework,M,0.0
Transformer-onehot,VH_framework,M,0.0
Transformer-onehot,VH_framework,M,0.0
Transformer-onehot,VH_framework,M,0.0
Transformer-onehot,VH_framework,M,0.0
Transformer-onehot,VH_framework,M,0.0
Transformer-onehot,VH_framework,M,0.0
Transformer-onehot,VH_framework,N,0.0
Transformer-onehot,VH_framework,N,0.0
Transformer-onehot,VH_framework,N,0.0
Transformer-onehot,VH_framework,N,0.0
Transformer-onehot,VH_framework,N,0.0
Transformer-onehot,VH_framework,N,0.0
Transformer-onehot,VH_framework,N,0.0
Transformer-onehot,VH_framework,N,0.0
Transformer-onehot,VH_framework,N,0.0
Transformer-onehot,VH_framework,N,0.0
Transformer-onehot,VH_framework,N,0.0
Transformer-onehot,VH_framework,N,0.0
Transformer-onehot,VH_framework,N,0.0
Transformer-onehot,VH_framework,N,0.0
Transformer-onehot,VH_framework,N,0.0
Transformer-onehot,VH_framework,N,0.0
Transformer-onehot,VH_framework,N,0.0
Transformer-onehot,VH_framework,N,0.0
Transformer-onehot,VH_framework,N,0.0
Transformer-onehot,VH_framework,N,0.0
Transformer-onehot,VH_framework,N,0.0
Transformer-onehot,VH_framework,N,0.0
Transformer-onehot,VH_framework,N,0.0
Transformer-onehot,VH_framework,N,0.0
Transformer-onehot,VH_framework,N,0.0
Transformer-onehot,VH_framework,N,0.0
Transformer-onehot,VH_framework,N,0.0
Transformer-onehot,VH_framework,N,0.0
Transformer-onehot,VH_framework,N,0.0
Transformer-onehot,VH_framework,N,0.0
Transformer-onehot,VH_framework,N,0.0
Transformer-onehot,VH_framework,N,0.0
Transformer-onehot,VH_framework,N,0.0
Transformer-onehot,VH_framework,N,0.0
Transformer-onehot,VH_framework,N,0.0
Transformer-onehot,VH_framework,N,0.0
Transformer-onehot,VH_framework,N,0.0
Transformer-onehot,VH_framework,N,0.0
Transformer-onehot,VH_framework,N,0.0
Transformer-onehot,VH_framework,N,0.0
Transformer-onehot,VH_framework,N,0.0
Transformer-onehot,VH_framework,N,0.0
Transformer-onehot,VH_framework,N,0.0
Transformer-onehot,VH_framework,N,0.0
Transformer-onehot,VH_framework,N,0.0
Transformer-onehot,VH_framework,N,0.0
Transformer-onehot,VH_framework,N,0.0
Transformer-onehot,VH_framework,N,0.0
Transformer-onehot,VH_framework,N,0.0
Transformer-onehot,VH_framework,N,0.0
Transformer-onehot,VH_framework,N,0.0
Transformer-onehot,VH_framework,N,0.0
Transformer-onehot,VH_framework,N,0.0
Transformer-onehot,VH_framework,N,0.0
Transformer-onehot,VH_framework,N,0.0
Transformer-onehot,VH_framework,N,0.0
Transformer-onehot,VH_framework,N,0.0
Transformer-onehot,VH_framework,N,0.0
Transformer-onehot,VH_framework,N,0.0
Transformer-onehot,VH_framework,N,0.0
Transformer-onehot,VH_framework,N,0.0
Transformer-onehot,VH_framework,N,0.0
Transformer-onehot,VH_framework,N,0.0
Transformer-onehot,VH_framework,N,0.0
Transformer-onehot,VH_framework,N,0.0
Transformer-onehot,VH_framework,N,0.0
Transformer-onehot,VH_framework,N,0.0
Transformer-onehot,VH_framework,N,0.0
Transformer-onehot,VH_framework,N,0.0
Transformer-onehot,VH_framework,N,0.0
Transformer-onehot,VH_framework,N,0.0
Transformer-onehot,VH_framework,N,0.0
Transformer-onehot,VH_framework,N,0.0
Transformer-onehot,VH_framework,N,0.0
Transformer-onehot,VH_framework,N,0.0
Transformer-onehot,VH_framework,N,0.0
Transformer-onehot,VH_framework,N,0.0
Transformer-onehot,VH_framework,N,0.0
Transformer-onehot,VH_framework,N,0.0
Transformer-onehot,VH_framework,N,0.0
Transformer-onehot,VH_framework,N,0.0
Transformer-onehot,VH_framework,N,0.0
Transformer-onehot,VH_framework,N,0.0
Transformer-onehot,VH_framework,N,0.0
Transformer-onehot,VH_framework,N,0.0
Transformer-onehot,VH_framework,N,0.0
Transformer-onehot,VH_framework,N,0.0
Transformer-onehot,VH_framework,N,0.0
Transformer-onehot,VH_framework,N,0.0
Transformer-onehot,VH_framework,N,0.0
Transformer-onehot,VH_framework,N,0.0
Transformer-onehot,VH_framework,N,0.0
Transformer-onehot,VH_framework,N,0.0
Transformer-onehot,VH_framework,N,0.0
Transformer-onehot,VH_framework,N,0.0
Transformer-onehot,VH_framework,N,0.0
Transformer-onehot,VH_framework,N,0.0
Transformer-onehot,VH_framework,N,0.0
Transformer-onehot,VH_framework,N,0.0
Transformer-onehot,VH_framework,N,0.0
Transformer-onehot,VH_framework,N,0.0
Transformer-onehot,VH_framework,N,0.0
Transformer-onehot,VH_framework,N,0.0
Transformer-onehot,VH_framework,N,0.0
Transformer-onehot,VH_framework,N,0.0
Transformer-onehot,VH_framework,N,0.0
Transformer-onehot,VH_framework,N,0.0
Transformer-onehot,VH_framework,N,0.0
Transformer-onehot,VH_framework,N,0.0
Transformer-onehot,VH_framework,N,0.0
Transformer-onehot,VH_framework,N,0.0
Transformer-onehot,VH_framework,N,0.0
Transformer-onehot,VH_framework,N,0.0
Transformer-onehot,VH_framework,N,0.0
Transformer-onehot,VH_framework,N,0.0
Transformer-onehot,VH_framework,N,0.0
Transformer-onehot,VH_framework,N,0.0
Transformer-onehot,VH_framework,N,0.0
Transformer-onehot,VH_framework,N,0.0
Transformer-onehot,VH_framework,N,0.0
Transformer-onehot,VH_framework,N,0.0
Transformer-onehot,VH_framework,N,0.0
Transformer-onehot,VH_framework,N,0.0
Transformer-onehot,VH_framework,N,0.0
Transformer-onehot,VH_framework,N,0.0
Transformer-onehot,VH_framework,N,0.0
Transformer-onehot,VH_framework,N,0.0
Transformer-onehot,VH_framework,N,0.0
Transformer-onehot,VH_framework,N,0.0
Transformer-onehot,VH_framework,N,0.0
Transformer-onehot,VH_framework,N,0.0
Transformer-onehot,VH_framework,N,0.0
Transformer-onehot,VH_framework,N,0.0
Transformer-onehot,VH_framework,N,0.0
Transformer-onehot,VH_framework,N,0.0
Transformer-onehot,VH_framework,N,0.0
Transformer-onehot,VH_framework,N,0.0
Transformer-onehot,VH_framework,N,0.0
Transformer-onehot,VH_framework,N,0.0
Transformer-onehot,VH_framework,N,0.0
Transformer-onehot,VH_framework,N,0.0
Transformer-onehot,VH_framework,N,0.0
Transformer-onehot,VH_framework,N,0.0
Transformer-onehot,VH_framework,N,0.0
Transformer-onehot,VH_framework,N,0.0
Transformer-onehot,VH_framework,N,0.0
Transformer-onehot,VH_framework,N,0.0
Transformer-onehot,VH_framework,N,0.0
Transformer-onehot,VH_framework,N,0.0
Transformer-onehot,VH_framework,N,0.0
Transformer-onehot,VH_framework,N,0.0
Transformer-onehot,VH_framework,N,0.0
Transformer-onehot,VH_framework,N,0.0
Transformer-onehot,VH_framework,N,0.0
Transformer-onehot,VH_framework,N,0.0
Transformer-onehot,VH_framework,N,0.0
Transformer-onehot,VH_framework,N,0.0
Transformer-onehot,VH_framework,N,0.0
Transformer-onehot,VH_framework,N,0.0
Transformer-onehot,VH_framework,N,0.0
Transformer-onehot,VH_framework,N,0.0
Transformer-onehot,VH_framework,N,0.0
Transformer-onehot,VH_framework,N,0.0
Transformer-onehot,VH_framework,N,0.0
Transformer-onehot,VH_framework,N,0.0
Transformer-onehot,VH_framework,N,0.0
Transformer-onehot,VH_framework,N,0.0
Transformer-onehot,VH_framework,N,0.0
Transformer-onehot,VH_framework,N,0.0
Transformer-onehot,VH_framework,N,0.0
Transformer-onehot,VH_framework,N,0.0
Transformer-onehot,VH_framework,N,0.0
Transformer-onehot,VH_framework,N,0.0
Transformer-onehot,VH_framework,N,0.0
Transformer-onehot,VH_framework,N,0.0
Transformer-onehot,VH_framework,N,0.0
Transformer-onehot,VH_framework,N,0.0
Transformer-onehot,VH_framework,N,0.0
Transformer-onehot,VH_framework,N,0.0
Transformer-onehot,VH_framework,N,0.0
Transformer-onehot,VH_framework,N,0.0
Transformer-onehot,VH_framework,N,0.0
Transformer-onehot,VH_framework,N,0.0
Transformer-onehot,VH_framework,N,0.0
Transformer-onehot,VH_framework,N,0.0
Transformer-onehot,VH_framework,N,0.0
Transformer-onehot,VH_framework,N,0.0
Transformer-onehot,VH_framework,N,0.0
Transformer-onehot,VH_framework,N,0.0
Transformer-onehot,VH_framework,N,0.0
Transformer-onehot,VH_framework,N,0.0
Transformer-onehot,VH_framework,N,0.0
Transformer-onehot,VH_framework,N,0.0
Transformer-onehot,VH_framework,N,0.0
Transformer-onehot,VH_framework,N,0.0
Transformer-onehot,VH_framework,N,0.0
Transformer-onehot,VH_framework,N,0.0
Transformer-onehot,VH_framework,N,0.0
Transformer-onehot,VH_framework,N,0.0
Transformer-onehot,VH_framework,N,0.0
Transformer-onehot,VH_framework,N,0.0
Transformer-onehot,VH_framework,N,0.0
Transformer-onehot,VH_framework,N,0.0
Transformer-onehot,VH_framework,N,0.0
Transformer-onehot,VH_framework,N,0.0
Transformer-onehot,VH_framework,N,0.0
Transformer-onehot,VH_framework,N,0.0
Transformer-onehot,VH_framework,N,0.0
Transformer-onehot,VH_framework,N,0.0
Transformer-onehot,VH_framework,N,0.0
Transformer-onehot,VH_framework,N,0.0
Transformer-onehot,VH_framework,N,0.0
Transformer-onehot,VH_framework,N,0.0
Transformer-onehot,VH_framework,N,0.0
Transformer-onehot,VH_framework,N,0.0
Transformer-onehot,VH_framework,N,0.0
Transformer-onehot,VH_framework,N,0.0
Transformer-onehot,VH_framework,N,0.0
Transformer-onehot,VH_framework,N,0.0
Transformer-onehot,VH_framework,N,0.0
Transformer-onehot,VH_framework,N,0.0
Transformer-onehot,VH_framework,N,0.0
Transformer-onehot,VH_framework,N,0.0
Transformer-onehot,VH_framework,N,0.0
Transformer-onehot,VH_framework,N,0.0
Transformer-onehot,VH_framework,N,0.0
Transformer-onehot,VH_framework,N,0.0
Transformer-onehot,VH_framework,N,0.0
Transformer-onehot,VH_framework,N,0.0
Transformer-onehot,VH_framework,N,0.0
Transformer-onehot,VH_framework,N,0.0
Transformer-onehot,VH_framework,N,0.0
Transformer-onehot,VH_framework,N,0.0
Transformer-onehot,VH_framework,N,0.0
Transformer-onehot,VH_framework,N,0.0
Transformer-onehot,VH_framework,N,0.0
Transformer-onehot,VH_framework,N,0.0
Transformer-onehot,VH_framework,N,0.0
Transformer-onehot,VH_framework,N,0.0
Transformer-onehot,VH_framework,N,0.0
Transformer-onehot,VH_framework,N,0.0
Transformer-onehot,VH_framework,N,0.0
Transformer-onehot,VH_framework,N,0.0
Transformer-onehot,VH_framework,N,0.0
Transformer-onehot,VH_framework,N,0.0
Transformer-onehot,VH_framework,N,0.0
Transformer-onehot,VH_framework,N,0.0
Transformer-onehot,VH_framework,N,0.0
Transformer-onehot,VH_framework,N,0.0
Transformer-onehot,VH_framework,N,0.0
Transformer-onehot,VH_framework,N,0.0
Transformer-onehot,VH_framework,N,0.0
Transformer-onehot,VH_framework,N,0.0
Transformer-onehot,VH_framework,N,0.0
Transformer-onehot,VH_framework,N,0.0
Transformer-onehot,VH_framework,N,0.0
Transformer-onehot,VH_framework,N,0.0
Transformer-onehot,VH_framework,N,0.0
Transformer-onehot,VH_framework,N,0.0
Transformer-onehot,VH_framework,N,0.0
Transformer-onehot,VH_framework,N,0.0
Transformer-onehot,VH_framework,N,0.0
Transformer-onehot,VH_framework,N,0.0
Transformer-onehot,VH_framework,N,0.0
Transformer-onehot,VH_framework,N,0.0
Transformer-onehot,VH_framework,N,0.0
Transformer-onehot,VH_framework,N,0.0
Transformer-onehot,VH_framework,N,0.0
Transformer-onehot,VH_framework,N,0.0
Transformer-onehot,VH_framework,N,0.0
Transformer-onehot,VH_framework,N,0.0
Transformer-onehot,VH_framework,N,0.0
Transformer-onehot,VH_framework,N,0.0
Transformer-onehot,VH_framework,N,0.0
Transformer-onehot,VH_framework,N,0.0
Transformer-onehot,VH_framework,N,0.0
Transformer-onehot,VH_framework,N,0.0
Transformer-onehot,VH_framework,N,0.0
Transformer-onehot,VH_framework,N,0.0
Transformer-onehot,VH_framework,N,0.0
Transformer-onehot,VH_framework,N,0.0
Transformer-onehot,VH_framework,N,0.0
Transformer-onehot,VH_framework,N,0.0
Transformer-onehot,VH_framework,N,0.0
Transformer-onehot,VH_framework,N,0.0
Transformer-onehot,VH_framework,N,0.0
Transformer-onehot,VH_framework,N,0.0
Transformer-onehot,VH_framework,N,0.0
Transformer-onehot,VH_framework,N,0.0
Transformer-onehot,VH_framework,N,0.0
Transformer-onehot,VH_framework,N,0.0
Transformer-onehot,VH_framework,N,0.0
Transformer-onehot,VH_framework,N,0.0
Transformer-onehot,VH_framework,N,0.0
Transformer-onehot,VH_framework,N,0.0
Transformer-onehot,VH_framework,N,0.0
Transformer-onehot,VH_framework,N,0.0
Transformer-onehot,VH_framework,N,0.0
Transformer-onehot,VH_framework,N,0.0
Transformer-onehot,VH_framework,N,0.0
Transformer-onehot,VH_framework,N,0.0
Transformer-onehot,VH_framework,N,0.0
Transformer-onehot,VH_framework,N,0.0
Transformer-onehot,VH_framework,N,0.0
Transformer-onehot,VH_framework,N,0.0
Transformer-onehot,VH_framework,N,0.0
Transformer-onehot,VH_framework,N,0.0
Transformer-onehot,VH_framework,N,0.0
Transformer-onehot,VH_framework,N,0.0
Transformer-onehot,VH_framework,N,0.0
Transformer-onehot,VH_framework,N,0.0
Transformer-onehot,VH_framework,N,0.0
Transformer-onehot,VH_framework,N,0.0
Transformer-onehot,VH_framework,N,0.0
Transformer-onehot,VH_framework,N,0.0
Transformer-onehot,VH_framework,N,0.0
Transformer-onehot,VH_framework,N,0.0
Transformer-onehot,VH_framework,N,0.0
Transformer-onehot,VH_framework,N,0.0
Transformer-onehot,VH_framework,N,0.0
Transformer-onehot,VH_framework,N,0.0
Transformer-onehot,VH_framework,N,0.0
Transformer-onehot,VH_framework,N,0.0
Transformer-onehot,VH_framework,N,0.0
Transformer-onehot,VH_framework,N,0.0
Transformer-onehot,VH_framework,N,0.0
Transformer-onehot,VH_framework,N,0.0
Transformer-onehot,VH_framework,N,0.0
Transformer-onehot,VH_framework,N,0.0
Transformer-onehot,VH_framework,N,0.0
Transformer-onehot,VH_framework,N,0.0
Transformer-onehot,VH_framework,N,0.0
Transformer-onehot,VH_framework,N,0.0
Transformer-onehot,VH_framework,N,0.0
Transformer-onehot,VH_framework,N,0.0
Transformer-onehot,VH_framework,N,0.0
Transformer-onehot,VH_framework,N,0.0
Transformer-onehot,VH_framework,N,0.0
Transformer-onehot,VH_framework,N,0.0
Transformer-onehot,VH_framework,N,0.0
Transformer-onehot,VH_framework,N,0.0
Transformer-onehot,VH_framework,N,0.0
Transformer-onehot,VH_framework,N,0.0
Transformer-onehot,VH_framework,N,0.0
Transformer-onehot,VH_framework,N,0.0
Transformer-onehot,VH_framework,N,0.0
Transformer-onehot,VH_framework,N,0.0
Transformer-onehot,VH_framework,N,0.0
Transformer-onehot,VH_framework,N,0.0
Transformer-onehot,VH_framework,N,0.0
Transformer-onehot,VH_framework,N,0.0
Transformer-onehot,VH_framework,N,0.0
Transformer-onehot,VH_framework,N,0.0
Transformer-onehot,VH_framework,N,0.0
Transformer-onehot,VH_framework,N,0.0
Transformer-onehot,VH_framework,N,0.0
Transformer-onehot,VH_framework,N,0.0
Transformer-onehot,VH_framework,N,0.0
Transformer-onehot,VH_framework,N,0.0
Transformer-onehot,VH_framework,N,0.0
Transformer-onehot,VH_framework,N,0.0
Transformer-onehot,VH_framework,N,0.0
Transformer-onehot,VH_framework,N,0.0
Transformer-onehot,VH_framework,N,0.0
Transformer-onehot,VH_framework,N,0.0
Transformer-onehot,VH_framework,N,0.0
Transformer-onehot,VH_framework,N,0.0
Transformer-onehot,VH_framework,N,0.0
Transformer-onehot,VH_framework,N,0.0
Transformer-onehot,VH_framework,N,0.0
Transformer-onehot,VH_framework,N,0.0
Transformer-onehot,VH_framework,N,0.0
Transformer-onehot,VH_framework,N,0.0
Transformer-onehot,VH_framework,N,0.0
Transformer-onehot,VH_framework,N,0.0
Transformer-onehot,VH_framework,N,0.0
Transformer-onehot,VH_framework,N,0.0
Transformer-onehot,VH_framework,N,0.0
Transformer-onehot,VH_framework,N,0.0
Transformer-onehot,VH_framework,N,0.0
Transformer-onehot,VH_framework,N,0.0
Transformer-onehot,VH_framework,N,0.0
Transformer-onehot,VH_framework,N,0.0
Transformer-onehot,VH_framework,N,0.0
Transformer-onehot,VH_framework,N,0.0
Transformer-onehot,VH_framework,N,0.0
Transformer-onehot,VH_framework,N,0.0
Transformer-onehot,VH_framework,N,0.0
Transformer-onehot,VH_framework,N,0.0
Transformer-onehot,VH_framework,N,0.0
Transformer-onehot,VH_framework,N,0.0
Transformer-onehot,VH_framework,N,0.0
Transformer-onehot,VH_framework,N,0.0
Transformer-onehot,VH_framework,N,0.0
Transformer-onehot,VH_framework,N,0.0
Transformer-onehot,VH_framework,N,0.0
Transformer-onehot,VH_framework,N,0.0
Transformer-onehot,VH_framework,N,0.0
Transformer-onehot,VH_framework,N,0.0
Transformer-onehot,VH_framework,N,0.0
Transformer-onehot,VH_framework,N,0.0
Transformer-onehot,VH_framework,N,0.0
Transformer-onehot,VH_framework,N,0.0
Transformer-onehot,VH_framework,N,0.0
Transformer-onehot,VH_framework,N,0.0
Transformer-onehot,VH_framework,N,0.0
Transformer-onehot,VH_framework,N,0.0
Transformer-onehot,VH_framework,N,0.0
Transformer-onehot,VH_framework,N,0.0
Transformer-onehot,VH_framework,N,0.0
Transformer-onehot,VH_framework,N,0.0
Transformer-onehot,VH_framework,N,0.0
Transformer-onehot,VH_framework,N,0.0
Transformer-onehot,VH_framework,N,0.0
Transformer-onehot,VH_framework,N,0.0
Transformer-onehot,VH_framework,N,0.0
Transformer-onehot,VH_framework,N,0.0
Transformer-onehot,VH_framework,N,0.0
Transformer-onehot,VH_framework,N,0.0
Transformer-onehot,VH_framework,N,0.0
Transformer-onehot,VH_framework,N,0.0
Transformer-onehot,VH_framework,N,0.0
Transformer-onehot,VH_framework,N,0.0
Transformer-onehot,VH_framework,N,0.0
Transformer-onehot,VH_framework,N,0.0
Transformer-onehot,VH_framework,N,0.0
Transformer-onehot,VH_framework,N,0.0
Transformer-onehot,VH_framework,N,0.0
Transformer-onehot,VH_framework,N,0.0
Transformer-onehot,VH_framework,N,0.0
Transformer-onehot,VH_framework,N,0.0
Transformer-onehot,VH_framework,N,0.0
Transformer-onehot,VH_framework,N,0.0
Transformer-onehot,VH_framework,N,0.0
Transformer-onehot,VH_framework,N,0.0
Transformer-onehot,VH_framework,N,0.0
Transformer-onehot,VH_framework,N,0.0
Transformer-onehot,VH_framework,N,0.0
Transformer-onehot,VH_framework,N,0.0
Transformer-onehot,VH_framework,N,0.0
Transformer-onehot,VH_framework,N,0.0
Transformer-onehot,VH_framework,N,0.0
Transformer-onehot,VH_framework,N,0.0
Transformer-onehot,VH_framework,N,0.0
Transformer-onehot,VH_framework,N,0.0
Transformer-onehot,VH_framework,N,0.0
Transformer-onehot,VH_framework,N,0.0
Transformer-onehot,VH_framework,N,0.0
Transformer-onehot,VH_framework,N,0.0
Transformer-onehot,VH_framework,N,0.0
Transformer-onehot,VH_framework,N,0.0
Transformer-onehot,VH_framework,N,0.0
Transformer-onehot,VH_framework,N,0.0
Transformer-onehot,VH_framework,N,0.0
Transformer-onehot,VH_framework,N,0.0
Transformer-onehot,VH_framework,N,0.0
Transformer-onehot,VH_framework,N,0.0
Transformer-onehot,VH_framework,N,0.0
Transformer-onehot,VH_framework,N,0.0
Transformer-onehot,VH_framework,N,0.0
Transformer-onehot,VH_framework,N,0.0
Transformer-onehot,VH_framework,N,0.0
Transformer-onehot,VH_framework,N,0.0
Transformer-onehot,VH_framework,N,0.0
Transformer-onehot,VH_framework,N,0.0
Transformer-onehot,VH_framework,N,0.0
Transformer-onehot,VH_framework,N,0.0
Transformer-onehot,VH_framework,N,0.0
Transformer-onehot,VH_framework,N,0.0
Transformer-onehot,VH_framework,N,0.0
Transformer-onehot,VH_framework,N,0.0
Transformer-onehot,VH_framework,N,0.0
Transformer-onehot,VH_framework,N,0.0
Transformer-onehot,VH_framework,N,0.0
Transformer-onehot,VH_framework,N,0.0
Transformer-onehot,VH_framework,N,0.0
Transformer-onehot,VH_framework,N,0.0
Transformer-onehot,VH_framework,N,0.0
Transformer-onehot,VH_framework,N,0.0
Transformer-onehot,VH_framework,N,0.0
Transformer-onehot,VH_framework,N,0.0
Transformer-onehot,VH_framework,N,0.0
Transformer-onehot,VH_framework,N,0.0
Transformer-onehot,VH_framework,N,0.0
Transformer-onehot,VH_framework,N,0.0
Transformer-onehot,VH_framework,N,0.0
Transformer-onehot,VH_framework,N,0.0
Transformer-onehot,VH_framework,N,0.0
Transformer-onehot,VH_framework,N,0.0
Transformer-onehot,VH_framework,N,0.0
Transformer-onehot,VH_framework,N,0.0
Transformer-onehot,VH_framework,N,0.0
Transformer-onehot,VH_framework,N,0.0
Transformer-onehot,VH_framework,N,0.0
Transformer-onehot,VH_framework,N,0.0
Transformer-onehot,VH_framework,N,0.0
Transformer-onehot,VH_framework,N,0.0
Transformer-onehot,VH_framework,N,0.0
Transformer-onehot,VH_framework,N,0.0
Transformer-onehot,VH_framework,N,0.0
Transformer-onehot,VH_framework,P,0.0
Transformer-onehot,VH_framework,P,0.0
Transformer-onehot,VH_framework,P,0.0
Transformer-onehot,VH_framework,P,0.0
Transformer-onehot,VH_framework,P,0.0
Transformer-onehot,VH_framework,P,0.0
Transformer-onehot,VH_framework,P,0.0
Transformer-onehot,VH_framework,P,0.0
Transformer-onehot,VH_framework,P,0.0
Transformer-onehot,VH_framework,P,0.0
Transformer-onehot,VH_framework,P,0.0
Transformer-onehot,VH_framework,P,0.0
Transformer-onehot,VH_framework,P,0.0
Transformer-onehot,VH_framework,P,0.0
Transformer-onehot,VH_framework,P,0.0
Transformer-onehot,VH_framework,P,0.0
Transformer-onehot,VH_framework,P,0.0
Transformer-onehot,VH_framework,P,0.0
Transformer-onehot,VH_framework,P,0.0
Transformer-onehot,VH_framework,P,0.0
Transformer-onehot,VH_framework,P,0.0
Transformer-onehot,VH_framework,P,0.0
Transformer-onehot,VH_framework,P,0.0
Transformer-onehot,VH_framework,P,0.0
Transformer-onehot,VH_framework,P,0.0
Transformer-onehot,VH_framework,P,0.0
Transformer-onehot,VH_framework,P,0.0
Transformer-onehot,VH_framework,P,0.0
Transformer-onehot,VH_framework,P,0.0
Transformer-onehot,VH_framework,P,0.0
Transformer-onehot,VH_framework,P,0.0
Transformer-onehot,VH_framework,P,0.0
Transformer-onehot,VH_framework,P,0.0
Transformer-onehot,VH_framework,P,0.0
Transformer-onehot,VH_framework,P,0.0
Transformer-onehot,VH_framework,P,0.0
Transformer-onehot,VH_framework,P,0.0
Transformer-onehot,VH_framework,P,0.0
Transformer-onehot,VH_framework,P,0.0
Transformer-onehot,VH_framework,P,0.0
Transformer-onehot,VH_framework,P,0.0
Transformer-onehot,VH_framework,P,0.0
Transformer-onehot,VH_framework,P,0.0
Transformer-onehot,VH_framework,P,0.0
Transformer-onehot,VH_framework,P,0.0
Transformer-onehot,VH_framework,P,0.0
Transformer-onehot,VH_framework,P,0.0
Transformer-onehot,VH_framework,P,0.0
Transformer-onehot,VH_framework,P,0.0
Transformer-onehot,VH_framework,P,0.0
Transformer-onehot,VH_framework,P,0.0
Transformer-onehot,VH_framework,P,0.0
Transformer-onehot,VH_framework,P,0.0
Transformer-onehot,VH_framework,P,0.0
Transformer-onehot,VH_framework,P,0.0
Transformer-onehot,VH_framework,P,0.0
Transformer-onehot,VH_framework,P,0.0
Transformer-onehot,VH_framework,P,0.0
Transformer-onehot,VH_framework,P,0.0
Transformer-onehot,VH_framework,P,0.0
Transformer-onehot,VH_framework,P,0.0
Transformer-onehot,VH_framework,P,0.0
Transformer-onehot,VH_framework,P,0.0
Transformer-onehot,VH_framework,P,0.0
Transformer-onehot,VH_framework,P,0.0
Transformer-onehot,VH_framework,P,0.0
Transformer-onehot,VH_framework,P,0.0
Transformer-onehot,VH_framework,P,0.0
Transformer-onehot,VH_framework,P,0.0
Transformer-onehot,VH_framework,P,0.0
Transformer-onehot,VH_framework,P,0.0
Transformer-onehot,VH_framework,P,0.0
Transformer-onehot,VH_framework,P,0.0
Transformer-onehot,VH_framework,P,0.0
Transformer-onehot,VH_framework,P,0.0
Transformer-onehot,VH_framework,P,0.0
Transformer-onehot,VH_framework,P,0.0
Transformer-onehot,VH_framework,P,0.0
Transformer-onehot,VH_framework,P,0.0
Transformer-onehot,VH_framework,P,0.0
Transformer-onehot,VH_framework,P,0.0
Transformer-onehot,VH_framework,P,0.0
Transformer-onehot,VH_framework,P,0.0
Transformer-onehot,VH_framework,P,0.0
Transformer-onehot,VH_framework,P,0.0
Transformer-onehot,VH_framework,P,0.0
Transformer-onehot,VH_framework,P,0.0
Transformer-onehot,VH_framework,P,0.0
Transformer-onehot,VH_framework,P,0.0
Transformer-onehot,VH_framework,P,0.0
Transformer-onehot,VH_framework,P,0.0
Transformer-onehot,VH_framework,P,0.0
Transformer-onehot,VH_framework,P,0.0
Transformer-onehot,VH_framework,P,0.0
Transformer-onehot,VH_framework,P,0.0
Transformer-onehot,VH_framework,P,0.0
Transformer-onehot,VH_framework,P,0.0
Transformer-onehot,VH_framework,P,0.0
Transformer-onehot,VH_framework,P,0.0
Transformer-onehot,VH_framework,P,0.0
Transformer-onehot,VH_framework,P,0.0
Transformer-onehot,VH_framework,P,0.0
Transformer-onehot,VH_framework,P,0.0
Transformer-onehot,VH_framework,P,0.0
Transformer-onehot,VH_framework,P,0.0
Transformer-onehot,VH_framework,P,0.0
Transformer-onehot,VH_framework,P,0.0
Transformer-onehot,VH_framework,P,0.0
Transformer-onehot,VH_framework,P,0.0
Transformer-onehot,VH_framework,P,0.0
Transformer-onehot,VH_framework,P,0.0
Transformer-onehot,VH_framework,P,0.0
Transformer-onehot,VH_framework,P,0.0
Transformer-onehot,VH_framework,P,0.0
Transformer-onehot,VH_framework,P,0.0
Transformer-onehot,VH_framework,P,0.0
Transformer-onehot,VH_framework,P,0.0
Transformer-onehot,VH_framework,P,0.0
Transformer-onehot,VH_framework,P,0.0
Transformer-onehot,VH_framework,P,0.0
Transformer-onehot,VH_framework,P,0.0
Transformer-onehot,VH_framework,P,0.0
Transformer-onehot,VH_framework,P,0.0
Transformer-onehot,VH_framework,P,0.0
Transformer-onehot,VH_framework,P,0.0
Transformer-onehot,VH_framework,P,0.0
Transformer-onehot,VH_framework,P,0.0
Transformer-onehot,VH_framework,P,0.0
Transformer-onehot,VH_framework,P,0.0
Transformer-onehot,VH_framework,P,0.0
Transformer-onehot,VH_framework,P,0.0
Transformer-onehot,VH_framework,P,0.0
Transformer-onehot,VH_framework,P,0.0
Transformer-onehot,VH_framework,P,0.0
Transformer-onehot,VH_framework,P,0.0
Transformer-onehot,VH_framework,P,0.0
Transformer-onehot,VH_framework,P,0.0
Transformer-onehot,VH_framework,P,0.0
Transformer-onehot,VH_framework,P,0.0
Transformer-onehot,VH_framework,P,0.0
Transformer-onehot,VH_framework,P,0.0
Transformer-onehot,VH_framework,P,0.0
Transformer-onehot,VH_framework,P,0.0
Transformer-onehot,VH_framework,P,0.0
Transformer-onehot,VH_framework,P,0.0
Transformer-onehot,VH_framework,P,0.0
Transformer-onehot,VH_framework,P,0.0
Transformer-onehot,VH_framework,P,0.0
Transformer-onehot,VH_framework,P,0.0
Transformer-onehot,VH_framework,P,0.0
Transformer-onehot,VH_framework,P,0.0
Transformer-onehot,VH_framework,P,0.0
Transformer-onehot,VH_framework,P,0.0
Transformer-onehot,VH_framework,P,0.0
Transformer-onehot,VH_framework,P,0.0
Transformer-onehot,VH_framework,P,0.0
Transformer-onehot,VH_framework,P,0.0
Transformer-onehot,VH_framework,P,0.0
Transformer-onehot,VH_framework,P,0.0
Transformer-onehot,VH_framework,P,0.0
Transformer-onehot,VH_framework,P,0.0
Transformer-onehot,VH_framework,P,0.0
Transformer-onehot,VH_framework,P,0.0
Transformer-onehot,VH_framework,P,0.0
Transformer-onehot,VH_framework,P,0.0
Transformer-onehot,VH_framework,P,0.0
Transformer-onehot,VH_framework,P,0.0
Transformer-onehot,VH_framework,P,0.0
Transformer-onehot,VH_framework,P,0.0
Transformer-onehot,VH_framework,P,0.0
Transformer-onehot,VH_framework,P,0.0
Transformer-onehot,VH_framework,P,0.0
Transformer-onehot,VH_framework,P,0.0
Transformer-onehot,VH_framework,P,0.0
Transformer-onehot,VH_framework,P,0.0
Transformer-onehot,VH_framework,P,0.0
Transformer-onehot,VH_framework,P,0.0
Transformer-onehot,VH_framework,P,0.0
Transformer-onehot,VH_framework,P,0.0
Transformer-onehot,VH_framework,P,0.0
Transformer-onehot,VH_framework,P,0.0
Transformer-onehot,VH_framework,P,0.0
Transformer-onehot,VH_framework,P,0.0
Transformer-onehot,VH_framework,P,0.0
Transformer-onehot,VH_framework,P,0.0
Transformer-onehot,VH_framework,P,0.0
Transformer-onehot,VH_framework,P,0.0
Transformer-onehot,VH_framework,P,0.0
Transformer-onehot,VH_framework,P,0.0
Transformer-onehot,VH_framework,P,0.0
Transformer-onehot,VH_framework,P,0.0
Transformer-onehot,VH_framework,P,0.0
Transformer-onehot,VH_framework,P,0.0
Transformer-onehot,VH_framework,P,0.0
Transformer-onehot,VH_framework,P,0.0
Transformer-onehot,VH_framework,P,0.0
Transformer-onehot,VH_framework,P,0.0
Transformer-onehot,VH_framework,P,0.0
Transformer-onehot,VH_framework,P,0.0
Transformer-onehot,VH_framework,P,0.0
Transformer-onehot,VH_framework,P,0.0
Transformer-onehot,VH_framework,P,0.0
Transformer-onehot,VH_framework,P,0.0
Transformer-onehot,VH_framework,P,0.0
Transformer-onehot,VH_framework,P,0.0
Transformer-onehot,VH_framework,P,0.0
Transformer-onehot,VH_framework,P,0.0
Transformer-onehot,VH_framework,P,0.0
Transformer-onehot,VH_framework,P,0.0
Transformer-onehot,VH_framework,P,0.0
Transformer-onehot,VH_framework,P,0.0
Transformer-onehot,VH_framework,P,0.0
Transformer-onehot,VH_framework,P,0.0
Transformer-onehot,VH_framework,P,0.0
Transformer-onehot,VH_framework,P,0.0
Transformer-onehot,VH_framework,P,0.0
Transformer-onehot,VH_framework,P,0.0
Transformer-onehot,VH_framework,P,0.0
Transformer-onehot,VH_framework,P,0.0
Transformer-onehot,VH_framework,P,0.0
Transformer-onehot,VH_framework,P,0.0
Transformer-onehot,VH_framework,P,0.0
Transformer-onehot,VH_framework,P,0.0
Transformer-onehot,VH_framework,P,0.0
Transformer-onehot,VH_framework,P,0.0
Transformer-onehot,VH_framework,P,0.0
Transformer-onehot,VH_framework,P,0.0
Transformer-onehot,VH_framework,P,0.0
Transformer-onehot,VH_framework,P,0.0
Transformer-onehot,VH_framework,P,0.0
Transformer-onehot,VH_framework,P,0.0
Transformer-onehot,VH_framework,P,0.0
Transformer-onehot,VH_framework,P,0.0
Transformer-onehot,VH_framework,P,0.0
Transformer-onehot,VH_framework,P,0.0
Transformer-onehot,VH_framework,P,0.0
Transformer-onehot,VH_framework,P,0.0
Transformer-onehot,VH_framework,P,0.0
Transformer-onehot,VH_framework,P,0.0
Transformer-onehot,VH_framework,P,0.0
Transformer-onehot,VH_framework,P,0.0
Transformer-onehot,VH_framework,P,0.0
Transformer-onehot,VH_framework,P,0.0
Transformer-onehot,VH_framework,P,0.0
Transformer-onehot,VH_framework,P,0.0
Transformer-onehot,VH_framework,P,0.0
Transformer-onehot,VH_framework,P,0.0
Transformer-onehot,VH_framework,P,0.0
Transformer-onehot,VH_framework,P,0.0
Transformer-onehot,VH_framework,P,0.0
Transformer-onehot,VH_framework,P,0.0
Transformer-onehot,VH_framework,P,0.0
Transformer-onehot,VH_framework,P,0.0
Transformer-onehot,VH_framework,P,0.0
Transformer-onehot,VH_framework,P,0.0
Transformer-onehot,VH_framework,P,0.0
Transformer-onehot,VH_framework,P,0.0
Transformer-onehot,VH_framework,P,0.0
Transformer-onehot,VH_framework,P,0.0
Transformer-onehot,VH_framework,P,0.0
Transformer-onehot,VH_framework,P,0.0
Transformer-onehot,VH_framework,P,0.0
Transformer-onehot,VH_framework,P,0.0
Transformer-onehot,VH_framework,P,0.0
Transformer-onehot,VH_framework,P,0.0
Transformer-onehot,VH_framework,P,0.0
Transformer-onehot,VH_framework,P,0.0
Transformer-onehot,VH_framework,P,0.0
Transformer-onehot,VH_framework,P,0.0
Transformer-onehot,VH_framework,P,0.0
Transformer-onehot,VH_framework,P,0.0
Transformer-onehot,VH_framework,P,0.0
Transformer-onehot,VH_framework,P,0.0
Transformer-onehot,VH_framework,P,0.0
Transformer-onehot,VH_framework,P,0.0
Transformer-onehot,VH_framework,P,0.0
Transformer-onehot,VH_framework,P,0.0
Transformer-onehot,VH_framework,P,0.0
Transformer-onehot,VH_framework,P,0.0
Transformer-onehot,VH_framework,P,0.0
Transformer-onehot,VH_framework,P,0.0
Transformer-onehot,VH_framework,P,0.0
Transformer-onehot,VH_framework,P,0.0
Transformer-onehot,VH_framework,P,0.0
Transformer-onehot,VH_framework,P,0.0
Transformer-onehot,VH_framework,P,0.0
Transformer-onehot,VH_framework,P,0.0
Transformer-onehot,VH_framework,P,0.0
Transformer-onehot,VH_framework,P,0.0
Transformer-onehot,VH_framework,P,0.0
Transformer-onehot,VH_framework,P,0.0
Transformer-onehot,VH_framework,P,0.0
Transformer-onehot,VH_framework,P,0.0
Transformer-onehot,VH_framework,P,0.0
Transformer-onehot,VH_framework,P,0.0
Transformer-onehot,VH_framework,P,0.0
Transformer-onehot,VH_framework,P,0.0
Transformer-onehot,VH_framework,P,0.0
Transformer-onehot,VH_framework,P,0.0
Transformer-onehot,VH_framework,P,0.0
Transformer-onehot,VH_framework,P,0.0
Transformer-onehot,VH_framework,P,0.0
Transformer-onehot,VH_framework,P,0.0
Transformer-onehot,VH_framework,P,0.0
Transformer-onehot,VH_framework,P,0.0
Transformer-onehot,VH_framework,P,0.0
Transformer-onehot,VH_framework,P,0.0
Transformer-onehot,VH_framework,P,0.0
Transformer-onehot,VH_framework,P,0.0
Transformer-onehot,VH_framework,P,0.0
Transformer-onehot,VH_framework,P,0.0
Transformer-onehot,VH_framework,P,0.0
Transformer-onehot,VH_framework,P,0.0
Transformer-onehot,VH_framework,P,0.0
Transformer-onehot,VH_framework,P,0.0
Transformer-onehot,VH_framework,P,0.0
Transformer-onehot,VH_framework,P,0.0
Transformer-onehot,VH_framework,P,0.0
Transformer-onehot,VH_framework,P,0.0
Transformer-onehot,VH_framework,P,0.0
Transformer-onehot,VH_framework,P,0.0
Transformer-onehot,VH_framework,P,0.0
Transformer-onehot,VH_framework,P,0.0
Transformer-onehot,VH_framework,P,0.0
Transformer-onehot,VH_framework,P,0.0
Transformer-onehot,VH_framework,P,0.0
Transformer-onehot,VH_framework,P,0.0
Transformer-onehot,VH_framework,P,0.0
Transformer-onehot,VH_framework,P,0.0
Transformer-onehot,VH_framework,P,0.0
Transformer-onehot,VH_framework,P,0.0
Transformer-onehot,VH_framework,P,0.0
Transformer-onehot,VH_framework,P,0.0
Transformer-onehot,VH_framework,P,0.0
Transformer-onehot,VH_framework,P,0.0
Transformer-onehot,VH_framework,P,0.0
Transformer-onehot,VH_framework,P,0.0
Transformer-onehot,VH_framework,P,0.0
Transformer-onehot,VH_framework,P,0.0
Transformer-onehot,VH_framework,P,0.0
Transformer-onehot,VH_framework,P,0.0
Transformer-onehot,VH_framework,P,0.0
Transformer-onehot,VH_framework,P,0.0
Transformer-onehot,VH_framework,P,0.0
Transformer-onehot,VH_framework,P,0.0
Transformer-onehot,VH_framework,P,0.0
Transformer-onehot,VH_framework,P,0.0
Transformer-onehot,VH_framework,P,0.0
Transformer-onehot,VH_framework,P,0.0
Transformer-onehot,VH_framework,P,0.0
Transformer-onehot,VH_framework,P,0.0
Transformer-onehot,VH_framework,P,0.0
Transformer-onehot,VH_framework,P,0.0
Transformer-onehot,VH_framework,P,0.0
Transformer-onehot,VH_framework,P,0.0
Transformer-onehot,VH_framework,P,0.0
Transformer-onehot,VH_framework,P,0.0
Transformer-onehot,VH_framework,P,0.0
Transformer-onehot,VH_framework,P,0.0
Transformer-onehot,VH_framework,P,0.0
Transformer-onehot,VH_framework,P,0.0
Transformer-onehot,VH_framework,P,0.0
Transformer-onehot,VH_framework,P,0.0
Transformer-onehot,VH_framework,P,0.0
Transformer-onehot,VH_framework,P,0.0
Transformer-onehot,VH_framework,P,0.0
Transformer-onehot,VH_framework,P,0.0
Transformer-onehot,VH_framework,P,0.0
Transformer-onehot,VH_framework,P,0.0
Transformer-onehot,VH_framework,P,0.0
Transformer-onehot,VH_framework,P,0.0
Transformer-onehot,VH_framework,P,0.0
Transformer-onehot,VH_framework,P,0.0
Transformer-onehot,VH_framework,P,0.0
Transformer-onehot,VH_framework,P,0.0
Transformer-onehot,VH_framework,P,0.0
Transformer-onehot,VH_framework,P,0.0
Transformer-onehot,VH_framework,P,0.0
Transformer-onehot,VH_framework,P,0.0
Transformer-onehot,VH_framework,P,0.0
Transformer-onehot,VH_framework,P,0.0
Transformer-onehot,VH_framework,P,0.0
Transformer-onehot,VH_framework,P,0.0
Transformer-onehot,VH_framework,P,0.0
Transformer-onehot,VH_framework,P,0.0
Transformer-onehot,VH_framework,P,0.0
Transformer-onehot,VH_framework,P,0.0
Transformer-onehot,VH_framework,P,0.0
Transformer-onehot,VH_framework,P,0.0
Transformer-onehot,VH_framework,P,0.0
Transformer-onehot,VH_framework,P,0.0
Transformer-onehot,VH_framework,P,0.0
Transformer-onehot,VH_framework,P,0.0
Transformer-onehot,VH_framework,P,0.0
Transformer-onehot,VH_framework,P,0.0
Transformer-onehot,VH_framework,P,0.0
Transformer-onehot,VH_framework,P,0.0
Transformer-onehot,VH_framework,P,0.0
Transformer-onehot,VH_framework,P,0.0
Transformer-onehot,VH_framework,P,0.0
Transformer-onehot,VH_framework,P,0.0
Transformer-onehot,VH_framework,P,0.0
Transformer-onehot,VH_framework,P,0.0
Transformer-onehot,VH_framework,P,0.0
Transformer-onehot,VH_framework,P,0.0
Transformer-onehot,VH_framework,P,0.0
Transformer-onehot,VH_framework,P,0.0
Transformer-onehot,VH_framework,P,0.0
Transformer-onehot,VH_framework,P,0.0
Transformer-onehot,VH_framework,P,0.0
Transformer-onehot,VH_framework,P,0.0
Transformer-onehot,VH_framework,P,0.0
Transformer-onehot,VH_framework,P,0.0
Transformer-onehot,VH_framework,P,0.0
Transformer-onehot,VH_framework,P,0.0
Transformer-onehot,VH_framework,P,0.0
Transformer-onehot,VH_framework,P,0.0
Transformer-onehot,VH_framework,P,0.0
Transformer-onehot,VH_framework,P,0.0
Transformer-onehot,VH_framework,P,0.0
Transformer-onehot,VH_framework,P,0.0
Transformer-onehot,VH_framework,P,0.0
Transformer-onehot,VH_framework,P,0.0
Transformer-onehot,VH_framework,P,0.0
Transformer-onehot,VH_framework,P,0.0
Transformer-onehot,VH_framework,P,0.0
Transformer-onehot,VH_framework,P,0.0
Transformer-onehot,VH_framework,P,0.0
Transformer-onehot,VH_framework,P,0.0
Transformer-onehot,VH_framework,P,0.0
Transformer-onehot,VH_framework,P,0.0
Transformer-onehot,VH_framework,P,0.0
Transformer-onehot,VH_framework,P,0.0
Transformer-onehot,VH_framework,P,0.0
Transformer-onehot,VH_framework,P,0.0
Transformer-onehot,VH_framework,P,0.0
Transformer-onehot,VH_framework,P,0.0
Transformer-onehot,VH_framework,P,0.0
Transformer-onehot,VH_framework,P,0.0
Transformer-onehot,VH_framework,P,0.0
Transformer-onehot,VH_framework,P,0.0
Transformer-onehot,VH_framework,P,0.0
Transformer-onehot,VH_framework,P,0.0
Transformer-onehot,VH_framework,P,0.0
Transformer-onehot,VH_framework,P,0.0
Transformer-onehot,VH_framework,P,0.0
Transformer-onehot,VH_framework,P,0.0
Transformer-onehot,VH_framework,P,0.0
Transformer-onehot,VH_framework,P,0.0
Transformer-onehot,VH_framework,P,0.0
Transformer-onehot,VH_framework,P,0.0
Transformer-onehot,VH_framework,P,0.0
Transformer-onehot,VH_framework,P,0.0
Transformer-onehot,VH_framework,P,0.0
Transformer-onehot,VH_framework,P,0.0
Transformer-onehot,VH_framework,P,0.0
Transformer-onehot,VH_framework,P,0.0
Transformer-onehot,VH_framework,P,0.0
Transformer-onehot,VH_framework,P,0.0
Transformer-onehot,VH_framework,P,0.0
Transformer-onehot,VH_framework,P,0.0
Transformer-onehot,VH_framework,P,0.0
Transformer-onehot,VH_framework,P,0.0
Transformer-onehot,VH_framework,P,0.0
Transformer-onehot,VH_framework,P,0.0
Transformer-onehot,VH_framework,P,0.0
Transformer-onehot,VH_framework,P,0.0
Transformer-onehot,VH_framework,P,0.0
Transformer-onehot,VH_framework,P,0.0
Transformer-onehot,VH_framework,P,0.0
Transformer-onehot,VH_framework,P,0.0
Transformer-onehot,VH_framework,P,0.0
Transformer-onehot,VH_framework,P,0.0
Transformer-onehot,VH_framework,P,0.0
Transformer-onehot,VH_framework,P,0.0
Transformer-onehot,VH_framework,P,0.0
Transformer-onehot,VH_framework,P,0.0
Transformer-onehot,VH_framework,P,0.0
Transformer-onehot,VH_framework,P,0.0
Transformer-onehot,VH_framework,P,0.0
Transformer-onehot,VH_framework,P,0.0
Transformer-onehot,VH_framework,P,0.0
Transformer-onehot,VH_framework,P,0.0
Transformer-onehot,VH_framework,P,0.0
Transformer-onehot,VH_framework,P,0.0
Transformer-onehot,VH_framework,P,0.0
Transformer-onehot,VH_framework,P,0.0
Transformer-onehot,VH_framework,P,0.0
Transformer-onehot,VH_framework,P,0.0
Transformer-onehot,VH_framework,P,0.0
Transformer-onehot,VH_framework,P,0.0
Transformer-onehot,VH_framework,P,0.0
Transformer-onehot,VH_framework,P,0.0
Transformer-onehot,VH_framework,P,0.0
Transformer-onehot,VH_framework,P,0.0
Transformer-onehot,VH_framework,P,0.0
Transformer-onehot,VH_framework,P,0.0
Transformer-onehot,VH_framework,P,0.0
Transformer-onehot,VH_framework,P,0.0
Transformer-onehot,VH_framework,P,0.0
Transformer-onehot,VH_framework,Q,0.0
Transformer-onehot,VH_framework,Q,0.0
Transformer-onehot,VH_framework,Q,0.0
Transformer-onehot,VH_framework,Q,0.0
Transformer-onehot,VH_framework,Q,0.0
Transformer-onehot,VH_framework,Q,0.0
Transformer-onehot,VH_framework,Q,0.0
Transformer-onehot,VH_framework,Q,0.0
Transformer-onehot,VH_framework,Q,0.0
Transformer-onehot,VH_framework,Q,0.0
Transformer-onehot,VH_framework,Q,0.0
Transformer-onehot,VH_framework,Q,0.0
Transformer-onehot,VH_framework,Q,0.0
Transformer-onehot,VH_framework,Q,0.0
Transformer-onehot,VH_framework,Q,0.0
Transformer-onehot,VH_framework,Q,0.0
Transformer-onehot,VH_framework,Q,0.0
Transformer-onehot,VH_framework,Q,0.0
Transformer-onehot,VH_framework,Q,0.0
Transformer-onehot,VH_framework,Q,0.0
Transformer-onehot,VH_framework,Q,0.0
Transformer-onehot,VH_framework,Q,0.0
Transformer-onehot,VH_framework,Q,0.0
Transformer-onehot,VH_framework,Q,0.0
Transformer-onehot,VH_framework,Q,0.0
Transformer-onehot,VH_framework,Q,0.0
Transformer-onehot,VH_framework,Q,0.0
Transformer-onehot,VH_framework,Q,0.0
Transformer-onehot,VH_framework,Q,0.0
Transformer-onehot,VH_framework,Q,0.0
Transformer-onehot,VH_framework,Q,0.0
Transformer-onehot,VH_framework,Q,0.0
Transformer-onehot,VH_framework,Q,0.0
Transformer-onehot,VH_framework,Q,0.0
Transformer-onehot,VH_framework,Q,0.0
Transformer-onehot,VH_framework,Q,0.0
Transformer-onehot,VH_framework,Q,0.0
Transformer-onehot,VH_framework,Q,0.0
Transformer-onehot,VH_framework,Q,0.0
Transformer-onehot,VH_framework,Q,0.0
Transformer-onehot,VH_framework,Q,0.0
Transformer-onehot,VH_framework,Q,0.0
Transformer-onehot,VH_framework,Q,0.0
Transformer-onehot,VH_framework,Q,0.0
Transformer-onehot,VH_framework,Q,0.0
Transformer-onehot,VH_framework,Q,0.0
Transformer-onehot,VH_framework,Q,0.0
Transformer-onehot,VH_framework,Q,0.0
Transformer-onehot,VH_framework,Q,0.0
Transformer-onehot,VH_framework,Q,0.0
Transformer-onehot,VH_framework,Q,0.0
Transformer-onehot,VH_framework,Q,0.0
Transformer-onehot,VH_framework,Q,0.0
Transformer-onehot,VH_framework,Q,0.0
Transformer-onehot,VH_framework,Q,0.0
Transformer-onehot,VH_framework,Q,0.0
Transformer-onehot,VH_framework,Q,0.0
Transformer-onehot,VH_framework,Q,0.0
Transformer-onehot,VH_framework,Q,0.0
Transformer-onehot,VH_framework,Q,0.0
Transformer-onehot,VH_framework,Q,0.0
Transformer-onehot,VH_framework,Q,0.0
Transformer-onehot,VH_framework,Q,0.0
Transformer-onehot,VH_framework,Q,0.0
Transformer-onehot,VH_framework,Q,0.0
Transformer-onehot,VH_framework,Q,0.0
Transformer-onehot,VH_framework,Q,0.0
Transformer-onehot,VH_framework,Q,0.0
Transformer-onehot,VH_framework,Q,0.0
Transformer-onehot,VH_framework,Q,0.0
Transformer-onehot,VH_framework,Q,0.0
Transformer-onehot,VH_framework,Q,0.0
Transformer-onehot,VH_framework,Q,0.0
Transformer-onehot,VH_framework,Q,0.0
Transformer-onehot,VH_framework,Q,0.0
Transformer-onehot,VH_framework,Q,0.0
Transformer-onehot,VH_framework,Q,0.0
Transformer-onehot,VH_framework,Q,0.0
Transformer-onehot,VH_framework,Q,0.0
Transformer-onehot,VH_framework,Q,0.0
Transformer-onehot,VH_framework,Q,0.0
Transformer-onehot,VH_framework,Q,0.0
Transformer-onehot,VH_framework,Q,0.0
Transformer-onehot,VH_framework,Q,0.0
Transformer-onehot,VH_framework,Q,0.0
Transformer-onehot,VH_framework,Q,0.0
Transformer-onehot,VH_framework,Q,0.0
Transformer-onehot,VH_framework,Q,0.0
Transformer-onehot,VH_framework,Q,0.0
Transformer-onehot,VH_framework,Q,0.0
Transformer-onehot,VH_framework,Q,0.0
Transformer-onehot,VH_framework,Q,0.0
Transformer-onehot,VH_framework,Q,0.0
Transformer-onehot,VH_framework,Q,0.0
Transformer-onehot,VH_framework,Q,0.0
Transformer-onehot,VH_framework,Q,0.0
Transformer-onehot,VH_framework,Q,0.0
Transformer-onehot,VH_framework,Q,0.0
Transformer-onehot,VH_framework,Q,0.0
Transformer-onehot,VH_framework,Q,0.0
Transformer-onehot,VH_framework,Q,0.0
Transformer-onehot,VH_framework,Q,0.0
Transformer-onehot,VH_framework,Q,0.0
Transformer-onehot,VH_framework,Q,0.0
Transformer-onehot,VH_framework,Q,0.0
Transformer-onehot,VH_framework,Q,0.0
Transformer-onehot,VH_framework,Q,0.0
Transformer-onehot,VH_framework,Q,0.0
Transformer-onehot,VH_framework,Q,0.0
Transformer-onehot,VH_framework,Q,0.0
Transformer-onehot,VH_framework,Q,0.0
Transformer-onehot,VH_framework,Q,0.0
Transformer-onehot,VH_framework,Q,0.0
Transformer-onehot,VH_framework,Q,0.0
Transformer-onehot,VH_framework,Q,0.0
Transformer-onehot,VH_framework,Q,0.0
Transformer-onehot,VH_framework,Q,0.0
Transformer-onehot,VH_framework,Q,0.0
Transformer-onehot,VH_framework,Q,0.0
Transformer-onehot,VH_framework,Q,0.0
Transformer-onehot,VH_framework,Q,0.0
Transformer-onehot,VH_framework,Q,0.0
Transformer-onehot,VH_framework,Q,0.0
Transformer-onehot,VH_framework,Q,0.0
Transformer-onehot,VH_framework,Q,0.0
Transformer-onehot,VH_framework,Q,0.0
Transformer-onehot,VH_framework,Q,0.0
Transformer-onehot,VH_framework,Q,0.0
Transformer-onehot,VH_framework,Q,0.0
Transformer-onehot,VH_framework,Q,0.0
Transformer-onehot,VH_framework,Q,0.0
Transformer-onehot,VH_framework,Q,0.0
Transformer-onehot,VH_framework,Q,0.0
Transformer-onehot,VH_framework,Q,0.0
Transformer-onehot,VH_framework,Q,0.0
Transformer-onehot,VH_framework,Q,0.0
Transformer-onehot,VH_framework,Q,0.0
Transformer-onehot,VH_framework,Q,0.0
Transformer-onehot,VH_framework,Q,0.0
Transformer-onehot,VH_framework,Q,0.0
Transformer-onehot,VH_framework,Q,0.0
Transformer-onehot,VH_framework,Q,0.0
Transformer-onehot,VH_framework,Q,0.0
Transformer-onehot,VH_framework,Q,0.0
Transformer-onehot,VH_framework,Q,0.0
Transformer-onehot,VH_framework,Q,0.0
Transformer-onehot,VH_framework,Q,0.0
Transformer-onehot,VH_framework,Q,0.0
Transformer-onehot,VH_framework,Q,0.0
Transformer-onehot,VH_framework,Q,0.0
Transformer-onehot,VH_framework,Q,0.0
Transformer-onehot,VH_framework,Q,0.0
Transformer-onehot,VH_framework,Q,0.0
Transformer-onehot,VH_framework,Q,0.0
Transformer-onehot,VH_framework,Q,0.0
Transformer-onehot,VH_framework,Q,0.0
Transformer-onehot,VH_framework,Q,0.0
Transformer-onehot,VH_framework,Q,0.0
Transformer-onehot,VH_framework,Q,0.0
Transformer-onehot,VH_framework,Q,0.0
Transformer-onehot,VH_framework,Q,0.0
Transformer-onehot,VH_framework,Q,0.0
Transformer-onehot,VH_framework,Q,0.0
Transformer-onehot,VH_framework,Q,0.0
Transformer-onehot,VH_framework,Q,0.0
Transformer-onehot,VH_framework,Q,0.0
Transformer-onehot,VH_framework,Q,0.0
Transformer-onehot,VH_framework,Q,0.0
Transformer-onehot,VH_framework,Q,0.0
Transformer-onehot,VH_framework,Q,0.0
Transformer-onehot,VH_framework,Q,0.0
Transformer-onehot,VH_framework,Q,0.0
Transformer-onehot,VH_framework,Q,0.0
Transformer-onehot,VH_framework,Q,0.0
Transformer-onehot,VH_framework,Q,0.0
Transformer-onehot,VH_framework,Q,0.0
Transformer-onehot,VH_framework,Q,0.0
Transformer-onehot,VH_framework,Q,0.0
Transformer-onehot,VH_framework,Q,0.0
Transformer-onehot,VH_framework,Q,0.0
Transformer-onehot,VH_framework,Q,0.0
Transformer-onehot,VH_framework,Q,0.0
Transformer-onehot,VH_framework,Q,0.0
Transformer-onehot,VH_framework,Q,0.0
Transformer-onehot,VH_framework,Q,0.0
Transformer-onehot,VH_framework,Q,0.0
Transformer-onehot,VH_framework,Q,0.0
Transformer-onehot,VH_framework,Q,0.0
Transformer-onehot,VH_framework,Q,0.0
Transformer-onehot,VH_framework,Q,0.0
Transformer-onehot,VH_framework,Q,0.0
Transformer-onehot,VH_framework,Q,0.0
Transformer-onehot,VH_framework,Q,0.0
Transformer-onehot,VH_framework,Q,0.0
Transformer-onehot,VH_framework,Q,0.0
Transformer-onehot,VH_framework,Q,0.0
Transformer-onehot,VH_framework,Q,0.0
Transformer-onehot,VH_framework,Q,0.0
Transformer-onehot,VH_framework,Q,0.0
Transformer-onehot,VH_framework,Q,0.0
Transformer-onehot,VH_framework,Q,0.0
Transformer-onehot,VH_framework,Q,0.0
Transformer-onehot,VH_framework,Q,0.0
Transformer-onehot,VH_framework,Q,0.0
Transformer-onehot,VH_framework,Q,0.0
Transformer-onehot,VH_framework,Q,0.0
Transformer-onehot,VH_framework,Q,0.0
Transformer-onehot,VH_framework,Q,0.0
Transformer-onehot,VH_framework,Q,0.0
Transformer-onehot,VH_framework,Q,0.0
Transformer-onehot,VH_framework,Q,0.0
Transformer-onehot,VH_framework,Q,0.0
Transformer-onehot,VH_framework,Q,0.0
Transformer-onehot,VH_framework,Q,0.0
Transformer-onehot,VH_framework,Q,0.0
Transformer-onehot,VH_framework,Q,0.0
Transformer-onehot,VH_framework,Q,0.0
Transformer-onehot,VH_framework,Q,0.0
Transformer-onehot,VH_framework,Q,0.0
Transformer-onehot,VH_framework,Q,0.0
Transformer-onehot,VH_framework,Q,0.0
Transformer-onehot,VH_framework,Q,0.0
Transformer-onehot,VH_framework,Q,0.0
Transformer-onehot,VH_framework,Q,0.0
Transformer-onehot,VH_framework,Q,0.0
Transformer-onehot,VH_framework,Q,0.0
Transformer-onehot,VH_framework,Q,0.0
Transformer-onehot,VH_framework,Q,0.0
Transformer-onehot,VH_framework,Q,0.0
Transformer-onehot,VH_framework,Q,0.0
Transformer-onehot,VH_framework,Q,0.0
Transformer-onehot,VH_framework,Q,0.0
Transformer-onehot,VH_framework,Q,0.0
Transformer-onehot,VH_framework,Q,0.0
Transformer-onehot,VH_framework,Q,0.0
Transformer-onehot,VH_framework,Q,0.0
Transformer-onehot,VH_framework,Q,0.0
Transformer-onehot,VH_framework,Q,0.0
Transformer-onehot,VH_framework,Q,0.0
Transformer-onehot,VH_framework,Q,0.0
Transformer-onehot,VH_framework,Q,0.0
Transformer-onehot,VH_framework,Q,0.0
Transformer-onehot,VH_framework,Q,0.0
Transformer-onehot,VH_framework,Q,0.0
Transformer-onehot,VH_framework,Q,0.0
Transformer-onehot,VH_framework,Q,0.0
Transformer-onehot,VH_framework,Q,0.0
Transformer-onehot,VH_framework,Q,0.0
Transformer-onehot,VH_framework,Q,0.0
Transformer-onehot,VH_framework,Q,0.0
Transformer-onehot,VH_framework,Q,0.0
Transformer-onehot,VH_framework,Q,0.0
Transformer-onehot,VH_framework,Q,0.0
Transformer-onehot,VH_framework,Q,0.0
Transformer-onehot,VH_framework,Q,0.0
Transformer-onehot,VH_framework,Q,0.0
Transformer-onehot,VH_framework,Q,0.0
Transformer-onehot,VH_framework,Q,0.0
Transformer-onehot,VH_framework,Q,0.0
Transformer-onehot,VH_framework,Q,0.0
Transformer-onehot,VH_framework,Q,0.0
Transformer-onehot,VH_framework,Q,0.0
Transformer-onehot,VH_framework,Q,0.0
Transformer-onehot,VH_framework,Q,0.0
Transformer-onehot,VH_framework,Q,0.0
Transformer-onehot,VH_framework,Q,0.0
Transformer-onehot,VH_framework,Q,0.0
Transformer-onehot,VH_framework,Q,0.0
Transformer-onehot,VH_framework,Q,0.0
Transformer-onehot,VH_framework,Q,0.0
Transformer-onehot,VH_framework,Q,0.0
Transformer-onehot,VH_framework,Q,0.0
Transformer-onehot,VH_framework,Q,0.0
Transformer-onehot,VH_framework,Q,0.0
Transformer-onehot,VH_framework,Q,0.0
Transformer-onehot,VH_framework,Q,0.0
Transformer-onehot,VH_framework,Q,0.0
Transformer-onehot,VH_framework,Q,0.0
Transformer-onehot,VH_framework,Q,0.0
Transformer-onehot,VH_framework,Q,0.0
Transformer-onehot,VH_framework,Q,0.0
Transformer-onehot,VH_framework,Q,0.0
Transformer-onehot,VH_framework,Q,0.0
Transformer-onehot,VH_framework,Q,0.0
Transformer-onehot,VH_framework,Q,0.0
Transformer-onehot,VH_framework,Q,0.0
Transformer-onehot,VH_framework,Q,0.0
Transformer-onehot,VH_framework,Q,0.0
Transformer-onehot,VH_framework,Q,0.0
Transformer-onehot,VH_framework,Q,0.0
Transformer-onehot,VH_framework,Q,0.0
Transformer-onehot,VH_framework,Q,0.0
Transformer-onehot,VH_framework,Q,0.0
Transformer-onehot,VH_framework,Q,0.0
Transformer-onehot,VH_framework,Q,0.0
Transformer-onehot,VH_framework,Q,0.0
Transformer-onehot,VH_framework,Q,0.0
Transformer-onehot,VH_framework,Q,0.0
Transformer-onehot,VH_framework,Q,0.0
Transformer-onehot,VH_framework,Q,0.0
Transformer-onehot,VH_framework,Q,0.0
Transformer-onehot,VH_framework,Q,0.0
Transformer-onehot,VH_framework,Q,0.0
Transformer-onehot,VH_framework,Q,0.0
Transformer-onehot,VH_framework,Q,0.0
Transformer-onehot,VH_framework,Q,0.0
Transformer-onehot,VH_framework,Q,0.0
Transformer-onehot,VH_framework,Q,0.0
Transformer-onehot,VH_framework,Q,0.0
Transformer-onehot,VH_framework,Q,0.0
Transformer-onehot,VH_framework,Q,0.0
Transformer-onehot,VH_framework,Q,0.0
Transformer-onehot,VH_framework,Q,0.0
Transformer-onehot,VH_framework,Q,0.0
Transformer-onehot,VH_framework,Q,0.0
Transformer-onehot,VH_framework,Q,0.0
Transformer-onehot,VH_framework,Q,0.0
Transformer-onehot,VH_framework,Q,0.0
Transformer-onehot,VH_framework,Q,0.0
Transformer-onehot,VH_framework,Q,0.0
Transformer-onehot,VH_framework,Q,0.0
Transformer-onehot,VH_framework,Q,0.0
Transformer-onehot,VH_framework,Q,0.0
Transformer-onehot,VH_framework,Q,0.0
Transformer-onehot,VH_framework,Q,0.0
Transformer-onehot,VH_framework,Q,0.0
Transformer-onehot,VH_framework,Q,0.0
Transformer-onehot,VH_framework,Q,0.0
Transformer-onehot,VH_framework,Q,0.0
Transformer-onehot,VH_framework,Q,0.0
Transformer-onehot,VH_framework,Q,0.0
Transformer-onehot,VH_framework,Q,0.0
Transformer-onehot,VH_framework,Q,0.0
Transformer-onehot,VH_framework,Q,0.0
Transformer-onehot,VH_framework,Q,0.0
Transformer-onehot,VH_framework,Q,0.0
Transformer-onehot,VH_framework,Q,0.0
Transformer-onehot,VH_framework,Q,0.0
Transformer-onehot,VH_framework,Q,0.0
Transformer-onehot,VH_framework,Q,0.0
Transformer-onehot,VH_framework,Q,0.0
Transformer-onehot,VH_framework,Q,0.0
Transformer-onehot,VH_framework,Q,0.0
Transformer-onehot,VH_framework,Q,0.0
Transformer-onehot,VH_framework,Q,0.0
Transformer-onehot,VH_framework,Q,0.0
Transformer-onehot,VH_framework,Q,0.0
Transformer-onehot,VH_framework,Q,0.0
Transformer-onehot,VH_framework,Q,0.0
Transformer-onehot,VH_framework,Q,0.0
Transformer-onehot,VH_framework,Q,0.0
Transformer-onehot,VH_framework,Q,0.0
Transformer-onehot,VH_framework,Q,0.0
Transformer-onehot,VH_framework,Q,0.0
Transformer-onehot,VH_framework,Q,0.0
Transformer-onehot,VH_framework,Q,0.0
Transformer-onehot,VH_framework,Q,0.0
Transformer-onehot,VH_framework,Q,0.0
Transformer-onehot,VH_framework,Q,0.0
Transformer-onehot,VH_framework,Q,0.0
Transformer-onehot,VH_framework,Q,0.0
Transformer-onehot,VH_framework,Q,0.0
Transformer-onehot,VH_framework,Q,0.0
Transformer-onehot,VH_framework,Q,0.0
Transformer-onehot,VH_framework,Q,0.0
Transformer-onehot,VH_framework,Q,0.0
Transformer-onehot,VH_framework,Q,0.0
Transformer-onehot,VH_framework,Q,0.0
Transformer-onehot,VH_framework,Q,0.0
Transformer-onehot,VH_framework,Q,0.0
Transformer-onehot,VH_framework,Q,0.0
Transformer-onehot,VH_framework,Q,0.0
Transformer-onehot,VH_framework,Q,0.0
Transformer-onehot,VH_framework,Q,0.0
Transformer-onehot,VH_framework,Q,0.0
Transformer-onehot,VH_framework,Q,0.0
Transformer-onehot,VH_framework,Q,0.0
Transformer-onehot,VH_framework,Q,0.0
Transformer-onehot,VH_framework,Q,0.0
Transformer-onehot,VH_framework,Q,0.0
Transformer-onehot,VH_framework,Q,0.0
Transformer-onehot,VH_framework,Q,0.0
Transformer-onehot,VH_framework,Q,0.0
Transformer-onehot,VH_framework,Q,0.0
Transformer-onehot,VH_framework,Q,0.0
Transformer-onehot,VH_framework,Q,0.0
Transformer-onehot,VH_framework,Q,0.0
Transformer-onehot,VH_framework,Q,0.0
Transformer-onehot,VH_framework,Q,0.0
Transformer-onehot,VH_framework,Q,0.0
Transformer-onehot,VH_framework,Q,0.0
Transformer-onehot,VH_framework,Q,0.0
Transformer-onehot,VH_framework,Q,0.0
Transformer-onehot,VH_framework,Q,0.0
Transformer-onehot,VH_framework,Q,0.0
Transformer-onehot,VH_framework,Q,0.0
Transformer-onehot,VH_framework,Q,0.0
Transformer-onehot,VH_framework,Q,0.0
Transformer-onehot,VH_framework,Q,0.0
Transformer-onehot,VH_framework,Q,0.0
Transformer-onehot,VH_framework,Q,0.0
Transformer-onehot,VH_framework,Q,0.0
Transformer-onehot,VH_framework,Q,0.0
Transformer-onehot,VH_framework,Q,0.0
Transformer-onehot,VH_framework,Q,0.0
Transformer-onehot,VH_framework,Q,0.0
Transformer-onehot,VH_framework,Q,0.0
Transformer-onehot,VH_framework,Q,0.0
Transformer-onehot,VH_framework,Q,0.0
Transformer-onehot,VH_framework,Q,0.0
Transformer-onehot,VH_framework,Q,0.0
Transformer-onehot,VH_framework,Q,0.0
Transformer-onehot,VH_framework,Q,0.0
Transformer-onehot,VH_framework,Q,0.0
Transformer-onehot,VH_framework,Q,0.0
Transformer-onehot,VH_framework,Q,0.0
Transformer-onehot,VH_framework,Q,0.0
Transformer-onehot,VH_framework,Q,0.0
Transformer-onehot,VH_framework,Q,0.0
Transformer-onehot,VH_framework,Q,0.0
Transformer-onehot,VH_framework,Q,0.0
Transformer-onehot,VH_framework,Q,0.0
Transformer-onehot,VH_framework,Q,0.0
Transformer-onehot,VH_framework,Q,0.0
Transformer-onehot,VH_framework,Q,0.0
Transformer-onehot,VH_framework,Q,0.0
Transformer-onehot,VH_framework,Q,0.0
Transformer-onehot,VH_framework,Q,0.0
Transformer-onehot,VH_framework,Q,0.0
Transformer-onehot,VH_framework,Q,0.0
Transformer-onehot,VH_framework,Q,0.0
Transformer-onehot,VH_framework,Q,0.0
Transformer-onehot,VH_framework,Q,0.0
Transformer-onehot,VH_framework,Q,0.0
Transformer-onehot,VH_framework,Q,0.0
Transformer-onehot,VH_framework,Q,0.0
Transformer-onehot,VH_framework,Q,0.0
Transformer-onehot,VH_framework,Q,0.0
Transformer-onehot,VH_framework,Q,0.0
Transformer-onehot,VH_framework,Q,0.0
Transformer-onehot,VH_framework,Q,0.0
Transformer-onehot,VH_framework,Q,0.0
Transformer-onehot,VH_framework,Q,0.0
Transformer-onehot,VH_framework,Q,0.0
Transformer-onehot,VH_framework,Q,0.0
Transformer-onehot,VH_framework,Q,0.0
Transformer-onehot,VH_framework,Q,0.0
Transformer-onehot,VH_framework,Q,0.0
Transformer-onehot,VH_framework,Q,0.0
Transformer-onehot,VH_framework,Q,0.0
Transformer-onehot,VH_framework,Q,0.0
Transformer-onehot,VH_framework,Q,0.0
Transformer-onehot,VH_framework,Q,0.0
Transformer-onehot,VH_framework,Q,0.0
Transformer-onehot,VH_framework,Q,0.0
Transformer-onehot,VH_framework,Q,0.0
Transformer-onehot,VH_framework,Q,0.0
Transformer-onehot,VH_framework,Q,0.0
Transformer-onehot,VH_framework,Q,0.0
Transformer-onehot,VH_framework,Q,0.0
Transformer-onehot,VH_framework,Q,0.0
Transformer-onehot,VH_framework,Q,0.0
Transformer-onehot,VH_framework,Q,0.0
Transformer-onehot,VH_framework,Q,0.0
Transformer-onehot,VH_framework,Q,0.0
Transformer-onehot,VH_framework,Q,0.0
Transformer-onehot,VH_framework,Q,0.0
Transformer-onehot,VH_framework,Q,0.0
Transformer-onehot,VH_framework,Q,0.0
Transformer-onehot,VH_framework,Q,0.0
Transformer-onehot,VH_framework,Q,0.0
Transformer-onehot,VH_framework,Q,0.0
Transformer-onehot,VH_framework,Q,0.0
Transformer-onehot,VH_framework,Q,0.0
Transformer-onehot,VH_framework,Q,0.0
Transformer-onehot,VH_framework,Q,0.0
Transformer-onehot,VH_framework,Q,0.0
Transformer-onehot,VH_framework,Q,0.0
Transformer-onehot,VH_framework,Q,0.0
Transformer-onehot,VH_framework,Q,0.0
Transformer-onehot,VH_framework,Q,0.0
Transformer-onehot,VH_framework,Q,0.0
Transformer-onehot,VH_framework,Q,0.0
Transformer-onehot,VH_framework,Q,0.0
Transformer-onehot,VH_framework,Q,0.0
Transformer-onehot,VH_framework,Q,0.0
Transformer-onehot,VH_framework,Q,0.0
Transformer-onehot,VH_framework,Q,0.0
Transformer-onehot,VH_framework,Q,0.0
Transformer-onehot,VH_framework,Q,0.0
Transformer-onehot,VH_framework,Q,0.0
Transformer-onehot,VH_framework,Q,0.0
Transformer-onehot,VH_framework,Q,0.0
Transformer-onehot,VH_framework,Q,0.0
Transformer-onehot,VH_framework,Q,0.0
Transformer-onehot,VH_framework,Q,0.0
Transformer-onehot,VH_framework,Q,0.0
Transformer-onehot,VH_framework,Q,0.0
Transformer-onehot,VH_framework,Q,0.0
Transformer-onehot,VH_framework,Q,0.0
Transformer-onehot,VH_framework,R,0.0
Transformer-onehot,VH_framework,R,0.0
Transformer-onehot,VH_framework,R,0.0
Transformer-onehot,VH_framework,R,0.0
Transformer-onehot,VH_framework,R,0.0
Transformer-onehot,VH_framework,R,0.0
Transformer-onehot,VH_framework,R,0.0
Transformer-onehot,VH_framework,R,0.0
Transformer-onehot,VH_framework,R,0.0
Transformer-onehot,VH_framework,R,0.0
Transformer-onehot,VH_framework,R,0.0
Transformer-onehot,VH_framework,R,0.0
Transformer-onehot,VH_framework,R,0.0
Transformer-onehot,VH_framework,R,0.0
Transformer-onehot,VH_framework,R,0.0
Transformer-onehot,VH_framework,R,0.0
Transformer-onehot,VH_framework,R,0.0
Transformer-onehot,VH_framework,R,0.0
Transformer-onehot,VH_framework,R,0.0
Transformer-onehot,VH_framework,R,0.0
Transformer-onehot,VH_framework,R,0.0
Transformer-onehot,VH_framework,R,0.0
Transformer-onehot,VH_framework,R,0.0
Transformer-onehot,VH_framework,R,0.0
Transformer-onehot,VH_framework,R,0.0
Transformer-onehot,VH_framework,R,0.0
Transformer-onehot,VH_framework,R,0.0
Transformer-onehot,VH_framework,R,0.0
Transformer-onehot,VH_framework,R,0.0
Transformer-onehot,VH_framework,R,0.0
Transformer-onehot,VH_framework,R,0.0
Transformer-onehot,VH_framework,R,0.0
Transformer-onehot,VH_framework,R,0.0
Transformer-onehot,VH_framework,R,0.0
Transformer-onehot,VH_framework,R,0.0
Transformer-onehot,VH_framework,R,0.0
Transformer-onehot,VH_framework,R,0.0
Transformer-onehot,VH_framework,R,0.0
Transformer-onehot,VH_framework,R,0.0
Transformer-onehot,VH_framework,R,0.0
Transformer-onehot,VH_framework,R,0.0
Transformer-onehot,VH_framework,R,0.0
Transformer-onehot,VH_framework,R,0.0
Transformer-onehot,VH_framework,R,0.0
Transformer-onehot,VH_framework,R,0.0
Transformer-onehot,VH_framework,R,0.0
Transformer-onehot,VH_framework,R,0.0
Transformer-onehot,VH_framework,R,0.0
Transformer-onehot,VH_framework,R,0.0
Transformer-onehot,VH_framework,R,0.0
Transformer-onehot,VH_framework,R,0.0
Transformer-onehot,VH_framework,R,0.0
Transformer-onehot,VH_framework,R,0.0
Transformer-onehot,VH_framework,R,0.0
Transformer-onehot,VH_framework,R,0.0
Transformer-onehot,VH_framework,R,0.0
Transformer-onehot,VH_framework,R,0.0
Transformer-onehot,VH_framework,R,0.0
Transformer-onehot,VH_framework,R,0.0
Transformer-onehot,VH_framework,R,0.0
Transformer-onehot,VH_framework,R,0.0
Transformer-onehot,VH_framework,R,0.0
Transformer-onehot,VH_framework,R,0.0
Transformer-onehot,VH_framework,R,0.0
Transformer-onehot,VH_framework,R,0.0
Transformer-onehot,VH_framework,R,0.0
Transformer-onehot,VH_framework,R,0.0
Transformer-onehot,VH_framework,R,0.0
Transformer-onehot,VH_framework,R,0.0
Transformer-onehot,VH_framework,R,0.0
Transformer-onehot,VH_framework,R,0.0
Transformer-onehot,VH_framework,R,0.0
Transformer-onehot,VH_framework,R,0.0
Transformer-onehot,VH_framework,R,0.0
Transformer-onehot,VH_framework,R,0.0
Transformer-onehot,VH_framework,R,0.0
Transformer-onehot,VH_framework,R,0.0
Transformer-onehot,VH_framework,R,0.0
Transformer-onehot,VH_framework,R,0.0
Transformer-onehot,VH_framework,R,0.0
Transformer-onehot,VH_framework,R,0.0
Transformer-onehot,VH_framework,R,0.0
Transformer-onehot,VH_framework,R,0.0
Transformer-onehot,VH_framework,R,0.0
Transformer-onehot,VH_framework,R,0.0
Transformer-onehot,VH_framework,R,0.0
Transformer-onehot,VH_framework,R,0.0
Transformer-onehot,VH_framework,R,0.0
Transformer-onehot,VH_framework,R,0.0
Transformer-onehot,VH_framework,R,0.0
Transformer-onehot,VH_framework,R,0.0
Transformer-onehot,VH_framework,R,0.0
Transformer-onehot,VH_framework,R,0.0
Transformer-onehot,VH_framework,R,0.0
Transformer-onehot,VH_framework,R,0.0
Transformer-onehot,VH_framework,R,0.0
Transformer-onehot,VH_framework,R,0.0
Transformer-onehot,VH_framework,R,0.0
Transformer-onehot,VH_framework,R,0.0
Transformer-onehot,VH_framework,R,0.0
Transformer-onehot,VH_framework,R,0.0
Transformer-onehot,VH_framework,R,0.0
Transformer-onehot,VH_framework,R,0.0
Transformer-onehot,VH_framework,R,0.0
Transformer-onehot,VH_framework,R,0.0
Transformer-onehot,VH_framework,R,0.0
Transformer-onehot,VH_framework,R,0.0
Transformer-onehot,VH_framework,R,0.0
Transformer-onehot,VH_framework,R,0.0
Transformer-onehot,VH_framework,R,0.0
Transformer-onehot,VH_framework,R,0.0
Transformer-onehot,VH_framework,R,0.0
Transformer-onehot,VH_framework,R,0.0
Transformer-onehot,VH_framework,R,0.0
Transformer-onehot,VH_framework,R,0.0
Transformer-onehot,VH_framework,R,0.0
Transformer-onehot,VH_framework,R,0.0
Transformer-onehot,VH_framework,R,0.0
Transformer-onehot,VH_framework,R,0.0
Transformer-onehot,VH_framework,R,0.0
Transformer-onehot,VH_framework,R,0.0
Transformer-onehot,VH_framework,R,0.0
Transformer-onehot,VH_framework,R,0.0
Transformer-onehot,VH_framework,R,0.0
Transformer-onehot,VH_framework,R,0.0
Transformer-onehot,VH_framework,R,0.0
Transformer-onehot,VH_framework,R,0.0
Transformer-onehot,VH_framework,R,0.0
Transformer-onehot,VH_framework,R,0.0
Transformer-onehot,VH_framework,R,0.0
Transformer-onehot,VH_framework,R,0.0
Transformer-onehot,VH_framework,R,0.0
Transformer-onehot,VH_framework,R,0.0
Transformer-onehot,VH_framework,R,0.0
Transformer-onehot,VH_framework,R,0.0
Transformer-onehot,VH_framework,R,0.0
Transformer-onehot,VH_framework,R,0.0
Transformer-onehot,VH_framework,R,0.0
Transformer-onehot,VH_framework,R,0.0
Transformer-onehot,VH_framework,R,0.0
Transformer-onehot,VH_framework,R,0.0
Transformer-onehot,VH_framework,R,0.0
Transformer-onehot,VH_framework,R,0.0
Transformer-onehot,VH_framework,R,0.0
Transformer-onehot,VH_framework,R,0.0
Transformer-onehot,VH_framework,R,0.0
Transformer-onehot,VH_framework,R,0.0
Transformer-onehot,VH_framework,R,0.0
Transformer-onehot,VH_framework,R,0.0
Transformer-onehot,VH_framework,R,0.0
Transformer-onehot,VH_framework,R,0.0
Transformer-onehot,VH_framework,R,0.0
Transformer-onehot,VH_framework,R,0.0
Transformer-onehot,VH_framework,R,0.0
Transformer-onehot,VH_framework,R,0.0
Transformer-onehot,VH_framework,R,0.0
Transformer-onehot,VH_framework,R,0.0
Transformer-onehot,VH_framework,R,0.0
Transformer-onehot,VH_framework,R,0.0
Transformer-onehot,VH_framework,R,0.0
Transformer-onehot,VH_framework,R,0.0
Transformer-onehot,VH_framework,R,0.0
Transformer-onehot,VH_framework,R,0.0
Transformer-onehot,VH_framework,R,0.0
Transformer-onehot,VH_framework,R,0.0
Transformer-onehot,VH_framework,R,0.0
Transformer-onehot,VH_framework,R,0.0
Transformer-onehot,VH_framework,R,0.0
Transformer-onehot,VH_framework,R,0.0
Transformer-onehot,VH_framework,R,0.0
Transformer-onehot,VH_framework,R,0.0
Transformer-onehot,VH_framework,R,0.0
Transformer-onehot,VH_framework,R,0.0
Transformer-onehot,VH_framework,R,0.0
Transformer-onehot,VH_framework,R,0.0
Transformer-onehot,VH_framework,R,0.0
Transformer-onehot,VH_framework,R,0.0
Transformer-onehot,VH_framework,R,0.0
Transformer-onehot,VH_framework,R,0.0
Transformer-onehot,VH_framework,R,0.0
Transformer-onehot,VH_framework,R,0.0
Transformer-onehot,VH_framework,R,0.0
Transformer-onehot,VH_framework,R,0.0
Transformer-onehot,VH_framework,R,0.0
Transformer-onehot,VH_framework,R,0.0
Transformer-onehot,VH_framework,R,0.0
Transformer-onehot,VH_framework,R,0.0
Transformer-onehot,VH_framework,R,0.0
Transformer-onehot,VH_framework,R,0.0
Transformer-onehot,VH_framework,R,0.0
Transformer-onehot,VH_framework,R,0.0
Transformer-onehot,VH_framework,R,0.0
Transformer-onehot,VH_framework,R,0.0
Transformer-onehot,VH_framework,R,0.0
Transformer-onehot,VH_framework,R,0.0
Transformer-onehot,VH_framework,R,0.0
Transformer-onehot,VH_framework,R,0.0
Transformer-onehot,VH_framework,R,0.0
Transformer-onehot,VH_framework,R,0.0
Transformer-onehot,VH_framework,R,0.0
Transformer-onehot,VH_framework,R,0.0
Transformer-onehot,VH_framework,R,0.0
Transformer-onehot,VH_framework,R,0.0
Transformer-onehot,VH_framework,R,0.0
Transformer-onehot,VH_framework,R,0.0
Transformer-onehot,VH_framework,R,0.0
Transformer-onehot,VH_framework,R,0.0
Transformer-onehot,VH_framework,R,0.0
Transformer-onehot,VH_framework,R,0.0
Transformer-onehot,VH_framework,R,0.0
Transformer-onehot,VH_framework,R,0.0
Transformer-onehot,VH_framework,R,0.0
Transformer-onehot,VH_framework,R,0.0
Transformer-onehot,VH_framework,R,0.0
Transformer-onehot,VH_framework,R,0.0
Transformer-onehot,VH_framework,R,0.0
Transformer-onehot,VH_framework,R,0.0
Transformer-onehot,VH_framework,R,0.0
Transformer-onehot,VH_framework,R,0.0
Transformer-onehot,VH_framework,R,0.0
Transformer-onehot,VH_framework,R,0.0
Transformer-onehot,VH_framework,R,0.0
Transformer-onehot,VH_framework,R,0.0
Transformer-onehot,VH_framework,R,0.0
Transformer-onehot,VH_framework,R,0.0
Transformer-onehot,VH_framework,R,0.0
Transformer-onehot,VH_framework,R,0.0
Transformer-onehot,VH_framework,R,0.0
Transformer-onehot,VH_framework,R,0.0
Transformer-onehot,VH_framework,R,0.0
Transformer-onehot,VH_framework,R,0.0
Transformer-onehot,VH_framework,R,0.0
Transformer-onehot,VH_framework,R,0.0
Transformer-onehot,VH_framework,R,0.0
Transformer-onehot,VH_framework,R,0.0
Transformer-onehot,VH_framework,R,0.0
Transformer-onehot,VH_framework,R,0.0
Transformer-onehot,VH_framework,R,0.0
Transformer-onehot,VH_framework,R,0.0
Transformer-onehot,VH_framework,R,0.0
Transformer-onehot,VH_framework,R,0.0
Transformer-onehot,VH_framework,R,0.0
Transformer-onehot,VH_framework,R,0.0
Transformer-onehot,VH_framework,R,0.0
Transformer-onehot,VH_framework,R,0.0
Transformer-onehot,VH_framework,R,0.0
Transformer-onehot,VH_framework,R,0.0
Transformer-onehot,VH_framework,R,0.0
Transformer-onehot,VH_framework,R,0.0
Transformer-onehot,VH_framework,R,0.0
Transformer-onehot,VH_framework,R,0.0
Transformer-onehot,VH_framework,R,0.0
Transformer-onehot,VH_framework,R,0.0
Transformer-onehot,VH_framework,R,0.0
Transformer-onehot,VH_framework,R,0.0
Transformer-onehot,VH_framework,R,0.0
Transformer-onehot,VH_framework,R,0.0
Transformer-onehot,VH_framework,R,0.0
Transformer-onehot,VH_framework,R,0.0
Transformer-onehot,VH_framework,R,0.0
Transformer-onehot,VH_framework,R,0.0
Transformer-onehot,VH_framework,R,0.0
Transformer-onehot,VH_framework,R,0.0
Transformer-onehot,VH_framework,R,0.0
Transformer-onehot,VH_framework,R,0.0
Transformer-onehot,VH_framework,R,0.0
Transformer-onehot,VH_framework,R,0.0
Transformer-onehot,VH_framework,R,0.0
Transformer-onehot,VH_framework,R,0.0
Transformer-onehot,VH_framework,R,0.0
Transformer-onehot,VH_framework,R,0.0
Transformer-onehot,VH_framework,R,0.0
Transformer-onehot,VH_framework,R,0.0
Transformer-onehot,VH_framework,R,0.0
Transformer-onehot,VH_framework,R,0.0
Transformer-onehot,VH_framework,R,0.0
Transformer-onehot,VH_framework,R,0.0
Transformer-onehot,VH_framework,R,0.0
Transformer-onehot,VH_framework,R,0.0
Transformer-onehot,VH_framework,R,0.0
Transformer-onehot,VH_framework,R,0.0
Transformer-onehot,VH_framework,R,0.0
Transformer-onehot,VH_framework,R,0.0
Transformer-onehot,VH_framework,R,0.0
Transformer-onehot,VH_framework,R,0.0
Transformer-onehot,VH_framework,R,0.0
Transformer-onehot,VH_framework,R,0.0
Transformer-onehot,VH_framework,R,0.0
Transformer-onehot,VH_framework,R,0.0
Transformer-onehot,VH_framework,R,0.0
Transformer-onehot,VH_framework,R,0.0
Transformer-onehot,VH_framework,R,0.0
Transformer-onehot,VH_framework,R,0.0
Transformer-onehot,VH_framework,R,0.0
Transformer-onehot,VH_framework,R,0.0
Transformer-onehot,VH_framework,R,0.0
Transformer-onehot,VH_framework,R,0.0
Transformer-onehot,VH_framework,R,0.0
Transformer-onehot,VH_framework,R,0.0
Transformer-onehot,VH_framework,R,0.0
Transformer-onehot,VH_framework,R,0.0
Transformer-onehot,VH_framework,R,0.0
Transformer-onehot,VH_framework,R,0.0
Transformer-onehot,VH_framework,R,0.0
Transformer-onehot,VH_framework,R,0.0
Transformer-onehot,VH_framework,R,0.0
Transformer-onehot,VH_framework,R,0.0
Transformer-onehot,VH_framework,R,0.0
Transformer-onehot,VH_framework,R,0.0
Transformer-onehot,VH_framework,R,0.0
Transformer-onehot,VH_framework,R,0.0
Transformer-onehot,VH_framework,R,0.0
Transformer-onehot,VH_framework,R,0.0
Transformer-onehot,VH_framework,R,0.0
Transformer-onehot,VH_framework,R,0.0
Transformer-onehot,VH_framework,R,0.0
Transformer-onehot,VH_framework,R,0.0
Transformer-onehot,VH_framework,R,0.0
Transformer-onehot,VH_framework,R,0.0
Transformer-onehot,VH_framework,R,0.0
Transformer-onehot,VH_framework,R,0.0
Transformer-onehot,VH_framework,R,0.0
Transformer-onehot,VH_framework,R,0.0
Transformer-onehot,VH_framework,R,0.0
Transformer-onehot,VH_framework,R,0.0
Transformer-onehot,VH_framework,R,0.0
Transformer-onehot,VH_framework,R,0.0
Transformer-onehot,VH_framework,R,0.0
Transformer-onehot,VH_framework,R,0.0
Transformer-onehot,VH_framework,R,0.0
Transformer-onehot,VH_framework,R,0.0
Transformer-onehot,VH_framework,R,0.0
Transformer-onehot,VH_framework,R,0.0
Transformer-onehot,VH_framework,R,0.0
Transformer-onehot,VH_framework,R,0.0
Transformer-onehot,VH_framework,R,0.0
Transformer-onehot,VH_framework,R,0.0
Transformer-onehot,VH_framework,R,0.0
Transformer-onehot,VH_framework,R,0.0
Transformer-onehot,VH_framework,R,0.0
Transformer-onehot,VH_framework,R,0.0
Transformer-onehot,VH_framework,R,0.0
Transformer-onehot,VH_framework,R,0.0
Transformer-onehot,VH_framework,R,0.0
Transformer-onehot,VH_framework,R,0.0
Transformer-onehot,VH_framework,R,0.0
Transformer-onehot,VH_framework,R,0.0
Transformer-onehot,VH_framework,R,0.0
Transformer-onehot,VH_framework,R,0.0
Transformer-onehot,VH_framework,R,0.0
Transformer-onehot,VH_framework,R,0.0
Transformer-onehot,VH_framework,R,0.0
Transformer-onehot,VH_framework,R,0.0
Transformer-onehot,VH_framework,R,0.0
Transformer-onehot,VH_framework,R,0.0
Transformer-onehot,VH_framework,R,0.0
Transformer-onehot,VH_framework,R,0.0
Transformer-onehot,VH_framework,R,0.0
Transformer-onehot,VH_framework,R,0.0
Transformer-onehot,VH_framework,R,0.0
Transformer-onehot,VH_framework,R,0.0
Transformer-onehot,VH_framework,R,0.0
Transformer-onehot,VH_framework,R,0.0
Transformer-onehot,VH_framework,R,0.0
Transformer-onehot,VH_framework,R,0.0
Transformer-onehot,VH_framework,R,0.0
Transformer-onehot,VH_framework,R,0.0
Transformer-onehot,VH_framework,R,0.0
Transformer-onehot,VH_framework,R,0.0
Transformer-onehot,VH_framework,R,0.0
Transformer-onehot,VH_framework,R,0.0
Transformer-onehot,VH_framework,R,0.0
Transformer-onehot,VH_framework,R,0.0
Transformer-onehot,VH_framework,R,0.0
Transformer-onehot,VH_framework,R,0.0
Transformer-onehot,VH_framework,R,0.0
Transformer-onehot,VH_framework,R,0.0
Transformer-onehot,VH_framework,R,0.0
Transformer-onehot,VH_framework,R,0.0
Transformer-onehot,VH_framework,R,0.0
Transformer-onehot,VH_framework,R,0.0
Transformer-onehot,VH_framework,R,0.0
Transformer-onehot,VH_framework,R,0.0
Transformer-onehot,VH_framework,R,0.0
Transformer-onehot,VH_framework,R,0.0
Transformer-onehot,VH_framework,R,0.0
Transformer-onehot,VH_framework,R,0.0
Transformer-onehot,VH_framework,R,0.0
Transformer-onehot,VH_framework,R,0.0
Transformer-onehot,VH_framework,R,0.0
Transformer-onehot,VH_framework,R,0.0
Transformer-onehot,VH_framework,R,0.0
Transformer-onehot,VH_framework,R,0.0
Transformer-onehot,VH_framework,R,0.0
Transformer-onehot,VH_framework,R,0.0
Transformer-onehot,VH_framework,R,0.0
Transformer-onehot,VH_framework,R,0.0
Transformer-onehot,VH_framework,R,0.0
Transformer-onehot,VH_framework,R,0.0
Transformer-onehot,VH_framework,R,0.0
Transformer-onehot,VH_framework,R,0.0
Transformer-onehot,VH_framework,R,0.0
Transformer-onehot,VH_framework,R,0.0
Transformer-onehot,VH_framework,R,0.0
Transformer-onehot,VH_framework,R,0.0
Transformer-onehot,VH_framework,R,0.0
Transformer-onehot,VH_framework,R,0.0
Transformer-onehot,VH_framework,R,0.0
Transformer-onehot,VH_framework,R,0.0
Transformer-onehot,VH_framework,R,0.0
Transformer-onehot,VH_framework,R,0.0
Transformer-onehot,VH_framework,R,0.0
Transformer-onehot,VH_framework,R,0.0
Transformer-onehot,VH_framework,R,0.0
Transformer-onehot,VH_framework,R,0.0
Transformer-onehot,VH_framework,R,0.0
Transformer-onehot,VH_framework,R,0.0
Transformer-onehot,VH_framework,R,0.0
Transformer-onehot,VH_framework,R,0.0
Transformer-onehot,VH_framework,R,0.0
Transformer-onehot,VH_framework,R,0.0
Transformer-onehot,VH_framework,R,0.0
Transformer-onehot,VH_framework,R,0.0
Transformer-onehot,VH_framework,R,0.0
Transformer-onehot,VH_framework,R,0.0
Transformer-onehot,VH_framework,R,0.0
Transformer-onehot,VH_framework,R,0.0
Transformer-onehot,VH_framework,R,0.0
Transformer-onehot,VH_framework,R,0.0
Transformer-onehot,VH_framework,R,0.0
Transformer-onehot,VH_framework,R,0.0
Transformer-onehot,VH_framework,R,0.0
Transformer-onehot,VH_framework,R,0.0
Transformer-onehot,VH_framework,R,0.0
Transformer-onehot,VH_framework,R,0.0
Transformer-onehot,VH_framework,R,0.0
Transformer-onehot,VH_framework,R,0.0
Transformer-onehot,VH_framework,R,0.0
Transformer-onehot,VH_framework,R,0.0
Transformer-onehot,VH_framework,R,0.0
Transformer-onehot,VH_framework,R,0.0
Transformer-onehot,VH_framework,R,0.0
Transformer-onehot,VH_framework,R,0.0
Transformer-onehot,VH_framework,R,0.0
Transformer-onehot,VH_framework,R,0.0
Transformer-onehot,VH_framework,R,0.0
Transformer-onehot,VH_framework,R,0.0
Transformer-onehot,VH_framework,R,0.0
Transformer-onehot,VH_framework,R,0.0
Transformer-onehot,VH_framework,R,0.0
Transformer-onehot,VH_framework,R,0.0
Transformer-onehot,VH_framework,R,0.0
Transformer-onehot,VH_framework,R,0.0
Transformer-onehot,VH_framework,R,0.0
Transformer-onehot,VH_framework,R,0.0
Transformer-onehot,VH_framework,R,0.0
Transformer-onehot,VH_framework,R,0.0
Transformer-onehot,VH_framework,R,0.0
Transformer-onehot,VH_framework,R,0.0
Transformer-onehot,VH_framework,R,0.0
Transformer-onehot,VH_framework,R,0.0
Transformer-onehot,VH_framework,R,0.0
Transformer-onehot,VH_framework,R,0.0
Transformer-onehot,VH_framework,R,0.0
Transformer-onehot,VH_framework,R,0.0
Transformer-onehot,VH_framework,R,0.0
Transformer-onehot,VH_framework,R,0.0
Transformer-onehot,VH_framework,R,0.0
Transformer-onehot,VH_framework,R,0.0
Transformer-onehot,VH_framework,R,0.0
Transformer-onehot,VH_framework,R,0.0
Transformer-onehot,VH_framework,R,0.0
Transformer-onehot,VH_framework,R,0.0
Transformer-onehot,VH_framework,R,0.0
Transformer-onehot,VH_framework,R,0.0
Transformer-onehot,VH_framework,R,0.0
Transformer-onehot,VH_framework,R,0.0
Transformer-onehot,VH_framework,R,0.0
Transformer-onehot,VH_framework,R,0.0
Transformer-onehot,VH_framework,R,0.0
Transformer-onehot,VH_framework,R,0.0
Transformer-onehot,VH_framework,R,0.0
Transformer-onehot,VH_framework,R,0.0
Transformer-onehot,VH_framework,R,0.0
Transformer-onehot,VH_framework,R,0.0
Transformer-onehot,VH_framework,R,0.0
Transformer-onehot,VH_framework,R,0.0
Transformer-onehot,VH_framework,R,0.0
Transformer-onehot,VH_framework,R,0.0
Transformer-onehot,VH_framework,R,0.0
Transformer-onehot,VH_framework,R,0.0
Transformer-onehot,VH_framework,R,0.0
Transformer-onehot,VH_framework,R,0.0
Transformer-onehot,VH_framework,R,0.0
Transformer-onehot,VH_framework,R,0.0
Transformer-onehot,VH_framework,R,0.0
Transformer-onehot,VH_framework,R,0.0
Transformer-onehot,VH_framework,R,0.0
Transformer-onehot,VH_framework,R,0.0
Transformer-onehot,VH_framework,R,0.0
Transformer-onehot,VH_framework,S,0.0
Transformer-onehot,VH_framework,S,0.0
Transformer-onehot,VH_framework,S,0.0
Transformer-onehot,VH_framework,S,0.0
Transformer-onehot,VH_framework,S,0.0
Transformer-onehot,VH_framework,S,0.0
Transformer-onehot,VH_framework,S,0.0
Transformer-onehot,VH_framework,S,0.0
Transformer-onehot,VH_framework,S,0.0
Transformer-onehot,VH_framework,S,0.0
Transformer-onehot,VH_framework,S,0.0
Transformer-onehot,VH_framework,S,0.0
Transformer-onehot,VH_framework,S,0.0
Transformer-onehot,VH_framework,S,0.0
Transformer-onehot,VH_framework,S,0.0
Transformer-onehot,VH_framework,S,0.0
Transformer-onehot,VH_framework,S,0.0
Transformer-onehot,VH_framework,S,0.0
Transformer-onehot,VH_framework,S,0.0
Transformer-onehot,VH_framework,S,0.0
Transformer-onehot,VH_framework,S,0.0
Transformer-onehot,VH_framework,S,0.0
Transformer-onehot,VH_framework,S,0.0
Transformer-onehot,VH_framework,S,0.0
Transformer-onehot,VH_framework,S,0.0
Transformer-onehot,VH_framework,S,0.0
Transformer-onehot,VH_framework,S,0.0
Transformer-onehot,VH_framework,S,0.0
Transformer-onehot,VH_framework,S,0.0
Transformer-onehot,VH_framework,S,0.0
Transformer-onehot,VH_framework,S,0.0
Transformer-onehot,VH_framework,S,0.0
Transformer-onehot,VH_framework,S,0.0
Transformer-onehot,VH_framework,S,0.0
Transformer-onehot,VH_framework,S,0.0
Transformer-onehot,VH_framework,S,0.0
Transformer-onehot,VH_framework,S,0.0
Transformer-onehot,VH_framework,S,0.0
Transformer-onehot,VH_framework,S,0.0
Transformer-onehot,VH_framework,S,0.0
Transformer-onehot,VH_framework,S,0.0
Transformer-onehot,VH_framework,S,0.0
Transformer-onehot,VH_framework,S,0.0
Transformer-onehot,VH_framework,S,0.0
Transformer-onehot,VH_framework,S,0.0
Transformer-onehot,VH_framework,S,0.0
Transformer-onehot,VH_framework,S,0.0
Transformer-onehot,VH_framework,S,0.0
Transformer-onehot,VH_framework,S,0.0
Transformer-onehot,VH_framework,S,0.0
Transformer-onehot,VH_framework,S,0.0
Transformer-onehot,VH_framework,S,0.0
Transformer-onehot,VH_framework,S,0.0
Transformer-onehot,VH_framework,S,0.0
Transformer-onehot,VH_framework,S,0.0
Transformer-onehot,VH_framework,S,0.0
Transformer-onehot,VH_framework,S,0.0
Transformer-onehot,VH_framework,S,0.0
Transformer-onehot,VH_framework,S,0.0
Transformer-onehot,VH_framework,S,0.0
Transformer-onehot,VH_framework,S,0.0
Transformer-onehot,VH_framework,S,0.0
Transformer-onehot,VH_framework,S,0.0
Transformer-onehot,VH_framework,S,0.0
Transformer-onehot,VH_framework,S,0.0
Transformer-onehot,VH_framework,S,0.0
Transformer-onehot,VH_framework,S,0.0
Transformer-onehot,VH_framework,S,0.0
Transformer-onehot,VH_framework,S,0.0
Transformer-onehot,VH_framework,S,0.0
Transformer-onehot,VH_framework,S,0.0
Transformer-onehot,VH_framework,S,0.0
Transformer-onehot,VH_framework,S,0.0
Transformer-onehot,VH_framework,S,0.0
Transformer-onehot,VH_framework,S,0.0
Transformer-onehot,VH_framework,S,0.0
Transformer-onehot,VH_framework,S,0.0
Transformer-onehot,VH_framework,S,0.0
Transformer-onehot,VH_framework,S,0.0
Transformer-onehot,VH_framework,S,0.0
Transformer-onehot,VH_framework,S,0.0
Transformer-onehot,VH_framework,S,0.0
Transformer-onehot,VH_framework,S,0.0
Transformer-onehot,VH_framework,S,0.0
Transformer-onehot,VH_framework,S,0.0
Transformer-onehot,VH_framework,S,0.0
Transformer-onehot,VH_framework,S,0.0
Transformer-onehot,VH_framework,S,0.0
Transformer-onehot,VH_framework,S,0.0
Transformer-onehot,VH_framework,S,0.0
Transformer-onehot,VH_framework,S,0.0
Transformer-onehot,VH_framework,S,0.0
Transformer-onehot,VH_framework,S,0.0
Transformer-onehot,VH_framework,S,0.0
Transformer-onehot,VH_framework,S,0.0
Transformer-onehot,VH_framework,S,0.0
Transformer-onehot,VH_framework,S,0.0
Transformer-onehot,VH_framework,S,0.0
Transformer-onehot,VH_framework,S,0.0
Transformer-onehot,VH_framework,S,0.0
Transformer-onehot,VH_framework,S,0.0
Transformer-onehot,VH_framework,S,0.0
Transformer-onehot,VH_framework,S,0.0
Transformer-onehot,VH_framework,S,0.0
Transformer-onehot,VH_framework,S,0.0
Transformer-onehot,VH_framework,S,0.0
Transformer-onehot,VH_framework,S,0.0
Transformer-onehot,VH_framework,S,0.0
Transformer-onehot,VH_framework,S,0.0
Transformer-onehot,VH_framework,S,0.0
Transformer-onehot,VH_framework,S,0.0
Transformer-onehot,VH_framework,S,0.0
Transformer-onehot,VH_framework,S,0.0
Transformer-onehot,VH_framework,S,0.0
Transformer-onehot,VH_framework,S,0.0
Transformer-onehot,VH_framework,S,0.0
Transformer-onehot,VH_framework,S,0.0
Transformer-onehot,VH_framework,S,0.0
Transformer-onehot,VH_framework,S,0.0
Transformer-onehot,VH_framework,S,0.0
Transformer-onehot,VH_framework,S,0.0
Transformer-onehot,VH_framework,S,0.0
Transformer-onehot,VH_framework,S,0.0
Transformer-onehot,VH_framework,S,0.0
Transformer-onehot,VH_framework,S,0.0
Transformer-onehot,VH_framework,S,0.0
Transformer-onehot,VH_framework,S,0.0
Transformer-onehot,VH_framework,S,0.0
Transformer-onehot,VH_framework,S,0.0
Transformer-onehot,VH_framework,S,0.0
Transformer-onehot,VH_framework,S,0.0
Transformer-onehot,VH_framework,S,0.0
Transformer-onehot,VH_framework,S,0.0
Transformer-onehot,VH_framework,S,0.0
Transformer-onehot,VH_framework,S,0.0
Transformer-onehot,VH_framework,S,0.0
Transformer-onehot,VH_framework,S,0.0
Transformer-onehot,VH_framework,S,0.0
Transformer-onehot,VH_framework,S,0.0
Transformer-onehot,VH_framework,S,0.0
Transformer-onehot,VH_framework,S,0.0
Transformer-onehot,VH_framework,S,0.0
Transformer-onehot,VH_framework,S,0.0
Transformer-onehot,VH_framework,S,0.0
Transformer-onehot,VH_framework,S,0.0
Transformer-onehot,VH_framework,S,0.0
Transformer-onehot,VH_framework,S,0.0
Transformer-onehot,VH_framework,S,0.0
Transformer-onehot,VH_framework,S,0.0
Transformer-onehot,VH_framework,S,0.0
Transformer-onehot,VH_framework,S,0.0
Transformer-onehot,VH_framework,S,0.0
Transformer-onehot,VH_framework,S,0.0
Transformer-onehot,VH_framework,S,0.0
Transformer-onehot,VH_framework,S,0.0
Transformer-onehot,VH_framework,S,0.0
Transformer-onehot,VH_framework,S,0.0
Transformer-onehot,VH_framework,S,0.0
Transformer-onehot,VH_framework,S,0.0
Transformer-onehot,VH_framework,S,0.0
Transformer-onehot,VH_framework,S,0.0
Transformer-onehot,VH_framework,S,0.0
Transformer-onehot,VH_framework,S,0.0
Transformer-onehot,VH_framework,S,0.0
Transformer-onehot,VH_framework,S,0.0
Transformer-onehot,VH_framework,S,0.0
Transformer-onehot,VH_framework,S,0.0
Transformer-onehot,VH_framework,S,0.0
Transformer-onehot,VH_framework,S,0.0
Transformer-onehot,VH_framework,S,0.0
Transformer-onehot,VH_framework,S,0.0
Transformer-onehot,VH_framework,S,0.0
Transformer-onehot,VH_framework,S,0.0
Transformer-onehot,VH_framework,S,0.0
Transformer-onehot,VH_framework,S,0.0
Transformer-onehot,VH_framework,S,0.0
Transformer-onehot,VH_framework,S,0.0
Transformer-onehot,VH_framework,S,0.0
Transformer-onehot,VH_framework,S,0.0
Transformer-onehot,VH_framework,S,0.0
Transformer-onehot,VH_framework,S,0.0
Transformer-onehot,VH_framework,S,0.0
Transformer-onehot,VH_framework,S,0.0
Transformer-onehot,VH_framework,S,0.0
Transformer-onehot,VH_framework,S,0.0
Transformer-onehot,VH_framework,S,0.0
Transformer-onehot,VH_framework,S,0.0
Transformer-onehot,VH_framework,S,0.0
Transformer-onehot,VH_framework,S,0.0
Transformer-onehot,VH_framework,S,0.0
Transformer-onehot,VH_framework,S,0.0
Transformer-onehot,VH_framework,S,0.0
Transformer-onehot,VH_framework,S,0.0
Transformer-onehot,VH_framework,S,0.0
Transformer-onehot,VH_framework,S,0.0
Transformer-onehot,VH_framework,S,0.0
Transformer-onehot,VH_framework,S,0.0
Transformer-onehot,VH_framework,S,0.0
Transformer-onehot,VH_framework,S,0.0
Transformer-onehot,VH_framework,S,0.0
Transformer-onehot,VH_framework,S,0.0
Transformer-onehot,VH_framework,S,0.0
Transformer-onehot,VH_framework,S,0.0
Transformer-onehot,VH_framework,S,0.0
Transformer-onehot,VH_framework,S,0.0
Transformer-onehot,VH_framework,S,0.0
Transformer-onehot,VH_framework,S,0.0
Transformer-onehot,VH_framework,S,0.0
Transformer-onehot,VH_framework,S,0.0
Transformer-onehot,VH_framework,S,0.0
Transformer-onehot,VH_framework,S,0.0
Transformer-onehot,VH_framework,S,0.0
Transformer-onehot,VH_framework,S,0.0
Transformer-onehot,VH_framework,S,0.0
Transformer-onehot,VH_framework,S,0.0
Transformer-onehot,VH_framework,S,0.0
Transformer-onehot,VH_framework,S,0.0
Transformer-onehot,VH_framework,S,0.0
Transformer-onehot,VH_framework,S,0.0
Transformer-onehot,VH_framework,S,0.0
Transformer-onehot,VH_framework,S,0.0
Transformer-onehot,VH_framework,S,0.0
Transformer-onehot,VH_framework,S,0.0
Transformer-onehot,VH_framework,S,0.0
Transformer-onehot,VH_framework,S,0.0
Transformer-onehot,VH_framework,S,0.0
Transformer-onehot,VH_framework,S,0.0
Transformer-onehot,VH_framework,S,0.0
Transformer-onehot,VH_framework,S,0.0
Transformer-onehot,VH_framework,S,0.0
Transformer-onehot,VH_framework,S,0.0
Transformer-onehot,VH_framework,S,0.0
Transformer-onehot,VH_framework,S,0.0
Transformer-onehot,VH_framework,S,0.0
Transformer-onehot,VH_framework,S,0.0
Transformer-onehot,VH_framework,S,0.0
Transformer-onehot,VH_framework,S,0.0
Transformer-onehot,VH_framework,S,0.0
Transformer-onehot,VH_framework,S,0.0
Transformer-onehot,VH_framework,S,0.0
Transformer-onehot,VH_framework,S,0.0
Transformer-onehot,VH_framework,S,0.0
Transformer-onehot,VH_framework,S,0.0
Transformer-onehot,VH_framework,S,0.0
Transformer-onehot,VH_framework,S,0.0
Transformer-onehot,VH_framework,S,0.0
Transformer-onehot,VH_framework,S,0.0
Transformer-onehot,VH_framework,S,0.0
Transformer-onehot,VH_framework,S,0.0
Transformer-onehot,VH_framework,S,0.0
Transformer-onehot,VH_framework,S,0.0
Transformer-onehot,VH_framework,S,0.0
Transformer-onehot,VH_framework,S,0.0
Transformer-onehot,VH_framework,S,0.0
Transformer-onehot,VH_framework,S,0.0
Transformer-onehot,VH_framework,S,0.0
Transformer-onehot,VH_framework,S,0.0
Transformer-onehot,VH_framework,S,0.0
Transformer-onehot,VH_framework,S,0.0
Transformer-onehot,VH_framework,S,0.0
Transformer-onehot,VH_framework,S,0.0
Transformer-onehot,VH_framework,S,0.0
Transformer-onehot,VH_framework,S,0.0
Transformer-onehot,VH_framework,S,0.0
Transformer-onehot,VH_framework,S,0.0
Transformer-onehot,VH_framework,S,0.0
Transformer-onehot,VH_framework,S,0.0
Transformer-onehot,VH_framework,S,0.0
Transformer-onehot,VH_framework,S,0.0
Transformer-onehot,VH_framework,S,0.0
Transformer-onehot,VH_framework,S,0.0
Transformer-onehot,VH_framework,S,0.0
Transformer-onehot,VH_framework,S,0.0
Transformer-onehot,VH_framework,S,0.0
Transformer-onehot,VH_framework,S,0.0
Transformer-onehot,VH_framework,S,0.0
Transformer-onehot,VH_framework,S,0.0
Transformer-onehot,VH_framework,S,0.0
Transformer-onehot,VH_framework,S,0.0
Transformer-onehot,VH_framework,S,0.0
Transformer-onehot,VH_framework,S,0.0
Transformer-onehot,VH_framework,S,0.0
Transformer-onehot,VH_framework,S,0.0
Transformer-onehot,VH_framework,S,0.0
Transformer-onehot,VH_framework,S,0.0
Transformer-onehot,VH_framework,S,0.0
Transformer-onehot,VH_framework,S,0.0
Transformer-onehot,VH_framework,S,0.0
Transformer-onehot,VH_framework,S,0.0
Transformer-onehot,VH_framework,S,0.0
Transformer-onehot,VH_framework,S,0.0
Transformer-onehot,VH_framework,S,0.0
Transformer-onehot,VH_framework,S,0.0
Transformer-onehot,VH_framework,S,0.0
Transformer-onehot,VH_framework,S,0.0
Transformer-onehot,VH_framework,S,0.0
Transformer-onehot,VH_framework,S,0.0
Transformer-onehot,VH_framework,S,0.0
Transformer-onehot,VH_framework,S,0.0
Transformer-onehot,VH_framework,S,0.0
Transformer-onehot,VH_framework,S,0.0
Transformer-onehot,VH_framework,S,0.0
Transformer-onehot,VH_framework,S,0.0
Transformer-onehot,VH_framework,S,0.0
Transformer-onehot,VH_framework,S,0.0
Transformer-onehot,VH_framework,S,0.0
Transformer-onehot,VH_framework,S,0.0
Transformer-onehot,VH_framework,S,0.0
Transformer-onehot,VH_framework,S,0.0
Transformer-onehot,VH_framework,S,0.0
Transformer-onehot,VH_framework,S,0.0
Transformer-onehot,VH_framework,S,0.0
Transformer-onehot,VH_framework,S,0.0
Transformer-onehot,VH_framework,S,0.0
Transformer-onehot,VH_framework,S,0.0
Transformer-onehot,VH_framework,S,0.0
Transformer-onehot,VH_framework,S,0.0
Transformer-onehot,VH_framework,S,0.0
Transformer-onehot,VH_framework,S,0.0
Transformer-onehot,VH_framework,S,0.0
Transformer-onehot,VH_framework,S,0.0
Transformer-onehot,VH_framework,S,0.0
Transformer-onehot,VH_framework,S,0.0
Transformer-onehot,VH_framework,S,0.0
Transformer-onehot,VH_framework,S,0.0
Transformer-onehot,VH_framework,S,0.0
Transformer-onehot,VH_framework,S,0.0
Transformer-onehot,VH_framework,S,0.0
Transformer-onehot,VH_framework,S,0.0
Transformer-onehot,VH_framework,S,0.0
Transformer-onehot,VH_framework,S,0.0
Transformer-onehot,VH_framework,S,0.0
Transformer-onehot,VH_framework,S,0.0
Transformer-onehot,VH_framework,S,0.0
Transformer-onehot,VH_framework,S,0.0
Transformer-onehot,VH_framework,S,0.0
Transformer-onehot,VH_framework,S,0.0
Transformer-onehot,VH_framework,S,0.0
Transformer-onehot,VH_framework,S,0.0
Transformer-onehot,VH_framework,S,0.0
Transformer-onehot,VH_framework,S,0.0
Transformer-onehot,VH_framework,S,0.0
Transformer-onehot,VH_framework,S,0.0
Transformer-onehot,VH_framework,S,0.0
Transformer-onehot,VH_framework,S,0.0
Transformer-onehot,VH_framework,S,0.0
Transformer-onehot,VH_framework,S,0.0
Transformer-onehot,VH_framework,S,0.0
Transformer-onehot,VH_framework,S,0.0
Transformer-onehot,VH_framework,S,0.0
Transformer-onehot,VH_framework,S,0.0
Transformer-onehot,VH_framework,S,0.0
Transformer-onehot,VH_framework,S,0.0
Transformer-onehot,VH_framework,S,0.0
Transformer-onehot,VH_framework,S,0.0
Transformer-onehot,VH_framework,S,0.0
Transformer-onehot,VH_framework,S,0.0
Transformer-onehot,VH_framework,S,0.0
Transformer-onehot,VH_framework,S,0.0
Transformer-onehot,VH_framework,S,0.0
Transformer-onehot,VH_framework,S,0.0
Transformer-onehot,VH_framework,S,0.0
Transformer-onehot,VH_framework,S,0.0
Transformer-onehot,VH_framework,S,0.0
Transformer-onehot,VH_framework,S,0.0
Transformer-onehot,VH_framework,S,0.0
Transformer-onehot,VH_framework,S,0.0
Transformer-onehot,VH_framework,S,0.0
Transformer-onehot,VH_framework,S,0.0
Transformer-onehot,VH_framework,S,0.0
Transformer-onehot,VH_framework,S,0.0
Transformer-onehot,VH_framework,S,0.0
Transformer-onehot,VH_framework,S,0.0
Transformer-onehot,VH_framework,S,0.0
Transformer-onehot,VH_framework,S,0.0
Transformer-onehot,VH_framework,S,0.0
Transformer-onehot,VH_framework,S,0.0
Transformer-onehot,VH_framework,S,0.0
Transformer-onehot,VH_framework,S,0.0
Transformer-onehot,VH_framework,S,0.0
Transformer-onehot,VH_framework,S,0.0
Transformer-onehot,VH_framework,S,0.0
Transformer-onehot,VH_framework,S,0.0
Transformer-onehot,VH_framework,S,0.0
Transformer-onehot,VH_framework,S,0.0
Transformer-onehot,VH_framework,S,0.0
Transformer-onehot,VH_framework,S,0.0
Transformer-onehot,VH_framework,S,0.0
Transformer-onehot,VH_framework,S,0.0
Transformer-onehot,VH_framework,S,0.0
Transformer-onehot,VH_framework,S,0.0
Transformer-onehot,VH_framework,S,0.0
Transformer-onehot,VH_framework,S,0.0
Transformer-onehot,VH_framework,S,0.0
Transformer-onehot,VH_framework,S,0.0
Transformer-onehot,VH_framework,S,0.0
Transformer-onehot,VH_framework,S,0.0
Transformer-onehot,VH_framework,S,0.0
Transformer-onehot,VH_framework,S,0.0
Transformer-onehot,VH_framework,S,0.0
Transformer-onehot,VH_framework,S,0.0
Transformer-onehot,VH_framework,S,0.0
Transformer-onehot,VH_framework,S,0.0
Transformer-onehot,VH_framework,S,0.0
Transformer-onehot,VH_framework,S,0.0
Transformer-onehot,VH_framework,S,0.0
Transformer-onehot,VH_framework,S,0.0
Transformer-onehot,VH_framework,S,0.0
Transformer-onehot,VH_framework,S,0.0
Transformer-onehot,VH_framework,S,0.0
Transformer-onehot,VH_framework,S,0.0
Transformer-onehot,VH_framework,S,0.0
Transformer-onehot,VH_framework,S,0.0
Transformer-onehot,VH_framework,S,0.0
Transformer-onehot,VH_framework,S,0.0
Transformer-onehot,VH_framework,S,0.0
Transformer-onehot,VH_framework,S,0.0
Transformer-onehot,VH_framework,S,0.0
Transformer-onehot,VH_framework,S,0.0
Transformer-onehot,VH_framework,S,0.0
Transformer-onehot,VH_framework,S,0.0
Transformer-onehot,VH_framework,S,0.0
Transformer-onehot,VH_framework,S,0.0
Transformer-onehot,VH_framework,S,0.0
Transformer-onehot,VH_framework,S,0.0
Transformer-onehot,VH_framework,S,0.0
Transformer-onehot,VH_framework,S,0.0
Transformer-onehot,VH_framework,S,0.0
Transformer-onehot,VH_framework,S,0.0
Transformer-onehot,VH_framework,S,0.0
Transformer-onehot,VH_framework,S,0.0
Transformer-onehot,VH_framework,S,0.0
Transformer-onehot,VH_framework,S,0.0
Transformer-onehot,VH_framework,S,0.0
Transformer-onehot,VH_framework,S,0.0
Transformer-onehot,VH_framework,S,0.0
Transformer-onehot,VH_framework,S,0.0
Transformer-onehot,VH_framework,S,0.0
Transformer-onehot,VH_framework,S,0.0
Transformer-onehot,VH_framework,S,0.0
Transformer-onehot,VH_framework,S,0.0
Transformer-onehot,VH_framework,S,0.0
Transformer-onehot,VH_framework,S,0.0
Transformer-onehot,VH_framework,S,0.0
Transformer-onehot,VH_framework,S,0.0
Transformer-onehot,VH_framework,S,0.0
Transformer-onehot,VH_framework,S,0.0
Transformer-onehot,VH_framework,S,0.0
Transformer-onehot,VH_framework,S,0.0
Transformer-onehot,VH_framework,S,0.0
Transformer-onehot,VH_framework,S,0.0
Transformer-onehot,VH_framework,S,0.0
Transformer-onehot,VH_framework,S,0.0
Transformer-onehot,VH_framework,S,0.0
Transformer-onehot,VH_framework,S,0.0
Transformer-onehot,VH_framework,S,0.0
Transformer-onehot,VH_framework,S,0.0
Transformer-onehot,VH_framework,S,0.0
Transformer-onehot,VH_framework,S,0.0
Transformer-onehot,VH_framework,S,0.0
Transformer-onehot,VH_framework,S,0.0
Transformer-onehot,VH_framework,S,0.0
Transformer-onehot,VH_framework,S,0.0
Transformer-onehot,VH_framework,S,0.0
Transformer-onehot,VH_framework,S,0.0
Transformer-onehot,VH_framework,S,0.0
Transformer-onehot,VH_framework,S,0.0
Transformer-onehot,VH_framework,S,0.0
Transformer-onehot,VH_framework,S,0.0
Transformer-onehot,VH_framework,S,0.0
Transformer-onehot,VH_framework,S,0.0
Transformer-onehot,VH_framework,S,0.0
Transformer-onehot,VH_framework,S,0.0
Transformer-onehot,VH_framework,S,0.0
Transformer-onehot,VH_framework,S,0.0
Transformer-onehot,VH_framework,S,0.0
Transformer-onehot,VH_framework,S,0.0
Transformer-onehot,VH_framework,S,0.0
Transformer-onehot,VH_framework,S,0.0
Transformer-onehot,VH_framework,S,0.0
Transformer-onehot,VH_framework,S,0.0
Transformer-onehot,VH_framework,S,0.0
Transformer-onehot,VH_framework,S,0.0
Transformer-onehot,VH_framework,S,0.0
Transformer-onehot,VH_framework,S,0.0
Transformer-onehot,VH_framework,S,0.0
Transformer-onehot,VH_framework,S,0.0
Transformer-onehot,VH_framework,S,0.0
Transformer-onehot,VH_framework,S,0.0
Transformer-onehot,VH_framework,S,0.0
Transformer-onehot,VH_framework,S,0.0
Transformer-onehot,VH_framework,S,0.0
Transformer-onehot,VH_framework,S,0.0
Transformer-onehot,VH_framework,S,0.0
Transformer-onehot,VH_framework,S,0.0
Transformer-onehot,VH_framework,S,0.0
Transformer-onehot,VH_framework,S,0.0
Transformer-onehot,VH_framework,S,0.0
Transformer-onehot,VH_framework,S,0.0
Transformer-onehot,VH_framework,S,0.0
Transformer-onehot,VH_framework,T,0.0
Transformer-onehot,VH_framework,T,0.0
Transformer-onehot,VH_framework,T,0.0
Transformer-onehot,VH_framework,T,0.0
Transformer-onehot,VH_framework,T,0.0
Transformer-onehot,VH_framework,T,0.0
Transformer-onehot,VH_framework,T,0.0
Transformer-onehot,VH_framework,T,0.0
Transformer-onehot,VH_framework,T,0.0
Transformer-onehot,VH_framework,T,0.0
Transformer-onehot,VH_framework,T,0.0
Transformer-onehot,VH_framework,T,0.0
Transformer-onehot,VH_framework,T,0.0
Transformer-onehot,VH_framework,T,0.0
Transformer-onehot,VH_framework,T,0.0
Transformer-onehot,VH_framework,T,0.0
Transformer-onehot,VH_framework,T,0.0
Transformer-onehot,VH_framework,T,0.0
Transformer-onehot,VH_framework,T,0.0
Transformer-onehot,VH_framework,T,0.0
Transformer-onehot,VH_framework,T,0.0
Transformer-onehot,VH_framework,T,0.0
Transformer-onehot,VH_framework,T,0.0
Transformer-onehot,VH_framework,T,0.0
Transformer-onehot,VH_framework,T,0.0
Transformer-onehot,VH_framework,T,0.0
Transformer-onehot,VH_framework,T,0.0
Transformer-onehot,VH_framework,T,0.0
Transformer-onehot,VH_framework,T,0.0
Transformer-onehot,VH_framework,T,0.0
Transformer-onehot,VH_framework,T,0.0
Transformer-onehot,VH_framework,T,0.0
Transformer-onehot,VH_framework,T,0.0
Transformer-onehot,VH_framework,T,0.0
Transformer-onehot,VH_framework,T,0.0
Transformer-onehot,VH_framework,T,0.0
Transformer-onehot,VH_framework,T,0.0
Transformer-onehot,VH_framework,T,0.0
Transformer-onehot,VH_framework,T,0.0
Transformer-onehot,VH_framework,T,0.0
Transformer-onehot,VH_framework,T,0.0
Transformer-onehot,VH_framework,T,0.0
Transformer-onehot,VH_framework,T,0.0
Transformer-onehot,VH_framework,T,0.0
Transformer-onehot,VH_framework,T,0.0
Transformer-onehot,VH_framework,T,0.0
Transformer-onehot,VH_framework,T,0.0
Transformer-onehot,VH_framework,T,0.0
Transformer-onehot,VH_framework,T,0.0
Transformer-onehot,VH_framework,T,0.0
Transformer-onehot,VH_framework,T,0.0
Transformer-onehot,VH_framework,T,0.0
Transformer-onehot,VH_framework,T,0.0
Transformer-onehot,VH_framework,T,0.0
Transformer-onehot,VH_framework,T,0.0
Transformer-onehot,VH_framework,T,0.0
Transformer-onehot,VH_framework,T,0.0
Transformer-onehot,VH_framework,T,0.0
Transformer-onehot,VH_framework,T,0.0
Transformer-onehot,VH_framework,T,0.0
Transformer-onehot,VH_framework,T,0.0
Transformer-onehot,VH_framework,T,0.0
Transformer-onehot,VH_framework,T,0.0
Transformer-onehot,VH_framework,T,0.0
Transformer-onehot,VH_framework,T,0.0
Transformer-onehot,VH_framework,T,0.0
Transformer-onehot,VH_framework,T,0.0
Transformer-onehot,VH_framework,T,0.0
Transformer-onehot,VH_framework,T,0.0
Transformer-onehot,VH_framework,T,0.0
Transformer-onehot,VH_framework,T,0.0
Transformer-onehot,VH_framework,T,0.0
Transformer-onehot,VH_framework,T,0.0
Transformer-onehot,VH_framework,T,0.0
Transformer-onehot,VH_framework,T,0.0
Transformer-onehot,VH_framework,T,0.0
Transformer-onehot,VH_framework,T,0.0
Transformer-onehot,VH_framework,T,0.0
Transformer-onehot,VH_framework,T,0.0
Transformer-onehot,VH_framework,T,0.0
Transformer-onehot,VH_framework,T,0.0
Transformer-onehot,VH_framework,T,0.0
Transformer-onehot,VH_framework,T,0.0
Transformer-onehot,VH_framework,T,0.0
Transformer-onehot,VH_framework,T,0.0
Transformer-onehot,VH_framework,T,0.0
Transformer-onehot,VH_framework,T,0.0
Transformer-onehot,VH_framework,T,0.0
Transformer-onehot,VH_framework,T,0.0
Transformer-onehot,VH_framework,T,0.0
Transformer-onehot,VH_framework,T,0.0
Transformer-onehot,VH_framework,T,0.0
Transformer-onehot,VH_framework,T,0.0
Transformer-onehot,VH_framework,T,0.0
Transformer-onehot,VH_framework,T,0.0
Transformer-onehot,VH_framework,T,0.0
Transformer-onehot,VH_framework,T,0.0
Transformer-onehot,VH_framework,T,0.0
Transformer-onehot,VH_framework,T,0.0
Transformer-onehot,VH_framework,T,0.0
Transformer-onehot,VH_framework,T,0.0
Transformer-onehot,VH_framework,T,0.0
Transformer-onehot,VH_framework,T,0.0
Transformer-onehot,VH_framework,T,0.0
Transformer-onehot,VH_framework,T,0.0
Transformer-onehot,VH_framework,T,0.0
Transformer-onehot,VH_framework,T,0.0
Transformer-onehot,VH_framework,T,0.0
Transformer-onehot,VH_framework,T,0.0
Transformer-onehot,VH_framework,T,0.0
Transformer-onehot,VH_framework,T,0.0
Transformer-onehot,VH_framework,T,0.0
Transformer-onehot,VH_framework,T,0.0
Transformer-onehot,VH_framework,T,0.0
Transformer-onehot,VH_framework,T,0.0
Transformer-onehot,VH_framework,T,0.0
Transformer-onehot,VH_framework,T,0.0
Transformer-onehot,VH_framework,T,0.0
Transformer-onehot,VH_framework,T,0.0
Transformer-onehot,VH_framework,T,0.0
Transformer-onehot,VH_framework,T,0.0
Transformer-onehot,VH_framework,T,0.0
Transformer-onehot,VH_framework,T,0.0
Transformer-onehot,VH_framework,T,0.0
Transformer-onehot,VH_framework,T,0.0
Transformer-onehot,VH_framework,T,0.0
Transformer-onehot,VH_framework,T,0.0
Transformer-onehot,VH_framework,T,0.0
Transformer-onehot,VH_framework,T,0.0
Transformer-onehot,VH_framework,T,0.0
Transformer-onehot,VH_framework,T,0.0
Transformer-onehot,VH_framework,T,0.0
Transformer-onehot,VH_framework,T,0.0
Transformer-onehot,VH_framework,T,0.0
Transformer-onehot,VH_framework,T,0.0
Transformer-onehot,VH_framework,T,0.0
Transformer-onehot,VH_framework,T,0.0
Transformer-onehot,VH_framework,T,0.0
Transformer-onehot,VH_framework,T,0.0
Transformer-onehot,VH_framework,T,0.0
Transformer-onehot,VH_framework,T,0.0
Transformer-onehot,VH_framework,T,0.0
Transformer-onehot,VH_framework,T,0.0
Transformer-onehot,VH_framework,T,0.0
Transformer-onehot,VH_framework,T,0.0
Transformer-onehot,VH_framework,T,0.0
Transformer-onehot,VH_framework,T,0.0
Transformer-onehot,VH_framework,T,0.0
Transformer-onehot,VH_framework,T,0.0
Transformer-onehot,VH_framework,T,0.0
Transformer-onehot,VH_framework,T,0.0
Transformer-onehot,VH_framework,T,0.0
Transformer-onehot,VH_framework,T,0.0
Transformer-onehot,VH_framework,T,0.0
Transformer-onehot,VH_framework,T,0.0
Transformer-onehot,VH_framework,T,0.0
Transformer-onehot,VH_framework,T,0.0
Transformer-onehot,VH_framework,T,0.0
Transformer-onehot,VH_framework,T,0.0
Transformer-onehot,VH_framework,T,0.0
Transformer-onehot,VH_framework,T,0.0
Transformer-onehot,VH_framework,T,0.0
Transformer-onehot,VH_framework,T,0.0
Transformer-onehot,VH_framework,T,0.0
Transformer-onehot,VH_framework,T,0.0
Transformer-onehot,VH_framework,T,0.0
Transformer-onehot,VH_framework,T,0.0
Transformer-onehot,VH_framework,T,0.0
Transformer-onehot,VH_framework,T,0.0
Transformer-onehot,VH_framework,T,0.0
Transformer-onehot,VH_framework,T,0.0
Transformer-onehot,VH_framework,T,0.0
Transformer-onehot,VH_framework,T,0.0
Transformer-onehot,VH_framework,T,0.0
Transformer-onehot,VH_framework,T,0.0
Transformer-onehot,VH_framework,T,0.0
Transformer-onehot,VH_framework,T,0.0
Transformer-onehot,VH_framework,T,0.0
Transformer-onehot,VH_framework,T,0.0
Transformer-onehot,VH_framework,T,0.0
Transformer-onehot,VH_framework,T,0.0
Transformer-onehot,VH_framework,T,0.0
Transformer-onehot,VH_framework,T,0.0
Transformer-onehot,VH_framework,T,0.0
Transformer-onehot,VH_framework,T,0.0
Transformer-onehot,VH_framework,T,0.0
Transformer-onehot,VH_framework,T,0.0
Transformer-onehot,VH_framework,T,0.0
Transformer-onehot,VH_framework,T,0.0
Transformer-onehot,VH_framework,T,0.0
Transformer-onehot,VH_framework,T,0.0
Transformer-onehot,VH_framework,T,0.0
Transformer-onehot,VH_framework,T,0.0
Transformer-onehot,VH_framework,T,0.0
Transformer-onehot,VH_framework,T,0.0
Transformer-onehot,VH_framework,T,0.0
Transformer-onehot,VH_framework,T,0.0
Transformer-onehot,VH_framework,T,0.0
Transformer-onehot,VH_framework,T,0.0
Transformer-onehot,VH_framework,T,0.0
Transformer-onehot,VH_framework,T,0.0
Transformer-onehot,VH_framework,T,0.0
Transformer-onehot,VH_framework,T,0.0
Transformer-onehot,VH_framework,T,0.0
Transformer-onehot,VH_framework,T,0.0
Transformer-onehot,VH_framework,T,0.0
Transformer-onehot,VH_framework,T,0.0
Transformer-onehot,VH_framework,T,0.0
Transformer-onehot,VH_framework,T,0.0
Transformer-onehot,VH_framework,T,0.0
Transformer-onehot,VH_framework,T,0.0
Transformer-onehot,VH_framework,T,0.0
Transformer-onehot,VH_framework,T,0.0
Transformer-onehot,VH_framework,T,0.0
Transformer-onehot,VH_framework,T,0.0
Transformer-onehot,VH_framework,T,0.0
Transformer-onehot,VH_framework,T,0.0
Transformer-onehot,VH_framework,T,0.0
Transformer-onehot,VH_framework,T,0.0
Transformer-onehot,VH_framework,T,0.0
Transformer-onehot,VH_framework,T,0.0
Transformer-onehot,VH_framework,T,0.0
Transformer-onehot,VH_framework,T,0.0
Transformer-onehot,VH_framework,T,0.0
Transformer-onehot,VH_framework,T,0.0
Transformer-onehot,VH_framework,T,0.0
Transformer-onehot,VH_framework,T,0.0
Transformer-onehot,VH_framework,T,0.0
Transformer-onehot,VH_framework,T,0.0
Transformer-onehot,VH_framework,T,0.0
Transformer-onehot,VH_framework,T,0.0
Transformer-onehot,VH_framework,T,0.0
Transformer-onehot,VH_framework,T,0.0
Transformer-onehot,VH_framework,T,0.0
Transformer-onehot,VH_framework,T,0.0
Transformer-onehot,VH_framework,T,0.0
Transformer-onehot,VH_framework,T,0.0
Transformer-onehot,VH_framework,T,0.0
Transformer-onehot,VH_framework,T,0.0
Transformer-onehot,VH_framework,T,0.0
Transformer-onehot,VH_framework,T,0.0
Transformer-onehot,VH_framework,T,0.0
Transformer-onehot,VH_framework,T,0.0
Transformer-onehot,VH_framework,T,0.0
Transformer-onehot,VH_framework,T,0.0
Transformer-onehot,VH_framework,T,0.0
Transformer-onehot,VH_framework,T,0.0
Transformer-onehot,VH_framework,T,0.0
Transformer-onehot,VH_framework,T,0.0
Transformer-onehot,VH_framework,T,0.0
Transformer-onehot,VH_framework,T,0.0
Transformer-onehot,VH_framework,T,0.0
Transformer-onehot,VH_framework,T,0.0
Transformer-onehot,VH_framework,T,0.0
Transformer-onehot,VH_framework,T,0.0
Transformer-onehot,VH_framework,T,0.0
Transformer-onehot,VH_framework,T,0.0
Transformer-onehot,VH_framework,T,0.0
Transformer-onehot,VH_framework,T,0.0
Transformer-onehot,VH_framework,T,0.0
Transformer-onehot,VH_framework,T,0.0
Transformer-onehot,VH_framework,T,0.0
Transformer-onehot,VH_framework,T,0.0
Transformer-onehot,VH_framework,T,0.0
Transformer-onehot,VH_framework,T,0.0
Transformer-onehot,VH_framework,T,0.0
Transformer-onehot,VH_framework,T,0.0
Transformer-onehot,VH_framework,T,0.0
Transformer-onehot,VH_framework,T,0.0
Transformer-onehot,VH_framework,T,0.0
Transformer-onehot,VH_framework,T,0.0
Transformer-onehot,VH_framework,T,0.0
Transformer-onehot,VH_framework,T,0.0
Transformer-onehot,VH_framework,T,0.0
Transformer-onehot,VH_framework,T,0.0
Transformer-onehot,VH_framework,T,0.0
Transformer-onehot,VH_framework,T,0.0
Transformer-onehot,VH_framework,T,0.0
Transformer-onehot,VH_framework,T,0.0
Transformer-onehot,VH_framework,T,0.0
Transformer-onehot,VH_framework,T,0.0
Transformer-onehot,VH_framework,T,0.0
Transformer-onehot,VH_framework,T,0.0
Transformer-onehot,VH_framework,T,0.0
Transformer-onehot,VH_framework,T,0.0
Transformer-onehot,VH_framework,T,0.0
Transformer-onehot,VH_framework,T,0.0
Transformer-onehot,VH_framework,T,0.0
Transformer-onehot,VH_framework,T,0.0
Transformer-onehot,VH_framework,T,0.0
Transformer-onehot,VH_framework,T,0.0
Transformer-onehot,VH_framework,T,0.0
Transformer-onehot,VH_framework,T,0.0
Transformer-onehot,VH_framework,T,0.0
Transformer-onehot,VH_framework,T,0.0
Transformer-onehot,VH_framework,T,0.0
Transformer-onehot,VH_framework,T,0.0
Transformer-onehot,VH_framework,T,0.0
Transformer-onehot,VH_framework,T,0.0
Transformer-onehot,VH_framework,T,0.0
Transformer-onehot,VH_framework,T,0.0
Transformer-onehot,VH_framework,T,0.0
Transformer-onehot,VH_framework,T,0.0
Transformer-onehot,VH_framework,T,0.0
Transformer-onehot,VH_framework,T,0.0
Transformer-onehot,VH_framework,T,0.0
Transformer-onehot,VH_framework,T,0.0
Transformer-onehot,VH_framework,T,0.0
Transformer-onehot,VH_framework,T,0.0
Transformer-onehot,VH_framework,T,0.0
Transformer-onehot,VH_framework,T,0.0
Transformer-onehot,VH_framework,T,0.0
Transformer-onehot,VH_framework,T,0.0
Transformer-onehot,VH_framework,T,0.0
Transformer-onehot,VH_framework,T,0.0
Transformer-onehot,VH_framework,T,0.0
Transformer-onehot,VH_framework,T,0.0
Transformer-onehot,VH_framework,T,0.0
Transformer-onehot,VH_framework,T,0.0
Transformer-onehot,VH_framework,T,0.0
Transformer-onehot,VH_framework,T,0.0
Transformer-onehot,VH_framework,T,0.0
Transformer-onehot,VH_framework,T,0.0
Transformer-onehot,VH_framework,T,0.0
Transformer-onehot,VH_framework,T,0.0
Transformer-onehot,VH_framework,T,0.0
Transformer-onehot,VH_framework,T,0.0
Transformer-onehot,VH_framework,T,0.0
Transformer-onehot,VH_framework,T,0.0
Transformer-onehot,VH_framework,T,0.0
Transformer-onehot,VH_framework,T,0.0
Transformer-onehot,VH_framework,T,0.0
Transformer-onehot,VH_framework,T,0.0
Transformer-onehot,VH_framework,T,0.0
Transformer-onehot,VH_framework,T,0.0
Transformer-onehot,VH_framework,T,0.0
Transformer-onehot,VH_framework,T,0.0
Transformer-onehot,VH_framework,T,0.0
Transformer-onehot,VH_framework,T,0.0
Transformer-onehot,VH_framework,T,0.0
Transformer-onehot,VH_framework,T,0.0
Transformer-onehot,VH_framework,T,0.0
Transformer-onehot,VH_framework,T,0.0
Transformer-onehot,VH_framework,T,0.0
Transformer-onehot,VH_framework,T,0.0
Transformer-onehot,VH_framework,T,0.0
Transformer-onehot,VH_framework,T,0.0
Transformer-onehot,VH_framework,T,0.0
Transformer-onehot,VH_framework,T,0.0
Transformer-onehot,VH_framework,T,0.0
Transformer-onehot,VH_framework,T,0.0
Transformer-onehot,VH_framework,T,0.0
Transformer-onehot,VH_framework,T,0.0
Transformer-onehot,VH_framework,T,0.0
Transformer-onehot,VH_framework,T,0.0
Transformer-onehot,VH_framework,T,0.0
Transformer-onehot,VH_framework,T,0.0
Transformer-onehot,VH_framework,T,0.0
Transformer-onehot,VH_framework,T,0.0
Transformer-onehot,VH_framework,T,0.0
Transformer-onehot,VH_framework,T,0.0
Transformer-onehot,VH_framework,T,0.0
Transformer-onehot,VH_framework,T,0.0
Transformer-onehot,VH_framework,T,0.0
Transformer-onehot,VH_framework,T,0.0
Transformer-onehot,VH_framework,T,0.0
Transformer-onehot,VH_framework,T,0.0
Transformer-onehot,VH_framework,T,0.0
Transformer-onehot,VH_framework,T,0.0
Transformer-onehot,VH_framework,T,0.0
Transformer-onehot,VH_framework,T,0.0
Transformer-onehot,VH_framework,T,0.0
Transformer-onehot,VH_framework,T,0.0
Transformer-onehot,VH_framework,T,0.0
Transformer-onehot,VH_framework,T,0.0
Transformer-onehot,VH_framework,T,0.0
Transformer-onehot,VH_framework,T,0.0
Transformer-onehot,VH_framework,T,0.0
Transformer-onehot,VH_framework,T,0.0
Transformer-onehot,VH_framework,T,0.0
Transformer-onehot,VH_framework,T,0.0
Transformer-onehot,VH_framework,T,0.0
Transformer-onehot,VH_framework,T,0.0
Transformer-onehot,VH_framework,T,0.0
Transformer-onehot,VH_framework,T,0.0
Transformer-onehot,VH_framework,T,0.0
Transformer-onehot,VH_framework,T,0.0
Transformer-onehot,VH_framework,T,0.0
Transformer-onehot,VH_framework,T,0.0
Transformer-onehot,VH_framework,T,0.0
Transformer-onehot,VH_framework,T,0.0
Transformer-onehot,VH_framework,T,0.0
Transformer-onehot,VH_framework,T,0.0
Transformer-onehot,VH_framework,T,0.0
Transformer-onehot,VH_framework,T,0.0
Transformer-onehot,VH_framework,T,0.0
Transformer-onehot,VH_framework,T,0.0
Transformer-onehot,VH_framework,T,0.0
Transformer-onehot,VH_framework,T,0.0
Transformer-onehot,VH_framework,T,0.0
Transformer-onehot,VH_framework,T,0.0
Transformer-onehot,VH_framework,T,0.0
Transformer-onehot,VH_framework,T,0.0
Transformer-onehot,VH_framework,T,0.0
Transformer-onehot,VH_framework,T,0.0
Transformer-onehot,VH_framework,T,0.0
Transformer-onehot,VH_framework,T,0.0
Transformer-onehot,VH_framework,T,0.0
Transformer-onehot,VH_framework,T,0.0
Transformer-onehot,VH_framework,T,0.0
Transformer-onehot,VH_framework,T,0.0
Transformer-onehot,VH_framework,T,0.0
Transformer-onehot,VH_framework,T,0.0
Transformer-onehot,VH_framework,T,0.0
Transformer-onehot,VH_framework,T,0.0
Transformer-onehot,VH_framework,T,0.0
Transformer-onehot,VH_framework,T,0.0
Transformer-onehot,VH_framework,T,0.0
Transformer-onehot,VH_framework,T,0.0
Transformer-onehot,VH_framework,T,0.0
Transformer-onehot,VH_framework,T,0.0
Transformer-onehot,VH_framework,T,0.0
Transformer-onehot,VH_framework,T,0.0
Transformer-onehot,VH_framework,T,0.0
Transformer-onehot,VH_framework,T,0.0
Transformer-onehot,VH_framework,T,0.0
Transformer-onehot,VH_framework,T,0.0
Transformer-onehot,VH_framework,T,0.0
Transformer-onehot,VH_framework,T,0.0
Transformer-onehot,VH_framework,T,0.0
Transformer-onehot,VH_framework,T,0.0
Transformer-onehot,VH_framework,T,0.0
Transformer-onehot,VH_framework,T,0.0
Transformer-onehot,VH_framework,T,0.0
Transformer-onehot,VH_framework,T,0.0
Transformer-onehot,VH_framework,T,0.0
Transformer-onehot,VH_framework,T,0.0
Transformer-onehot,VH_framework,T,0.0
Transformer-onehot,VH_framework,T,0.0
Transformer-onehot,VH_framework,T,0.0
Transformer-onehot,VH_framework,T,0.0
Transformer-onehot,VH_framework,T,0.0
Transformer-onehot,VH_framework,T,0.0
Transformer-onehot,VH_framework,T,0.0
Transformer-onehot,VH_framework,T,0.0
Transformer-onehot,VH_framework,T,0.0
Transformer-onehot,VH_framework,T,0.0
Transformer-onehot,VH_framework,T,0.0
Transformer-onehot,VH_framework,T,0.0
Transformer-onehot,VH_framework,T,0.0
Transformer-onehot,VH_framework,T,0.0
Transformer-onehot,VH_framework,T,0.0
Transformer-onehot,VH_framework,T,0.0
Transformer-onehot,VH_framework,T,0.0
Transformer-onehot,VH_framework,T,0.0
Transformer-onehot,VH_framework,T,0.0
Transformer-onehot,VH_framework,T,0.0
Transformer-onehot,VH_framework,T,0.0
Transformer-onehot,VH_framework,T,0.0
Transformer-onehot,VH_framework,T,0.0
Transformer-onehot,VH_framework,T,0.0
Transformer-onehot,VH_framework,T,0.0
Transformer-onehot,VH_framework,T,0.0
Transformer-onehot,VH_framework,T,0.0
Transformer-onehot,VH_framework,T,0.0
Transformer-onehot,VH_framework,T,0.0
Transformer-onehot,VH_framework,T,0.0
Transformer-onehot,VH_framework,T,0.0
Transformer-onehot,VH_framework,T,0.0
Transformer-onehot,VH_framework,T,0.0
Transformer-onehot,VH_framework,T,0.0
Transformer-onehot,VH_framework,T,0.0
Transformer-onehot,VH_framework,T,0.0
Transformer-onehot,VH_framework,T,0.0
Transformer-onehot,VH_framework,T,0.0
Transformer-onehot,VH_framework,T,0.0
Transformer-onehot,VH_framework,T,0.0
Transformer-onehot,VH_framework,T,0.0
Transformer-onehot,VH_framework,T,0.0
Transformer-onehot,VH_framework,T,0.0
Transformer-onehot,VH_framework,T,0.0
Transformer-onehot,VH_framework,T,0.0
Transformer-onehot,VH_framework,T,0.0
Transformer-onehot,VH_framework,T,0.0
Transformer-onehot,VH_framework,T,0.0
Transformer-onehot,VH_framework,T,0.0
Transformer-onehot,VH_framework,T,0.0
Transformer-onehot,VH_framework,T,0.0
Transformer-onehot,VH_framework,T,0.0
Transformer-onehot,VH_framework,T,0.0
Transformer-onehot,VH_framework,T,0.0
Transformer-onehot,VH_framework,T,0.0
Transformer-onehot,VH_framework,T,0.0
Transformer-onehot,VH_framework,T,0.0
Transformer-onehot,VH_framework,T,0.0
Transformer-onehot,VH_framework,T,0.0
Transformer-onehot,VH_framework,T,0.0
Transformer-onehot,VH_framework,T,0.0
Transformer-onehot,VH_framework,T,0.0
Transformer-onehot,VH_framework,T,0.0
Transformer-onehot,VH_framework,V,-0.0044748885557055
Transformer-onehot,VH_framework,V,-0.0375230424106121
Transformer-onehot,VH_framework,V,-0.0139209795743227
Transformer-onehot,VH_framework,V,-0.0143959950655698
Transformer-onehot,VH_framework,V,-0.0044306828640401
Transformer-onehot,VH_framework,V,-0.0320129953324794
Transformer-onehot,VH_framework,V,-0.0135468449443578
Transformer-onehot,VH_framework,V,-0.0136874243617057
Transformer-onehot,VH_framework,V,-0.004464391618967
Transformer-onehot,VH_framework,V,-0.0187098886817693
Transformer-onehot,VH_framework,V,-0.004437297116965
Transformer-onehot,VH_framework,V,-0.016897078603506
Transformer-onehot,VH_framework,V,-0.0042865853756666
Transformer-onehot,VH_framework,V,-0.0149012319743633
Transformer-onehot,VH_framework,V,-0.0156350322067737
Transformer-onehot,VH_framework,V,-0.0048144115135073
Transformer-onehot,VH_framework,V,-0.0144757032394409
Transformer-onehot,VH_framework,V,-0.014051180332899
Transformer-onehot,VH_framework,V,-0.004216895904392
Transformer-onehot,VH_framework,V,-0.0054490980692207
Transformer-onehot,VH_framework,V,-0.0142087247222661
Transformer-onehot,VH_framework,V,-0.0341455787420272
Transformer-onehot,VH_framework,V,-0.0139451045542955
Transformer-onehot,VH_framework,V,-0.0204910486936569
Transformer-onehot,VH_framework,V,-0.0045831333845853
Transformer-onehot,VH_framework,V,-0.0040034004487097
Transformer-onehot,VH_framework,V,-0.0146508440375328
Transformer-onehot,VH_framework,V,-0.0091285351663827
Transformer-onehot,VH_framework,V,-0.0165961738675832
Transformer-onehot,VH_framework,V,-0.0041821687482297
Transformer-onehot,VH_framework,V,-0.0045147323980927
Transformer-onehot,VH_framework,V,-0.005465991795063
Transformer-onehot,VH_framework,V,-0.0418519452214241
Transformer-onehot,VH_framework,V,-0.0093220770359039
Transformer-onehot,VH_framework,V,-0.0126086184754967
Transformer-onehot,VH_framework,V,-0.0451496988534927
Transformer-onehot,VH_framework,V,-0.0390395000576972
Transformer-onehot,VH_framework,V,-0.0156001290306448
Transformer-onehot,VH_framework,V,-0.0043288944289088
Transformer-onehot,VH_framework,V,-0.0175698716193437
Transformer-onehot,VH_framework,V,-0.0172160360962152
Transformer-onehot,VH_framework,V,-0.0055996291339397
Transformer-onehot,VH_framework,V,-0.0046182633377611
Transformer-onehot,VH_framework,V,-0.0044490476138889
Transformer-onehot,VH_framework,V,0.0
Transformer-onehot,VH_framework,V,-0.0266519039869308
Transformer-onehot,VH_framework,V,-0.0204837191849946
Transformer-onehot,VH_framework,V,-0.004757035523653
Transformer-onehot,VH_framework,V,-0.0130652338266372
Transformer-onehot,VH_framework,V,-0.0127866305410861
Transformer-onehot,VH_framework,V,-0.0044098361395299
Transformer-onehot,VH_framework,V,-0.0056070061400532
Transformer-onehot,VH_framework,V,-0.0132009368389844
Transformer-onehot,VH_framework,V,-0.0135337188839912
Transformer-onehot,VH_framework,V,-0.0045757475309073
Transformer-onehot,VH_framework,V,-0.0322079472243785
Transformer-onehot,VH_framework,V,-0.010918584652245
Transformer-onehot,VH_framework,V,-0.0128126163035631
Transformer-onehot,VH_framework,V,-0.0444766655564308
Transformer-onehot,VH_framework,V,-0.0292269699275493
Transformer-onehot,VH_framework,V,-0.0208679605275392
Transformer-onehot,VH_framework,V,-0.0045735188759863
Transformer-onehot,VH_framework,V,-0.0129346847534179
Transformer-onehot,VH_framework,V,-0.0114105464890599
Transformer-onehot,VH_framework,V,-0.0045823859982192
Transformer-onehot,VH_framework,V,-0.0408072918653488
Transformer-onehot,VH_framework,V,-0.0050441669300198
Transformer-onehot,VH_framework,V,-0.0172734037041664
Transformer-onehot,VH_framework,V,-0.0050249830819666
Transformer-onehot,VH_framework,V,-0.0443740338087081
Transformer-onehot,VH_framework,V,-0.0051398011855781
Transformer-onehot,VH_framework,V,-0.0150068327784538
Transformer-onehot,VH_framework,V,-0.0145642329007387
Transformer-onehot,VH_framework,V,-0.0043998332694172
Transformer-onehot,VH_framework,V,-0.0104967840015888
Transformer-onehot,VH_framework,V,-0.0528998412191867
Transformer-onehot,VH_framework,V,0.0
Transformer-onehot,VH_framework,V,-0.0131924571469426
Transformer-onehot,VH_framework,V,-0.0146943647414445
Transformer-onehot,VH_framework,V,-0.0045810872688889
Transformer-onehot,VH_framework,V,-0.0372034981846809
Transformer-onehot,VH_framework,V,-0.0041935699991881
Transformer-onehot,VH_framework,V,-0.00397365167737
Transformer-onehot,VH_framework,V,-0.0050053419545292
Transformer-onehot,VH_framework,V,-0.0151739381253719
Transformer-onehot,VH_framework,V,-0.0177305899560451
Transformer-onehot,VH_framework,V,-0.005970399826765
Transformer-onehot,VH_framework,V,-0.0260079801082611
Transformer-onehot,VH_framework,V,-0.0143372807651758
Transformer-onehot,VH_framework,V,-0.0153772123157978
Transformer-onehot,VH_framework,V,-0.021277830004692
Transformer-onehot,VH_framework,V,-0.0127574410289525
Transformer-onehot,VH_framework,V,-0.0045297686010599
Transformer-onehot,VH_framework,V,-0.0046093901619315
Transformer-onehot,VH_framework,V,0.0
Transformer-onehot,VH_framework,V,-0.016083113849163
Transformer-onehot,VH_framework,V,-0.0166438780725002
Transformer-onehot,VH_framework,V,-0.0158201307058334
Transformer-onehot,VH_framework,V,0.0
Transformer-onehot,VH_framework,V,-0.0138132087886333
Transformer-onehot,VH_framework,V,-0.0045205452479422
Transformer-onehot,VH_framework,V,-0.0046087424270808
Transformer-onehot,VH_framework,V,-0.013874826952815
Transformer-onehot,VH_framework,V,-0.017821978777647
Transformer-onehot,VH_framework,V,-0.0058274352923035
Transformer-onehot,VH_framework,V,-0.0153084602206945
Transformer-onehot,VH_framework,V,-0.0104840928688645
Transformer-onehot,VH_framework,V,-0.0231549646705389
Transformer-onehot,VH_framework,V,-0.0300142541527748
Transformer-onehot,VH_framework,V,-0.0137799838557839
Transformer-onehot,VH_framework,V,-0.0046578524634242
Transformer-onehot,VH_framework,V,-0.0137930819764733
Transformer-onehot,VH_framework,V,-0.0098971296101808
Transformer-onehot,VH_framework,V,-0.0423508360981941
Transformer-onehot,VH_framework,V,-0.0180083252489566
Transformer-onehot,VH_framework,V,-0.0041345627978444
Transformer-onehot,VH_framework,V,-0.0045978571288287
Transformer-onehot,VH_framework,V,-0.0307658649981021
Transformer-onehot,VH_framework,V,-0.0043805572204291
Transformer-onehot,VH_framework,V,-0.0041733109392225
Transformer-onehot,VH_framework,V,-0.0045122322626411
Transformer-onehot,VH_framework,V,-0.0104475803673267
Transformer-onehot,VH_framework,V,-0.0044380016624927
Transformer-onehot,VH_framework,V,-0.0132659096270799
Transformer-onehot,VH_framework,V,-0.0182000957429409
Transformer-onehot,VH_framework,V,-0.0275508482009172
Transformer-onehot,VH_framework,V,-0.0139770517125725
Transformer-onehot,VH_framework,V,-0.0047944909892976
Transformer-onehot,VH_framework,V,-0.0075682713650166
Transformer-onehot,VH_framework,V,-0.004795751068741
Transformer-onehot,VH_framework,V,-0.0138449603691697
Transformer-onehot,VH_framework,V,-0.0039250031113624
Transformer-onehot,VH_framework,V,-0.0051043070852756
Transformer-onehot,VH_framework,V,-0.0128100365400314
Transformer-onehot,VH_framework,V,-0.0048272833228111
Transformer-onehot,VH_framework,V,-0.0422389879822731
Transformer-onehot,VH_framework,V,-0.0056015751324594
Transformer-onehot,VH_framework,V,-0.0236385837197303
Transformer-onehot,VH_framework,V,-0.0107163041830062
Transformer-onehot,VH_framework,V,-0.0136880483478307
Transformer-onehot,VH_framework,V,-0.0041260849684476
Transformer-onehot,VH_framework,V,-0.0044142515398561
Transformer-onehot,VH_framework,V,-0.0056042578071355
Transformer-onehot,VH_framework,V,-0.0137409660965204
Transformer-onehot,VH_framework,V,-0.0043375217355787
Transformer-onehot,VH_framework,V,-0.0051351115107536
Transformer-onehot,VH_framework,V,-0.038032341748476
Transformer-onehot,VH_framework,V,-0.0056846216320991
Transformer-onehot,VH_framework,V,-0.0171198807656765
Transformer-onehot,VH_framework,V,-0.0165434628725051
Transformer-onehot,VH_framework,V,-0.0139140989631414
Transformer-onehot,VH_framework,V,-0.0044449823908507
Transformer-onehot,VH_framework,V,-0.0053268033079802
Transformer-onehot,VH_framework,V,-0.043097473680973
Transformer-onehot,VH_framework,V,-0.0080468272790312
Transformer-onehot,VH_framework,V,-0.006123078521341
Transformer-onehot,VH_framework,V,-0.0149203315377235
Transformer-onehot,VH_framework,V,-0.0144820464774966
Transformer-onehot,VH_framework,V,-0.0047202361747622
Transformer-onehot,VH_framework,V,-0.0051846667192876
Transformer-onehot,VH_framework,V,-0.0139721473678946
Transformer-onehot,VH_framework,V,-0.0046234326437115
Transformer-onehot,VH_framework,V,-0.0422285348176956
Transformer-onehot,VH_framework,V,-0.0043923608027398
Transformer-onehot,VH_framework,V,-0.0145815284922719
Transformer-onehot,VH_framework,V,-0.0309273451566696
Transformer-onehot,VH_framework,V,-0.0047031864523887
Transformer-onehot,VH_framework,V,-0.0041227391920983
Transformer-onehot,VH_framework,V,-0.0149734681472182
Transformer-onehot,VH_framework,V,-0.0163465179502964
Transformer-onehot,VH_framework,V,-0.0148346181958913
Transformer-onehot,VH_framework,V,-0.0150413177907466
Transformer-onehot,VH_framework,V,-0.0041876486502587
Transformer-onehot,VH_framework,V,-0.004886535461992
Transformer-onehot,VH_framework,V,-0.0044352454133331
Transformer-onehot,VH_framework,V,-0.0134805450215935
Transformer-onehot,VH_framework,V,-0.0043652881868183
Transformer-onehot,VH_framework,V,-0.0039544668979942
Transformer-onehot,VH_framework,V,0.0
Transformer-onehot,VH_framework,V,-0.0432950593531131
Transformer-onehot,VH_framework,V,-0.0136244930326938
Transformer-onehot,VH_framework,V,-0.0151142226532101
Transformer-onehot,VH_framework,V,-0.0359356179833412
Transformer-onehot,VH_framework,V,-0.0206294320523738
Transformer-onehot,VH_framework,V,-0.0046786773018538
Transformer-onehot,VH_framework,V,-0.0043426370248198
Transformer-onehot,VH_framework,V,-0.0097586121410131
Transformer-onehot,VH_framework,V,-0.0140922740101814
Transformer-onehot,VH_framework,V,-0.006647300440818
Transformer-onehot,VH_framework,V,-0.0458380989730358
Transformer-onehot,VH_framework,V,-0.0428987443447113
Transformer-onehot,VH_framework,V,-0.018353110179305
Transformer-onehot,VH_framework,V,-0.0101282997056841
Transformer-onehot,VH_framework,V,-0.0046261446550488
Transformer-onehot,VH_framework,V,-0.006144945975393
Transformer-onehot,VH_framework,V,-0.0049295960925519
Transformer-onehot,VH_framework,V,-0.0144939441233873
Transformer-onehot,VH_framework,V,-0.0136732254177331
Transformer-onehot,VH_framework,V,-0.0149910729378461
Transformer-onehot,VH_framework,V,-0.0076683619990944
Transformer-onehot,VH_framework,V,-0.0170644000172615
Transformer-onehot,VH_framework,V,-0.0111549291759729
Transformer-onehot,VH_framework,V,-0.007993378676474
Transformer-onehot,VH_framework,V,-0.0048954682424664
Transformer-onehot,VH_framework,V,-0.0139955142512917
Transformer-onehot,VH_framework,V,-0.0220524333417415
Transformer-onehot,VH_framework,V,-0.0044774953275918
Transformer-onehot,VH_framework,V,-0.0041732206009328
Transformer-onehot,VH_framework,V,0.0
Transformer-onehot,VH_framework,V,-0.0106351422145962
Transformer-onehot,VH_framework,V,-0.0484572909772396
Transformer-onehot,VH_framework,V,-0.0363972187042236
Transformer-onehot,VH_framework,V,-0.0080660190433263
Transformer-onehot,VH_framework,V,-0.0041465456597507
Transformer-onehot,VH_framework,V,-0.0441228561103343
Transformer-onehot,VH_framework,V,-0.0382782816886901
Transformer-onehot,VH_framework,V,-0.0292663760483264
Transformer-onehot,VH_framework,V,-0.0043788477778434
Transformer-onehot,VH_framework,V,-0.0131793962791562
Transformer-onehot,VH_framework,V,-0.0065902629867196
Transformer-onehot,VH_framework,V,-0.0048836274072527
Transformer-onehot,VH_framework,V,-0.00453214161098
Transformer-onehot,VH_framework,V,-0.0050468519330024
Transformer-onehot,VH_framework,V,-0.0207308959215879
Transformer-onehot,VH_framework,V,-0.0054481150582432
Transformer-onehot,VH_framework,V,-0.032469168305397
Transformer-onehot,VH_framework,V,-0.0043755932711064
Transformer-onehot,VH_framework,V,-0.0047397837042808
Transformer-onehot,VH_framework,V,-0.0164771992713212
Transformer-onehot,VH_framework,V,-0.0063905585557222
Transformer-onehot,VH_framework,V,-0.0154451755806803
Transformer-onehot,VH_framework,V,-0.0310865063220262
Transformer-onehot,VH_framework,V,-0.013495810329914
Transformer-onehot,VH_framework,V,-0.0345233343541622
Transformer-onehot,VH_framework,V,-0.0188464596867561
Transformer-onehot,VH_framework,V,-0.0046018646098673
Transformer-onehot,VH_framework,V,-0.0159300751984119
Transformer-onehot,VH_framework,V,-0.0149571066722273
Transformer-onehot,VH_framework,V,-0.0043969801627099
Transformer-onehot,VH_framework,V,-0.0045999977737665
Transformer-onehot,VH_framework,V,-0.0247505046427249
Transformer-onehot,VH_framework,V,-0.014299931935966
Transformer-onehot,VH_framework,V,-0.0044430824927985
Transformer-onehot,VH_framework,V,-0.0046742409467697
Transformer-onehot,VH_framework,V,-0.0040725683793425
Transformer-onehot,VH_framework,V,-0.0165752507746219
Transformer-onehot,VH_framework,V,-0.0045101703144609
Transformer-onehot,VH_framework,V,-0.0104841431602835
Transformer-onehot,VH_framework,V,-0.0384258069097995
Transformer-onehot,VH_framework,V,-0.004418209195137
Transformer-onehot,VH_framework,V,-0.01064108684659
Transformer-onehot,VH_framework,V,0.0
Transformer-onehot,VH_framework,V,-0.0443393848836422
Transformer-onehot,VH_framework,V,-0.0111796837300062
Transformer-onehot,VH_framework,V,-0.0106840031221508
Transformer-onehot,VH_framework,V,-0.0110527193173766
Transformer-onehot,VH_framework,V,-0.0415079519152641
Transformer-onehot,VH_framework,V,-0.0113370846956968
Transformer-onehot,VH_framework,V,-0.011244649067521
Transformer-onehot,VH_framework,V,-0.0114314062520861
Transformer-onehot,VH_framework,V,-0.0119589287787675
Transformer-onehot,VH_framework,V,-0.0381454937160015
Transformer-onehot,VH_framework,V,-0.0107372961938381
Transformer-onehot,VH_framework,V,-0.0111602274700999
Transformer-onehot,VH_framework,V,-0.0327317714691162
Transformer-onehot,VH_framework,V,-0.0115068405866622
Transformer-onehot,VH_framework,V,-0.0362287499010562
Transformer-onehot,VH_framework,V,-0.0103125385940074
Transformer-onehot,VH_framework,V,-0.011195383965969
Transformer-onehot,VH_framework,V,-0.0113288331776857
Transformer-onehot,VH_framework,V,-0.0116304894909262
Transformer-onehot,VH_framework,V,-0.0112799620255827
Transformer-onehot,VH_framework,V,-0.0110263051465153
Transformer-onehot,VH_framework,V,-0.0110315391793847
Transformer-onehot,VH_framework,V,-0.0464393571019172
Transformer-onehot,VH_framework,V,-0.0108210882171988
Transformer-onehot,VH_framework,V,-0.0113937519490718
Transformer-onehot,VH_framework,V,-0.0317943021655082
Transformer-onehot,VH_framework,V,0.0
Transformer-onehot,VH_framework,V,-0.0101227518171072
Transformer-onehot,VH_framework,V,-0.0466250106692314
Transformer-onehot,VH_framework,V,-0.0429470278322696
Transformer-onehot,VH_framework,V,-0.0400235429406166
Transformer-onehot,VH_framework,V,-0.011170838959515
Transformer-onehot,VH_framework,V,-0.011283989995718
Transformer-onehot,VH_framework,V,-0.0107713509351015
Transformer-onehot,VH_framework,V,-0.0443146377801895
Transformer-onehot,VH_framework,V,0.0
Transformer-onehot,VH_framework,V,-0.053367581218481
Transformer-onehot,VH_framework,V,-0.0418627224862575
Transformer-onehot,VH_framework,V,-0.0105850966647267
Transformer-onehot,VH_framework,V,-0.0364552661776542
Transformer-onehot,VH_framework,V,-0.0113357286900281
Transformer-onehot,VH_framework,V,-0.0436938554048538
Transformer-onehot,VH_framework,V,-0.0421573519706726
Transformer-onehot,VH_framework,V,-0.0101860305294394
Transformer-onehot,VH_framework,V,-0.0111600728705525
Transformer-onehot,VH_framework,V,-0.0110414931550621
Transformer-onehot,VH_framework,V,-0.0104204649105668
Transformer-onehot,VH_framework,V,-0.0106941992416977
Transformer-onehot,VH_framework,V,-0.0095260618254542
Transformer-onehot,VH_framework,V,-0.0106666544452309
Transformer-onehot,VH_framework,V,-0.0461194217205047
Transformer-onehot,VH_framework,V,-0.0096366321668028
Transformer-onehot,VH_framework,V,-0.0447055660188198
Transformer-onehot,VH_framework,V,-0.0419482737779617
Transformer-onehot,VH_framework,V,-0.0116852642968297
Transformer-onehot,VH_framework,V,-0.0110520012676715
Transformer-onehot,VH_framework,V,-0.0440495051443576
Transformer-onehot,VH_framework,V,-0.0112266773357987
Transformer-onehot,VH_framework,V,-0.0105292666703462
Transformer-onehot,VH_framework,V,-0.0114348297938704
Transformer-onehot,VH_framework,V,-0.010736720636487
Transformer-onehot,VH_framework,V,-0.0097426557913422
Transformer-onehot,VH_framework,V,-0.0111610265448689
Transformer-onehot,VH_framework,V,-0.0439789704978466
Transformer-onehot,VH_framework,V,-0.0490305162966251
Transformer-onehot,VH_framework,V,-0.0114221237599849
Transformer-onehot,VH_framework,V,-0.0107726147398352
Transformer-onehot,VH_framework,V,-0.0110602974891662
Transformer-onehot,VH_framework,V,-0.0469853468239307
Transformer-onehot,VH_framework,V,-0.0113698774948716
Transformer-onehot,VH_framework,V,0.0
Transformer-onehot,VH_framework,V,-0.0115134688094258
Transformer-onehot,VH_framework,V,-0.0107447300106287
Transformer-onehot,VH_framework,V,-0.0114545142278075
Transformer-onehot,VH_framework,V,-0.0100300926715135
Transformer-onehot,VH_framework,V,-0.0111271236091852
Transformer-onehot,VH_framework,V,-0.0103410193696618
Transformer-onehot,VH_framework,V,-0.0108913462609052
Transformer-onehot,VH_framework,V,-0.0104715675115585
Transformer-onehot,VH_framework,V,-0.0113535188138484
Transformer-onehot,VH_framework,V,-0.0106125306338071
Transformer-onehot,VH_framework,V,-0.0111989416182041
Transformer-onehot,VH_framework,V,-0.0435789935290813
Transformer-onehot,VH_framework,V,-0.0444469302892684
Transformer-onehot,VH_framework,V,-0.0101844351738691
Transformer-onehot,VH_framework,V,-0.0333315432071685
Transformer-onehot,VH_framework,V,-0.010706759057939
Transformer-onehot,VH_framework,V,-0.0111773489043116
Transformer-onehot,VH_framework,V,-0.0426269620656967
Transformer-onehot,VH_framework,V,-0.0113687003031373
Transformer-onehot,VH_framework,V,-0.0112697845324873
Transformer-onehot,VH_framework,V,-0.0113055109977722
Transformer-onehot,VH_framework,V,0.0
Transformer-onehot,VH_framework,V,-0.043772779405117
Transformer-onehot,VH_framework,V,0.0
Transformer-onehot,VH_framework,V,-0.0112872961908578
Transformer-onehot,VH_framework,V,-0.0371064990758895
Transformer-onehot,VH_framework,V,-0.0111536541953682
Transformer-onehot,VH_framework,V,-0.0111244358122348
Transformer-onehot,VH_framework,V,-0.0110953776165843
Transformer-onehot,VH_framework,V,-0.0365900322794914
Transformer-onehot,VH_framework,V,-0.0113201318308711
Transformer-onehot,VH_framework,V,-0.0113698709756135
Transformer-onehot,VH_framework,V,-0.0421109981834888
Transformer-onehot,VH_framework,V,0.0
Transformer-onehot,VH_framework,V,-0.011028753593564
Transformer-onehot,VH_framework,V,-0.0101265897974371
Transformer-onehot,VH_framework,V,-0.0115739032626152
Transformer-onehot,VH_framework,V,-0.0112377265468239
Transformer-onehot,VH_framework,V,-0.032429814338684
Transformer-onehot,VH_framework,V,-0.0373065993189811
Transformer-onehot,VH_framework,V,-0.0105382958427071
Transformer-onehot,VH_framework,V,-0.0092736156657338
Transformer-onehot,VH_framework,V,-0.010728339664638
Transformer-onehot,VH_framework,V,-0.011838037520647
Transformer-onehot,VH_framework,V,-0.0114410240203142
Transformer-onehot,VH_framework,V,-0.0286581721156835
Transformer-onehot,VH_framework,V,-0.0434883572161197
Transformer-onehot,VH_framework,V,-0.0105839176103472
Transformer-onehot,VH_framework,V,-0.010201764293015
Transformer-onehot,VH_framework,V,-0.0105240037664771
Transformer-onehot,VH_framework,V,-0.0112316906452178
Transformer-onehot,VH_framework,V,-0.0109671633690595
Transformer-onehot,VH_framework,V,-0.0388912409543991
Transformer-onehot,VH_framework,V,0.0
Transformer-onehot,VH_framework,V,-0.010642098262906
Transformer-onehot,VH_framework,V,-0.0463072806596756
Transformer-onehot,VH_framework,V,-0.0112211350351572
Transformer-onehot,VH_framework,V,-0.0092056756839156
Transformer-onehot,VH_framework,V,-0.010952747426927
Transformer-onehot,VH_framework,V,-0.0411431044340133
Transformer-onehot,VH_framework,V,-0.0112931914627552
Transformer-onehot,VH_framework,V,-0.0374358035624027
Transformer-onehot,VH_framework,V,-0.0488926172256469
Transformer-onehot,VH_framework,V,-0.0112331854179501
Transformer-onehot,VH_framework,V,-0.0110965175554156
Transformer-onehot,VH_framework,V,-0.0116602899506688
Transformer-onehot,VH_framework,V,-0.009839653968811
Transformer-onehot,VH_framework,V,-0.0113033633679151
Transformer-onehot,VH_framework,V,0.0
Transformer-onehot,VH_framework,V,-0.0411117598414421
Transformer-onehot,VH_framework,V,-0.0447595417499542
Transformer-onehot,VH_framework,V,-0.0428747497498989
Transformer-onehot,VH_framework,V,-0.010155601426959
Transformer-onehot,VH_framework,V,-0.0388406887650489
Transformer-onehot,VH_framework,V,-0.0115491198375821
Transformer-onehot,VH_framework,V,-0.0115214539691805
Transformer-onehot,VH_framework,V,-0.0112498169764876
Transformer-onehot,VH_framework,V,-0.0422781333327293
Transformer-onehot,VH_framework,V,-0.0111689567565917
Transformer-onehot,VH_framework,V,-0.0102415606379508
Transformer-onehot,VH_framework,V,-0.0474849119782447
Transformer-onehot,VH_framework,V,-0.0113705983385443
Transformer-onehot,VH_framework,V,-0.0104200197383761
Transformer-onehot,VH_framework,V,-0.0108859408646821
Transformer-onehot,VH_framework,V,-0.0105242375284433
Transformer-onehot,VH_framework,V,-0.0111752403900027
Transformer-onehot,VH_framework,V,-0.0115104261785745
Transformer-onehot,VH_framework,V,-0.0440800450742244
Transformer-onehot,VH_framework,V,-0.0413646139204502
Transformer-onehot,VH_framework,V,-0.0383518040180206
Transformer-onehot,VH_framework,V,-0.0107700545340776
Transformer-onehot,VH_framework,V,-0.0383042767643928
Transformer-onehot,VH_framework,V,-0.0114530948922038
Transformer-onehot,VH_framework,V,-0.033688087016344
Transformer-onehot,VH_framework,V,-0.0103283058851957
Transformer-onehot,VH_framework,V,-0.0095188040286302
Transformer-onehot,VH_framework,V,-0.011635604314506
Transformer-onehot,VH_framework,V,-0.0105018075555562
Transformer-onehot,VH_framework,V,-0.0463069342076778
Transformer-onehot,VH_framework,V,-0.0105907320976257
Transformer-onehot,VH_framework,V,-0.0107608856633305
Transformer-onehot,VH_framework,V,-0.0107114575803279
Transformer-onehot,VH_framework,V,-0.0112160248681902
Transformer-onehot,VH_framework,V,-0.0112727843225002
Transformer-onehot,VH_framework,V,-0.0108961267396807
Transformer-onehot,VH_framework,V,-0.0110869789496064
Transformer-onehot,VH_framework,V,-0.0445146299898624
Transformer-onehot,VH_framework,V,-0.0100649027153849
Transformer-onehot,VH_framework,V,-0.0403621792793273
Transformer-onehot,VH_framework,V,-0.0499311089515686
Transformer-onehot,VH_framework,V,-0.0112977996468544
Transformer-onehot,VH_framework,V,-0.0113461008295416
Transformer-onehot,VH_framework,V,-0.041949700564146
Transformer-onehot,VH_framework,V,-0.0111788073554635
Transformer-onehot,VH_framework,V,-0.0401975102722644
Transformer-onehot,VH_framework,V,-0.0449039191007614
Transformer-onehot,VH_framework,V,-0.0466634072363376
Transformer-onehot,VH_framework,V,-0.0108984196558594
Transformer-onehot,VH_framework,V,-0.0097807943820953
Transformer-onehot,VH_framework,V,-0.0349689498543739
Transformer-onehot,VH_framework,V,-0.0109250070527195
Transformer-onehot,VH_framework,V,-0.0106269130483269
Transformer-onehot,VH_framework,V,-0.0107822576537728
Transformer-onehot,VH_framework,V,-0.0110761392861604
Transformer-onehot,VH_framework,V,-0.0112098911777138
Transformer-onehot,VH_framework,V,-0.0439487993717193
Transformer-onehot,VH_framework,V,-0.011341318488121
Transformer-onehot,VH_framework,V,-0.0116676669567823
Transformer-onehot,VH_framework,V,-0.0110420128330588
Transformer-onehot,VH_framework,V,-0.0114197144284844
Transformer-onehot,VH_framework,V,-0.010412685573101
Transformer-onehot,VH_framework,V,-0.0110633503645658
Transformer-onehot,VH_framework,V,-0.0107987588271498
Transformer-onehot,VH_framework,V,-0.0464633032679557
Transformer-onehot,VH_framework,V,-0.0338523387908935
Transformer-onehot,VH_framework,V,-0.0113273123279213
Transformer-onehot,VH_framework,V,-0.0436233580112457
Transformer-onehot,VH_framework,V,-0.0105460314080119
Transformer-onehot,VH_framework,V,-0.0499547980725765
Transformer-onehot,VH_framework,V,-0.0104254307225346
Transformer-onehot,VH_framework,V,-0.0113155916333198
Transformer-onehot,VH_framework,V,-0.0113855898380279
Transformer-onehot,VH_framework,V,-0.0433414913713932
Transformer-onehot,VH_framework,V,-0.0391826778650283
Transformer-onehot,VH_framework,V,-0.0411876998841762
Transformer-onehot,VH_framework,V,-0.0457587540149688
Transformer-onehot,VH_framework,V,-0.041327204555273
Transformer-onehot,VH_framework,V,0.0
Transformer-onehot,VH_framework,V,-0.0448986589908599
Transformer-onehot,VH_framework,V,-0.0106626879423856
Transformer-onehot,VH_framework,V,-0.0347762033343315
Transformer-onehot,VH_framework,V,-0.011322951875627
Transformer-onehot,VH_framework,V,-0.0372157394886016
Transformer-onehot,VH_framework,V,0.0
Transformer-onehot,VH_framework,V,-0.0511265099048614
Transformer-onehot,VH_framework,V,-0.0393512919545173
Transformer-onehot,VH_framework,V,-0.0458121299743652
Transformer-onehot,VH_framework,V,0.0
Transformer-onehot,VH_framework,V,-0.0409019403159618
Transformer-onehot,VH_framework,V,-0.0112733878195285
Transformer-onehot,VH_framework,V,-0.0109393261373043
Transformer-onehot,VH_framework,V,-0.0104509750381112
Transformer-onehot,VH_framework,V,-0.0397660918533802
Transformer-onehot,VH_framework,V,-0.0414629019796848
Transformer-onehot,VH_framework,V,-0.0103980153799057
Transformer-onehot,VH_framework,V,-0.0112249171361327
Transformer-onehot,VH_framework,V,-0.0101133966818451
Transformer-onehot,VH_framework,V,-0.011057118885219
Transformer-onehot,VH_framework,V,-0.0113040320575237
Transformer-onehot,VH_framework,V,-0.0383582785725593
Transformer-onehot,VH_framework,V,-0.0112493000924587
Transformer-onehot,VH_framework,V,-0.0408148914575576
Transformer-onehot,VH_framework,V,-0.0112140225246548
Transformer-onehot,VH_framework,V,-0.0092333080247044
Transformer-onehot,VH_framework,V,-0.0102114649489521
Transformer-onehot,VH_framework,V,-0.0110684679821133
Transformer-onehot,VH_framework,V,-0.0113703347742557
Transformer-onehot,VH_framework,W,0.0
Transformer-onehot,VH_framework,W,0.0
Transformer-onehot,VH_framework,W,0.0
Transformer-onehot,VH_framework,W,0.0
Transformer-onehot,VH_framework,W,0.0
Transformer-onehot,VH_framework,W,0.0
Transformer-onehot,VH_framework,W,0.0
Transformer-onehot,VH_framework,W,0.0
Transformer-onehot,VH_framework,W,0.0
Transformer-onehot,VH_framework,W,0.0
Transformer-onehot,VH_framework,W,0.0
Transformer-onehot,VH_framework,W,0.0
Transformer-onehot,VH_framework,W,0.0
Transformer-onehot,VH_framework,W,0.0
Transformer-onehot,VH_framework,W,0.0
Transformer-onehot,VH_framework,W,0.0
Transformer-onehot,VH_framework,W,0.0
Transformer-onehot,VH_framework,W,0.0
Transformer-onehot,VH_framework,W,0.0
Transformer-onehot,VH_framework,W,0.0
Transformer-onehot,VH_framework,W,0.0
Transformer-onehot,VH_framework,W,0.0
Transformer-onehot,VH_framework,W,0.0
Transformer-onehot,VH_framework,W,0.0
Transformer-onehot,VH_framework,W,0.0
Transformer-onehot,VH_framework,W,0.0
Transformer-onehot,VH_framework,W,0.0
Transformer-onehot,VH_framework,W,0.0
Transformer-onehot,VH_framework,W,0.0
Transformer-onehot,VH_framework,W,0.0
Transformer-onehot,VH_framework,W,0.0
Transformer-onehot,VH_framework,W,0.0
Transformer-onehot,VH_framework,W,0.0
Transformer-onehot,VH_framework,W,0.0
Transformer-onehot,VH_framework,W,0.0
Transformer-onehot,VH_framework,W,0.0
Transformer-onehot,VH_framework,W,0.0
Transformer-onehot,VH_framework,W,0.0
Transformer-onehot,VH_framework,W,0.0
Transformer-onehot,VH_framework,W,0.0
Transformer-onehot,VH_framework,W,0.0
Transformer-onehot,VH_framework,W,0.0
Transformer-onehot,VH_framework,W,0.0
Transformer-onehot,VH_framework,W,0.0
Transformer-onehot,VH_framework,W,0.0
Transformer-onehot,VH_framework,W,0.0
Transformer-onehot,VH_framework,W,0.0
Transformer-onehot,VH_framework,W,0.0
Transformer-onehot,VH_framework,W,0.0
Transformer-onehot,VH_framework,W,0.0
Transformer-onehot,VH_framework,W,0.0
Transformer-onehot,VH_framework,W,0.0
Transformer-onehot,VH_framework,W,0.0
Transformer-onehot,VH_framework,W,0.0
Transformer-onehot,VH_framework,W,0.0
Transformer-onehot,VH_framework,W,0.0
Transformer-onehot,VH_framework,W,0.0
Transformer-onehot,VH_framework,W,0.0
Transformer-onehot,VH_framework,W,0.0
Transformer-onehot,VH_framework,W,0.0
Transformer-onehot,VH_framework,W,0.0
Transformer-onehot,VH_framework,W,0.0
Transformer-onehot,VH_framework,W,0.0
Transformer-onehot,VH_framework,W,0.0
Transformer-onehot,VH_framework,W,0.0
Transformer-onehot,VH_framework,W,0.0
Transformer-onehot,VH_framework,W,0.0
Transformer-onehot,VH_framework,W,0.0
Transformer-onehot,VH_framework,W,0.0
Transformer-onehot,VH_framework,W,0.0
Transformer-onehot,VH_framework,W,0.0
Transformer-onehot,VH_framework,W,0.0
Transformer-onehot,VH_framework,W,0.0
Transformer-onehot,VH_framework,W,0.0
Transformer-onehot,VH_framework,W,0.0
Transformer-onehot,VH_framework,W,0.0
Transformer-onehot,VH_framework,W,0.0
Transformer-onehot,VH_framework,W,0.0
Transformer-onehot,VH_framework,W,0.0
Transformer-onehot,VH_framework,W,0.0
Transformer-onehot,VH_framework,W,0.0
Transformer-onehot,VH_framework,W,0.0
Transformer-onehot,VH_framework,W,0.0
Transformer-onehot,VH_framework,W,0.0
Transformer-onehot,VH_framework,W,0.0
Transformer-onehot,VH_framework,W,0.0
Transformer-onehot,VH_framework,W,0.0
Transformer-onehot,VH_framework,W,0.0
Transformer-onehot,VH_framework,W,0.0
Transformer-onehot,VH_framework,W,0.0
Transformer-onehot,VH_framework,W,0.0
Transformer-onehot,VH_framework,W,0.0
Transformer-onehot,VH_framework,W,0.0
Transformer-onehot,VH_framework,W,0.0
Transformer-onehot,VH_framework,W,0.0
Transformer-onehot,VH_framework,W,0.0
Transformer-onehot,VH_framework,W,0.0
Transformer-onehot,VH_framework,W,0.0
Transformer-onehot,VH_framework,W,0.0
Transformer-onehot,VH_framework,W,0.0
Transformer-onehot,VH_framework,W,0.0
Transformer-onehot,VH_framework,W,0.0
Transformer-onehot,VH_framework,W,0.0
Transformer-onehot,VH_framework,W,0.0
Transformer-onehot,VH_framework,W,0.0
Transformer-onehot,VH_framework,W,0.0
Transformer-onehot,VH_framework,W,0.0
Transformer-onehot,VH_framework,W,0.0
Transformer-onehot,VH_framework,W,0.0
Transformer-onehot,VH_framework,W,0.0
Transformer-onehot,VH_framework,W,0.0
Transformer-onehot,VH_framework,W,0.0
Transformer-onehot,VH_framework,W,0.0
Transformer-onehot,VH_framework,W,0.0
Transformer-onehot,VH_framework,W,0.0
Transformer-onehot,VH_framework,W,0.0
Transformer-onehot,VH_framework,W,0.0
Transformer-onehot,VH_framework,W,0.0
Transformer-onehot,VH_framework,W,0.0
Transformer-onehot,VH_framework,W,0.0
Transformer-onehot,VH_framework,W,0.0
Transformer-onehot,VH_framework,W,0.0
Transformer-onehot,VH_framework,W,0.0
Transformer-onehot,VH_framework,W,0.0
Transformer-onehot,VH_framework,W,0.0
Transformer-onehot,VH_framework,W,0.0
Transformer-onehot,VH_framework,W,0.0
Transformer-onehot,VH_framework,W,0.0
Transformer-onehot,VH_framework,W,0.0
Transformer-onehot,VH_framework,W,0.0
Transformer-onehot,VH_framework,W,0.0
Transformer-onehot,VH_framework,W,0.0
Transformer-onehot,VH_framework,W,0.0
Transformer-onehot,VH_framework,W,0.0
Transformer-onehot,VH_framework,W,0.0
Transformer-onehot,VH_framework,W,0.0
Transformer-onehot,VH_framework,W,0.0
Transformer-onehot,VH_framework,W,0.0
Transformer-onehot,VH_framework,W,0.0
Transformer-onehot,VH_framework,W,0.0
Transformer-onehot,VH_framework,W,0.0
Transformer-onehot,VH_framework,W,0.0
Transformer-onehot,VH_framework,W,0.0
Transformer-onehot,VH_framework,W,0.0
Transformer-onehot,VH_framework,W,0.0
Transformer-onehot,VH_framework,W,0.0
Transformer-onehot,VH_framework,W,0.0
Transformer-onehot,VH_framework,W,0.0
Transformer-onehot,VH_framework,W,0.0
Transformer-onehot,VH_framework,W,0.0
Transformer-onehot,VH_framework,W,0.0
Transformer-onehot,VH_framework,W,0.0
Transformer-onehot,VH_framework,W,0.0
Transformer-onehot,VH_framework,W,0.0
Transformer-onehot,VH_framework,W,0.0
Transformer-onehot,VH_framework,W,0.0
Transformer-onehot,VH_framework,W,0.0
Transformer-onehot,VH_framework,W,0.0
Transformer-onehot,VH_framework,W,0.0
Transformer-onehot,VH_framework,W,0.0
Transformer-onehot,VH_framework,W,0.0
Transformer-onehot,VH_framework,W,0.0
Transformer-onehot,VH_framework,W,0.0
Transformer-onehot,VH_framework,W,0.0
Transformer-onehot,VH_framework,W,0.0
Transformer-onehot,VH_framework,W,0.0
Transformer-onehot,VH_framework,W,0.0
Transformer-onehot,VH_framework,W,0.0
Transformer-onehot,VH_framework,W,0.0
Transformer-onehot,VH_framework,W,0.0
Transformer-onehot,VH_framework,W,0.0
Transformer-onehot,VH_framework,W,0.0
Transformer-onehot,VH_framework,W,0.0
Transformer-onehot,VH_framework,W,0.0
Transformer-onehot,VH_framework,W,0.0
Transformer-onehot,VH_framework,W,0.0
Transformer-onehot,VH_framework,W,0.0
Transformer-onehot,VH_framework,W,0.0
Transformer-onehot,VH_framework,W,0.0
Transformer-onehot,VH_framework,W,0.0
Transformer-onehot,VH_framework,W,0.0
Transformer-onehot,VH_framework,W,0.0
Transformer-onehot,VH_framework,W,0.0
Transformer-onehot,VH_framework,W,0.0
Transformer-onehot,VH_framework,W,0.0
Transformer-onehot,VH_framework,W,0.0
Transformer-onehot,VH_framework,W,0.0
Transformer-onehot,VH_framework,W,0.0
Transformer-onehot,VH_framework,W,0.0
Transformer-onehot,VH_framework,W,0.0
Transformer-onehot,VH_framework,W,0.0
Transformer-onehot,VH_framework,W,0.0
Transformer-onehot,VH_framework,W,0.0
Transformer-onehot,VH_framework,W,0.0
Transformer-onehot,VH_framework,W,0.0
Transformer-onehot,VH_framework,W,0.0
Transformer-onehot,VH_framework,W,0.0
Transformer-onehot,VH_framework,W,0.0
Transformer-onehot,VH_framework,W,0.0
Transformer-onehot,VH_framework,W,0.0
Transformer-onehot,VH_framework,W,0.0
Transformer-onehot,VH_framework,W,0.0
Transformer-onehot,VH_framework,W,0.0
Transformer-onehot,VH_framework,W,0.0
Transformer-onehot,VH_framework,W,0.0
Transformer-onehot,VH_framework,W,0.0
Transformer-onehot,VH_framework,W,0.0
Transformer-onehot,VH_framework,W,0.0
Transformer-onehot,VH_framework,W,0.0
Transformer-onehot,VH_framework,W,0.0
Transformer-onehot,VH_framework,W,0.0
Transformer-onehot,VH_framework,W,0.0
Transformer-onehot,VH_framework,W,0.0
Transformer-onehot,VH_framework,W,0.0
Transformer-onehot,VH_framework,W,0.0
Transformer-onehot,VH_framework,W,0.0
Transformer-onehot,VH_framework,W,0.0
Transformer-onehot,VH_framework,W,0.0
Transformer-onehot,VH_framework,W,0.0
Transformer-onehot,VH_framework,W,0.0
Transformer-onehot,VH_framework,W,0.0
Transformer-onehot,VH_framework,W,0.0
Transformer-onehot,VH_framework,W,0.0
Transformer-onehot,VH_framework,W,0.0
Transformer-onehot,VH_framework,W,0.0
Transformer-onehot,VH_framework,W,0.0
Transformer-onehot,VH_framework,W,0.0
Transformer-onehot,VH_framework,W,0.0
Transformer-onehot,VH_framework,W,0.0
Transformer-onehot,VH_framework,W,0.0
Transformer-onehot,VH_framework,W,0.0
Transformer-onehot,VH_framework,W,0.0
Transformer-onehot,VH_framework,W,0.0
Transformer-onehot,VH_framework,W,0.0
Transformer-onehot,VH_framework,W,0.0
Transformer-onehot,VH_framework,W,0.0
Transformer-onehot,VH_framework,W,0.0
Transformer-onehot,VH_framework,W,0.0
Transformer-onehot,VH_framework,W,0.0
Transformer-onehot,VH_framework,W,0.0
Transformer-onehot,VH_framework,W,0.0
Transformer-onehot,VH_framework,W,0.0
Transformer-onehot,VH_framework,W,0.0
Transformer-onehot,VH_framework,W,0.0
Transformer-onehot,VH_framework,W,0.0
Transformer-onehot,VH_framework,W,0.0
Transformer-onehot,VH_framework,W,0.0
Transformer-onehot,VH_framework,W,0.0
Transformer-onehot,VH_framework,W,0.0
Transformer-onehot,VH_framework,W,0.0
Transformer-onehot,VH_framework,W,0.0
Transformer-onehot,VH_framework,W,0.0
Transformer-onehot,VH_framework,W,0.0
Transformer-onehot,VH_framework,W,0.0
Transformer-onehot,VH_framework,W,0.0
Transformer-onehot,VH_framework,W,0.0
Transformer-onehot,VH_framework,W,0.0
Transformer-onehot,VH_framework,W,0.0
Transformer-onehot,VH_framework,W,0.0
Transformer-onehot,VH_framework,W,0.0
Transformer-onehot,VH_framework,W,0.0
Transformer-onehot,VH_framework,W,0.0
Transformer-onehot,VH_framework,W,0.0
Transformer-onehot,VH_framework,W,0.0
Transformer-onehot,VH_framework,W,0.0
Transformer-onehot,VH_framework,W,0.0
Transformer-onehot,VH_framework,W,0.0
Transformer-onehot,VH_framework,W,0.0
Transformer-onehot,VH_framework,W,0.0
Transformer-onehot,VH_framework,W,0.0
Transformer-onehot,VH_framework,W,0.0
Transformer-onehot,VH_framework,W,0.0
Transformer-onehot,VH_framework,W,0.0
Transformer-onehot,VH_framework,W,0.0
Transformer-onehot,VH_framework,W,0.0
Transformer-onehot,VH_framework,W,0.0
Transformer-onehot,VH_framework,W,0.0
Transformer-onehot,VH_framework,W,0.0
Transformer-onehot,VH_framework,W,0.0
Transformer-onehot,VH_framework,W,0.0
Transformer-onehot,VH_framework,W,0.0
Transformer-onehot,VH_framework,W,0.0
Transformer-onehot,VH_framework,W,0.0
Transformer-onehot,VH_framework,W,0.0
Transformer-onehot,VH_framework,W,0.0
Transformer-onehot,VH_framework,W,0.0
Transformer-onehot,VH_framework,W,0.0
Transformer-onehot,VH_framework,W,0.0
Transformer-onehot,VH_framework,W,0.0
Transformer-onehot,VH_framework,W,0.0
Transformer-onehot,VH_framework,W,0.0
Transformer-onehot,VH_framework,W,0.0
Transformer-onehot,VH_framework,W,0.0
Transformer-onehot,VH_framework,W,0.0
Transformer-onehot,VH_framework,W,0.0
Transformer-onehot,VH_framework,W,0.0
Transformer-onehot,VH_framework,W,0.0
Transformer-onehot,VH_framework,W,0.0
Transformer-onehot,VH_framework,W,0.0
Transformer-onehot,VH_framework,W,0.0
Transformer-onehot,VH_framework,W,0.0
Transformer-onehot,VH_framework,W,0.0
Transformer-onehot,VH_framework,W,0.0
Transformer-onehot,VH_framework,W,0.0
Transformer-onehot,VH_framework,W,0.0
Transformer-onehot,VH_framework,W,0.0
Transformer-onehot,VH_framework,W,0.0
Transformer-onehot,VH_framework,W,0.0
Transformer-onehot,VH_framework,W,0.0
Transformer-onehot,VH_framework,W,0.0
Transformer-onehot,VH_framework,W,0.0
Transformer-onehot,VH_framework,W,0.0
Transformer-onehot,VH_framework,W,0.0
Transformer-onehot,VH_framework,W,0.0
Transformer-onehot,VH_framework,W,0.0
Transformer-onehot,VH_framework,W,0.0
Transformer-onehot,VH_framework,W,0.0
Transformer-onehot,VH_framework,W,0.0
Transformer-onehot,VH_framework,W,0.0
Transformer-onehot,VH_framework,W,0.0
Transformer-onehot,VH_framework,W,0.0
Transformer-onehot,VH_framework,W,0.0
Transformer-onehot,VH_framework,W,0.0
Transformer-onehot,VH_framework,W,0.0
Transformer-onehot,VH_framework,W,0.0
Transformer-onehot,VH_framework,W,0.0
Transformer-onehot,VH_framework,W,0.0
Transformer-onehot,VH_framework,W,0.0
Transformer-onehot,VH_framework,W,0.0
Transformer-onehot,VH_framework,W,0.0
Transformer-onehot,VH_framework,W,0.0
Transformer-onehot,VH_framework,W,0.0
Transformer-onehot,VH_framework,W,0.0
Transformer-onehot,VH_framework,W,0.0
Transformer-onehot,VH_framework,W,0.0
Transformer-onehot,VH_framework,W,0.0
Transformer-onehot,VH_framework,W,0.0
Transformer-onehot,VH_framework,W,0.0
Transformer-onehot,VH_framework,W,0.0
Transformer-onehot,VH_framework,W,0.0
Transformer-onehot,VH_framework,W,0.0
Transformer-onehot,VH_framework,W,0.0
Transformer-onehot,VH_framework,W,0.0
Transformer-onehot,VH_framework,W,0.0
Transformer-onehot,VH_framework,W,0.0
Transformer-onehot,VH_framework,W,0.0
Transformer-onehot,VH_framework,W,0.0
Transformer-onehot,VH_framework,W,0.0
Transformer-onehot,VH_framework,W,0.0
Transformer-onehot,VH_framework,W,0.0
Transformer-onehot,VH_framework,W,0.0
Transformer-onehot,VH_framework,W,0.0
Transformer-onehot,VH_framework,W,0.0
Transformer-onehot,VH_framework,W,0.0
Transformer-onehot,VH_framework,W,0.0
Transformer-onehot,VH_framework,W,0.0
Transformer-onehot,VH_framework,W,0.0
Transformer-onehot,VH_framework,W,0.0
Transformer-onehot,VH_framework,W,0.0
Transformer-onehot,VH_framework,W,0.0
Transformer-onehot,VH_framework,W,0.0
Transformer-onehot,VH_framework,W,0.0
Transformer-onehot,VH_framework,W,0.0
Transformer-onehot,VH_framework,W,0.0
Transformer-onehot,VH_framework,W,0.0
Transformer-onehot,VH_framework,W,0.0
Transformer-onehot,VH_framework,W,0.0
Transformer-onehot,VH_framework,W,0.0
Transformer-onehot,VH_framework,W,0.0
Transformer-onehot,VH_framework,W,0.0
Transformer-onehot,VH_framework,W,0.0
Transformer-onehot,VH_framework,W,0.0
Transformer-onehot,VH_framework,W,0.0
Transformer-onehot,VH_framework,W,0.0
Transformer-onehot,VH_framework,W,0.0
Transformer-onehot,VH_framework,W,0.0
Transformer-onehot,VH_framework,W,0.0
Transformer-onehot,VH_framework,W,0.0
Transformer-onehot,VH_framework,W,0.0
Transformer-onehot,VH_framework,W,0.0
Transformer-onehot,VH_framework,W,0.0
Transformer-onehot,VH_framework,W,0.0
Transformer-onehot,VH_framework,W,0.0
Transformer-onehot,VH_framework,W,0.0
Transformer-onehot,VH_framework,W,0.0
Transformer-onehot,VH_framework,W,0.0
Transformer-onehot,VH_framework,W,0.0
Transformer-onehot,VH_framework,W,0.0
Transformer-onehot,VH_framework,W,0.0
Transformer-onehot,VH_framework,W,0.0
Transformer-onehot,VH_framework,W,0.0
Transformer-onehot,VH_framework,W,0.0
Transformer-onehot,VH_framework,W,0.0
Transformer-onehot,VH_framework,W,0.0
Transformer-onehot,VH_framework,W,0.0
Transformer-onehot,VH_framework,W,0.0
Transformer-onehot,VH_framework,W,0.0
Transformer-onehot,VH_framework,W,0.0
Transformer-onehot,VH_framework,W,0.0
Transformer-onehot,VH_framework,W,0.0
Transformer-onehot,VH_framework,W,0.0
Transformer-onehot,VH_framework,W,0.0
Transformer-onehot,VH_framework,W,0.0
Transformer-onehot,VH_framework,W,0.0
Transformer-onehot,VH_framework,W,0.0
Transformer-onehot,VH_framework,W,0.0
Transformer-onehot,VH_framework,W,0.0
Transformer-onehot,VH_framework,W,0.0
Transformer-onehot,VH_framework,W,0.0
Transformer-onehot,VH_framework,W,0.0
Transformer-onehot,VH_framework,W,0.0
Transformer-onehot,VH_framework,W,0.0
Transformer-onehot,VH_framework,W,0.0
Transformer-onehot,VH_framework,W,0.0
Transformer-onehot,VH_framework,W,0.0
Transformer-onehot,VH_framework,W,0.0
Transformer-onehot,VH_framework,W,0.0
Transformer-onehot,VH_framework,W,0.0
Transformer-onehot,VH_framework,W,0.0
Transformer-onehot,VH_framework,W,0.0
Transformer-onehot,VH_framework,W,0.0
Transformer-onehot,VH_framework,W,0.0
Transformer-onehot,VH_framework,W,0.0
Transformer-onehot,VH_framework,W,0.0
Transformer-onehot,VH_framework,W,0.0
Transformer-onehot,VH_framework,W,0.0
Transformer-onehot,VH_framework,W,0.0
Transformer-onehot,VH_framework,W,0.0
Transformer-onehot,VH_framework,W,0.0
Transformer-onehot,VH_framework,W,0.0
Transformer-onehot,VH_framework,W,0.0
Transformer-onehot,VH_framework,W,0.0
Transformer-onehot,VH_framework,W,0.0
Transformer-onehot,VH_framework,W,0.0
Transformer-onehot,VH_framework,W,0.0
Transformer-onehot,VH_framework,W,0.0
Transformer-onehot,VH_framework,W,0.0
Transformer-onehot,VH_framework,W,0.0
Transformer-onehot,VH_framework,W,0.0
Transformer-onehot,VH_framework,W,0.0
Transformer-onehot,VH_framework,W,0.0
Transformer-onehot,VH_framework,W,0.0
Transformer-onehot,VH_framework,W,0.0
Transformer-onehot,VH_framework,W,0.0
Transformer-onehot,VH_framework,W,0.0
Transformer-onehot,VH_framework,W,0.0
Transformer-onehot,VH_framework,W,0.0
Transformer-onehot,VH_framework,W,0.0
Transformer-onehot,VH_framework,W,0.0
Transformer-onehot,VH_framework,W,0.0
Transformer-onehot,VH_framework,W,0.0
Transformer-onehot,VH_framework,W,0.0
Transformer-onehot,VH_framework,W,0.0
Transformer-onehot,VH_framework,W,0.0
Transformer-onehot,VH_framework,W,0.0
Transformer-onehot,VH_framework,W,0.0
Transformer-onehot,VH_framework,W,0.0
Transformer-onehot,VH_framework,W,0.0
Transformer-onehot,VH_framework,W,0.0
Transformer-onehot,VH_framework,W,0.0
Transformer-onehot,VH_framework,W,0.0
Transformer-onehot,VH_framework,W,0.0
Transformer-onehot,VH_framework,W,0.0
Transformer-onehot,VH_framework,W,0.0
Transformer-onehot,VH_framework,W,0.0
Transformer-onehot,VH_framework,W,0.0
Transformer-onehot,VH_framework,W,0.0
Transformer-onehot,VH_framework,W,0.0
Transformer-onehot,VH_framework,W,0.0
Transformer-onehot,VH_framework,W,0.0
Transformer-onehot,VH_framework,W,0.0
Transformer-onehot,VH_framework,W,0.0
Transformer-onehot,VH_framework,W,0.0
Transformer-onehot,VH_framework,W,0.0
Transformer-onehot,VH_framework,W,0.0
Transformer-onehot,VH_framework,W,0.0
Transformer-onehot,VH_framework,W,0.0
Transformer-onehot,VH_framework,W,0.0
Transformer-onehot,VH_framework,W,0.0
Transformer-onehot,VH_framework,W,0.0
Transformer-onehot,VH_framework,W,0.0
Transformer-onehot,VH_framework,W,0.0
Transformer-onehot,VH_framework,W,0.0
Transformer-onehot,VH_framework,W,0.0
Transformer-onehot,VH_framework,W,0.0
Transformer-onehot,VH_framework,W,0.0
Transformer-onehot,VH_framework,W,0.0
Transformer-onehot,VH_framework,W,0.0
Transformer-onehot,VH_framework,W,0.0
Transformer-onehot,VH_framework,W,0.0
Transformer-onehot,VH_framework,W,0.0
Transformer-onehot,VH_framework,W,0.0
Transformer-onehot,VH_framework,W,0.0
Transformer-onehot,VH_framework,W,0.0
Transformer-onehot,VH_framework,W,0.0
Transformer-onehot,VH_framework,W,0.0
Transformer-onehot,VH_framework,W,0.0
Transformer-onehot,VH_framework,W,0.0
Transformer-onehot,VH_framework,W,0.0
Transformer-onehot,VH_framework,W,0.0
Transformer-onehot,VH_framework,Y,0.0
Transformer-onehot,VH_framework,Y,0.0
Transformer-onehot,VH_framework,Y,0.0
Transformer-onehot,VH_framework,Y,0.0
Transformer-onehot,VH_framework,Y,0.0
Transformer-onehot,VH_framework,Y,0.0
Transformer-onehot,VH_framework,Y,0.0
Transformer-onehot,VH_framework,Y,0.0
Transformer-onehot,VH_framework,Y,0.0
Transformer-onehot,VH_framework,Y,0.0
Transformer-onehot,VH_framework,Y,0.0
Transformer-onehot,VH_framework,Y,0.0
Transformer-onehot,VH_framework,Y,0.0
Transformer-onehot,VH_framework,Y,0.0
Transformer-onehot,VH_framework,Y,0.0
Transformer-onehot,VH_framework,Y,0.0
Transformer-onehot,VH_framework,Y,0.0
Transformer-onehot,VH_framework,Y,0.0
Transformer-onehot,VH_framework,Y,0.0
Transformer-onehot,VH_framework,Y,0.0
Transformer-onehot,VH_framework,Y,0.0
Transformer-onehot,VH_framework,Y,0.0
Transformer-onehot,VH_framework,Y,0.0
Transformer-onehot,VH_framework,Y,0.0
Transformer-onehot,VH_framework,Y,0.0
Transformer-onehot,VH_framework,Y,0.0
Transformer-onehot,VH_framework,Y,0.0
Transformer-onehot,VH_framework,Y,0.0
Transformer-onehot,VH_framework,Y,0.0
Transformer-onehot,VH_framework,Y,0.0
Transformer-onehot,VH_framework,Y,0.0
Transformer-onehot,VH_framework,Y,0.0
Transformer-onehot,VH_framework,Y,0.0
Transformer-onehot,VH_framework,Y,0.0
Transformer-onehot,VH_framework,Y,0.0
Transformer-onehot,VH_framework,Y,0.0
Transformer-onehot,VH_framework,Y,0.0
Transformer-onehot,VH_framework,Y,0.0
Transformer-onehot,VH_framework,Y,0.0
Transformer-onehot,VH_framework,Y,0.0
Transformer-onehot,VH_framework,Y,0.0
Transformer-onehot,VH_framework,Y,0.0
Transformer-onehot,VH_framework,Y,0.0
Transformer-onehot,VH_framework,Y,0.0
Transformer-onehot,VH_framework,Y,0.0
Transformer-onehot,VH_framework,Y,0.0
Transformer-onehot,VH_framework,Y,0.0
Transformer-onehot,VH_framework,Y,0.0
Transformer-onehot,VH_framework,Y,0.0
Transformer-onehot,VH_framework,Y,0.0
Transformer-onehot,VH_framework,Y,0.0
Transformer-onehot,VH_framework,Y,0.0
Transformer-onehot,VH_framework,Y,0.0
Transformer-onehot,VH_framework,Y,0.0
Transformer-onehot,VH_framework,Y,0.0
Transformer-onehot,VH_framework,Y,0.0
Transformer-onehot,VH_framework,Y,0.0
Transformer-onehot,VH_framework,Y,0.0
Transformer-onehot,VH_framework,Y,0.0
Transformer-onehot,VH_framework,Y,0.0
Transformer-onehot,VH_framework,Y,0.0
Transformer-onehot,VH_framework,Y,0.0
Transformer-onehot,VH_framework,Y,0.0
Transformer-onehot,VH_framework,Y,0.0
Transformer-onehot,VH_framework,Y,0.0
Transformer-onehot,VH_framework,Y,0.0
Transformer-onehot,VH_framework,Y,0.0
Transformer-onehot,VH_framework,Y,0.0
Transformer-onehot,VH_framework,Y,0.0
Transformer-onehot,VH_framework,Y,0.0
Transformer-onehot,VH_framework,Y,0.0
Transformer-onehot,VH_framework,Y,0.0
Transformer-onehot,VH_framework,Y,0.0
Transformer-onehot,VH_framework,Y,0.0
Transformer-onehot,VH_framework,Y,0.0
Transformer-onehot,VH_framework,Y,0.0
Transformer-onehot,VH_framework,Y,0.0
Transformer-onehot,VH_framework,Y,0.0
Transformer-onehot,VH_framework,Y,0.0
Transformer-onehot,VH_framework,Y,0.0
Transformer-onehot,VH_framework,Y,0.0
Transformer-onehot,VH_framework,Y,0.0
Transformer-onehot,VH_framework,Y,0.0
Transformer-onehot,VH_framework,Y,0.0
Transformer-onehot,VH_framework,Y,0.0
Transformer-onehot,VH_framework,Y,0.0
Transformer-onehot,VH_framework,Y,0.0
Transformer-onehot,VH_framework,Y,0.0
Transformer-onehot,VH_framework,Y,0.0
Transformer-onehot,VH_framework,Y,0.0
Transformer-onehot,VH_framework,Y,0.0
Transformer-onehot,VH_framework,Y,0.0
Transformer-onehot,VH_framework,Y,0.0
Transformer-onehot,VH_framework,Y,0.0
Transformer-onehot,VH_framework,Y,0.0
Transformer-onehot,VH_framework,Y,0.0
Transformer-onehot,VH_framework,Y,0.0
Transformer-onehot,VH_framework,Y,0.0
Transformer-onehot,VH_framework,Y,0.0
Transformer-onehot,VH_framework,Y,0.0
Transformer-onehot,VH_framework,Y,0.0
Transformer-onehot,VH_framework,Y,0.0
Transformer-onehot,VH_framework,Y,0.0
Transformer-onehot,VH_framework,Y,0.0
Transformer-onehot,VH_framework,Y,0.0
Transformer-onehot,VH_framework,Y,0.0
Transformer-onehot,VH_framework,Y,0.0
Transformer-onehot,VH_framework,Y,0.0
Transformer-onehot,VH_framework,Y,0.0
Transformer-onehot,VH_framework,Y,0.0
Transformer-onehot,VH_framework,Y,0.0
Transformer-onehot,VH_framework,Y,0.0
Transformer-onehot,VH_framework,Y,0.0
Transformer-onehot,VH_framework,Y,0.0
Transformer-onehot,VH_framework,Y,0.0
Transformer-onehot,VH_framework,Y,0.0
Transformer-onehot,VH_framework,Y,0.0
Transformer-onehot,VH_framework,Y,0.0
Transformer-onehot,VH_framework,Y,0.0
Transformer-onehot,VH_framework,Y,0.0
Transformer-onehot,VH_framework,Y,0.0
Transformer-onehot,VH_framework,Y,0.0
Transformer-onehot,VH_framework,Y,0.0
Transformer-onehot,VH_framework,Y,0.0
Transformer-onehot,VH_framework,Y,0.0
Transformer-onehot,VH_framework,Y,0.0
Transformer-onehot,VH_framework,Y,0.0
Transformer-onehot,VH_framework,Y,0.0
Transformer-onehot,VH_framework,Y,0.0
Transformer-onehot,VH_framework,Y,0.0
Transformer-onehot,VH_framework,Y,0.0
Transformer-onehot,VH_framework,Y,0.0
Transformer-onehot,VH_framework,Y,0.0
Transformer-onehot,VH_framework,Y,0.0
Transformer-onehot,VH_framework,Y,0.0
Transformer-onehot,VH_framework,Y,0.0
Transformer-onehot,VH_framework,Y,0.0
Transformer-onehot,VH_framework,Y,0.0
Transformer-onehot,VH_framework,Y,0.0
Transformer-onehot,VH_framework,Y,0.0
Transformer-onehot,VH_framework,Y,0.0
Transformer-onehot,VH_framework,Y,0.0
Transformer-onehot,VH_framework,Y,0.0
Transformer-onehot,VH_framework,Y,0.0
Transformer-onehot,VH_framework,Y,0.0
Transformer-onehot,VH_framework,Y,0.0
Transformer-onehot,VH_framework,Y,0.0
Transformer-onehot,VH_framework,Y,0.0
Transformer-onehot,VH_framework,Y,0.0
Transformer-onehot,VH_framework,Y,0.0
Transformer-onehot,VH_framework,Y,0.0
Transformer-onehot,VH_framework,Y,0.0
Transformer-onehot,VH_framework,Y,0.0
Transformer-onehot,VH_framework,Y,0.0
Transformer-onehot,VH_framework,Y,0.0
Transformer-onehot,VH_framework,Y,0.0
Transformer-onehot,VH_framework,Y,0.0
Transformer-onehot,VH_framework,Y,0.0
Transformer-onehot,VH_framework,Y,0.0
Transformer-onehot,VH_framework,Y,0.0
Transformer-onehot,VH_framework,Y,0.0
Transformer-onehot,VH_framework,Y,0.0
Transformer-onehot,VH_framework,Y,0.0
Transformer-onehot,VH_framework,Y,0.0
Transformer-onehot,VH_framework,Y,0.0
Transformer-onehot,VH_framework,Y,0.0
Transformer-onehot,VH_framework,Y,0.0
Transformer-onehot,VH_framework,Y,0.0
Transformer-onehot,VH_framework,Y,0.0
Transformer-onehot,VH_framework,Y,0.0
Transformer-onehot,VH_framework,Y,0.0
Transformer-onehot,VH_framework,Y,0.0
Transformer-onehot,VH_framework,Y,0.0
Transformer-onehot,VH_framework,Y,0.0
Transformer-onehot,VH_framework,Y,0.0
Transformer-onehot,VH_framework,Y,0.0
Transformer-onehot,VH_framework,Y,0.0
Transformer-onehot,VH_framework,Y,0.0
Transformer-onehot,VH_framework,Y,0.0
Transformer-onehot,VH_framework,Y,0.0
Transformer-onehot,VH_framework,Y,0.0
Transformer-onehot,VH_framework,Y,0.0
Transformer-onehot,VH_framework,Y,0.0
Transformer-onehot,VH_framework,Y,0.0
Transformer-onehot,VH_framework,Y,0.0
Transformer-onehot,VH_framework,Y,0.0
Transformer-onehot,VH_framework,Y,0.0
Transformer-onehot,VH_framework,Y,0.0
Transformer-onehot,VH_framework,Y,0.0
Transformer-onehot,VH_framework,Y,0.0
Transformer-onehot,VH_framework,Y,0.0
Transformer-onehot,VH_framework,Y,0.0
Transformer-onehot,VH_framework,Y,0.0
Transformer-onehot,VH_framework,Y,0.0
Transformer-onehot,VH_framework,Y,0.0
Transformer-onehot,VH_framework,Y,0.0
Transformer-onehot,VH_framework,Y,0.0
Transformer-onehot,VH_framework,Y,0.0
Transformer-onehot,VH_framework,Y,0.0
Transformer-onehot,VH_framework,Y,0.0
Transformer-onehot,VH_framework,Y,0.0
Transformer-onehot,VH_framework,Y,0.0
Transformer-onehot,VH_framework,Y,0.0
Transformer-onehot,VH_framework,Y,0.0
Transformer-onehot,VH_framework,Y,0.0
Transformer-onehot,VH_framework,Y,0.0
Transformer-onehot,VH_framework,Y,0.0
Transformer-onehot,VH_framework,Y,0.0
Transformer-onehot,VH_framework,Y,0.0
Transformer-onehot,VH_framework,Y,0.0
Transformer-onehot,VH_framework,Y,0.0
Transformer-onehot,VH_framework,Y,0.0
Transformer-onehot,VH_framework,Y,0.0
Transformer-onehot,VH_framework,Y,0.0
Transformer-onehot,VH_framework,Y,0.0
Transformer-onehot,VH_framework,Y,0.0
Transformer-onehot,VH_framework,Y,0.0
Transformer-onehot,VH_framework,Y,0.0
Transformer-onehot,VH_framework,Y,0.0
Transformer-onehot,VH_framework,Y,0.0
Transformer-onehot,VH_framework,Y,0.0
Transformer-onehot,VH_framework,Y,0.0
Transformer-onehot,VH_framework,Y,0.0
Transformer-onehot,VH_framework,Y,0.0
Transformer-onehot,VH_framework,Y,0.0
Transformer-onehot,VH_framework,Y,0.0
Transformer-onehot,VH_framework,Y,0.0
Transformer-onehot,VH_framework,Y,0.0
Transformer-onehot,VH_framework,Y,0.0
Transformer-onehot,VH_framework,Y,0.0
Transformer-onehot,VH_framework,Y,0.0
Transformer-onehot,VH_framework,Y,0.0
Transformer-onehot,VH_framework,Y,0.0
Transformer-onehot,VH_framework,Y,0.0
Transformer-onehot,VH_framework,Y,0.0
Transformer-onehot,VH_framework,Y,0.0
Transformer-onehot,VH_framework,Y,0.0
Transformer-onehot,VH_framework,Y,0.0
Transformer-onehot,VH_framework,Y,0.0
Transformer-onehot,VH_framework,Y,0.0
Transformer-onehot,VH_framework,Y,0.0
Transformer-onehot,VH_framework,Y,0.0
Transformer-onehot,VH_framework,Y,0.0
Transformer-onehot,VH_framework,Y,0.0
Transformer-onehot,VH_framework,Y,0.0
Transformer-onehot,VH_framework,Y,0.0
Transformer-onehot,VH_framework,Y,0.0
Transformer-onehot,VH_framework,Y,0.0
Transformer-onehot,VH_framework,Y,0.0
Transformer-onehot,VH_framework,Y,0.0
Transformer-onehot,VH_framework,Y,0.0
Transformer-onehot,VH_framework,Y,0.0
Transformer-onehot,VH_framework,Y,0.0
Transformer-onehot,VH_framework,Y,0.0
Transformer-onehot,VH_framework,Y,0.0
Transformer-onehot,VH_framework,Y,0.0
Transformer-onehot,VH_framework,Y,0.0
Transformer-onehot,VH_framework,Y,0.0
Transformer-onehot,VH_framework,Y,0.0
Transformer-onehot,VH_framework,Y,0.0
Transformer-onehot,VH_framework,Y,0.0
Transformer-onehot,VH_framework,Y,0.0
Transformer-onehot,VH_framework,Y,0.0
Transformer-onehot,VH_framework,Y,0.0
Transformer-onehot,VH_framework,Y,0.0
Transformer-onehot,VH_framework,Y,0.0
Transformer-onehot,VH_framework,Y,0.0
Transformer-onehot,VH_framework,Y,0.0
Transformer-onehot,VH_framework,Y,0.0
Transformer-onehot,VH_framework,Y,0.0
Transformer-onehot,VH_framework,Y,0.0
Transformer-onehot,VH_framework,Y,0.0
Transformer-onehot,VH_framework,Y,0.0
Transformer-onehot,VH_framework,Y,0.0
Transformer-onehot,VH_framework,Y,0.0
Transformer-onehot,VH_framework,Y,0.0
Transformer-onehot,VH_framework,Y,0.0
Transformer-onehot,VH_framework,Y,0.0
Transformer-onehot,VH_framework,Y,0.0
Transformer-onehot,VH_framework,Y,0.0
Transformer-onehot,VH_framework,Y,0.0
Transformer-onehot,VH_framework,Y,0.0
Transformer-onehot,VH_framework,Y,0.0
Transformer-onehot,VH_framework,Y,0.0
Transformer-onehot,VH_framework,Y,0.0
Transformer-onehot,VH_framework,Y,0.0
Transformer-onehot,VH_framework,Y,0.0
Transformer-onehot,VH_framework,Y,0.0
Transformer-onehot,VH_framework,Y,0.0
Transformer-onehot,VH_framework,Y,0.0
Transformer-onehot,VH_framework,Y,0.0
Transformer-onehot,VH_framework,Y,0.0
Transformer-onehot,VH_framework,Y,0.0
Transformer-onehot,VH_framework,Y,0.0
Transformer-onehot,VH_framework,Y,0.0
Transformer-onehot,VH_framework,Y,0.0
Transformer-onehot,VH_framework,Y,0.0
Transformer-onehot,VH_framework,Y,0.0
Transformer-onehot,VH_framework,Y,0.0
Transformer-onehot,VH_framework,Y,0.0
Transformer-onehot,VH_framework,Y,0.0
Transformer-onehot,VH_framework,Y,0.0
Transformer-onehot,VH_framework,Y,0.0
Transformer-onehot,VH_framework,Y,0.0
Transformer-onehot,VH_framework,Y,0.0
Transformer-onehot,VH_framework,Y,0.0
Transformer-onehot,VH_framework,Y,0.0
Transformer-onehot,VH_framework,Y,0.0
Transformer-onehot,VH_framework,Y,0.0
Transformer-onehot,VH_framework,Y,0.0
Transformer-onehot,VH_framework,Y,0.0
Transformer-onehot,VH_framework,Y,0.0
Transformer-onehot,VH_framework,Y,0.0
Transformer-onehot,VH_framework,Y,0.0
Transformer-onehot,VH_framework,Y,0.0
Transformer-onehot,VH_framework,Y,0.0
Transformer-onehot,VH_framework,Y,0.0
Transformer-onehot,VH_framework,Y,0.0
Transformer-onehot,VH_framework,Y,0.0
Transformer-onehot,VH_framework,Y,0.0
Transformer-onehot,VH_framework,Y,0.0
Transformer-onehot,VH_framework,Y,0.0
Transformer-onehot,VH_framework,Y,0.0
Transformer-onehot,VH_framework,Y,0.0
Transformer-onehot,VH_framework,Y,0.0
Transformer-onehot,VH_framework,Y,0.0
Transformer-onehot,VH_framework,Y,0.0
Transformer-onehot,VH_framework,Y,0.0
Transformer-onehot,VH_framework,Y,0.0
Transformer-onehot,VH_framework,Y,0.0
Transformer-onehot,VH_framework,Y,0.0
Transformer-onehot,VH_framework,Y,0.0
Transformer-onehot,VH_framework,Y,0.0
Transformer-onehot,VH_framework,Y,0.0
Transformer-onehot,VH_framework,Y,0.0
Transformer-onehot,VH_framework,Y,0.0
Transformer-onehot,VH_framework,Y,0.0
Transformer-onehot,VH_framework,Y,0.0
Transformer-onehot,VH_framework,Y,0.0
Transformer-onehot,VH_framework,Y,0.0
Transformer-onehot,VH_framework,Y,0.0
Transformer-onehot,VH_framework,Y,0.0
Transformer-onehot,VH_framework,Y,0.0
Transformer-onehot,VH_framework,Y,0.0
Transformer-onehot,VH_framework,Y,0.0
Transformer-onehot,VH_framework,Y,0.0
Transformer-onehot,VH_framework,Y,0.0
Transformer-onehot,VH_framework,Y,0.0
Transformer-onehot,VH_framework,Y,0.0
Transformer-onehot,VH_framework,Y,0.0
Transformer-onehot,VH_framework,Y,0.0
Transformer-onehot,VH_framework,Y,0.0
Transformer-onehot,VH_framework,Y,0.0
Transformer-onehot,VH_framework,Y,0.0
Transformer-onehot,VH_framework,Y,0.0
Transformer-onehot,VH_framework,Y,0.0
Transformer-onehot,VH_framework,Y,0.0
Transformer-onehot,VH_framework,Y,0.0
Transformer-onehot,VH_framework,Y,0.0
Transformer-onehot,VH_framework,Y,0.0
Transformer-onehot,VH_framework,Y,0.0
Transformer-onehot,VH_framework,Y,0.0
Transformer-onehot,VH_framework,Y,0.0
Transformer-onehot,VH_framework,Y,0.0
Transformer-onehot,VH_framework,Y,0.0
Transformer-onehot,VH_framework,Y,0.0
Transformer-onehot,VH_framework,Y,0.0
Transformer-onehot,VH_framework,Y,0.0
Transformer-onehot,VH_framework,Y,0.0
Transformer-onehot,VH_framework,Y,0.0
Transformer-onehot,VH_framework,Y,0.0
Transformer-onehot,VH_framework,Y,0.0
Transformer-onehot,VH_framework,Y,0.0
Transformer-onehot,VH_framework,Y,0.0
Transformer-onehot,VH_framework,Y,0.0
Transformer-onehot,VH_framework,Y,0.0
Transformer-onehot,VH_framework,Y,0.0
Transformer-onehot,VH_framework,Y,0.0
Transformer-onehot,VH_framework,Y,0.0
Transformer-onehot,VH_framework,Y,0.0
Transformer-onehot,VH_framework,Y,0.0
Transformer-onehot,VH_framework,Y,0.0
Transformer-onehot,VH_framework,Y,0.0
Transformer-onehot,VH_framework,Y,0.0
Transformer-onehot,VH_framework,Y,0.0
Transformer-onehot,VH_framework,Y,0.0
Transformer-onehot,VH_framework,Y,0.0
Transformer-onehot,VH_framework,Y,0.0
Transformer-onehot,VH_framework,Y,0.0
Transformer-onehot,VH_framework,Y,0.0
Transformer-onehot,VH_framework,Y,0.0
Transformer-onehot,VH_framework,Y,0.0
Transformer-onehot,VH_framework,Y,0.0
Transformer-onehot,VH_framework,Y,0.0
Transformer-onehot,VH_framework,Y,0.0
Transformer-onehot,VH_framework,Y,0.0
Transformer-onehot,VH_framework,Y,0.0
Transformer-onehot,VH_framework,Y,0.0
Transformer-onehot,VH_framework,Y,0.0
Transformer-onehot,VH_framework,Y,0.0
Transformer-onehot,VH_framework,Y,0.0
Transformer-onehot,VH_framework,Y,0.0
Transformer-onehot,VH_framework,Y,0.0
Transformer-onehot,VH_framework,Y,0.0
Transformer-onehot,VH_framework,Y,0.0
Transformer-onehot,VH_framework,Y,0.0
Transformer-onehot,VH_framework,Y,0.0
Transformer-onehot,VH_framework,Y,0.0
Transformer-onehot,VH_framework,Y,0.0
Transformer-onehot,VH_framework,Y,0.0
Transformer-onehot,VH_framework,Y,0.0
Transformer-onehot,VH_framework,Y,0.0
Transformer-onehot,VH_framework,Y,0.0
Transformer-onehot,VH_framework,Y,0.0
Transformer-onehot,VH_framework,Y,0.0
Transformer-onehot,VH_framework,Y,0.0
Transformer-onehot,VH_framework,Y,0.0
Transformer-onehot,VH_framework,Y,0.0
Transformer-onehot,VH_framework,Y,0.0
Transformer-onehot,VH_framework,Y,0.0
Transformer-onehot,VH_framework,Y,0.0
Transformer-onehot,VH_framework,Y,0.0
Transformer-onehot,VH_framework,Y,0.0
Transformer-onehot,VH_framework,Y,0.0
Transformer-onehot,VH_framework,Y,0.0
Transformer-onehot,VH_framework,Y,0.0
Transformer-onehot,VH_framework,Y,0.0
Transformer-onehot,VH_framework,Y,0.0
Transformer-onehot,VH_framework,Y,0.0
Transformer-onehot,VH_framework,Y,0.0
Transformer-onehot,VH_framework,Y,0.0
Transformer-onehot,VH_framework,Y,0.0
Transformer-onehot,VH_framework,Y,0.0
Transformer-onehot,VH_framework,Y,0.0
Transformer-onehot,VH_framework,Y,0.0
Transformer-onehot,VH_framework,Y,0.0
Transformer-onehot,VH_framework,Y,0.0
Transformer-onehot,VH_framework,Y,0.0
Transformer-onehot,VH_framework,Y,0.0
Transformer-onehot,VH_framework,Y,0.0
Transformer-onehot,VH_framework,Y,0.0
Transformer-onehot,VH_framework,Y,0.0
Transformer-onehot,VH_framework,Y,0.0
Transformer-onehot,VH_framework,Y,0.0
Transformer-onehot,VH_framework,Y,0.0
Transformer-onehot,VH_framework,Y,0.0
Transformer-onehot,VH_framework,Y,0.0
Transformer-onehot,VH_framework,Y,0.0
Transformer-onehot,VH_framework,Y,0.0
Transformer-onehot,VH_framework,Y,0.0
Transformer-onehot,VH_framework,Y,0.0
Transformer-onehot,VH_framework,Y,0.0
Transformer-onehot,VH_framework,Y,0.0
Transformer-onehot,VH_framework,Y,0.0
Transformer-onehot,VH_framework,Y,0.0
Transformer-onehot,VH_framework,Y,0.0
Transformer-onehot,VH_framework,Y,0.0
Transformer-onehot,VH_framework,Y,0.0
Transformer-onehot,VH_framework,Y,0.0
Transformer-onehot,VH_framework,Y,0.0
Transformer-onehot,VH_framework,Y,0.0
Transformer-onehot,VH_framework,Y,0.0
Transformer-onehot,VH_framework,Y,0.0
Transformer-onehot,VH_framework,Y,0.0
Transformer-onehot,VH_framework,Y,0.0
Transformer-onehot,VH_framework,Y,0.0
Transformer-onehot,VH_framework,Y,0.0
Transformer-onehot,VH_framework,Y,0.0
Transformer-onehot,VH_framework,Y,0.0
Transformer-onehot,VH_framework,Y,0.0
Transformer-onehot,VH_framework,Y,0.0
Transformer-onehot,VH_framework,Y,0.0
Transformer-onehot,VH_framework,Y,0.0
Transformer-onehot,VH_framework,Y,0.0
Transformer-onehot,VH_framework,Y,0.0
Transformer-onehot,VH_framework,Y,0.0
Transformer-onehot,VH_framework,Y,0.0
Transformer-onehot,VH_framework,Y,0.0
Transformer-onehot,VH_framework,Y,0.0
Transformer-onehot,VH_framework,Y,0.0
Transformer-onehot,VH_framework,Y,0.0
Transformer-onehot,VH_framework,Y,0.0
Transformer-onehot,VH_framework,Y,0.0
Transformer-onehot,VH_framework,Y,0.0
Transformer-onehot,VH_framework,Y,0.0
Transformer-onehot,VH_framework,Y,0.0
Transformer-onehot,VH_framework,Y,0.0
Transformer-onehot,VH_framework,Y,0.0
Transformer-onehot,VH_framework,Y,0.0
Transformer-onehot,VH_framework,Y,0.0
Transformer-onehot,VH_framework,Y,0.0
Transformer-onehot,VH_framework,Y,0.0
Transformer-onehot,VH_framework,Y,0.0
Transformer-onehot,VH_framework,Y,0.0
Transformer-onehot,VH_framework,Y,0.0
Transformer-onehot,VH_framework,Y,0.0
Transformer-onehot,VH_framework,Y,0.0
Transformer-onehot,VH_framework,Y,0.0
Transformer-onehot,VH_framework,Y,0.0
Transformer-onehot,VH_framework,Y,0.0
