model,region,aa,ig_value
Transformer-onehot,HCDR3,A,0.2393255531787872
Transformer-onehot,HCDR3,A,0.525593638420105
Transformer-onehot,HCDR3,A,0.0922846719622612
Transformer-onehot,HCDR3,A,0.1020093783736229
Transformer-onehot,HCDR3,A,0.036329235881567
Transformer-onehot,HCDR3,A,0.1380843371152877
Transformer-onehot,HCDR3,A,0.0367319285869598
Transformer-onehot,HCDR3,A,0.3365663588047027
Transformer-onehot,HCDR3,A,0.0675341859459877
Transformer-onehot,HCDR3,A,0.0925479754805564
Transformer-onehot,HCDR3,A,0.1101580187678337
Transformer-onehot,HCDR3,A,0.0221754070371389
Transformer-onehot,HCDR3,A,0.3765340149402618
Transformer-onehot,HCDR3,A,0.1297052651643753
Transformer-onehot,HCDR3,A,0.0989554077386856
Transformer-onehot,HCDR3,A,0.5148869156837463
Transformer-onehot,HCDR3,A,0.4449211359024048
Transformer-onehot,HCDR3,A,0.0968353822827339
Transformer-onehot,HCDR3,A,0.529590368270874
Transformer-onehot,HCDR3,A,0.1237696930766105
Transformer-onehot,HCDR3,A,0.2693284749984741
Transformer-onehot,HCDR3,A,0.122615061700344
Transformer-onehot,HCDR3,A,0.1618171781301498
Transformer-onehot,HCDR3,A,0.2069391310214996
Transformer-onehot,HCDR3,A,0.1298491656780243
Transformer-onehot,HCDR3,A,0.3472945094108581
Transformer-onehot,HCDR3,A,0.0752663016319274
Transformer-onehot,HCDR3,A,0.0936060547828674
Transformer-onehot,HCDR3,A,0.107302114367485
Transformer-onehot,HCDR3,A,0.1090279966592788
Transformer-onehot,HCDR3,A,0.1229398846626281
Transformer-onehot,HCDR3,A,0.4457879662513733
Transformer-onehot,HCDR3,A,1.3878780603408811
Transformer-onehot,HCDR3,A,0.1195424422621727
Transformer-onehot,HCDR3,A,0.1165825873613357
Transformer-onehot,HCDR3,A,0.2478514909744262
Transformer-onehot,HCDR3,A,0.0909549072384834
Transformer-onehot,HCDR3,A,0.6184956431388855
Transformer-onehot,HCDR3,A,0.4378980100154876
Transformer-onehot,HCDR3,A,0.3191163837909698
Transformer-onehot,HCDR3,A,0.0498574897646904
Transformer-onehot,HCDR3,A,0.2695120275020599
Transformer-onehot,HCDR3,A,0.1157130077481269
Transformer-onehot,HCDR3,A,0.3071674704551697
Transformer-onehot,HCDR3,A,0.1009618565440177
Transformer-onehot,HCDR3,A,0.0970649421215057
Transformer-onehot,HCDR3,A,0.1768825948238372
Transformer-onehot,HCDR3,A,0.7231135964393616
Transformer-onehot,HCDR3,A,0.114860787987709
Transformer-onehot,HCDR3,A,0.5069855451583862
Transformer-onehot,HCDR3,A,0.0468434430658817
Transformer-onehot,HCDR3,A,0.1301577538251876
Transformer-onehot,HCDR3,A,0.1384870857000351
Transformer-onehot,HCDR3,A,0.8543235063552856
Transformer-onehot,HCDR3,A,0.1038964316248893
Transformer-onehot,HCDR3,A,0.1210691779851913
Transformer-onehot,HCDR3,A,0.0346414297819137
Transformer-onehot,HCDR3,A,0.1013406366109848
Transformer-onehot,HCDR3,A,0.4197943806648254
Transformer-onehot,HCDR3,A,0.2371018379926681
Transformer-onehot,HCDR3,A,0.4307470023632049
Transformer-onehot,HCDR3,A,0.2401275336742401
Transformer-onehot,HCDR3,A,0.2829865515232086
Transformer-onehot,HCDR3,A,0.1175917312502861
Transformer-onehot,HCDR3,A,0.0739121809601783
Transformer-onehot,HCDR3,A,0.1079572439193725
Transformer-onehot,HCDR3,A,0.4025800228118896
Transformer-onehot,HCDR3,A,0.1159691512584686
Transformer-onehot,HCDR3,A,0.130978524684906
Transformer-onehot,HCDR3,A,0.0985374897718429
Transformer-onehot,HCDR3,A,0.1193526908755302
Transformer-onehot,HCDR3,A,0.0541464053094387
Transformer-onehot,HCDR3,A,0.0894186645746231
Transformer-onehot,HCDR3,A,0.1097154915332794
Transformer-onehot,HCDR3,A,0.9702725410461426
Transformer-onehot,HCDR3,A,0.1314327269792556
Transformer-onehot,HCDR3,A,0.1485850811004638
Transformer-onehot,HCDR3,A,0.1262499839067459
Transformer-onehot,HCDR3,A,0.1136368736624717
Transformer-onehot,HCDR3,A,0.1082664206624031
Transformer-onehot,HCDR3,A,0.0850210338830947
Transformer-onehot,HCDR3,A,0.1175458803772926
Transformer-onehot,HCDR3,A,0.4604806900024414
Transformer-onehot,HCDR3,A,0.1290684789419174
Transformer-onehot,HCDR3,A,0.0980664119124412
Transformer-onehot,HCDR3,A,0.08585686981678
Transformer-onehot,HCDR3,A,0.191461443901062
Transformer-onehot,HCDR3,A,0.4803760945796966
Transformer-onehot,HCDR3,A,0.1372382044792175
Transformer-onehot,HCDR3,A,0.1290396004915237
Transformer-onehot,HCDR3,A,0.0694334805011749
Transformer-onehot,HCDR3,A,0.5051813125610352
Transformer-onehot,HCDR3,A,0.2036539912223816
Transformer-onehot,HCDR3,A,0.0774256438016891
Transformer-onehot,HCDR3,A,0.4274351596832275
Transformer-onehot,HCDR3,A,0.0909029096364975
Transformer-onehot,HCDR3,A,0.2464931458234787
Transformer-onehot,HCDR3,A,0.3166652917861938
Transformer-onehot,HCDR3,A,0.4695647358894348
Transformer-onehot,HCDR3,A,0.6534860134124756
Transformer-onehot,HCDR3,A,0.2723590731620788
Transformer-onehot,HCDR3,A,0.2442823052406311
Transformer-onehot,HCDR3,A,0.0969348102807998
Transformer-onehot,HCDR3,A,0.0807092934846878
Transformer-onehot,HCDR3,A,0.1220386996865272
Transformer-onehot,HCDR3,A,0.0726154372096061
Transformer-onehot,HCDR3,A,0.5352858901023865
Transformer-onehot,HCDR3,A,0.1441586315631866
Transformer-onehot,HCDR3,A,0.459238588809967
Transformer-onehot,HCDR3,A,0.1247991025447845
Transformer-onehot,HCDR3,A,0.0405006557703018
Transformer-onehot,HCDR3,A,0.1231384128332138
Transformer-onehot,HCDR3,A,0.1049143224954605
Transformer-onehot,HCDR3,A,0.1046984642744064
Transformer-onehot,HCDR3,A,0.2361621260643005
Transformer-onehot,HCDR3,A,0.5501374006271362
Transformer-onehot,HCDR3,A,0.1067004576325416
Transformer-onehot,HCDR3,A,0.0933495387434959
Transformer-onehot,HCDR3,A,0.3953329920768738
Transformer-onehot,HCDR3,A,0.4463516175746918
Transformer-onehot,HCDR3,A,0.0424579009413719
Transformer-onehot,HCDR3,A,0.5103046894073486
Transformer-onehot,HCDR3,A,0.2981935143470764
Transformer-onehot,HCDR3,A,0.4563286900520324
Transformer-onehot,HCDR3,A,0.3586985468864441
Transformer-onehot,HCDR3,A,0.0495781786739826
Transformer-onehot,HCDR3,A,0.3569463193416595
Transformer-onehot,HCDR3,A,0.1905794441699981
Transformer-onehot,HCDR3,A,0.1478496789932251
Transformer-onehot,HCDR3,A,0.1214552223682403
Transformer-onehot,HCDR3,A,0.0966042429208755
Transformer-onehot,HCDR3,A,0.3223555386066437
Transformer-onehot,HCDR3,A,0.0877030864357948
Transformer-onehot,HCDR3,A,0.1249100342392921
Transformer-onehot,HCDR3,A,0.0794355422258377
Transformer-onehot,HCDR3,A,0.2116332352161407
Transformer-onehot,HCDR3,A,0.6117407083511353
Transformer-onehot,HCDR3,A,0.4436443448066711
Transformer-onehot,HCDR3,A,0.5306035876274109
Transformer-onehot,HCDR3,A,0.1030271127820015
Transformer-onehot,HCDR3,A,0.1200133264064788
Transformer-onehot,HCDR3,A,0.0784379467368125
Transformer-onehot,HCDR3,A,0.0948121175169944
Transformer-onehot,HCDR3,A,0.0996909961104393
Transformer-onehot,HCDR3,A,0.2781607508659363
Transformer-onehot,HCDR3,A,0.1271719485521316
Transformer-onehot,HCDR3,A,0.522645115852356
Transformer-onehot,HCDR3,A,0.2274299561977386
Transformer-onehot,HCDR3,A,0.1404849588871002
Transformer-onehot,HCDR3,A,0.1059624254703521
Transformer-onehot,HCDR3,A,0.4272893965244293
Transformer-onehot,HCDR3,A,0.4222326576709747
Transformer-onehot,HCDR3,A,0.1055567041039466
Transformer-onehot,HCDR3,A,0.1879689991474151
Transformer-onehot,HCDR3,A,0.0812180191278457
Transformer-onehot,HCDR3,A,0.0675891637802124
Transformer-onehot,HCDR3,A,0.0270075984299182
Transformer-onehot,HCDR3,A,0.4245418310165405
Transformer-onehot,HCDR3,A,0.0761117786169052
Transformer-onehot,HCDR3,A,0.1096617951989173
Transformer-onehot,HCDR3,A,0.0878925397992134
Transformer-onehot,HCDR3,A,0.0209219343960285
Transformer-onehot,HCDR3,A,0.1242152452468872
Transformer-onehot,HCDR3,A,0.1326605379581451
Transformer-onehot,HCDR3,A,0.5006270408630371
Transformer-onehot,HCDR3,A,0.2327730506658554
Transformer-onehot,HCDR3,A,0.0870591849088668
Transformer-onehot,HCDR3,A,0.4226440191268921
Transformer-onehot,HCDR3,A,0.0807521566748619
Transformer-onehot,HCDR3,A,0.0520301274955272
Transformer-onehot,HCDR3,A,0.1277044415473938
Transformer-onehot,HCDR3,A,0.0924808084964752
Transformer-onehot,HCDR3,A,0.0967281013727188
Transformer-onehot,HCDR3,A,0.2114833295345306
Transformer-onehot,HCDR3,A,0.1236745044589042
Transformer-onehot,HCDR3,A,0.2563972473144531
Transformer-onehot,HCDR3,A,0.5359833836555481
Transformer-onehot,HCDR3,A,0.0955273956060409
Transformer-onehot,HCDR3,A,0.3425493538379669
Transformer-onehot,HCDR3,A,0.0753068178892135
Transformer-onehot,HCDR3,A,0.0869087055325508
Transformer-onehot,HCDR3,A,0.1159635782241821
Transformer-onehot,HCDR3,A,1.1588815450668335
Transformer-onehot,HCDR3,A,0.0826846286654472
Transformer-onehot,HCDR3,A,0.0882776007056236
Transformer-onehot,HCDR3,A,0.4688916802406311
Transformer-onehot,HCDR3,A,0.0823923721909523
Transformer-onehot,HCDR3,A,0.1293485313653946
Transformer-onehot,HCDR3,A,0.1057740896940231
Transformer-onehot,HCDR3,A,0.0330660305917263
Transformer-onehot,HCDR3,A,0.1201705038547515
Transformer-onehot,HCDR3,A,0.2425025105476379
Transformer-onehot,HCDR3,A,0.2766967117786407
Transformer-onehot,HCDR3,A,0.0863407254219055
Transformer-onehot,HCDR3,A,0.0761818140745163
Transformer-onehot,HCDR3,A,0.3405746221542358
Transformer-onehot,HCDR3,A,0.5098758339881897
Transformer-onehot,HCDR3,A,0.9322555065155028
Transformer-onehot,HCDR3,A,0.0753676742315292
Transformer-onehot,HCDR3,A,0.1071782186627388
Transformer-onehot,HCDR3,A,0.2613261938095093
Transformer-onehot,HCDR3,A,0.1057387366890907
Transformer-onehot,HCDR3,A,0.1320644170045852
Transformer-onehot,HCDR3,A,0.4197013974189758
Transformer-onehot,HCDR3,A,0.080018326640129
Transformer-onehot,HCDR3,A,0.2773549854755401
Transformer-onehot,HCDR3,A,0.0632423385977745
Transformer-onehot,HCDR3,A,0.2393887490034103
Transformer-onehot,HCDR3,A,0.0495573468506336
Transformer-onehot,HCDR3,A,0.2943265438079834
Transformer-onehot,HCDR3,A,0.5558072328567505
Transformer-onehot,HCDR3,A,0.2198315262794494
Transformer-onehot,HCDR3,A,0.8166001439094543
Transformer-onehot,HCDR3,A,0.0881394892930984
Transformer-onehot,HCDR3,A,0.0968417152762413
Transformer-onehot,HCDR3,A,0.101554237306118
Transformer-onehot,HCDR3,A,0.5511050224304199
Transformer-onehot,HCDR3,A,0.2959907352924347
Transformer-onehot,HCDR3,A,0.4877904057502746
Transformer-onehot,HCDR3,A,0.8738373517990112
Transformer-onehot,HCDR3,A,0.08423862606287
Transformer-onehot,HCDR3,A,0.071075327694416
Transformer-onehot,HCDR3,A,0.1298831850290298
Transformer-onehot,HCDR3,A,0.7690712213516235
Transformer-onehot,HCDR3,A,0.3089706003665924
Transformer-onehot,HCDR3,A,0.0784817561507225
Transformer-onehot,HCDR3,A,0.6051775217056274
Transformer-onehot,HCDR3,A,0.3089039921760559
Transformer-onehot,HCDR3,A,0.3460712432861328
Transformer-onehot,HCDR3,A,0.5802337527275085
Transformer-onehot,HCDR3,A,0.5167018175125122
Transformer-onehot,HCDR3,A,0.1004717648029327
Transformer-onehot,HCDR3,A,0.118312269449234
Transformer-onehot,HCDR3,A,0.5602223873138428
Transformer-onehot,HCDR3,A,0.0772184804081916
Transformer-onehot,HCDR3,A,0.0980201214551925
Transformer-onehot,HCDR3,A,0.1332487910985946
Transformer-onehot,HCDR3,A,0.0848345980048179
Transformer-onehot,HCDR3,A,0.2240677177906036
Transformer-onehot,HCDR3,A,0.5785468816757202
Transformer-onehot,HCDR3,A,0.108074203133583
Transformer-onehot,HCDR3,A,0.1271457821130752
Transformer-onehot,HCDR3,A,0.3963775932788849
Transformer-onehot,HCDR3,A,0.4579238295555115
Transformer-onehot,HCDR3,A,0.2119354605674743
Transformer-onehot,HCDR3,A,0.1067218631505966
Transformer-onehot,HCDR3,A,0.0910672917962074
Transformer-onehot,HCDR3,A,0.0924571380019187
Transformer-onehot,HCDR3,A,0.1058276370167732
Transformer-onehot,HCDR3,A,1.1199822425842283
Transformer-onehot,HCDR3,A,0.1548747271299362
Transformer-onehot,HCDR3,A,0.0181056596338748
Transformer-onehot,HCDR3,A,0.2421620190143585
Transformer-onehot,HCDR3,A,0.0953910648822784
Transformer-onehot,HCDR3,A,0.0379321351647377
Transformer-onehot,HCDR3,A,0.1994401514530182
Transformer-onehot,HCDR3,A,0.1121628135442733
Transformer-onehot,HCDR3,A,0.0167184527963399
Transformer-onehot,HCDR3,A,0.137134850025177
Transformer-onehot,HCDR3,A,0.0351705737411975
Transformer-onehot,HCDR3,A,0.1597796082496643
Transformer-onehot,HCDR3,A,0.3111586570739746
Transformer-onehot,HCDR3,A,0.0356415882706642
Transformer-onehot,HCDR3,A,0.0296654570847749
Transformer-onehot,HCDR3,A,0.2824658155441284
Transformer-onehot,HCDR3,A,0.0526778660714626
Transformer-onehot,HCDR3,A,0.0177317354828119
Transformer-onehot,HCDR3,A,0.0179872550070285
Transformer-onehot,HCDR3,A,0.2520107626914978
Transformer-onehot,HCDR3,A,0.0358238667249679
Transformer-onehot,HCDR3,A,0.0323647372424602
Transformer-onehot,HCDR3,A,0.0133670950308442
Transformer-onehot,HCDR3,A,0.1373688131570816
Transformer-onehot,HCDR3,A,0.0235607326030731
Transformer-onehot,HCDR3,A,0.0127969058230519
Transformer-onehot,HCDR3,A,0.0962230637669563
Transformer-onehot,HCDR3,A,0.1019469797611236
Transformer-onehot,HCDR3,A,0.0209174919873476
Transformer-onehot,HCDR3,A,0.0854236409068107
Transformer-onehot,HCDR3,A,0.1909763216972351
Transformer-onehot,HCDR3,A,0.1394483298063278
Transformer-onehot,HCDR3,A,0.4155501127243042
Transformer-onehot,HCDR3,A,0.0479617938399314
Transformer-onehot,HCDR3,A,0.3977223038673401
Transformer-onehot,HCDR3,A,0.1522966921329498
Transformer-onehot,HCDR3,A,0.0279513224959373
Transformer-onehot,HCDR3,A,0.0536343902349472
Transformer-onehot,HCDR3,A,0.14832803606987
Transformer-onehot,HCDR3,A,0.1058205813169479
Transformer-onehot,HCDR3,A,0.0514116398990154
Transformer-onehot,HCDR3,A,0.2474477738142013
Transformer-onehot,HCDR3,A,0.2497236132621765
Transformer-onehot,HCDR3,A,0.3290739059448242
Transformer-onehot,HCDR3,A,0.1070200577378273
Transformer-onehot,HCDR3,A,0.0154012516140937
Transformer-onehot,HCDR3,A,0.1276910156011581
Transformer-onehot,HCDR3,A,0.0205715019255876
Transformer-onehot,HCDR3,A,0.1303400248289108
Transformer-onehot,HCDR3,A,0.0224151667207479
Transformer-onehot,HCDR3,A,0.1874819844961166
Transformer-onehot,HCDR3,A,0.1390527337789535
Transformer-onehot,HCDR3,A,0.0577403083443641
Transformer-onehot,HCDR3,A,0.023683663457632
Transformer-onehot,HCDR3,A,0.0225897766649723
Transformer-onehot,HCDR3,A,0.0878990590572357
Transformer-onehot,HCDR3,A,0.126593992114067
Transformer-onehot,HCDR3,A,0.0892293006181716
Transformer-onehot,HCDR3,A,0.0077238185331225
Transformer-onehot,HCDR3,A,0.0156546328216791
Transformer-onehot,HCDR3,A,0.0252820700407028
Transformer-onehot,HCDR3,A,0.0702214688062667
Transformer-onehot,HCDR3,A,0.1281447112560272
Transformer-onehot,HCDR3,A,0.0334791094064712
Transformer-onehot,HCDR3,A,0.0729092732071876
Transformer-onehot,HCDR3,A,0.2679968476295471
Transformer-onehot,HCDR3,A,0.2555839717388153
Transformer-onehot,HCDR3,A,0.048332255333662
Transformer-onehot,HCDR3,A,0.0392701774835586
Transformer-onehot,HCDR3,A,0.0552143566310405
Transformer-onehot,HCDR3,A,0.2229389250278473
Transformer-onehot,HCDR3,A,0.0260400380939245
Transformer-onehot,HCDR3,A,0.2242340445518493
Transformer-onehot,HCDR3,A,0.1245136335492134
Transformer-onehot,HCDR3,A,0.2019491791725158
Transformer-onehot,HCDR3,A,0.1464065313339233
Transformer-onehot,HCDR3,A,0.1235539615154266
Transformer-onehot,HCDR3,A,0.1011036038398742
Transformer-onehot,HCDR3,A,0.0664564073085784
Transformer-onehot,HCDR3,A,0.0562549456954002
Transformer-onehot,HCDR3,A,0.4041703343391418
Transformer-onehot,HCDR3,A,0.0301776975393295
Transformer-onehot,HCDR3,A,0.0693064182996749
Transformer-onehot,HCDR3,A,0.0587337911128997
Transformer-onehot,HCDR3,A,0.0855364501476287
Transformer-onehot,HCDR3,A,0.014976542443037
Transformer-onehot,HCDR3,A,0.0503028370440006
Transformer-onehot,HCDR3,A,0.1573682427406311
Transformer-onehot,HCDR3,A,0.0592777952551841
Transformer-onehot,HCDR3,A,0.0995322912931442
Transformer-onehot,HCDR3,A,0.0127585241571068
Transformer-onehot,HCDR3,A,0.3401361107826233
Transformer-onehot,HCDR3,A,0.0977681204676628
Transformer-onehot,HCDR3,A,0.0934791192412376
Transformer-onehot,HCDR3,A,0.1622045189142227
Transformer-onehot,HCDR3,A,0.0372759848833084
Transformer-onehot,HCDR3,A,0.0304115340113639
Transformer-onehot,HCDR3,A,0.0218870043754577
Transformer-onehot,HCDR3,A,0.2387901395559311
Transformer-onehot,HCDR3,A,0.014423569664359
Transformer-onehot,HCDR3,A,0.123246282339096
Transformer-onehot,HCDR3,A,0.0457592867314815
Transformer-onehot,HCDR3,A,0.0149167235940694
Transformer-onehot,HCDR3,A,0.0156727153807878
Transformer-onehot,HCDR3,A,0.0161494854837656
Transformer-onehot,HCDR3,A,0.121360458433628
Transformer-onehot,HCDR3,A,0.0460011214017868
Transformer-onehot,HCDR3,A,0.3548586368560791
Transformer-onehot,HCDR3,A,0.231981486082077
Transformer-onehot,HCDR3,A,0.1211166232824325
Transformer-onehot,HCDR3,A,0.0216978620737791
Transformer-onehot,HCDR3,A,0.0950509384274482
Transformer-onehot,HCDR3,A,0.0228771399706602
Transformer-onehot,HCDR3,A,0.0192382056266069
Transformer-onehot,HCDR3,A,0.0273215156048536
Transformer-onehot,HCDR3,A,0.1413922011852264
Transformer-onehot,HCDR3,A,0.0878191366791725
Transformer-onehot,HCDR3,A,0.1542169004678726
Transformer-onehot,HCDR3,A,0.0260768253356218
Transformer-onehot,HCDR3,A,0.2863955199718475
Transformer-onehot,HCDR3,A,0.1292866319417953
Transformer-onehot,HCDR3,A,0.0404648892581462
Transformer-onehot,HCDR3,A,0.3977113664150238
Transformer-onehot,HCDR3,A,0.1033325716853141
Transformer-onehot,HCDR3,A,0.2609322071075439
Transformer-onehot,HCDR3,A,0.0798718631267547
Transformer-onehot,HCDR3,A,0.2351248264312744
Transformer-onehot,HCDR3,A,0.0239384155720472
Transformer-onehot,HCDR3,A,0.0279358997941017
Transformer-onehot,HCDR3,A,0.0747984126210212
Transformer-onehot,HCDR3,A,0.1229482665657997
Transformer-onehot,HCDR3,A,0.0278821066021919
Transformer-onehot,HCDR3,A,0.0210474617779254
Transformer-onehot,HCDR3,A,0.1054918095469474
Transformer-onehot,HCDR3,A,0.0569395869970321
Transformer-onehot,HCDR3,A,0.1823099553585052
Transformer-onehot,HCDR3,A,0.0647789239883422
Transformer-onehot,HCDR3,A,0.0438567586243152
Transformer-onehot,HCDR3,A,0.080511026084423
Transformer-onehot,HCDR3,A,0.0815401971340179
Transformer-onehot,HCDR3,A,0.1126194968819618
Transformer-onehot,HCDR3,A,0.186987817287445
Transformer-onehot,HCDR3,A,0.0199695937335491
Transformer-onehot,HCDR3,A,0.0373532362282276
Transformer-onehot,HCDR3,A,0.2035702168941497
Transformer-onehot,HCDR3,A,0.4663793444633484
Transformer-onehot,HCDR3,A,0.2785438597202301
Transformer-onehot,HCDR3,A,0.0137264244258403
Transformer-onehot,HCDR3,A,0.0571280345320701
Transformer-onehot,HCDR3,A,0.0257225353270769
Transformer-onehot,HCDR3,A,0.0652729198336601
Transformer-onehot,HCDR3,A,0.1906543374061584
Transformer-onehot,HCDR3,A,0.0293518379330635
Transformer-onehot,HCDR3,A,0.2491723597049713
Transformer-onehot,HCDR3,A,0.0569511651992797
Transformer-onehot,HCDR3,A,0.0266580581665039
Transformer-onehot,HCDR3,A,0.0304394531995058
Transformer-onehot,HCDR3,A,0.0356378145515918
Transformer-onehot,HCDR3,A,0.0337991341948509
Transformer-onehot,HCDR3,A,0.0172291509807109
Transformer-onehot,HCDR3,A,0.0414614714682102
Transformer-onehot,HCDR3,A,0.0706694424152374
Transformer-onehot,HCDR3,A,0.0679115056991577
Transformer-onehot,HCDR3,A,0.0230503305792808
Transformer-onehot,HCDR3,A,0.019652172923088
Transformer-onehot,HCDR3,A,0.0614215023815631
Transformer-onehot,HCDR3,A,0.047456219792366
Transformer-onehot,HCDR3,A,0.3566703498363495
Transformer-onehot,HCDR3,A,0.01981339789927
Transformer-onehot,HCDR3,A,0.2534120082855224
Transformer-onehot,HCDR3,A,0.0542175583541393
Transformer-onehot,HCDR3,A,0.0189626719802618
Transformer-onehot,HCDR3,A,0.0244595147669315
Transformer-onehot,HCDR3,A,0.0219611823558807
Transformer-onehot,HCDR3,A,0.1536389738321304
Transformer-onehot,HCDR3,A,0.0155686065554618
Transformer-onehot,HCDR3,A,0.4594360291957855
Transformer-onehot,HCDR3,A,0.1263127028942108
Transformer-onehot,HCDR3,A,0.1229710280895233
Transformer-onehot,HCDR3,A,0.0515584982931613
Transformer-onehot,HCDR3,A,0.0208344589918851
Transformer-onehot,HCDR3,A,0.1187991648912429
Transformer-onehot,HCDR3,A,0.032514676451683
Transformer-onehot,HCDR3,A,0.0257032122462987
Transformer-onehot,HCDR3,A,0.03680320084095
Transformer-onehot,HCDR3,A,0.1694385856389999
Transformer-onehot,HCDR3,A,0.0246660094708204
Transformer-onehot,HCDR3,A,0.0142807979136705
Transformer-onehot,HCDR3,A,0.0167939011007547
Transformer-onehot,HCDR3,A,0.0188130494207143
Transformer-onehot,HCDR3,A,0.0455197729170322
Transformer-onehot,HCDR3,A,0.0908624753355979
Transformer-onehot,HCDR3,A,0.3166293203830719
Transformer-onehot,HCDR3,A,0.0129435863345861
Transformer-onehot,HCDR3,A,0.0255257114768028
Transformer-onehot,HCDR3,A,0.068602941930294
Transformer-onehot,HCDR3,A,0.0153276287019252
Transformer-onehot,HCDR3,A,0.0149196637794375
Transformer-onehot,HCDR3,A,0.1888785064220428
Transformer-onehot,HCDR3,A,0.1274766325950622
Transformer-onehot,HCDR3,A,0.2666482031345367
Transformer-onehot,HCDR3,A,0.0683832243084907
Transformer-onehot,HCDR3,A,0.0329803265631198
Transformer-onehot,HCDR3,A,0.1519524455070495
Transformer-onehot,HCDR3,A,0.0262003373354673
Transformer-onehot,HCDR3,A,0.1323065459728241
Transformer-onehot,HCDR3,A,0.0630932226777076
Transformer-onehot,HCDR3,A,0.0732204243540763
Transformer-onehot,HCDR3,A,0.0140012977644801
Transformer-onehot,HCDR3,A,0.2350650131702423
Transformer-onehot,HCDR3,A,0.015720747411251
Transformer-onehot,HCDR3,A,0.1646183133125305
Transformer-onehot,HCDR3,A,0.4704228937625885
Transformer-onehot,HCDR3,A,0.0183830484747886
Transformer-onehot,HCDR3,A,0.0268293786793947
Transformer-onehot,HCDR3,A,0.0430992618203163
Transformer-onehot,HCDR3,A,0.0357152707874774
Transformer-onehot,HCDR3,A,0.0375911071896553
Transformer-onehot,HCDR3,A,0.1911168992519378
Transformer-onehot,HCDR3,A,0.1310735344886779
Transformer-onehot,HCDR3,A,0.0584036447107791
Transformer-onehot,HCDR3,A,0.0148306377232074
Transformer-onehot,HCDR3,A,0.1216522604227066
Transformer-onehot,HCDR3,A,0.058445144444704
Transformer-onehot,HCDR3,A,0.1093354895710945
Transformer-onehot,HCDR3,A,0.0290944389998912
Transformer-onehot,HCDR3,A,0.0317403934895992
Transformer-onehot,HCDR3,A,0.0581405647099018
Transformer-onehot,HCDR3,A,0.0170479398220777
Transformer-onehot,HCDR3,A,0.0173969157040119
Transformer-onehot,HCDR3,A,0.0758918896317482
Transformer-onehot,HCDR3,A,0.141676127910614
Transformer-onehot,HCDR3,A,0.032945942133665
Transformer-onehot,HCDR3,A,0.0265045203268528
Transformer-onehot,HCDR3,A,0.1091340482234954
Transformer-onehot,HCDR3,A,0.0214017238467931
Transformer-onehot,HCDR3,A,0.0801739543676376
Transformer-onehot,HCDR3,A,0.0377574972808361
Transformer-onehot,HCDR3,A,0.1863120794296264
Transformer-onehot,HCDR3,A,0.0283212345093488
Transformer-onehot,HCDR3,A,0.0143944341689348
Transformer-onehot,HCDR3,A,0.0456864535808563
Transformer-onehot,HCDR3,A,0.1028402149677276
Transformer-onehot,HCDR3,A,0.1580186337232589
Transformer-onehot,HCDR3,A,0.0145805235952138
Transformer-onehot,HCDR3,A,0.0862932279706001
Transformer-onehot,HCDR3,A,0.1704902052879333
Transformer-onehot,HCDR3,A,0.1147503703832626
Transformer-onehot,HCDR3,A,0.4086995720863342
Transformer-onehot,HCDR3,A,0.0132804820314049
Transformer-onehot,HCDR3,A,0.0161328427493572
Transformer-onehot,HCDR3,C,-0.0106755010783672
Transformer-onehot,HCDR3,C,-0.0186654329299926
Transformer-onehot,HCDR3,C,-0.0107256984338164
Transformer-onehot,HCDR3,C,-0.0131769170984625
Transformer-onehot,HCDR3,C,-0.0084712859243154
Transformer-onehot,HCDR3,C,-0.0269771069288253
Transformer-onehot,HCDR3,C,-0.0125845205038785
Transformer-onehot,HCDR3,C,-0.0170428287237882
Transformer-onehot,HCDR3,C,-0.0129664503037929
Transformer-onehot,HCDR3,C,-0.0171352326869964
Transformer-onehot,HCDR3,C,-0.0156807992607355
Transformer-onehot,HCDR3,C,-0.0056953998282551
Transformer-onehot,HCDR3,C,-0.0122034661471843
Transformer-onehot,HCDR3,C,-0.0190680809319019
Transformer-onehot,HCDR3,C,-0.0105126379057765
Transformer-onehot,HCDR3,C,-0.0098488433286547
Transformer-onehot,HCDR3,C,-0.0164552386850118
Transformer-onehot,HCDR3,C,-0.0118648549541831
Transformer-onehot,HCDR3,C,-0.0145690664649009
Transformer-onehot,HCDR3,C,-0.0152647038921713
Transformer-onehot,HCDR3,C,-0.0178078934550285
Transformer-onehot,HCDR3,C,-0.017434611916542
Transformer-onehot,HCDR3,C,-0.0139095224440097
Transformer-onehot,HCDR3,C,-0.0114644551649689
Transformer-onehot,HCDR3,C,-0.0157616101205348
Transformer-onehot,HCDR3,C,-0.0106664551421999
Transformer-onehot,HCDR3,C,-0.0146894622594118
Transformer-onehot,HCDR3,C,-0.0135261714458465
Transformer-onehot,HCDR3,C,-0.0190616138279438
Transformer-onehot,HCDR3,C,-0.0153563693165779
Transformer-onehot,HCDR3,C,-0.0194533430039882
Transformer-onehot,HCDR3,C,-0.014132572337985
Transformer-onehot,HCDR3,C,-0.0196760036051273
Transformer-onehot,HCDR3,C,-0.0151508776471018
Transformer-onehot,HCDR3,C,-0.0169841162860393
Transformer-onehot,HCDR3,C,-0.0139036430045962
Transformer-onehot,HCDR3,C,-0.0105486484244465
Transformer-onehot,HCDR3,C,-0.0139629328623414
Transformer-onehot,HCDR3,C,-0.012758394703269
Transformer-onehot,HCDR3,C,-0.0163678638637065
Transformer-onehot,HCDR3,C,-0.0038521375972777
Transformer-onehot,HCDR3,C,-0.0101432166993618
Transformer-onehot,HCDR3,C,-0.0129280844703316
Transformer-onehot,HCDR3,C,-0.0176124796271324
Transformer-onehot,HCDR3,C,-0.0115386312827467
Transformer-onehot,HCDR3,C,-0.011665940284729
Transformer-onehot,HCDR3,C,-0.0103965876623988
Transformer-onehot,HCDR3,C,-0.0203366391360759
Transformer-onehot,HCDR3,C,-0.012126819230616
Transformer-onehot,HCDR3,C,-0.0203996859490871
Transformer-onehot,HCDR3,C,-0.0103602837771177
Transformer-onehot,HCDR3,C,-0.0079496074467897
Transformer-onehot,HCDR3,C,-0.0211303476244211
Transformer-onehot,HCDR3,C,-0.015329404734075
Transformer-onehot,HCDR3,C,-0.0173821225762367
Transformer-onehot,HCDR3,C,-0.0146524310111999
Transformer-onehot,HCDR3,C,-0.0083346916362643
Transformer-onehot,HCDR3,C,-0.0151632763445377
Transformer-onehot,HCDR3,C,-0.0178938116878271
Transformer-onehot,HCDR3,C,-0.0117268012836575
Transformer-onehot,HCDR3,C,-0.0111173829063773
Transformer-onehot,HCDR3,C,-0.011492358520627
Transformer-onehot,HCDR3,C,-0.0109211429953575
Transformer-onehot,HCDR3,C,-0.0128480782732367
Transformer-onehot,HCDR3,C,-0.0092876655980944
Transformer-onehot,HCDR3,C,-0.0125667005777359
Transformer-onehot,HCDR3,C,-0.011270860210061
Transformer-onehot,HCDR3,C,-0.0125998351722955
Transformer-onehot,HCDR3,C,-0.0194802489131689
Transformer-onehot,HCDR3,C,-0.0100321816280484
Transformer-onehot,HCDR3,C,-0.0139265973120927
Transformer-onehot,HCDR3,C,-0.0132765332236886
Transformer-onehot,HCDR3,C,-0.0226697940379381
Transformer-onehot,HCDR3,C,-0.0138206537812948
Transformer-onehot,HCDR3,C,-0.0191101767122745
Transformer-onehot,HCDR3,C,-0.0199451148509979
Transformer-onehot,HCDR3,C,-0.0222865398973226
Transformer-onehot,HCDR3,C,-0.0196122881025075
Transformer-onehot,HCDR3,C,-0.0142675805836915
Transformer-onehot,HCDR3,C,-0.0136756831780076
Transformer-onehot,HCDR3,C,-0.0096112713217735
Transformer-onehot,HCDR3,C,-0.0117478631436824
Transformer-onehot,HCDR3,C,-0.0202506426721811
Transformer-onehot,HCDR3,C,-0.0157043784856796
Transformer-onehot,HCDR3,C,-0.0115145314484834
Transformer-onehot,HCDR3,C,-0.0108930189162492
Transformer-onehot,HCDR3,C,-0.0091455858200788
Transformer-onehot,HCDR3,C,-0.0169736202806234
Transformer-onehot,HCDR3,C,-0.0178242195397615
Transformer-onehot,HCDR3,C,-0.022198136895895
Transformer-onehot,HCDR3,C,-0.0048918579705059
Transformer-onehot,HCDR3,C,-0.0171185210347175
Transformer-onehot,HCDR3,C,-0.0117609603330492
Transformer-onehot,HCDR3,C,-0.0090028159320354
Transformer-onehot,HCDR3,C,-0.0148302968591451
Transformer-onehot,HCDR3,C,-0.0163796003907918
Transformer-onehot,HCDR3,C,-0.0149042699486017
Transformer-onehot,HCDR3,C,-0.0096212467178702
Transformer-onehot,HCDR3,C,-0.0150180635973811
Transformer-onehot,HCDR3,C,-0.0139085315167903
Transformer-onehot,HCDR3,C,-0.0133908372372388
Transformer-onehot,HCDR3,C,-0.0141048645600676
Transformer-onehot,HCDR3,C,-0.0149187110364437
Transformer-onehot,HCDR3,C,-0.0096304854378104
Transformer-onehot,HCDR3,C,-0.0165489744395017
Transformer-onehot,HCDR3,C,-0.0083426097407937
Transformer-onehot,HCDR3,C,-0.0160570442676544
Transformer-onehot,HCDR3,C,-0.0225159935653209
Transformer-onehot,HCDR3,C,-0.015349019318819
Transformer-onehot,HCDR3,C,-0.0178003832697868
Transformer-onehot,HCDR3,C,-0.0105874566361308
Transformer-onehot,HCDR3,C,-0.0064057689160108
Transformer-onehot,HCDR3,C,-0.0112156281247735
Transformer-onehot,HCDR3,C,-0.0110197467729449
Transformer-onehot,HCDR3,C,-0.0114057511091232
Transformer-onehot,HCDR3,C,-0.0196313951164484
Transformer-onehot,HCDR3,C,-0.0127134770154953
Transformer-onehot,HCDR3,C,-0.0108421295881271
Transformer-onehot,HCDR3,C,-0.0109092826023697
Transformer-onehot,HCDR3,C,-0.0089698238298296
Transformer-onehot,HCDR3,C,-0.010759406723082
Transformer-onehot,HCDR3,C,-0.0136872557923197
Transformer-onehot,HCDR3,C,-0.0107839852571487
Transformer-onehot,HCDR3,C,-0.0100708426907658
Transformer-onehot,HCDR3,C,-0.0130141330882906
Transformer-onehot,HCDR3,C,-0.0163724534213542
Transformer-onehot,HCDR3,C,-0.0128894383087754
Transformer-onehot,HCDR3,C,-0.014025067910552
Transformer-onehot,HCDR3,C,-0.0219493936747312
Transformer-onehot,HCDR3,C,-0.0168731212615966
Transformer-onehot,HCDR3,C,-0.010182243771851
Transformer-onehot,HCDR3,C,-0.0105160120874643
Transformer-onehot,HCDR3,C,-0.0102066518738865
Transformer-onehot,HCDR3,C,-0.0164595805108547
Transformer-onehot,HCDR3,C,-0.011138423345983
Transformer-onehot,HCDR3,C,-0.0125872753560543
Transformer-onehot,HCDR3,C,-0.0179453007876873
Transformer-onehot,HCDR3,C,-0.0160429738461971
Transformer-onehot,HCDR3,C,-0.0118257040157914
Transformer-onehot,HCDR3,C,-0.0113839693367481
Transformer-onehot,HCDR3,C,-0.0138678401708602
Transformer-onehot,HCDR3,C,-0.008937207981944
Transformer-onehot,HCDR3,C,-0.0142419356852769
Transformer-onehot,HCDR3,C,-0.011870608665049
Transformer-onehot,HCDR3,C,-0.012192478403449
Transformer-onehot,HCDR3,C,-0.0188605170696973
Transformer-onehot,HCDR3,C,-0.0195752643048763
Transformer-onehot,HCDR3,C,-0.0131965437904
Transformer-onehot,HCDR3,C,-0.0189166832715272
Transformer-onehot,HCDR3,C,-0.0136999413371086
Transformer-onehot,HCDR3,C,-0.025007614865899
Transformer-onehot,HCDR3,C,-0.0141882840543985
Transformer-onehot,HCDR3,C,-0.0122066019102931
Transformer-onehot,HCDR3,C,-0.0114334169775247
Transformer-onehot,HCDR3,C,-0.0099183404818177
Transformer-onehot,HCDR3,C,-0.0144232464954257
Transformer-onehot,HCDR3,C,-0.0059958123601973
Transformer-onehot,HCDR3,C,-0.0143330311402678
Transformer-onehot,HCDR3,C,-0.0106047978624701
Transformer-onehot,HCDR3,C,-0.0124249700456857
Transformer-onehot,HCDR3,C,-0.0150186624377965
Transformer-onehot,HCDR3,C,-0.0058496440760791
Transformer-onehot,HCDR3,C,-0.0156306363642215
Transformer-onehot,HCDR3,C,-0.0169035587459802
Transformer-onehot,HCDR3,C,-0.016851719468832
Transformer-onehot,HCDR3,C,-0.0138078983873128
Transformer-onehot,HCDR3,C,-0.0092177484184503
Transformer-onehot,HCDR3,C,-0.0089548919349908
Transformer-onehot,HCDR3,C,-0.0094902226701378
Transformer-onehot,HCDR3,C,-0.012023851275444
Transformer-onehot,HCDR3,C,-0.0172574911266565
Transformer-onehot,HCDR3,C,-0.0097689665853977
Transformer-onehot,HCDR3,C,-0.0084394207224249
Transformer-onehot,HCDR3,C,-0.011804855428636
Transformer-onehot,HCDR3,C,-0.0127907060086727
Transformer-onehot,HCDR3,C,-0.0097553944215178
Transformer-onehot,HCDR3,C,-0.018187703564763
Transformer-onehot,HCDR3,C,-0.0098708216100931
Transformer-onehot,HCDR3,C,-0.0096435714513063
Transformer-onehot,HCDR3,C,-0.0082924542948603
Transformer-onehot,HCDR3,C,-0.0110665680840611
Transformer-onehot,HCDR3,C,-0.0201225224882364
Transformer-onehot,HCDR3,C,-0.0178422573953866
Transformer-onehot,HCDR3,C,-0.0097675500437617
Transformer-onehot,HCDR3,C,-0.0095690311864018
Transformer-onehot,HCDR3,C,-0.0143338153138756
Transformer-onehot,HCDR3,C,-0.0159225892275571
Transformer-onehot,HCDR3,C,-0.0044247251935303
Transformer-onehot,HCDR3,C,-0.014448425732553
Transformer-onehot,HCDR3,C,-0.0083742877468466
Transformer-onehot,HCDR3,C,-0.0187493953853845
Transformer-onehot,HCDR3,C,-0.0138909323140978
Transformer-onehot,HCDR3,C,-0.0093738222494721
Transformer-onehot,HCDR3,C,-0.0096314316615462
Transformer-onehot,HCDR3,C,-0.0089643662795424
Transformer-onehot,HCDR3,C,-0.0135870445519685
Transformer-onehot,HCDR3,C,-0.0189188700169324
Transformer-onehot,HCDR3,C,-0.0200056675821542
Transformer-onehot,HCDR3,C,-0.0078059826046228
Transformer-onehot,HCDR3,C,-0.0136265885084867
Transformer-onehot,HCDR3,C,-0.008916082791984
Transformer-onehot,HCDR3,C,-0.0192985665053129
Transformer-onehot,HCDR3,C,-0.0162730459123849
Transformer-onehot,HCDR3,C,-0.0092638004571199
Transformer-onehot,HCDR3,C,-0.0148576730862259
Transformer-onehot,HCDR3,C,-0.018228517845273
Transformer-onehot,HCDR3,C,-0.0063812951557338
Transformer-onehot,HCDR3,C,-0.0127588026225566
Transformer-onehot,HCDR3,C,-0.0114183444529771
Transformer-onehot,HCDR3,C,-0.0148543799296021
Transformer-onehot,HCDR3,C,-0.0188975241035223
Transformer-onehot,HCDR3,C,-0.0127970138564705
Transformer-onehot,HCDR3,C,-0.0208783615380525
Transformer-onehot,HCDR3,C,-0.0097914924845099
Transformer-onehot,HCDR3,C,-0.0118738012388348
Transformer-onehot,HCDR3,C,-0.0110599417239427
Transformer-onehot,HCDR3,C,-0.0160728674381971
Transformer-onehot,HCDR3,C,-0.0171832703053951
Transformer-onehot,HCDR3,C,-0.0160059370100498
Transformer-onehot,HCDR3,C,-0.0189005807042121
Transformer-onehot,HCDR3,C,-0.0107174785807728
Transformer-onehot,HCDR3,C,-0.0085589317604899
Transformer-onehot,HCDR3,C,-0.0187797788530588
Transformer-onehot,HCDR3,C,-0.0149971917271614
Transformer-onehot,HCDR3,C,-0.0152429984882473
Transformer-onehot,HCDR3,C,-0.0111530842259526
Transformer-onehot,HCDR3,C,-0.0211303979158401
Transformer-onehot,HCDR3,C,-0.0152697479352355
Transformer-onehot,HCDR3,C,-0.0102624520659446
Transformer-onehot,HCDR3,C,-0.0156600549817085
Transformer-onehot,HCDR3,C,-0.0199992135167121
Transformer-onehot,HCDR3,C,-0.0167994350194931
Transformer-onehot,HCDR3,C,-0.0178924929350614
Transformer-onehot,HCDR3,C,-0.0105864740908145
Transformer-onehot,HCDR3,C,-0.0102957841008901
Transformer-onehot,HCDR3,C,-0.0140857826918363
Transformer-onehot,HCDR3,C,-0.0176313333213329
Transformer-onehot,HCDR3,C,-0.0084938565269112
Transformer-onehot,HCDR3,C,-0.0108348680660128
Transformer-onehot,HCDR3,C,-0.0142207220196723
Transformer-onehot,HCDR3,C,-0.0171335209161043
Transformer-onehot,HCDR3,C,-0.020059922710061
Transformer-onehot,HCDR3,C,-0.0146598741412162
Transformer-onehot,HCDR3,C,-0.0154434721916913
Transformer-onehot,HCDR3,C,-0.0131051000207662
Transformer-onehot,HCDR3,C,-0.0127445328980684
Transformer-onehot,HCDR3,C,-0.0121087878942489
Transformer-onehot,HCDR3,C,-0.0111284954473376
Transformer-onehot,HCDR3,C,-0.012358034029603
Transformer-onehot,HCDR3,C,-0.0222988314926624
Transformer-onehot,HCDR3,C,-0.0069643324241042
Transformer-onehot,HCDR3,C,-0.0038941595703363
Transformer-onehot,HCDR3,C,-0.0122880656272172
Transformer-onehot,HCDR3,C,-0.0066378926858305
Transformer-onehot,HCDR3,C,-0.0029076056089252
Transformer-onehot,HCDR3,C,-0.0138992853462696
Transformer-onehot,HCDR3,C,-0.0081734266132116
Transformer-onehot,HCDR3,C,-0.0033406629227101
Transformer-onehot,HCDR3,C,-0.0166479926556348
Transformer-onehot,HCDR3,C,-0.0094284312799572
Transformer-onehot,HCDR3,C,-0.0042103049345314
Transformer-onehot,HCDR3,C,-0.0167131014168262
Transformer-onehot,HCDR3,C,-0.0093622794374823
Transformer-onehot,HCDR3,C,-0.0076536606065928
Transformer-onehot,HCDR3,C,-0.0065164379775524
Transformer-onehot,HCDR3,C,-0.0031550214625895
Transformer-onehot,HCDR3,C,-0.0043386947363615
Transformer-onehot,HCDR3,C,-0.0038434471935033
Transformer-onehot,HCDR3,C,-0.010071812197566
Transformer-onehot,HCDR3,C,-0.0027106553316116
Transformer-onehot,HCDR3,C,-0.0080384323373436
Transformer-onehot,HCDR3,C,-0.0028974385932087
Transformer-onehot,HCDR3,C,-0.0069648497737944
Transformer-onehot,HCDR3,C,-0.0049378294497728
Transformer-onehot,HCDR3,C,-0.0040580881759524
Transformer-onehot,HCDR3,C,-0.0063363499939441
Transformer-onehot,HCDR3,C,-0.0038995905779302
Transformer-onehot,HCDR3,C,-0.0068197641521692
Transformer-onehot,HCDR3,C,-0.0022251494228839
Transformer-onehot,HCDR3,C,-0.0099492641165852
Transformer-onehot,HCDR3,C,-0.010387685149908
Transformer-onehot,HCDR3,C,-0.0124006234109401
Transformer-onehot,HCDR3,C,-0.0108516328036785
Transformer-onehot,HCDR3,C,-0.011931580491364
Transformer-onehot,HCDR3,C,-0.0084990048781037
Transformer-onehot,HCDR3,C,-0.0092498203739523
Transformer-onehot,HCDR3,C,-0.0034948247484862
Transformer-onehot,HCDR3,C,-0.0110624469816684
Transformer-onehot,HCDR3,C,-0.0029785162769258
Transformer-onehot,HCDR3,C,-0.0125914812088012
Transformer-onehot,HCDR3,C,-0.0079445969313383
Transformer-onehot,HCDR3,C,-0.013397098518908
Transformer-onehot,HCDR3,C,-0.0084575917571783
Transformer-onehot,HCDR3,C,-0.006263465154916
Transformer-onehot,HCDR3,C,-0.0043182210065424
Transformer-onehot,HCDR3,C,-0.0098268752917647
Transformer-onehot,HCDR3,C,-0.0047776377759873
Transformer-onehot,HCDR3,C,-0.007273725233972
Transformer-onehot,HCDR3,C,-0.0071746725589036
Transformer-onehot,HCDR3,C,-0.0107472045347094
Transformer-onehot,HCDR3,C,-0.0076031326316297
Transformer-onehot,HCDR3,C,-0.0033518872223794
Transformer-onehot,HCDR3,C,-0.005123624112457
Transformer-onehot,HCDR3,C,-0.0076286043040454
Transformer-onehot,HCDR3,C,-0.0062365401536226
Transformer-onehot,HCDR3,C,-0.0040356926620006
Transformer-onehot,HCDR3,C,-0.0170942991971969
Transformer-onehot,HCDR3,C,-0.0021761127281934
Transformer-onehot,HCDR3,C,-0.004113052971661
Transformer-onehot,HCDR3,C,-0.006337066181004
Transformer-onehot,HCDR3,C,-0.0047569246962666
Transformer-onehot,HCDR3,C,-0.0051168790087103
Transformer-onehot,HCDR3,C,-0.0092719849199056
Transformer-onehot,HCDR3,C,-0.0050057680346071
Transformer-onehot,HCDR3,C,-0.00588048575446
Transformer-onehot,HCDR3,C,-0.0144239393994212
Transformer-onehot,HCDR3,C,-0.0142858466133475
Transformer-onehot,HCDR3,C,-0.0090151578187942
Transformer-onehot,HCDR3,C,-0.0125088570639491
Transformer-onehot,HCDR3,C,-0.01491688657552
Transformer-onehot,HCDR3,C,-0.0077805565670132
Transformer-onehot,HCDR3,C,-0.0066374279558658
Transformer-onehot,HCDR3,C,-0.0076461536809802
Transformer-onehot,HCDR3,C,-0.0115756001323461
Transformer-onehot,HCDR3,C,-0.0089084925130009
Transformer-onehot,HCDR3,C,-0.0069589791819453
Transformer-onehot,HCDR3,C,-0.0032127578742802
Transformer-onehot,HCDR3,C,-0.0171602703630924
Transformer-onehot,HCDR3,C,-0.0037704035639762
Transformer-onehot,HCDR3,C,-0.0137166483327746
Transformer-onehot,HCDR3,C,-0.0091431261971592
Transformer-onehot,HCDR3,C,-0.0039726365357637
Transformer-onehot,HCDR3,C,-0.0131076909601688
Transformer-onehot,HCDR3,C,-0.0057978141121566
Transformer-onehot,HCDR3,C,-0.0031044785864651
Transformer-onehot,HCDR3,C,-0.0150319952517747
Transformer-onehot,HCDR3,C,-0.0069261323660612
Transformer-onehot,HCDR3,C,-0.0030456914100795
Transformer-onehot,HCDR3,C,-0.0037215377669781
Transformer-onehot,HCDR3,C,-0.0039977738633751
Transformer-onehot,HCDR3,C,-0.0140628246590495
Transformer-onehot,HCDR3,C,-0.0062369974330067
Transformer-onehot,HCDR3,C,-0.007023693062365
Transformer-onehot,HCDR3,C,-0.0078079691156744
Transformer-onehot,HCDR3,C,-0.0104463845491409
Transformer-onehot,HCDR3,C,-0.0107433199882507
Transformer-onehot,HCDR3,C,-0.0061802789568901
Transformer-onehot,HCDR3,C,-0.0128203704953193
Transformer-onehot,HCDR3,C,-0.0043955077417194
Transformer-onehot,HCDR3,C,-0.0058909910731017
Transformer-onehot,HCDR3,C,-0.0145491296425461
Transformer-onehot,HCDR3,C,-0.0034468783996999
Transformer-onehot,HCDR3,C,-0.0048259431496262
Transformer-onehot,HCDR3,C,-0.0043029827065765
Transformer-onehot,HCDR3,C,-0.0058560543693602
Transformer-onehot,HCDR3,C,-0.0142794474959373
Transformer-onehot,HCDR3,C,-0.0094714667648077
Transformer-onehot,HCDR3,C,-0.01617231965065
Transformer-onehot,HCDR3,C,-0.0070805451832711
Transformer-onehot,HCDR3,C,-0.0069674174301326
Transformer-onehot,HCDR3,C,-0.0157381072640419
Transformer-onehot,HCDR3,C,-0.0048739314079284
Transformer-onehot,HCDR3,C,-0.0049840821884572
Transformer-onehot,HCDR3,C,-0.0060993232764303
Transformer-onehot,HCDR3,C,-0.004321682266891
Transformer-onehot,HCDR3,C,-0.00596280163154
Transformer-onehot,HCDR3,C,-0.0047979345545172
Transformer-onehot,HCDR3,C,-0.005929222330451
Transformer-onehot,HCDR3,C,-0.0101157277822494
Transformer-onehot,HCDR3,C,-0.0063192537054419
Transformer-onehot,HCDR3,C,-0.0089193414896726
Transformer-onehot,HCDR3,C,-0.0102031342685222
Transformer-onehot,HCDR3,C,-0.007176533807069
Transformer-onehot,HCDR3,C,-0.0072584673762321
Transformer-onehot,HCDR3,C,-0.005705140531063
Transformer-onehot,HCDR3,C,-0.0066827107220888
Transformer-onehot,HCDR3,C,-0.005287499167025
Transformer-onehot,HCDR3,C,-0.0086463969200849
Transformer-onehot,HCDR3,C,-0.0050865672528743
Transformer-onehot,HCDR3,C,-0.0065236864611506
Transformer-onehot,HCDR3,C,-0.0077123777009546
Transformer-onehot,HCDR3,C,-0.0047081904485821
Transformer-onehot,HCDR3,C,-0.0052408874034881
Transformer-onehot,HCDR3,C,-0.0163009669631719
Transformer-onehot,HCDR3,C,-0.0085171051323413
Transformer-onehot,HCDR3,C,-0.0038016552571207
Transformer-onehot,HCDR3,C,-0.0105977402999997
Transformer-onehot,HCDR3,C,-0.0032459700014442
Transformer-onehot,HCDR3,C,-0.0163002982735633
Transformer-onehot,HCDR3,C,-0.0038302277680486
Transformer-onehot,HCDR3,C,-0.007755409926176
Transformer-onehot,HCDR3,C,-0.0044896807521581
Transformer-onehot,HCDR3,C,-0.0088584898039698
Transformer-onehot,HCDR3,C,-0.0073679899796843
Transformer-onehot,HCDR3,C,-0.0080059068277478
Transformer-onehot,HCDR3,C,-0.0150788845494389
Transformer-onehot,HCDR3,C,-0.004242034163326
Transformer-onehot,HCDR3,C,-0.0024044304154813
Transformer-onehot,HCDR3,C,-0.0076947058551013
Transformer-onehot,HCDR3,C,-0.013507530093193
Transformer-onehot,HCDR3,C,-0.0060000643134117
Transformer-onehot,HCDR3,C,-0.0067121582105755
Transformer-onehot,HCDR3,C,-0.0149961225688457
Transformer-onehot,HCDR3,C,-0.0116222454234957
Transformer-onehot,HCDR3,C,-0.0057311742566525
Transformer-onehot,HCDR3,C,-0.0073302956297993
Transformer-onehot,HCDR3,C,-0.0083634136244654
Transformer-onehot,HCDR3,C,-0.008350939489901
Transformer-onehot,HCDR3,C,-0.005623809993267
Transformer-onehot,HCDR3,C,-0.0098283495754003
Transformer-onehot,HCDR3,C,-0.013430031016469
Transformer-onehot,HCDR3,C,-0.0145073002204298
Transformer-onehot,HCDR3,C,-0.0056358440779149
Transformer-onehot,HCDR3,C,-0.005800568498671
Transformer-onehot,HCDR3,C,-0.004139341879636
Transformer-onehot,HCDR3,C,-0.0041508292779326
Transformer-onehot,HCDR3,C,-0.0096132261678576
Transformer-onehot,HCDR3,C,-0.0060135326348245
Transformer-onehot,HCDR3,C,-0.0134139852598309
Transformer-onehot,HCDR3,C,-0.0112582063302397
Transformer-onehot,HCDR3,C,-0.0046584894880652
Transformer-onehot,HCDR3,C,-0.0076343058608472
Transformer-onehot,HCDR3,C,-0.0049998871982097
Transformer-onehot,HCDR3,C,-0.0079342937096953
Transformer-onehot,HCDR3,C,-0.003683325368911
Transformer-onehot,HCDR3,C,-0.0105349430814385
Transformer-onehot,HCDR3,C,-0.0042225616052746
Transformer-onehot,HCDR3,C,-0.0096724294126033
Transformer-onehot,HCDR3,C,-0.0126086445525288
Transformer-onehot,HCDR3,C,-0.0040949289686977
Transformer-onehot,HCDR3,C,-0.0072720707394182
Transformer-onehot,HCDR3,C,-0.0082534858956933
Transformer-onehot,HCDR3,C,-0.0073690447025001
Transformer-onehot,HCDR3,C,-0.0084431655704975
Transformer-onehot,HCDR3,C,-0.0087547628208994
Transformer-onehot,HCDR3,C,-0.0058440440334379
Transformer-onehot,HCDR3,C,-0.0041459435597062
Transformer-onehot,HCDR3,C,-0.0036989250220358
Transformer-onehot,HCDR3,C,-0.0039692102000117
Transformer-onehot,HCDR3,C,-0.0104435989633202
Transformer-onehot,HCDR3,C,-0.0047217174433171
Transformer-onehot,HCDR3,C,-0.0088932001963257
Transformer-onehot,HCDR3,C,-0.0023372995201498
Transformer-onehot,HCDR3,C,-0.0064151831902563
Transformer-onehot,HCDR3,C,-0.017122883349657
Transformer-onehot,HCDR3,C,-0.0031961796339601
Transformer-onehot,HCDR3,C,-0.0031879318412393
Transformer-onehot,HCDR3,C,-0.0046379095874726
Transformer-onehot,HCDR3,C,-0.0074355513788759
Transformer-onehot,HCDR3,C,-0.0090004056692123
Transformer-onehot,HCDR3,C,-0.0133228925988078
Transformer-onehot,HCDR3,C,-0.009523969143629
Transformer-onehot,HCDR3,C,-0.00497942045331
Transformer-onehot,HCDR3,C,-0.0054954448714852
Transformer-onehot,HCDR3,C,-0.0094407321885228
Transformer-onehot,HCDR3,C,-0.0144188571721315
Transformer-onehot,HCDR3,C,-0.0038667416665703
Transformer-onehot,HCDR3,C,-0.0035305183846503
Transformer-onehot,HCDR3,C,-0.0056529226712882
Transformer-onehot,HCDR3,C,-0.0049393041990697
Transformer-onehot,HCDR3,C,-0.0072581083513796
Transformer-onehot,HCDR3,C,-0.0144276060163974
Transformer-onehot,HCDR3,C,-0.0048288130201399
Transformer-onehot,HCDR3,C,-0.0069764461368322
Transformer-onehot,HCDR3,C,-0.0100112920626997
Transformer-onehot,HCDR3,C,-0.0098485266789793
Transformer-onehot,HCDR3,C,-0.0111406836658716
Transformer-onehot,HCDR3,C,-0.0088771134614944
Transformer-onehot,HCDR3,C,-0.0068404502235352
Transformer-onehot,HCDR3,C,-0.0135572720319032
Transformer-onehot,HCDR3,C,-0.0037542204372584
Transformer-onehot,HCDR3,C,-0.0117812836542725
Transformer-onehot,HCDR3,C,-0.0140296733006834
Transformer-onehot,HCDR3,C,-0.0082175899296998
Transformer-onehot,HCDR3,C,-0.0065811797976493
Transformer-onehot,HCDR3,C,-0.0099197085946798
Transformer-onehot,HCDR3,C,-0.0052404887974262
Transformer-onehot,HCDR3,C,-0.0036662225611507
Transformer-onehot,HCDR3,C,-0.0040800990536808
Transformer-onehot,HCDR3,C,-0.0051499591208994
Transformer-onehot,HCDR3,C,-0.0085727469995617
Transformer-onehot,HCDR3,C,-0.0080997394397854
Transformer-onehot,HCDR3,C,-0.0075709959492087
Transformer-onehot,HCDR3,C,-0.0098970225080847
Transformer-onehot,HCDR3,C,-0.0055637592449784
Transformer-onehot,HCDR3,C,-0.0041459570638835
Transformer-onehot,HCDR3,C,-0.0096033988520503
Transformer-onehot,HCDR3,C,-0.0065761688165366
Transformer-onehot,HCDR3,C,-0.006621983833611
Transformer-onehot,HCDR3,C,-0.0040454347617924
Transformer-onehot,HCDR3,C,-0.0041971090249717
Transformer-onehot,HCDR3,C,-0.019095242023468
Transformer-onehot,HCDR3,C,-0.0113915791735053
Transformer-onehot,HCDR3,C,-0.0033596099819988
Transformer-onehot,HCDR3,C,-0.0034920736216008
Transformer-onehot,HCDR3,C,-0.0103563927114009
Transformer-onehot,HCDR3,C,-0.0075959730893373
Transformer-onehot,HCDR3,C,-0.0121126044541597
Transformer-onehot,HCDR3,C,-0.00377923483029
Transformer-onehot,HCDR3,C,-0.0037483931519091
Transformer-onehot,HCDR3,D,0.3493970930576324
Transformer-onehot,HCDR3,D,0.5928352475166321
Transformer-onehot,HCDR3,D,0.4468602836132049
Transformer-onehot,HCDR3,D,0.4662000238895416
Transformer-onehot,HCDR3,D,0.5053591132164001
Transformer-onehot,HCDR3,D,0.0
Transformer-onehot,HCDR3,D,0.355798065662384
Transformer-onehot,HCDR3,D,0.4465989172458648
Transformer-onehot,HCDR3,D,1.0297305583953855
Transformer-onehot,HCDR3,D,0.4692432284355163
Transformer-onehot,HCDR3,D,0.5131630301475525
Transformer-onehot,HCDR3,D,0.417108416557312
Transformer-onehot,HCDR3,D,0.4947539269924164
Transformer-onehot,HCDR3,D,0.6769331693649292
Transformer-onehot,HCDR3,D,0.4614526033401489
Transformer-onehot,HCDR3,D,0.3821393847465515
Transformer-onehot,HCDR3,D,0.8694774508476257
Transformer-onehot,HCDR3,D,0.4508055746555328
Transformer-onehot,HCDR3,D,0.5852819681167603
Transformer-onehot,HCDR3,D,0.6035506725311279
Transformer-onehot,HCDR3,D,0.5723491311073303
Transformer-onehot,HCDR3,D,0.616519570350647
Transformer-onehot,HCDR3,D,0.3087185025215149
Transformer-onehot,HCDR3,D,0.3769821524620056
Transformer-onehot,HCDR3,D,0.8053783178329468
Transformer-onehot,HCDR3,D,0.4536755084991455
Transformer-onehot,HCDR3,D,0.3682757616043091
Transformer-onehot,HCDR3,D,0.4167178571224212
Transformer-onehot,HCDR3,D,0.5501852035522461
Transformer-onehot,HCDR3,D,0.8528279662132263
Transformer-onehot,HCDR3,D,0.6634939312934875
Transformer-onehot,HCDR3,D,0.4373821914196014
Transformer-onehot,HCDR3,D,0.607988715171814
Transformer-onehot,HCDR3,D,0.6634939908981323
Transformer-onehot,HCDR3,D,1.232765555381775
Transformer-onehot,HCDR3,D,0.3552578687667846
Transformer-onehot,HCDR3,D,0.4245827794075012
Transformer-onehot,HCDR3,D,0.5385082364082336
Transformer-onehot,HCDR3,D,0.3706282079219818
Transformer-onehot,HCDR3,D,0.4308205246925354
Transformer-onehot,HCDR3,D,0.3727582991123199
Transformer-onehot,HCDR3,D,0.3143222332000732
Transformer-onehot,HCDR3,D,0.6005519032478333
Transformer-onehot,HCDR3,D,0.5861576795578003
Transformer-onehot,HCDR3,D,0.4749681651592254
Transformer-onehot,HCDR3,D,0.4554945826530456
Transformer-onehot,HCDR3,D,0.314007431268692
Transformer-onehot,HCDR3,D,2.9706344604492188
Transformer-onehot,HCDR3,D,0.6291601657867432
Transformer-onehot,HCDR3,D,1.86255407333374
Transformer-onehot,HCDR3,D,0.2120177745819091
Transformer-onehot,HCDR3,D,0.42324298620224
Transformer-onehot,HCDR3,D,0.7601221799850464
Transformer-onehot,HCDR3,D,0.5860029458999634
Transformer-onehot,HCDR3,D,0.5971475839614868
Transformer-onehot,HCDR3,D,0.6274225115776062
Transformer-onehot,HCDR3,D,0.4131492376327514
Transformer-onehot,HCDR3,D,0.4674906134605407
Transformer-onehot,HCDR3,D,0.5345168709754944
Transformer-onehot,HCDR3,D,0.3386640548706054
Transformer-onehot,HCDR3,D,0.545199990272522
Transformer-onehot,HCDR3,D,0.3935007452964782
Transformer-onehot,HCDR3,D,0.4394489824771881
Transformer-onehot,HCDR3,D,0.6010749936103821
Transformer-onehot,HCDR3,D,0.3336482346057892
Transformer-onehot,HCDR3,D,0.5321502685546875
Transformer-onehot,HCDR3,D,0.4984424114227295
Transformer-onehot,HCDR3,D,0.6367625594139099
Transformer-onehot,HCDR3,D,0.6754156351089478
Transformer-onehot,HCDR3,D,0.4747994840145111
Transformer-onehot,HCDR3,D,0.5975775718688965
Transformer-onehot,HCDR3,D,0.2581939399242401
Transformer-onehot,HCDR3,D,0.9161682724952698
Transformer-onehot,HCDR3,D,0.5299148559570312
Transformer-onehot,HCDR3,D,0.71511310338974
Transformer-onehot,HCDR3,D,0.6754869818687439
Transformer-onehot,HCDR3,D,1.3566309213638306
Transformer-onehot,HCDR3,D,0.6261556148529053
Transformer-onehot,HCDR3,D,0.5655398368835449
Transformer-onehot,HCDR3,D,0.5254827737808228
Transformer-onehot,HCDR3,D,0.3910260498523712
Transformer-onehot,HCDR3,D,0.6376147866249084
Transformer-onehot,HCDR3,D,0.7110210061073303
Transformer-onehot,HCDR3,D,0.6920421123504639
Transformer-onehot,HCDR3,D,0.4814309477806091
Transformer-onehot,HCDR3,D,0.3684118092060089
Transformer-onehot,HCDR3,D,0.3055768311023712
Transformer-onehot,HCDR3,D,0.6236608624458313
Transformer-onehot,HCDR3,D,0.9588526487350464
Transformer-onehot,HCDR3,D,0.8672385215759277
Transformer-onehot,HCDR3,D,0.4374529421329498
Transformer-onehot,HCDR3,D,0.7625396251678467
Transformer-onehot,HCDR3,D,0.3755896985530853
Transformer-onehot,HCDR3,D,0.3309524953365326
Transformer-onehot,HCDR3,D,0.4576461613178253
Transformer-onehot,HCDR3,D,0.452092707157135
Transformer-onehot,HCDR3,D,0.302961140871048
Transformer-onehot,HCDR3,D,0.4189855754375458
Transformer-onehot,HCDR3,D,0.5012456774711609
Transformer-onehot,HCDR3,D,0.3390877544879913
Transformer-onehot,HCDR3,D,0.4517175853252411
Transformer-onehot,HCDR3,D,0.3926481902599334
Transformer-onehot,HCDR3,D,0.728734016418457
Transformer-onehot,HCDR3,D,0.3560731709003448
Transformer-onehot,HCDR3,D,0.6057071089744568
Transformer-onehot,HCDR3,D,0.3300468325614929
Transformer-onehot,HCDR3,D,0.8102234601974487
Transformer-onehot,HCDR3,D,1.2752741575241089
Transformer-onehot,HCDR3,D,2.884458065032959
Transformer-onehot,HCDR3,D,0.6542789936065674
Transformer-onehot,HCDR3,D,0.2129471749067306
Transformer-onehot,HCDR3,D,0.3512302041053772
Transformer-onehot,HCDR3,D,0.5221832394599915
Transformer-onehot,HCDR3,D,0.5001476407051086
Transformer-onehot,HCDR3,D,0.3870384395122528
Transformer-onehot,HCDR3,D,0.6246293783187866
Transformer-onehot,HCDR3,D,0.5441738963127136
Transformer-onehot,HCDR3,D,1.3677455186843872
Transformer-onehot,HCDR3,D,0.4751386046409607
Transformer-onehot,HCDR3,D,0.1705947369337082
Transformer-onehot,HCDR3,D,0.1948552131652832
Transformer-onehot,HCDR3,D,0.5564296245574951
Transformer-onehot,HCDR3,D,0.4270899295806885
Transformer-onehot,HCDR3,D,0.3436369299888611
Transformer-onehot,HCDR3,D,1.6236872673034668
Transformer-onehot,HCDR3,D,0.50203937292099
Transformer-onehot,HCDR3,D,0.4030652046203613
Transformer-onehot,HCDR3,D,0.3491926491260528
Transformer-onehot,HCDR3,D,1.0297080278396606
Transformer-onehot,HCDR3,D,0.7583628296852112
Transformer-onehot,HCDR3,D,0.4636521637439728
Transformer-onehot,HCDR3,D,0.3563326299190521
Transformer-onehot,HCDR3,D,0.9262682199478148
Transformer-onehot,HCDR3,D,0.6357874870300293
Transformer-onehot,HCDR3,D,0.3266910910606384
Transformer-onehot,HCDR3,D,0.3914083838462829
Transformer-onehot,HCDR3,D,0.5754177570343018
Transformer-onehot,HCDR3,D,0.5432976484298706
Transformer-onehot,HCDR3,D,0.5399870872497559
Transformer-onehot,HCDR3,D,0.5275522470474243
Transformer-onehot,HCDR3,D,0.6278195381164551
Transformer-onehot,HCDR3,D,0.3570978343486786
Transformer-onehot,HCDR3,D,0.5321725606918335
Transformer-onehot,HCDR3,D,0.5837128758430481
Transformer-onehot,HCDR3,D,0.4071565866470337
Transformer-onehot,HCDR3,D,0.740593671798706
Transformer-onehot,HCDR3,D,2.4784631729125977
Transformer-onehot,HCDR3,D,0.262987345457077
Transformer-onehot,HCDR3,D,0.9599536061286926
Transformer-onehot,HCDR3,D,0.5096558332443237
Transformer-onehot,HCDR3,D,0.9302064180374146
Transformer-onehot,HCDR3,D,0.4461533427238464
Transformer-onehot,HCDR3,D,1.1978310346603394
Transformer-onehot,HCDR3,D,0.3429169952869415
Transformer-onehot,HCDR3,D,0.3566178381443023
Transformer-onehot,HCDR3,D,0.3144648373126983
Transformer-onehot,HCDR3,D,0.3430960178375244
Transformer-onehot,HCDR3,D,0.4877447783946991
Transformer-onehot,HCDR3,D,0.3125713765621185
Transformer-onehot,HCDR3,D,0.5439443588256836
Transformer-onehot,HCDR3,D,2.419236421585083
Transformer-onehot,HCDR3,D,0.4238955676555633
Transformer-onehot,HCDR3,D,0.7239415049552917
Transformer-onehot,HCDR3,D,0.6745028495788574
Transformer-onehot,HCDR3,D,0.6934332251548767
Transformer-onehot,HCDR3,D,0.2777933776378631
Transformer-onehot,HCDR3,D,0.4078327417373657
Transformer-onehot,HCDR3,D,0.3353620171546936
Transformer-onehot,HCDR3,D,0.363520860671997
Transformer-onehot,HCDR3,D,0.2449126094579696
Transformer-onehot,HCDR3,D,0.6550631523132324
Transformer-onehot,HCDR3,D,0.4449226260185241
Transformer-onehot,HCDR3,D,0.1613935977220535
Transformer-onehot,HCDR3,D,0.3947736322879791
Transformer-onehot,HCDR3,D,0.7874710559844971
Transformer-onehot,HCDR3,D,0.4043228924274444
Transformer-onehot,HCDR3,D,0.756577730178833
Transformer-onehot,HCDR3,D,0.4377639293670654
Transformer-onehot,HCDR3,D,0.2576412260532379
Transformer-onehot,HCDR3,D,0.3430845141410827
Transformer-onehot,HCDR3,D,0.3741813600063324
Transformer-onehot,HCDR3,D,0.59123295545578
Transformer-onehot,HCDR3,D,0.6409406661987305
Transformer-onehot,HCDR3,D,0.4472472667694092
Transformer-onehot,HCDR3,D,0.4206827878952026
Transformer-onehot,HCDR3,D,1.7649517059326172
Transformer-onehot,HCDR3,D,0.4424057602882385
Transformer-onehot,HCDR3,D,0.4305395483970642
Transformer-onehot,HCDR3,D,0.8138890266418457
Transformer-onehot,HCDR3,D,0.1620200872421264
Transformer-onehot,HCDR3,D,0.5886662006378174
Transformer-onehot,HCDR3,D,0.4777710735797882
Transformer-onehot,HCDR3,D,0.1678666174411773
Transformer-onehot,HCDR3,D,0.40828338265419
Transformer-onehot,HCDR3,D,0.4010742902755737
Transformer-onehot,HCDR3,D,0.5584875345230103
Transformer-onehot,HCDR3,D,0.6100041270256042
Transformer-onehot,HCDR3,D,0.6250600814819336
Transformer-onehot,HCDR3,D,0.3444583117961883
Transformer-onehot,HCDR3,D,0.5265333652496338
Transformer-onehot,HCDR3,D,0.367514044046402
Transformer-onehot,HCDR3,D,0.5216604471206665
Transformer-onehot,HCDR3,D,0.8431428670883179
Transformer-onehot,HCDR3,D,0.4148609340190887
Transformer-onehot,HCDR3,D,0.3830029368400574
Transformer-onehot,HCDR3,D,0.5906561017036438
Transformer-onehot,HCDR3,D,0.4638435244560241
Transformer-onehot,HCDR3,D,0.4668194353580475
Transformer-onehot,HCDR3,D,0.235736072063446
Transformer-onehot,HCDR3,D,0.3125986754894256
Transformer-onehot,HCDR3,D,0.9752940535545348
Transformer-onehot,HCDR3,D,0.4190355539321899
Transformer-onehot,HCDR3,D,0.9195598363876344
Transformer-onehot,HCDR3,D,0.4163300395011902
Transformer-onehot,HCDR3,D,0.4527254998683929
Transformer-onehot,HCDR3,D,0.4838550686836242
Transformer-onehot,HCDR3,D,0.503592312335968
Transformer-onehot,HCDR3,D,0.4392761290073395
Transformer-onehot,HCDR3,D,0.7024584412574768
Transformer-onehot,HCDR3,D,0.6218160390853882
Transformer-onehot,HCDR3,D,0.3687251210212707
Transformer-onehot,HCDR3,D,0.3046885728836059
Transformer-onehot,HCDR3,D,0.6946327090263367
Transformer-onehot,HCDR3,D,0.5313024520874023
Transformer-onehot,HCDR3,D,0.5383622050285339
Transformer-onehot,HCDR3,D,0.3252982497215271
Transformer-onehot,HCDR3,D,0.6395100951194763
Transformer-onehot,HCDR3,D,0.5599345564842224
Transformer-onehot,HCDR3,D,0.3727021217346191
Transformer-onehot,HCDR3,D,0.6279593706130981
Transformer-onehot,HCDR3,D,0.0
Transformer-onehot,HCDR3,D,0.5152002573013306
Transformer-onehot,HCDR3,D,0.5830168128013611
Transformer-onehot,HCDR3,D,0.3830781877040863
Transformer-onehot,HCDR3,D,0.3219116926193237
Transformer-onehot,HCDR3,D,0.4562362134456634
Transformer-onehot,HCDR3,D,0.7776190042495728
Transformer-onehot,HCDR3,D,0.3929269909858703
Transformer-onehot,HCDR3,D,0.6821960210800171
Transformer-onehot,HCDR3,D,0.7447880506515503
Transformer-onehot,HCDR3,D,0.5529974102973938
Transformer-onehot,HCDR3,D,1.3980791568756104
Transformer-onehot,HCDR3,D,0.4618016481399536
Transformer-onehot,HCDR3,D,0.6811687350273132
Transformer-onehot,HCDR3,D,0.2567650973796844
Transformer-onehot,HCDR3,D,0.5193378925323486
Transformer-onehot,HCDR3,D,0.3939439356327057
Transformer-onehot,HCDR3,D,0.4063828587532043
Transformer-onehot,HCDR3,D,0.5129658579826355
Transformer-onehot,HCDR3,D,0.6786239147186279
Transformer-onehot,HCDR3,D,0.1285125464200973
Transformer-onehot,HCDR3,D,0.4025879800319671
Transformer-onehot,HCDR3,D,0.2726542055606842
Transformer-onehot,HCDR3,D,0.1076630651950836
Transformer-onehot,HCDR3,D,0.3686219453811645
Transformer-onehot,HCDR3,D,0.290970504283905
Transformer-onehot,HCDR3,D,0.5288456082344055
Transformer-onehot,HCDR3,D,0.5178300142288208
Transformer-onehot,HCDR3,D,0.4805994033813476
Transformer-onehot,HCDR3,D,0.6490210890769958
Transformer-onehot,HCDR3,D,0.0748790875077247
Transformer-onehot,HCDR3,D,0.4802399575710296
Transformer-onehot,HCDR3,D,0.1800369769334793
Transformer-onehot,HCDR3,D,0.8198798894882202
Transformer-onehot,HCDR3,D,0.1143074631690979
Transformer-onehot,HCDR3,D,0.38933265209198
Transformer-onehot,HCDR3,D,0.5702767968177795
Transformer-onehot,HCDR3,D,0.2999493479728699
Transformer-onehot,HCDR3,D,0.4039508104324341
Transformer-onehot,HCDR3,D,0.3547054529190063
Transformer-onehot,HCDR3,D,0.1431449204683303
Transformer-onehot,HCDR3,D,0.1898270100355148
Transformer-onehot,HCDR3,D,0.4325233399868011
Transformer-onehot,HCDR3,D,0.9028049111366272
Transformer-onehot,HCDR3,D,0.3550004363059997
Transformer-onehot,HCDR3,D,0.1185190007090568
Transformer-onehot,HCDR3,D,0.457020103931427
Transformer-onehot,HCDR3,D,0.3001799285411834
Transformer-onehot,HCDR3,D,0.1595312505960464
Transformer-onehot,HCDR3,D,0.6860970258712769
Transformer-onehot,HCDR3,D,0.1868092566728592
Transformer-onehot,HCDR3,D,0.288235992193222
Transformer-onehot,HCDR3,D,0.2191027253866195
Transformer-onehot,HCDR3,D,0.2742197215557098
Transformer-onehot,HCDR3,D,0.7825334668159485
Transformer-onehot,HCDR3,D,0.5527639389038086
Transformer-onehot,HCDR3,D,0.439965546131134
Transformer-onehot,HCDR3,D,0.2112708985805511
Transformer-onehot,HCDR3,D,0.4007169008255005
Transformer-onehot,HCDR3,D,0.3057383894920349
Transformer-onehot,HCDR3,D,0.3390021324157715
Transformer-onehot,HCDR3,D,0.3312267959117889
Transformer-onehot,HCDR3,D,0.1399043500423431
Transformer-onehot,HCDR3,D,0.3432490527629852
Transformer-onehot,HCDR3,D,0.4467553496360779
Transformer-onehot,HCDR3,D,0.2189718186855316
Transformer-onehot,HCDR3,D,0.0793696418404579
Transformer-onehot,HCDR3,D,0.1426659822463989
Transformer-onehot,HCDR3,D,0.4258683323860168
Transformer-onehot,HCDR3,D,0.2210520058870315
Transformer-onehot,HCDR3,D,0.1418795138597488
Transformer-onehot,HCDR3,D,0.3141309320926666
Transformer-onehot,HCDR3,D,0.2913311123847961
Transformer-onehot,HCDR3,D,0.1874086856842041
Transformer-onehot,HCDR3,D,0.1117783933877945
Transformer-onehot,HCDR3,D,0.2980166673660278
Transformer-onehot,HCDR3,D,0.4632147848606109
Transformer-onehot,HCDR3,D,0.1850296109914779
Transformer-onehot,HCDR3,D,0.4328588843345642
Transformer-onehot,HCDR3,D,0.5627971887588501
Transformer-onehot,HCDR3,D,0.302264541387558
Transformer-onehot,HCDR3,D,0.0908304676413536
Transformer-onehot,HCDR3,D,0.4717530310153961
Transformer-onehot,HCDR3,D,0.0960449054837226
Transformer-onehot,HCDR3,D,0.0955588072538375
Transformer-onehot,HCDR3,D,0.4249782562255859
Transformer-onehot,HCDR3,D,0.3563246726989746
Transformer-onehot,HCDR3,D,0.7986975908279419
Transformer-onehot,HCDR3,D,0.2585043907165527
Transformer-onehot,HCDR3,D,0.2965757250785827
Transformer-onehot,HCDR3,D,0.3890793323516845
Transformer-onehot,HCDR3,D,0.5931691527366638
Transformer-onehot,HCDR3,D,0.3827216029167175
Transformer-onehot,HCDR3,D,0.7627587914466858
Transformer-onehot,HCDR3,D,0.6856801509857178
Transformer-onehot,HCDR3,D,0.1229288130998611
Transformer-onehot,HCDR3,D,0.4994406104087829
Transformer-onehot,HCDR3,D,0.5216264724731445
Transformer-onehot,HCDR3,D,0.1794844716787338
Transformer-onehot,HCDR3,D,0.2804584205150604
Transformer-onehot,HCDR3,D,0.1957338005304336
Transformer-onehot,HCDR3,D,0.3905994296073913
Transformer-onehot,HCDR3,D,0.2795446813106537
Transformer-onehot,HCDR3,D,0.621366024017334
Transformer-onehot,HCDR3,D,0.3937096297740936
Transformer-onehot,HCDR3,D,0.4540337324142456
Transformer-onehot,HCDR3,D,0.1302749663591385
Transformer-onehot,HCDR3,D,0.456606388092041
Transformer-onehot,HCDR3,D,0.341068834066391
Transformer-onehot,HCDR3,D,0.0953635871410369
Transformer-onehot,HCDR3,D,0.9280155897140504
Transformer-onehot,HCDR3,D,0.1019579619169235
Transformer-onehot,HCDR3,D,0.3430107235908508
Transformer-onehot,HCDR3,D,0.3768235445022583
Transformer-onehot,HCDR3,D,0.6754086017608643
Transformer-onehot,HCDR3,D,0.2912394404411316
Transformer-onehot,HCDR3,D,0.1244309619069099
Transformer-onehot,HCDR3,D,0.2841233313083648
Transformer-onehot,HCDR3,D,0.2953901886940002
Transformer-onehot,HCDR3,D,0.6106350421905518
Transformer-onehot,HCDR3,D,0.4822455644607544
Transformer-onehot,HCDR3,D,0.4446010291576385
Transformer-onehot,HCDR3,D,0.2899409234523773
Transformer-onehot,HCDR3,D,0.2501189708709717
Transformer-onehot,HCDR3,D,0.097893014550209
Transformer-onehot,HCDR3,D,0.4407805204391479
Transformer-onehot,HCDR3,D,0.1809886544942855
Transformer-onehot,HCDR3,D,0.4133480191230774
Transformer-onehot,HCDR3,D,0.1197515502572059
Transformer-onehot,HCDR3,D,0.1584133952856063
Transformer-onehot,HCDR3,D,0.5060523152351379
Transformer-onehot,HCDR3,D,0.1986917853355407
Transformer-onehot,HCDR3,D,0.2605862915515899
Transformer-onehot,HCDR3,D,0.2486598193645477
Transformer-onehot,HCDR3,D,0.2898093461990356
Transformer-onehot,HCDR3,D,0.5264434218406677
Transformer-onehot,HCDR3,D,0.3197263479232788
Transformer-onehot,HCDR3,D,0.2316998839378357
Transformer-onehot,HCDR3,D,0.5784029960632324
Transformer-onehot,HCDR3,D,0.3777432143688202
Transformer-onehot,HCDR3,D,0.185222327709198
Transformer-onehot,HCDR3,D,0.176884576678276
Transformer-onehot,HCDR3,D,0.1892678588628769
Transformer-onehot,HCDR3,D,0.2808767855167389
Transformer-onehot,HCDR3,D,0.3754661679267883
Transformer-onehot,HCDR3,D,0.4562466740608215
Transformer-onehot,HCDR3,D,0.0969910100102424
Transformer-onehot,HCDR3,D,0.211991086602211
Transformer-onehot,HCDR3,D,0.5429263114929199
Transformer-onehot,HCDR3,D,0.6284887790679932
Transformer-onehot,HCDR3,D,0.1381213963031768
Transformer-onehot,HCDR3,D,0.3560843467712402
Transformer-onehot,HCDR3,D,0.2733115553855896
Transformer-onehot,HCDR3,D,0.5349523425102234
Transformer-onehot,HCDR3,D,0.1582470685243606
Transformer-onehot,HCDR3,D,0.4405558109283447
Transformer-onehot,HCDR3,D,0.6262834072113037
Transformer-onehot,HCDR3,D,0.4994938373565674
Transformer-onehot,HCDR3,D,0.5000020861625671
Transformer-onehot,HCDR3,D,0.3857643902301788
Transformer-onehot,HCDR3,D,0.4337979555130005
Transformer-onehot,HCDR3,D,0.6613327264785767
Transformer-onehot,HCDR3,D,0.1622358709573745
Transformer-onehot,HCDR3,D,0.7359604835510254
Transformer-onehot,HCDR3,D,0.1408383399248123
Transformer-onehot,HCDR3,D,0.3383495807647705
Transformer-onehot,HCDR3,D,0.0980949252843856
Transformer-onehot,HCDR3,D,0.3686800599098205
Transformer-onehot,HCDR3,D,0.3878915905952453
Transformer-onehot,HCDR3,D,0.3194377720355987
Transformer-onehot,HCDR3,D,0.3104939460754394
Transformer-onehot,HCDR3,D,0.3779566287994385
Transformer-onehot,HCDR3,D,0.3081835210323334
Transformer-onehot,HCDR3,D,0.559309184551239
Transformer-onehot,HCDR3,D,0.1117705404758453
Transformer-onehot,HCDR3,D,0.3391270637512207
Transformer-onehot,HCDR3,D,0.1577852964401245
Transformer-onehot,HCDR3,D,0.4733932018280029
Transformer-onehot,HCDR3,D,0.3031071722507477
Transformer-onehot,HCDR3,D,0.1867672055959701
Transformer-onehot,HCDR3,D,0.3612107634544372
Transformer-onehot,HCDR3,D,0.4108660817146301
Transformer-onehot,HCDR3,D,0.3195365667343139
Transformer-onehot,HCDR3,D,0.3233281373977661
Transformer-onehot,HCDR3,D,0.2999354898929596
Transformer-onehot,HCDR3,D,0.2347407042980194
Transformer-onehot,HCDR3,D,0.5441070199012756
Transformer-onehot,HCDR3,D,0.2818844318389892
Transformer-onehot,HCDR3,D,0.7927519083023071
Transformer-onehot,HCDR3,D,0.2596416473388672
Transformer-onehot,HCDR3,D,0.2148395776748657
Transformer-onehot,HCDR3,D,0.1877184063196182
Transformer-onehot,HCDR3,D,0.6548457145690918
Transformer-onehot,HCDR3,D,0.1405303478240966
Transformer-onehot,HCDR3,D,0.2592292428016662
Transformer-onehot,HCDR3,D,0.1880795210599899
Transformer-onehot,HCDR3,D,0.4978660047054291
Transformer-onehot,HCDR3,D,0.1796565651893615
Transformer-onehot,HCDR3,D,0.2936818897724151
Transformer-onehot,HCDR3,D,0.6716091632843018
Transformer-onehot,HCDR3,D,0.6637861132621765
Transformer-onehot,HCDR3,D,0.1616983711719513
Transformer-onehot,HCDR3,D,0.1248151585459709
Transformer-onehot,HCDR3,D,0.4945784211158752
Transformer-onehot,HCDR3,D,0.1915628463029861
Transformer-onehot,HCDR3,D,0.8730925917625427
Transformer-onehot,HCDR3,D,0.269099473953247
Transformer-onehot,HCDR3,D,0.22561115026474
Transformer-onehot,HCDR3,D,0.2169179618358612
Transformer-onehot,HCDR3,D,0.2088966816663742
Transformer-onehot,HCDR3,D,0.3068722486495971
Transformer-onehot,HCDR3,D,0.1711749881505966
Transformer-onehot,HCDR3,D,0.1205752491950988
Transformer-onehot,HCDR3,D,0.3692785203456878
Transformer-onehot,HCDR3,D,0.5540915131568909
Transformer-onehot,HCDR3,D,0.2085248082876205
Transformer-onehot,HCDR3,D,0.229385495185852
Transformer-onehot,HCDR3,D,0.3516621589660644
Transformer-onehot,HCDR3,D,0.6221595406532288
Transformer-onehot,HCDR3,D,0.1560474187135696
Transformer-onehot,HCDR3,D,0.3229885399341583
Transformer-onehot,HCDR3,D,0.6576505899429321
Transformer-onehot,HCDR3,D,0.5454572439193726
Transformer-onehot,HCDR3,D,0.4584454298019409
Transformer-onehot,HCDR3,D,0.17796291410923
Transformer-onehot,HCDR3,D,0.307612657546997
Transformer-onehot,HCDR3,D,0.3171635270118713
Transformer-onehot,HCDR3,D,0.4322505295276642
Transformer-onehot,HCDR3,D,0.3118039071559906
Transformer-onehot,HCDR3,D,0.2928768098354339
Transformer-onehot,HCDR3,D,0.3866146206855774
Transformer-onehot,HCDR3,D,0.5687959790229797
Transformer-onehot,HCDR3,D,0.5460125207901001
Transformer-onehot,HCDR3,D,0.4417750835418701
Transformer-onehot,HCDR3,D,0.6323583722114563
Transformer-onehot,HCDR3,D,0.1833012998104095
Transformer-onehot,HCDR3,D,0.2515569925308227
Transformer-onehot,HCDR3,D,0.1688515990972519
Transformer-onehot,HCDR3,D,0.1667317748069763
Transformer-onehot,HCDR3,D,0.2921428382396698
Transformer-onehot,HCDR3,D,0.3372213542461395
Transformer-onehot,HCDR3,D,0.2237171083688736
Transformer-onehot,HCDR3,D,0.2905609905719757
Transformer-onehot,HCDR3,D,0.1965997070074081
Transformer-onehot,HCDR3,D,0.3879057168960571
Transformer-onehot,HCDR3,D,0.2696709930896759
Transformer-onehot,HCDR3,D,0.0993586480617523
Transformer-onehot,HCDR3,D,0.0668974444270134
Transformer-onehot,HCDR3,D,0.2950188517570495
Transformer-onehot,HCDR3,D,0.4974520802497864
Transformer-onehot,HCDR3,D,0.4888925850391388
Transformer-onehot,HCDR3,D,0.2909838557243347
Transformer-onehot,HCDR3,D,0.1673985421657562
Transformer-onehot,HCDR3,D,0.1841709017753601
Transformer-onehot,HCDR3,D,0.097468763589859
Transformer-onehot,HCDR3,D,0.0800786390900611
Transformer-onehot,HCDR3,D,0.5279248952865601
Transformer-onehot,HCDR3,D,0.1206486970186233
Transformer-onehot,HCDR3,D,0.3559804260730743
Transformer-onehot,HCDR3,D,0.5204695463180542
Transformer-onehot,HCDR3,D,0.340300977230072
Transformer-onehot,HCDR3,D,0.6896981596946716
Transformer-onehot,HCDR3,D,0.2322595715522766
Transformer-onehot,HCDR3,D,0.3426084518432617
Transformer-onehot,HCDR3,D,0.2312156558036804
Transformer-onehot,HCDR3,D,0.2012729048728943
Transformer-onehot,HCDR3,D,0.1366658955812454
Transformer-onehot,HCDR3,D,0.2324698567390442
Transformer-onehot,HCDR3,D,0.3769325315952301
Transformer-onehot,HCDR3,D,0.2401785999536514
Transformer-onehot,HCDR3,E,0.0
Transformer-onehot,HCDR3,E,0.0
Transformer-onehot,HCDR3,E,0.0
Transformer-onehot,HCDR3,E,0.0
Transformer-onehot,HCDR3,E,0.0
Transformer-onehot,HCDR3,E,0.0
Transformer-onehot,HCDR3,E,0.0
Transformer-onehot,HCDR3,E,0.0
Transformer-onehot,HCDR3,E,0.0
Transformer-onehot,HCDR3,E,0.0
Transformer-onehot,HCDR3,E,0.0
Transformer-onehot,HCDR3,E,0.1823155581951141
Transformer-onehot,HCDR3,E,0.0
Transformer-onehot,HCDR3,E,0.0
Transformer-onehot,HCDR3,E,0.0
Transformer-onehot,HCDR3,E,0.0
Transformer-onehot,HCDR3,E,0.0
Transformer-onehot,HCDR3,E,0.0
Transformer-onehot,HCDR3,E,0.0
Transformer-onehot,HCDR3,E,0.0
Transformer-onehot,HCDR3,E,0.0
Transformer-onehot,HCDR3,E,0.0
Transformer-onehot,HCDR3,E,0.0
Transformer-onehot,HCDR3,E,0.0
Transformer-onehot,HCDR3,E,0.0
Transformer-onehot,HCDR3,E,0.0
Transformer-onehot,HCDR3,E,0.0
Transformer-onehot,HCDR3,E,0.0
Transformer-onehot,HCDR3,E,0.0
Transformer-onehot,HCDR3,E,0.0
Transformer-onehot,HCDR3,E,0.0
Transformer-onehot,HCDR3,E,0.0
Transformer-onehot,HCDR3,E,0.0
Transformer-onehot,HCDR3,E,0.0
Transformer-onehot,HCDR3,E,0.0
Transformer-onehot,HCDR3,E,0.0
Transformer-onehot,HCDR3,E,0.0
Transformer-onehot,HCDR3,E,0.0
Transformer-onehot,HCDR3,E,0.0
Transformer-onehot,HCDR3,E,0.0
Transformer-onehot,HCDR3,E,0.3010053932666778
Transformer-onehot,HCDR3,E,0.0
Transformer-onehot,HCDR3,E,0.0
Transformer-onehot,HCDR3,E,0.0
Transformer-onehot,HCDR3,E,0.0
Transformer-onehot,HCDR3,E,0.0
Transformer-onehot,HCDR3,E,0.0
Transformer-onehot,HCDR3,E,0.0
Transformer-onehot,HCDR3,E,0.0
Transformer-onehot,HCDR3,E,0.0
Transformer-onehot,HCDR3,E,0.0
Transformer-onehot,HCDR3,E,0.2775010466575622
Transformer-onehot,HCDR3,E,0.0
Transformer-onehot,HCDR3,E,0.0
Transformer-onehot,HCDR3,E,0.0
Transformer-onehot,HCDR3,E,0.0
Transformer-onehot,HCDR3,E,0.0
Transformer-onehot,HCDR3,E,0.0
Transformer-onehot,HCDR3,E,0.0
Transformer-onehot,HCDR3,E,0.0
Transformer-onehot,HCDR3,E,0.0
Transformer-onehot,HCDR3,E,0.0
Transformer-onehot,HCDR3,E,0.0
Transformer-onehot,HCDR3,E,0.0
Transformer-onehot,HCDR3,E,0.0
Transformer-onehot,HCDR3,E,0.0
Transformer-onehot,HCDR3,E,0.0
Transformer-onehot,HCDR3,E,0.0
Transformer-onehot,HCDR3,E,0.0
Transformer-onehot,HCDR3,E,0.0
Transformer-onehot,HCDR3,E,0.0
Transformer-onehot,HCDR3,E,0.0
Transformer-onehot,HCDR3,E,0.0
Transformer-onehot,HCDR3,E,0.0
Transformer-onehot,HCDR3,E,0.0
Transformer-onehot,HCDR3,E,0.0
Transformer-onehot,HCDR3,E,0.0
Transformer-onehot,HCDR3,E,0.0
Transformer-onehot,HCDR3,E,0.0
Transformer-onehot,HCDR3,E,0.0
Transformer-onehot,HCDR3,E,0.0
Transformer-onehot,HCDR3,E,0.0
Transformer-onehot,HCDR3,E,0.0
Transformer-onehot,HCDR3,E,0.0
Transformer-onehot,HCDR3,E,0.0
Transformer-onehot,HCDR3,E,0.0
Transformer-onehot,HCDR3,E,0.0
Transformer-onehot,HCDR3,E,0.0
Transformer-onehot,HCDR3,E,0.0
Transformer-onehot,HCDR3,E,0.0
Transformer-onehot,HCDR3,E,0.0
Transformer-onehot,HCDR3,E,0.0
Transformer-onehot,HCDR3,E,0.0
Transformer-onehot,HCDR3,E,0.0
Transformer-onehot,HCDR3,E,0.0
Transformer-onehot,HCDR3,E,0.0
Transformer-onehot,HCDR3,E,0.0
Transformer-onehot,HCDR3,E,0.0
Transformer-onehot,HCDR3,E,0.0
Transformer-onehot,HCDR3,E,0.0
Transformer-onehot,HCDR3,E,0.0
Transformer-onehot,HCDR3,E,0.0
Transformer-onehot,HCDR3,E,0.0
Transformer-onehot,HCDR3,E,0.0
Transformer-onehot,HCDR3,E,0.0
Transformer-onehot,HCDR3,E,0.0
Transformer-onehot,HCDR3,E,0.0
Transformer-onehot,HCDR3,E,0.0
Transformer-onehot,HCDR3,E,0.0
Transformer-onehot,HCDR3,E,1.1888175010681152
Transformer-onehot,HCDR3,E,0.0
Transformer-onehot,HCDR3,E,0.0
Transformer-onehot,HCDR3,E,0.0
Transformer-onehot,HCDR3,E,0.0
Transformer-onehot,HCDR3,E,0.0
Transformer-onehot,HCDR3,E,0.0
Transformer-onehot,HCDR3,E,0.0
Transformer-onehot,HCDR3,E,0.0
Transformer-onehot,HCDR3,E,0.0
Transformer-onehot,HCDR3,E,0.0
Transformer-onehot,HCDR3,E,0.0
Transformer-onehot,HCDR3,E,0.0
Transformer-onehot,HCDR3,E,0.0
Transformer-onehot,HCDR3,E,0.0
Transformer-onehot,HCDR3,E,0.0
Transformer-onehot,HCDR3,E,0.0
Transformer-onehot,HCDR3,E,0.0
Transformer-onehot,HCDR3,E,0.0
Transformer-onehot,HCDR3,E,0.0
Transformer-onehot,HCDR3,E,0.0
Transformer-onehot,HCDR3,E,0.0
Transformer-onehot,HCDR3,E,0.0
Transformer-onehot,HCDR3,E,0.0
Transformer-onehot,HCDR3,E,0.0
Transformer-onehot,HCDR3,E,0.0
Transformer-onehot,HCDR3,E,0.0
Transformer-onehot,HCDR3,E,0.0
Transformer-onehot,HCDR3,E,0.0
Transformer-onehot,HCDR3,E,0.0
Transformer-onehot,HCDR3,E,0.0
Transformer-onehot,HCDR3,E,0.0
Transformer-onehot,HCDR3,E,0.0
Transformer-onehot,HCDR3,E,0.0
Transformer-onehot,HCDR3,E,0.0
Transformer-onehot,HCDR3,E,0.0
Transformer-onehot,HCDR3,E,0.0
Transformer-onehot,HCDR3,E,0.0
Transformer-onehot,HCDR3,E,0.0
Transformer-onehot,HCDR3,E,0.0
Transformer-onehot,HCDR3,E,0.0
Transformer-onehot,HCDR3,E,0.0
Transformer-onehot,HCDR3,E,0.0
Transformer-onehot,HCDR3,E,0.0
Transformer-onehot,HCDR3,E,0.666530191898346
Transformer-onehot,HCDR3,E,0.0
Transformer-onehot,HCDR3,E,0.0
Transformer-onehot,HCDR3,E,0.0
Transformer-onehot,HCDR3,E,0.6108149886131287
Transformer-onehot,HCDR3,E,0.0
Transformer-onehot,HCDR3,E,0.0
Transformer-onehot,HCDR3,E,0.0
Transformer-onehot,HCDR3,E,0.0
Transformer-onehot,HCDR3,E,0.0
Transformer-onehot,HCDR3,E,0.8299338817596436
Transformer-onehot,HCDR3,E,0.0
Transformer-onehot,HCDR3,E,0.0
Transformer-onehot,HCDR3,E,0.0
Transformer-onehot,HCDR3,E,0.0
Transformer-onehot,HCDR3,E,0.0
Transformer-onehot,HCDR3,E,0.0
Transformer-onehot,HCDR3,E,0.0
Transformer-onehot,HCDR3,E,0.0
Transformer-onehot,HCDR3,E,0.3110157549381256
Transformer-onehot,HCDR3,E,0.0
Transformer-onehot,HCDR3,E,0.0
Transformer-onehot,HCDR3,E,0.0
Transformer-onehot,HCDR3,E,0.0
Transformer-onehot,HCDR3,E,0.0
Transformer-onehot,HCDR3,E,0.0
Transformer-onehot,HCDR3,E,0.0
Transformer-onehot,HCDR3,E,0.0
Transformer-onehot,HCDR3,E,0.0
Transformer-onehot,HCDR3,E,0.0
Transformer-onehot,HCDR3,E,0.0
Transformer-onehot,HCDR3,E,0.0
Transformer-onehot,HCDR3,E,0.0
Transformer-onehot,HCDR3,E,0.0
Transformer-onehot,HCDR3,E,0.0
Transformer-onehot,HCDR3,E,0.0
Transformer-onehot,HCDR3,E,0.4432141780853271
Transformer-onehot,HCDR3,E,0.0
Transformer-onehot,HCDR3,E,0.0
Transformer-onehot,HCDR3,E,0.0
Transformer-onehot,HCDR3,E,0.0
Transformer-onehot,HCDR3,E,0.0
Transformer-onehot,HCDR3,E,0.0
Transformer-onehot,HCDR3,E,0.0
Transformer-onehot,HCDR3,E,0.0
Transformer-onehot,HCDR3,E,0.0
Transformer-onehot,HCDR3,E,0.0
Transformer-onehot,HCDR3,E,0.0
Transformer-onehot,HCDR3,E,0.0
Transformer-onehot,HCDR3,E,0.0
Transformer-onehot,HCDR3,E,0.0
Transformer-onehot,HCDR3,E,0.0
Transformer-onehot,HCDR3,E,0.0
Transformer-onehot,HCDR3,E,0.0
Transformer-onehot,HCDR3,E,0.0
Transformer-onehot,HCDR3,E,0.0
Transformer-onehot,HCDR3,E,0.0
Transformer-onehot,HCDR3,E,0.0
Transformer-onehot,HCDR3,E,0.0
Transformer-onehot,HCDR3,E,0.0
Transformer-onehot,HCDR3,E,0.0
Transformer-onehot,HCDR3,E,0.8376972079277039
Transformer-onehot,HCDR3,E,0.0
Transformer-onehot,HCDR3,E,0.0
Transformer-onehot,HCDR3,E,0.0
Transformer-onehot,HCDR3,E,0.0
Transformer-onehot,HCDR3,E,0.0
Transformer-onehot,HCDR3,E,0.0
Transformer-onehot,HCDR3,E,0.0
Transformer-onehot,HCDR3,E,0.0
Transformer-onehot,HCDR3,E,0.0
Transformer-onehot,HCDR3,E,0.0
Transformer-onehot,HCDR3,E,0.0
Transformer-onehot,HCDR3,E,0.0
Transformer-onehot,HCDR3,E,0.0
Transformer-onehot,HCDR3,E,0.0
Transformer-onehot,HCDR3,E,0.0
Transformer-onehot,HCDR3,E,0.0
Transformer-onehot,HCDR3,E,0.0
Transformer-onehot,HCDR3,E,1.0923484563827517
Transformer-onehot,HCDR3,E,0.0
Transformer-onehot,HCDR3,E,0.0
Transformer-onehot,HCDR3,E,0.0
Transformer-onehot,HCDR3,E,1.3442047834396362
Transformer-onehot,HCDR3,E,0.0
Transformer-onehot,HCDR3,E,0.0
Transformer-onehot,HCDR3,E,0.0
Transformer-onehot,HCDR3,E,0.0
Transformer-onehot,HCDR3,E,0.0
Transformer-onehot,HCDR3,E,0.0
Transformer-onehot,HCDR3,E,0.0
Transformer-onehot,HCDR3,E,0.0
Transformer-onehot,HCDR3,E,0.0
Transformer-onehot,HCDR3,E,0.0
Transformer-onehot,HCDR3,E,0.0
Transformer-onehot,HCDR3,E,0.0
Transformer-onehot,HCDR3,E,0.0
Transformer-onehot,HCDR3,E,0.0
Transformer-onehot,HCDR3,E,0.0
Transformer-onehot,HCDR3,E,0.0
Transformer-onehot,HCDR3,E,0.0
Transformer-onehot,HCDR3,E,0.0
Transformer-onehot,HCDR3,E,0.0
Transformer-onehot,HCDR3,E,0.2913056313991546
Transformer-onehot,HCDR3,E,0.0
Transformer-onehot,HCDR3,E,0.0
Transformer-onehot,HCDR3,E,0.0
Transformer-onehot,HCDR3,E,0.1356576383113861
Transformer-onehot,HCDR3,E,0.0
Transformer-onehot,HCDR3,E,0.0
Transformer-onehot,HCDR3,E,0.0
Transformer-onehot,HCDR3,E,0.0
Transformer-onehot,HCDR3,E,0.0
Transformer-onehot,HCDR3,E,0.0
Transformer-onehot,HCDR3,E,0.0
Transformer-onehot,HCDR3,E,0.0
Transformer-onehot,HCDR3,E,0.0
Transformer-onehot,HCDR3,E,0.4713354706764221
Transformer-onehot,HCDR3,E,0.2999396920204162
Transformer-onehot,HCDR3,E,0.1349270641803741
Transformer-onehot,HCDR3,E,0.0
Transformer-onehot,HCDR3,E,0.0
Transformer-onehot,HCDR3,E,0.1756127476692199
Transformer-onehot,HCDR3,E,0.0
Transformer-onehot,HCDR3,E,0.1707415878772735
Transformer-onehot,HCDR3,E,0.1958579123020172
Transformer-onehot,HCDR3,E,0.0
Transformer-onehot,HCDR3,E,0.0
Transformer-onehot,HCDR3,E,0.0
Transformer-onehot,HCDR3,E,0.0
Transformer-onehot,HCDR3,E,0.0
Transformer-onehot,HCDR3,E,0.0
Transformer-onehot,HCDR3,E,0.0
Transformer-onehot,HCDR3,E,0.1128043308854103
Transformer-onehot,HCDR3,E,0.0
Transformer-onehot,HCDR3,E,0.0
Transformer-onehot,HCDR3,E,0.0
Transformer-onehot,HCDR3,E,0.0
Transformer-onehot,HCDR3,E,0.0
Transformer-onehot,HCDR3,E,0.2425356656312942
Transformer-onehot,HCDR3,E,0.3806506395339966
Transformer-onehot,HCDR3,E,0.0
Transformer-onehot,HCDR3,E,0.0
Transformer-onehot,HCDR3,E,0.2630811035633087
Transformer-onehot,HCDR3,E,0.2452222257852554
Transformer-onehot,HCDR3,E,0.0
Transformer-onehot,HCDR3,E,0.0
Transformer-onehot,HCDR3,E,0.2390523701906204
Transformer-onehot,HCDR3,E,0.1256594210863113
Transformer-onehot,HCDR3,E,0.0
Transformer-onehot,HCDR3,E,0.0
Transformer-onehot,HCDR3,E,0.5900728702545166
Transformer-onehot,HCDR3,E,0.0
Transformer-onehot,HCDR3,E,0.0
Transformer-onehot,HCDR3,E,0.0642952173948288
Transformer-onehot,HCDR3,E,0.0
Transformer-onehot,HCDR3,E,0.0
Transformer-onehot,HCDR3,E,0.3061240315437317
Transformer-onehot,HCDR3,E,0.2552307248115539
Transformer-onehot,HCDR3,E,0.0
Transformer-onehot,HCDR3,E,0.5789515972137451
Transformer-onehot,HCDR3,E,0.0
Transformer-onehot,HCDR3,E,0.0
Transformer-onehot,HCDR3,E,0.0
Transformer-onehot,HCDR3,E,0.0
Transformer-onehot,HCDR3,E,0.0
Transformer-onehot,HCDR3,E,0.0
Transformer-onehot,HCDR3,E,0.0
Transformer-onehot,HCDR3,E,0.1015278697013855
Transformer-onehot,HCDR3,E,0.0
Transformer-onehot,HCDR3,E,0.0
Transformer-onehot,HCDR3,E,0.0
Transformer-onehot,HCDR3,E,0.0
Transformer-onehot,HCDR3,E,0.0
Transformer-onehot,HCDR3,E,0.0
Transformer-onehot,HCDR3,E,0.2315977662801742
Transformer-onehot,HCDR3,E,0.0
Transformer-onehot,HCDR3,E,0.2398837655782699
Transformer-onehot,HCDR3,E,0.1265341490507125
Transformer-onehot,HCDR3,E,0.0
Transformer-onehot,HCDR3,E,0.0
Transformer-onehot,HCDR3,E,0.1880372613668441
Transformer-onehot,HCDR3,E,0.0
Transformer-onehot,HCDR3,E,0.2146475613117218
Transformer-onehot,HCDR3,E,0.1559363752603531
Transformer-onehot,HCDR3,E,0.2213774621486663
Transformer-onehot,HCDR3,E,0.1075082272291183
Transformer-onehot,HCDR3,E,0.0
Transformer-onehot,HCDR3,E,0.0
Transformer-onehot,HCDR3,E,0.0
Transformer-onehot,HCDR3,E,0.0
Transformer-onehot,HCDR3,E,0.0
Transformer-onehot,HCDR3,E,0.0
Transformer-onehot,HCDR3,E,0.2180669605731964
Transformer-onehot,HCDR3,E,0.0
Transformer-onehot,HCDR3,E,0.0
Transformer-onehot,HCDR3,E,0.0
Transformer-onehot,HCDR3,E,0.0
Transformer-onehot,HCDR3,E,0.0
Transformer-onehot,HCDR3,E,0.0
Transformer-onehot,HCDR3,E,0.2238994091749191
Transformer-onehot,HCDR3,E,0.170446902513504
Transformer-onehot,HCDR3,E,0.0
Transformer-onehot,HCDR3,E,0.2188566774129867
Transformer-onehot,HCDR3,E,0.0
Transformer-onehot,HCDR3,E,0.0
Transformer-onehot,HCDR3,E,0.1742346286773681
Transformer-onehot,HCDR3,E,0.0
Transformer-onehot,HCDR3,E,0.0
Transformer-onehot,HCDR3,E,0.1265569329261779
Transformer-onehot,HCDR3,E,0.0
Transformer-onehot,HCDR3,E,0.0
Transformer-onehot,HCDR3,E,0.0
Transformer-onehot,HCDR3,E,0.0
Transformer-onehot,HCDR3,E,0.0
Transformer-onehot,HCDR3,E,0.0
Transformer-onehot,HCDR3,E,0.2516727745532989
Transformer-onehot,HCDR3,E,0.0
Transformer-onehot,HCDR3,E,0.0
Transformer-onehot,HCDR3,E,0.0
Transformer-onehot,HCDR3,E,0.0
Transformer-onehot,HCDR3,E,0.0
Transformer-onehot,HCDR3,E,0.0
Transformer-onehot,HCDR3,E,0.1452290117740631
Transformer-onehot,HCDR3,E,0.0
Transformer-onehot,HCDR3,E,0.3149759471416473
Transformer-onehot,HCDR3,E,0.1935059577226638
Transformer-onehot,HCDR3,E,0.2308515310287475
Transformer-onehot,HCDR3,E,0.0
Transformer-onehot,HCDR3,E,0.1388782411813736
Transformer-onehot,HCDR3,E,0.0
Transformer-onehot,HCDR3,E,0.0
Transformer-onehot,HCDR3,E,0.1308298110961914
Transformer-onehot,HCDR3,E,0.0
Transformer-onehot,HCDR3,E,0.0
Transformer-onehot,HCDR3,E,0.0
Transformer-onehot,HCDR3,E,0.2038303762674331
Transformer-onehot,HCDR3,E,0.0
Transformer-onehot,HCDR3,E,0.1400994956493377
Transformer-onehot,HCDR3,E,0.3782629072666168
Transformer-onehot,HCDR3,E,0.0
Transformer-onehot,HCDR3,E,0.0
Transformer-onehot,HCDR3,E,0.0
Transformer-onehot,HCDR3,E,0.1344065368175506
Transformer-onehot,HCDR3,E,0.091207779943943
Transformer-onehot,HCDR3,E,0.0
Transformer-onehot,HCDR3,E,0.0
Transformer-onehot,HCDR3,E,0.1705468446016311
Transformer-onehot,HCDR3,E,0.0
Transformer-onehot,HCDR3,E,0.0
Transformer-onehot,HCDR3,E,0.0
Transformer-onehot,HCDR3,E,0.2216744571924209
Transformer-onehot,HCDR3,E,0.0
Transformer-onehot,HCDR3,E,0.0
Transformer-onehot,HCDR3,E,0.0
Transformer-onehot,HCDR3,E,0.0
Transformer-onehot,HCDR3,E,0.6265052556991577
Transformer-onehot,HCDR3,E,0.0
Transformer-onehot,HCDR3,E,0.8459100723266602
Transformer-onehot,HCDR3,E,0.0
Transformer-onehot,HCDR3,E,0.0
Transformer-onehot,HCDR3,E,0.4758814871311188
Transformer-onehot,HCDR3,E,0.4731495380401611
Transformer-onehot,HCDR3,E,0.0
Transformer-onehot,HCDR3,E,0.0
Transformer-onehot,HCDR3,E,0.0
Transformer-onehot,HCDR3,E,0.0
Transformer-onehot,HCDR3,E,0.2466460466384887
Transformer-onehot,HCDR3,E,0.0
Transformer-onehot,HCDR3,E,0.1708342283964157
Transformer-onehot,HCDR3,E,0.0
Transformer-onehot,HCDR3,E,0.0
Transformer-onehot,HCDR3,E,0.0
Transformer-onehot,HCDR3,E,0.0
Transformer-onehot,HCDR3,E,0.0
Transformer-onehot,HCDR3,E,0.0
Transformer-onehot,HCDR3,E,0.0
Transformer-onehot,HCDR3,E,0.0
Transformer-onehot,HCDR3,E,0.2665850520133972
Transformer-onehot,HCDR3,E,0.2075203359127044
Transformer-onehot,HCDR3,E,0.0
Transformer-onehot,HCDR3,E,0.0
Transformer-onehot,HCDR3,E,0.0
Transformer-onehot,HCDR3,E,0.2116549611091613
Transformer-onehot,HCDR3,E,0.1788733452558517
Transformer-onehot,HCDR3,E,0.2807643115520477
Transformer-onehot,HCDR3,E,0.0
Transformer-onehot,HCDR3,E,0.1778632402420044
Transformer-onehot,HCDR3,E,0.0
Transformer-onehot,HCDR3,E,0.3353626728057861
Transformer-onehot,HCDR3,E,0.1868503242731094
Transformer-onehot,HCDR3,E,0.6007939577102661
Transformer-onehot,HCDR3,E,0.1194700524210929
Transformer-onehot,HCDR3,E,0.1901353448629379
Transformer-onehot,HCDR3,E,0.0
Transformer-onehot,HCDR3,E,0.0
Transformer-onehot,HCDR3,E,0.0
Transformer-onehot,HCDR3,E,0.0
Transformer-onehot,HCDR3,E,0.0
Transformer-onehot,HCDR3,E,0.0
Transformer-onehot,HCDR3,E,0.0
Transformer-onehot,HCDR3,E,0.0
Transformer-onehot,HCDR3,E,0.5893192887306213
Transformer-onehot,HCDR3,E,0.2342143654823303
Transformer-onehot,HCDR3,E,0.0
Transformer-onehot,HCDR3,E,0.0
Transformer-onehot,HCDR3,E,0.0
Transformer-onehot,HCDR3,E,0.0
Transformer-onehot,HCDR3,E,0.0
Transformer-onehot,HCDR3,E,0.1393222212791443
Transformer-onehot,HCDR3,E,0.0
Transformer-onehot,HCDR3,E,0.1670913249254226
Transformer-onehot,HCDR3,E,0.3095185756683349
Transformer-onehot,HCDR3,E,0.0
Transformer-onehot,HCDR3,E,0.0
Transformer-onehot,HCDR3,E,0.0
Transformer-onehot,HCDR3,E,0.0
Transformer-onehot,HCDR3,E,0.3438732028007507
Transformer-onehot,HCDR3,E,0.0
Transformer-onehot,HCDR3,E,0.5049962401390076
Transformer-onehot,HCDR3,E,0.0
Transformer-onehot,HCDR3,E,0.0
Transformer-onehot,HCDR3,E,0.0
Transformer-onehot,HCDR3,E,0.3338838815689087
Transformer-onehot,HCDR3,E,0.4716246724128723
Transformer-onehot,HCDR3,E,0.2192347198724746
Transformer-onehot,HCDR3,E,0.0
Transformer-onehot,HCDR3,E,0.0
Transformer-onehot,HCDR3,E,0.0
Transformer-onehot,HCDR3,E,0.0
Transformer-onehot,HCDR3,E,0.0
Transformer-onehot,HCDR3,E,0.4435425400733948
Transformer-onehot,HCDR3,E,0.225923866033554
Transformer-onehot,HCDR3,E,0.0
Transformer-onehot,HCDR3,E,0.2518899738788605
Transformer-onehot,HCDR3,E,0.0
Transformer-onehot,HCDR3,E,0.0
Transformer-onehot,HCDR3,E,0.2542184889316559
Transformer-onehot,HCDR3,E,0.0
Transformer-onehot,HCDR3,E,0.0
Transformer-onehot,HCDR3,E,0.108819879591465
Transformer-onehot,HCDR3,E,0.3538597822189331
Transformer-onehot,HCDR3,E,0.0
Transformer-onehot,HCDR3,E,0.0
Transformer-onehot,HCDR3,E,0.0
Transformer-onehot,HCDR3,E,0.0
Transformer-onehot,HCDR3,E,0.2013366222381591
Transformer-onehot,HCDR3,F,-0.1555586457252502
Transformer-onehot,HCDR3,F,-0.0377528257668018
Transformer-onehot,HCDR3,F,0.0168905686587095
Transformer-onehot,HCDR3,F,-0.0492555312812328
Transformer-onehot,HCDR3,F,0.0037216250784695
Transformer-onehot,HCDR3,F,0.0
Transformer-onehot,HCDR3,F,-0.0176292769610881
Transformer-onehot,HCDR3,F,-0.0330085791647434
Transformer-onehot,HCDR3,F,-0.1289424002170562
Transformer-onehot,HCDR3,F,-0.0466283224523067
Transformer-onehot,HCDR3,F,-0.0559052675962448
Transformer-onehot,HCDR3,F,0.0096089793369174
Transformer-onehot,HCDR3,F,0.0174444001168012
Transformer-onehot,HCDR3,F,0.0721451938152313
Transformer-onehot,HCDR3,F,0.0181863568723201
Transformer-onehot,HCDR3,F,0.014990503899753
Transformer-onehot,HCDR3,F,-0.0120333172380924
Transformer-onehot,HCDR3,F,-0.0314439013600349
Transformer-onehot,HCDR3,F,-0.0404241308569908
Transformer-onehot,HCDR3,F,0.0280692465603351
Transformer-onehot,HCDR3,F,-0.0590540394186973
Transformer-onehot,HCDR3,F,-0.0443353690207004
Transformer-onehot,HCDR3,F,0.0150431804358959
Transformer-onehot,HCDR3,F,-0.0424119904637336
Transformer-onehot,HCDR3,F,0.0426967404782772
Transformer-onehot,HCDR3,F,-0.0582077428698539
Transformer-onehot,HCDR3,F,0.0139288548380136
Transformer-onehot,HCDR3,F,-0.0485489629209041
Transformer-onehot,HCDR3,F,0.0251945871859788
Transformer-onehot,HCDR3,F,-0.0108840782195329
Transformer-onehot,HCDR3,F,0.0202577002346515
Transformer-onehot,HCDR3,F,-0.0483743660151958
Transformer-onehot,HCDR3,F,-0.0613326914608478
Transformer-onehot,HCDR3,F,0.0721488371491432
Transformer-onehot,HCDR3,F,-0.1955239176750183
Transformer-onehot,HCDR3,F,-0.0356919653713703
Transformer-onehot,HCDR3,F,0.0187436714768409
Transformer-onehot,HCDR3,F,0.0197410844266414
Transformer-onehot,HCDR3,F,-0.042756862938404
Transformer-onehot,HCDR3,F,-0.0267890337854623
Transformer-onehot,HCDR3,F,-0.0535440519452095
Transformer-onehot,HCDR3,F,-0.0274110380560159
Transformer-onehot,HCDR3,F,0.0662172511219978
Transformer-onehot,HCDR3,F,-0.0403412915766239
Transformer-onehot,HCDR3,F,0.0224700570106506
Transformer-onehot,HCDR3,F,0.0201372429728508
Transformer-onehot,HCDR3,F,-0.0379234850406646
Transformer-onehot,HCDR3,F,-0.0505105517804622
Transformer-onehot,HCDR3,F,0.066079057753086
Transformer-onehot,HCDR3,F,-0.0466885417699813
Transformer-onehot,HCDR3,F,-0.0600623935461044
Transformer-onehot,HCDR3,F,0.0045042247511446
Transformer-onehot,HCDR3,F,0.0814223289489746
Transformer-onehot,HCDR3,F,-0.0405210368335247
Transformer-onehot,HCDR3,F,0.0585654787719249
Transformer-onehot,HCDR3,F,0.0250592678785324
Transformer-onehot,HCDR3,F,0.0164989959448575
Transformer-onehot,HCDR3,F,-0.0522097870707511
Transformer-onehot,HCDR3,F,-0.0309883747249841
Transformer-onehot,HCDR3,F,-0.0432539358735084
Transformer-onehot,HCDR3,F,0.0639296695590019
Transformer-onehot,HCDR3,F,-0.1251704394817352
Transformer-onehot,HCDR3,F,0.0185637418180704
Transformer-onehot,HCDR3,F,0.0191920064389705
Transformer-onehot,HCDR3,F,0.0120584880933165
Transformer-onehot,HCDR3,F,0.0189714077860116
Transformer-onehot,HCDR3,F,0.0203819517046213
Transformer-onehot,HCDR3,F,0.064455471932888
Transformer-onehot,HCDR3,F,0.0264931805431842
Transformer-onehot,HCDR3,F,0.0220764018595218
Transformer-onehot,HCDR3,F,0.0231261905282735
Transformer-onehot,HCDR3,F,0.026989372447133
Transformer-onehot,HCDR3,F,0.0
Transformer-onehot,HCDR3,F,-0.0361422337591648
Transformer-onehot,HCDR3,F,0.0700114741921424
Transformer-onehot,HCDR3,F,0.0270628035068511
Transformer-onehot,HCDR3,F,-0.0114230914041399
Transformer-onehot,HCDR3,F,-0.0085138790309429
Transformer-onehot,HCDR3,F,0.0237873625010252
Transformer-onehot,HCDR3,F,-0.140179306268692
Transformer-onehot,HCDR3,F,0.0159382410347461
Transformer-onehot,HCDR3,F,0.0676730722188949
Transformer-onehot,HCDR3,F,0.0662636086344719
Transformer-onehot,HCDR3,F,0.026266161352396
Transformer-onehot,HCDR3,F,0.0602315925061702
Transformer-onehot,HCDR3,F,-0.042158156633377
Transformer-onehot,HCDR3,F,-0.0259855985641479
Transformer-onehot,HCDR3,F,-0.0592654943466186
Transformer-onehot,HCDR3,F,0.0398898720741272
Transformer-onehot,HCDR3,F,-0.1410697698593139
Transformer-onehot,HCDR3,F,-0.0410695932805538
Transformer-onehot,HCDR3,F,-0.0503658950328826
Transformer-onehot,HCDR3,F,-0.0423144400119781
Transformer-onehot,HCDR3,F,-0.025324311107397
Transformer-onehot,HCDR3,F,-0.1000188663601875
Transformer-onehot,HCDR3,F,-0.1700741946697235
Transformer-onehot,HCDR3,F,0.0137067697942256
Transformer-onehot,HCDR3,F,0.0480632856488227
Transformer-onehot,HCDR3,F,-0.0504216253757476
Transformer-onehot,HCDR3,F,-0.0352144315838813
Transformer-onehot,HCDR3,F,-0.047562338411808
Transformer-onehot,HCDR3,F,-0.0419946685433387
Transformer-onehot,HCDR3,F,-0.0135898934677243
Transformer-onehot,HCDR3,F,-0.0285754781216382
Transformer-onehot,HCDR3,F,0.0307981465011835
Transformer-onehot,HCDR3,F,0.0125209046527743
Transformer-onehot,HCDR3,F,0.0441710278391838
Transformer-onehot,HCDR3,F,-0.0089673371985554
Transformer-onehot,HCDR3,F,0.0757320597767829
Transformer-onehot,HCDR3,F,0.0250908676534891
Transformer-onehot,HCDR3,F,-0.0423382222652435
Transformer-onehot,HCDR3,F,0.0105900429189205
Transformer-onehot,HCDR3,F,0.0610692910850048
Transformer-onehot,HCDR3,F,-0.1417694240808487
Transformer-onehot,HCDR3,F,-0.1229311004281044
Transformer-onehot,HCDR3,F,-0.0646571069955825
Transformer-onehot,HCDR3,F,0.0229366440325975
Transformer-onehot,HCDR3,F,0.029107492417097
Transformer-onehot,HCDR3,F,0.0205019917339086
Transformer-onehot,HCDR3,F,-0.0229428727179765
Transformer-onehot,HCDR3,F,-0.0103835184127092
Transformer-onehot,HCDR3,F,0.0694808736443519
Transformer-onehot,HCDR3,F,0.0177436172962188
Transformer-onehot,HCDR3,F,-0.027431221678853
Transformer-onehot,HCDR3,F,0.023503091186285
Transformer-onehot,HCDR3,F,-0.0207957290112972
Transformer-onehot,HCDR3,F,-0.0457710735499858
Transformer-onehot,HCDR3,F,-0.0114919319748878
Transformer-onehot,HCDR3,F,0.0479848310351371
Transformer-onehot,HCDR3,F,0.0354392193257808
Transformer-onehot,HCDR3,F,0.0167712457478046
Transformer-onehot,HCDR3,F,-0.0310553461313247
Transformer-onehot,HCDR3,F,0.0166094414889812
Transformer-onehot,HCDR3,F,-0.0432759448885917
Transformer-onehot,HCDR3,F,-0.0391199067234993
Transformer-onehot,HCDR3,F,-0.0431943126022815
Transformer-onehot,HCDR3,F,-0.0646819248795509
Transformer-onehot,HCDR3,F,-0.0566921643912792
Transformer-onehot,HCDR3,F,0.0241994354873895
Transformer-onehot,HCDR3,F,0.0169610045850276
Transformer-onehot,HCDR3,F,0.0683741942048072
Transformer-onehot,HCDR3,F,0.0124191846698522
Transformer-onehot,HCDR3,F,0.0298015866428613
Transformer-onehot,HCDR3,F,0.0286503490060567
Transformer-onehot,HCDR3,F,-0.0447824820876121
Transformer-onehot,HCDR3,F,0.075736679136753
Transformer-onehot,HCDR3,F,0.0845710560679435
Transformer-onehot,HCDR3,F,0.0273048039525747
Transformer-onehot,HCDR3,F,0.0438051559031009
Transformer-onehot,HCDR3,F,0.0195910111069679
Transformer-onehot,HCDR3,F,-0.0094705047085881
Transformer-onehot,HCDR3,F,-0.1190592050552368
Transformer-onehot,HCDR3,F,-0.0393602214753627
Transformer-onehot,HCDR3,F,-0.0417969934642314
Transformer-onehot,HCDR3,F,-0.0294486582279205
Transformer-onehot,HCDR3,F,-0.0234623756259679
Transformer-onehot,HCDR3,F,0.001900567789562
Transformer-onehot,HCDR3,F,-0.0380855537950992
Transformer-onehot,HCDR3,F,-0.1106816977262497
Transformer-onehot,HCDR3,F,0.0220210123807191
Transformer-onehot,HCDR3,F,-0.0064487885683774
Transformer-onehot,HCDR3,F,-0.0177320893853902
Transformer-onehot,HCDR3,F,0.0717584043741226
Transformer-onehot,HCDR3,F,0.030744070187211
Transformer-onehot,HCDR3,F,0.0724177211523056
Transformer-onehot,HCDR3,F,0.0273031648248434
Transformer-onehot,HCDR3,F,0.0170044023543596
Transformer-onehot,HCDR3,F,0.040878489613533
Transformer-onehot,HCDR3,F,-0.0298365801572799
Transformer-onehot,HCDR3,F,-0.0479386895895004
Transformer-onehot,HCDR3,F,-0.0674644634127616
Transformer-onehot,HCDR3,F,0.0185509975999593
Transformer-onehot,HCDR3,F,-0.0166289545595645
Transformer-onehot,HCDR3,F,-0.0449695736169815
Transformer-onehot,HCDR3,F,0.0398646108806133
Transformer-onehot,HCDR3,F,0.0159224513918161
Transformer-onehot,HCDR3,F,0.0779079645872116
Transformer-onehot,HCDR3,F,-0.0335619561374187
Transformer-onehot,HCDR3,F,-0.0801072120666503
Transformer-onehot,HCDR3,F,0.0405216179788112
Transformer-onehot,HCDR3,F,-0.0422356165945529
Transformer-onehot,HCDR3,F,-0.1341226696968078
Transformer-onehot,HCDR3,F,-0.0640297904610633
Transformer-onehot,HCDR3,F,0.0228107180446386
Transformer-onehot,HCDR3,F,0.0131680937483906
Transformer-onehot,HCDR3,F,-0.0370429009199142
Transformer-onehot,HCDR3,F,0.0404199659824371
Transformer-onehot,HCDR3,F,-0.0062680589035153
Transformer-onehot,HCDR3,F,-0.0098203402012586
Transformer-onehot,HCDR3,F,-0.0346136391162872
Transformer-onehot,HCDR3,F,-0.0700403004884719
Transformer-onehot,HCDR3,F,-0.0542154572904109
Transformer-onehot,HCDR3,F,-0.0224555861204862
Transformer-onehot,HCDR3,F,0.0145002799108624
Transformer-onehot,HCDR3,F,0.0218701362609863
Transformer-onehot,HCDR3,F,0.0218127332627773
Transformer-onehot,HCDR3,F,-0.2152892053127288
Transformer-onehot,HCDR3,F,0.0593173690140247
Transformer-onehot,HCDR3,F,0.0412328504025936
Transformer-onehot,HCDR3,F,-0.0592636428773403
Transformer-onehot,HCDR3,F,0.0139985485002398
Transformer-onehot,HCDR3,F,-0.0521433278918266
Transformer-onehot,HCDR3,F,0.0385573767125606
Transformer-onehot,HCDR3,F,0.0146047603338956
Transformer-onehot,HCDR3,F,-0.0983381569385528
Transformer-onehot,HCDR3,F,-0.0608854331076145
Transformer-onehot,HCDR3,F,-0.0034701216500252
Transformer-onehot,HCDR3,F,-0.0480119809508323
Transformer-onehot,HCDR3,F,0.021777119487524
Transformer-onehot,HCDR3,F,0.0093663688749074
Transformer-onehot,HCDR3,F,0.0502336546778678
Transformer-onehot,HCDR3,F,-0.0470325499773025
Transformer-onehot,HCDR3,F,0.0423487909138202
Transformer-onehot,HCDR3,F,0.0164959579706192
Transformer-onehot,HCDR3,F,0.020996194332838
Transformer-onehot,HCDR3,F,0.0225845891982316
Transformer-onehot,HCDR3,F,-0.0535956881940364
Transformer-onehot,HCDR3,F,-0.2022131085395813
Transformer-onehot,HCDR3,F,0.0757661312818527
Transformer-onehot,HCDR3,F,-0.0640802234411239
Transformer-onehot,HCDR3,F,-0.0295046083629131
Transformer-onehot,HCDR3,F,-0.0793198645114898
Transformer-onehot,HCDR3,F,0.026420421898365
Transformer-onehot,HCDR3,F,-0.0529281459748744
Transformer-onehot,HCDR3,F,-0.1951837241649627
Transformer-onehot,HCDR3,F,-0.040119182318449
Transformer-onehot,HCDR3,F,-0.1451358199119568
Transformer-onehot,HCDR3,F,-0.0395725890994071
Transformer-onehot,HCDR3,F,-0.0266985166817903
Transformer-onehot,HCDR3,F,-0.0590692609548568
Transformer-onehot,HCDR3,F,0.0
Transformer-onehot,HCDR3,F,-0.1020204424858093
Transformer-onehot,HCDR3,F,-0.0624093376100063
Transformer-onehot,HCDR3,F,-0.0287179928272962
Transformer-onehot,HCDR3,F,-0.0394281335175037
Transformer-onehot,HCDR3,F,-0.0510566122829914
Transformer-onehot,HCDR3,F,0.0790557786822319
Transformer-onehot,HCDR3,F,0.0147282313555479
Transformer-onehot,HCDR3,F,-0.0272651948034763
Transformer-onehot,HCDR3,F,0.0104369726032018
Transformer-onehot,HCDR3,F,-0.0350450687110424
Transformer-onehot,HCDR3,F,-0.064412422478199
Transformer-onehot,HCDR3,F,-0.0530085824429988
Transformer-onehot,HCDR3,F,0.073477603495121
Transformer-onehot,HCDR3,F,0.0266240071505308
Transformer-onehot,HCDR3,F,0.0207135379314422
Transformer-onehot,HCDR3,F,-0.0448076352477073
Transformer-onehot,HCDR3,F,-0.0461718887090683
Transformer-onehot,HCDR3,F,0.0193400103598833
Transformer-onehot,HCDR3,F,0.0394714474678039
Transformer-onehot,HCDR3,F,0.0059700231067836
Transformer-onehot,HCDR3,F,-0.0066418731585145
Transformer-onehot,HCDR3,F,0.0092797195538878
Transformer-onehot,HCDR3,F,0.0102436449378728
Transformer-onehot,HCDR3,F,0.0051696565933525
Transformer-onehot,HCDR3,F,0.0157384574413299
Transformer-onehot,HCDR3,F,0.000268239993602
Transformer-onehot,HCDR3,F,-0.0076746763661503
Transformer-onehot,HCDR3,F,-0.0192341841757297
Transformer-onehot,HCDR3,F,0.0084866499528288
Transformer-onehot,HCDR3,F,-0.023336224257946
Transformer-onehot,HCDR3,F,0.0264739636331796
Transformer-onehot,HCDR3,F,0.0074890293180942
Transformer-onehot,HCDR3,F,-0.0104687791317701
Transformer-onehot,HCDR3,F,0.0056259436532855
Transformer-onehot,HCDR3,F,-0.0010381755419075
Transformer-onehot,HCDR3,F,0.0069337515160441
Transformer-onehot,HCDR3,F,0.0014463278930634
Transformer-onehot,HCDR3,F,-0.0175837446004152
Transformer-onehot,HCDR3,F,0.0045560654252767
Transformer-onehot,HCDR3,F,0.0136708216741681
Transformer-onehot,HCDR3,F,0.0046934317797422
Transformer-onehot,HCDR3,F,-0.0352426506578922
Transformer-onehot,HCDR3,F,-0.011176636442542
Transformer-onehot,HCDR3,F,-0.0038026152178645
Transformer-onehot,HCDR3,F,-0.0039680860936641
Transformer-onehot,HCDR3,F,0.0018606575904414
Transformer-onehot,HCDR3,F,-0.0064397621899843
Transformer-onehot,HCDR3,F,0.0009847909677773
Transformer-onehot,HCDR3,F,-0.0465266741812229
Transformer-onehot,HCDR3,F,0.0011571794748306
Transformer-onehot,HCDR3,F,-0.104852557182312
Transformer-onehot,HCDR3,F,0.0086603071540594
Transformer-onehot,HCDR3,F,-0.0224496126174926
Transformer-onehot,HCDR3,F,-0.0665386840701103
Transformer-onehot,HCDR3,F,-0.0082481084391474
Transformer-onehot,HCDR3,F,0.0059118634089827
Transformer-onehot,HCDR3,F,-0.0646547228097915
Transformer-onehot,HCDR3,F,0.0007692193612456
Transformer-onehot,HCDR3,F,0.0151574229821562
Transformer-onehot,HCDR3,F,-0.0808977484703064
Transformer-onehot,HCDR3,F,0.0138868642970919
Transformer-onehot,HCDR3,F,0.0150373913347721
Transformer-onehot,HCDR3,F,0.0032559274695813
Transformer-onehot,HCDR3,F,-0.0097249513491988
Transformer-onehot,HCDR3,F,-0.0038456975016742
Transformer-onehot,HCDR3,F,0.007427486591041
Transformer-onehot,HCDR3,F,-0.0035700637381523
Transformer-onehot,HCDR3,F,0.0
Transformer-onehot,HCDR3,F,0.0210709292441606
Transformer-onehot,HCDR3,F,0.0063216565176844
Transformer-onehot,HCDR3,F,0.0006258954526856
Transformer-onehot,HCDR3,F,-0.0197856724262237
Transformer-onehot,HCDR3,F,-0.0109421946108341
Transformer-onehot,HCDR3,F,-0.0336319096386432
Transformer-onehot,HCDR3,F,-0.0045650652609765
Transformer-onehot,HCDR3,F,0.016067624092102
Transformer-onehot,HCDR3,F,-0.0045182253234088
Transformer-onehot,HCDR3,F,0.0029968034941703
Transformer-onehot,HCDR3,F,0.0050327316857874
Transformer-onehot,HCDR3,F,0.0079462835565209
Transformer-onehot,HCDR3,F,0.0018547873478382
Transformer-onehot,HCDR3,F,0.0091044204309582
Transformer-onehot,HCDR3,F,-0.0148949269205331
Transformer-onehot,HCDR3,F,0.0099262297153472
Transformer-onehot,HCDR3,F,-0.0118915941566228
Transformer-onehot,HCDR3,F,-0.0639605373144149
Transformer-onehot,HCDR3,F,-0.0900214239954948
Transformer-onehot,HCDR3,F,0.0093064932152628
Transformer-onehot,HCDR3,F,0.0286679454147815
Transformer-onehot,HCDR3,F,-0.0073771486058831
Transformer-onehot,HCDR3,F,-0.0078816507011652
Transformer-onehot,HCDR3,F,0.0069968928582966
Transformer-onehot,HCDR3,F,-0.0190468095242977
Transformer-onehot,HCDR3,F,0.0092752948403358
Transformer-onehot,HCDR3,F,-0.0036385506391525
Transformer-onehot,HCDR3,F,0.005373808555305
Transformer-onehot,HCDR3,F,-0.0057182339951395
Transformer-onehot,HCDR3,F,0.0012327554868534
Transformer-onehot,HCDR3,F,0.0110847325995564
Transformer-onehot,HCDR3,F,-0.003392644226551
Transformer-onehot,HCDR3,F,0.0062765982002019
Transformer-onehot,HCDR3,F,0.0104230036959052
Transformer-onehot,HCDR3,F,-0.017786119133234
Transformer-onehot,HCDR3,F,-0.0073472009971737
Transformer-onehot,HCDR3,F,-0.0144461775198578
Transformer-onehot,HCDR3,F,0.0055327522568404
Transformer-onehot,HCDR3,F,-0.0097721852362155
Transformer-onehot,HCDR3,F,0.0009696304914541
Transformer-onehot,HCDR3,F,-0.0058090966194868
Transformer-onehot,HCDR3,F,0.0190435405820608
Transformer-onehot,HCDR3,F,0.0097523955628275
Transformer-onehot,HCDR3,F,-0.0067429165355861
Transformer-onehot,HCDR3,F,-0.0037163184024393
Transformer-onehot,HCDR3,F,0.0104807093739509
Transformer-onehot,HCDR3,F,-0.0155912199988961
Transformer-onehot,HCDR3,F,-0.0036710067652165
Transformer-onehot,HCDR3,F,0.0142074162140488
Transformer-onehot,HCDR3,F,-0.0050345845520496
Transformer-onehot,HCDR3,F,-0.0182343553751707
Transformer-onehot,HCDR3,F,-0.0191856063902378
Transformer-onehot,HCDR3,F,-0.003664128948003
Transformer-onehot,HCDR3,F,-0.0048436480574309
Transformer-onehot,HCDR3,F,-0.0025480913463979
Transformer-onehot,HCDR3,F,0.0047255521640181
Transformer-onehot,HCDR3,F,-0.0138860559090971
Transformer-onehot,HCDR3,F,0.0060351286083459
Transformer-onehot,HCDR3,F,-0.0301643591374158
Transformer-onehot,HCDR3,F,0.0037460282910615
Transformer-onehot,HCDR3,F,-0.0071164346300065
Transformer-onehot,HCDR3,F,0.0180209819227457
Transformer-onehot,HCDR3,F,0.0022134073078632
Transformer-onehot,HCDR3,F,0.0037852344103157
Transformer-onehot,HCDR3,F,-0.011602678336203
Transformer-onehot,HCDR3,F,0.0019102349178865
Transformer-onehot,HCDR3,F,0.0105255134403705
Transformer-onehot,HCDR3,F,0.0078942608088254
Transformer-onehot,HCDR3,F,-0.0035285314079374
Transformer-onehot,HCDR3,F,0.0211040433496236
Transformer-onehot,HCDR3,F,0.0047837761230766
Transformer-onehot,HCDR3,F,0.0051023918204009
Transformer-onehot,HCDR3,F,0.0077130920253694
Transformer-onehot,HCDR3,F,-0.0137745514512062
Transformer-onehot,HCDR3,F,-0.0138278342783451
Transformer-onehot,HCDR3,F,-0.0062387557700276
Transformer-onehot,HCDR3,F,0.0034756595268845
Transformer-onehot,HCDR3,F,-0.014906857162714
Transformer-onehot,HCDR3,F,-0.0083221578970551
Transformer-onehot,HCDR3,F,0.0025515272282063
Transformer-onehot,HCDR3,F,-0.0027411065530031
Transformer-onehot,HCDR3,F,-0.0128306914120912
Transformer-onehot,HCDR3,F,0.0020753527060151
Transformer-onehot,HCDR3,F,-0.0025818832218647
Transformer-onehot,HCDR3,F,-0.0438230000436306
Transformer-onehot,HCDR3,F,0.0068688741885125
Transformer-onehot,HCDR3,F,0.0065156077034771
Transformer-onehot,HCDR3,F,-0.0471736565232276
Transformer-onehot,HCDR3,F,0.006002614274621
Transformer-onehot,HCDR3,F,0.0240076147019863
Transformer-onehot,HCDR3,F,0.0063565331511199
Transformer-onehot,HCDR3,F,-0.0174542125314474
Transformer-onehot,HCDR3,F,-0.0050483923405408
Transformer-onehot,HCDR3,F,-0.0224929563701152
Transformer-onehot,HCDR3,F,0.0040729823522269
Transformer-onehot,HCDR3,F,0.0154480393975973
Transformer-onehot,HCDR3,F,0.0178975705057382
Transformer-onehot,HCDR3,F,-0.0066283638589084
Transformer-onehot,HCDR3,F,0.0005969778867438
Transformer-onehot,HCDR3,F,-0.0079803643748164
Transformer-onehot,HCDR3,F,0.0140213975682854
Transformer-onehot,HCDR3,F,0.0056814770214259
Transformer-onehot,HCDR3,F,-0.0062862569466233
Transformer-onehot,HCDR3,F,0.0307603310793638
Transformer-onehot,HCDR3,F,0.0093452110886573
Transformer-onehot,HCDR3,F,0.0021528829820454
Transformer-onehot,HCDR3,F,-0.0009670834988355
Transformer-onehot,HCDR3,F,0.0037459081504493
Transformer-onehot,HCDR3,F,0.0153542393818497
Transformer-onehot,HCDR3,F,-0.0081022782251238
Transformer-onehot,HCDR3,F,0.0050249751657247
Transformer-onehot,HCDR3,F,0.0138702178373932
Transformer-onehot,HCDR3,F,0.0189824793487787
Transformer-onehot,HCDR3,F,0.0071814213879406
Transformer-onehot,HCDR3,F,-0.0060752318240702
Transformer-onehot,HCDR3,F,-0.0084300283342599
Transformer-onehot,HCDR3,F,-0.013138236477971
Transformer-onehot,HCDR3,F,0.0021594259887933
Transformer-onehot,HCDR3,F,-0.0065438421443104
Transformer-onehot,HCDR3,F,0.0164649430662393
Transformer-onehot,HCDR3,F,-0.0237825289368629
Transformer-onehot,HCDR3,F,0.0070243044756352
Transformer-onehot,HCDR3,F,-0.0279089156538248
Transformer-onehot,HCDR3,F,0.0008653262630105
Transformer-onehot,HCDR3,F,-0.0367438271641731
Transformer-onehot,HCDR3,F,0.0059838742017745
Transformer-onehot,HCDR3,F,0.006923830602318
Transformer-onehot,HCDR3,F,0.0068376380950212
Transformer-onehot,HCDR3,F,0.0020649600774049
Transformer-onehot,HCDR3,F,0.0139089170843362
Transformer-onehot,HCDR3,F,-0.0091013591736555
Transformer-onehot,HCDR3,F,-0.0072124199941754
Transformer-onehot,HCDR3,F,0.0066773770377039
Transformer-onehot,HCDR3,F,0.005898327101022
Transformer-onehot,HCDR3,F,0.0053416164591908
Transformer-onehot,HCDR3,F,-0.0059676142409443
Transformer-onehot,HCDR3,F,0.0102492272853851
Transformer-onehot,HCDR3,F,-0.0019948328845202
Transformer-onehot,HCDR3,F,0.0019332112278789
Transformer-onehot,HCDR3,F,-0.0184541251510381
Transformer-onehot,HCDR3,F,0.0063907881267368
Transformer-onehot,HCDR3,F,0.0079648774117231
Transformer-onehot,HCDR3,F,0.0089957183226943
Transformer-onehot,HCDR3,F,-0.0005496968515217
Transformer-onehot,HCDR3,F,0.0109816836193203
Transformer-onehot,HCDR3,F,-0.0480041578412056
Transformer-onehot,HCDR3,F,0.0013865113724023
Transformer-onehot,HCDR3,F,-0.0090623321011662
Transformer-onehot,HCDR3,F,-0.0093415081501007
Transformer-onehot,HCDR3,F,0.0137370079755783
Transformer-onehot,HCDR3,F,0.0164578314870595
Transformer-onehot,HCDR3,F,-0.0234997030347585
Transformer-onehot,HCDR3,F,-0.0051696430891752
Transformer-onehot,HCDR3,F,0.0045668268576264
Transformer-onehot,HCDR3,F,-0.0114819100126624
Transformer-onehot,HCDR3,F,0.0052913231775164
Transformer-onehot,HCDR3,F,0.0118361795321106
Transformer-onehot,HCDR3,F,0.001204345957376
Transformer-onehot,HCDR3,F,0.0012360940454527
Transformer-onehot,HCDR3,F,-0.0160254258662462
Transformer-onehot,HCDR3,F,-0.0050348951481282
Transformer-onehot,HCDR3,F,-0.0170631855726242
Transformer-onehot,HCDR3,F,-0.0367120094597339
Transformer-onehot,HCDR3,F,0.0038238381966948
Transformer-onehot,HCDR3,F,0.0064656189642846
Transformer-onehot,HCDR3,F,-0.0251448936760425
Transformer-onehot,HCDR3,F,-0.0291405450552701
Transformer-onehot,HCDR3,F,-0.0044289710931479
Transformer-onehot,HCDR3,F,0.0067511186935007
Transformer-onehot,HCDR3,F,-0.0065817716531455
Transformer-onehot,HCDR3,F,-0.0530684739351272
Transformer-onehot,HCDR3,F,0.0023249187506735
Transformer-onehot,HCDR3,F,0.0098927123472094
Transformer-onehot,HCDR3,F,-0.0277766771614551
Transformer-onehot,HCDR3,F,-0.0293566044420003
Transformer-onehot,HCDR3,F,0.0024813092313706
Transformer-onehot,HCDR3,F,-0.0085482001304626
Transformer-onehot,HCDR3,F,-0.0158752128481864
Transformer-onehot,HCDR3,F,0.0011031690519303
Transformer-onehot,HCDR3,F,0.0063726869411766
Transformer-onehot,HCDR3,F,-0.0317624807357788
Transformer-onehot,HCDR3,F,-0.0203879717737436
Transformer-onehot,HCDR3,F,-0.0526318959891796
Transformer-onehot,HCDR3,F,-0.0041678193956613
Transformer-onehot,HCDR3,F,0.0076686758548021
Transformer-onehot,HCDR3,F,0.0042675104923546
Transformer-onehot,HCDR3,F,-0.0083375535905361
Transformer-onehot,HCDR3,F,0.0098548922687768
Transformer-onehot,HCDR3,F,-0.0161356031894683
Transformer-onehot,HCDR3,F,0.0119536770507693
Transformer-onehot,HCDR3,F,-0.0020610115025192
Transformer-onehot,HCDR3,F,-0.0077119600027799
Transformer-onehot,HCDR3,F,0.0343967676162719
Transformer-onehot,HCDR3,F,-0.0283433534204959
Transformer-onehot,HCDR3,F,0.0059039564803242
Transformer-onehot,HCDR3,F,-0.0071280756965279
Transformer-onehot,HCDR3,F,0.0095131658017635
Transformer-onehot,HCDR3,F,0.00649183569476
Transformer-onehot,HCDR3,F,-0.0474428460001945
Transformer-onehot,HCDR3,F,-0.0015751164173707
Transformer-onehot,HCDR3,F,0.0057835606858134
Transformer-onehot,HCDR3,G,0.0495918169617652
Transformer-onehot,HCDR3,G,0.3114532232284546
Transformer-onehot,HCDR3,G,0.3886957168579101
Transformer-onehot,HCDR3,G,0.0
Transformer-onehot,HCDR3,G,0.0448838323354721
Transformer-onehot,HCDR3,G,0.1883270293474197
Transformer-onehot,HCDR3,G,0.0510704815387725
Transformer-onehot,HCDR3,G,0.1583528816699981
Transformer-onehot,HCDR3,G,0.1394850611686706
Transformer-onehot,HCDR3,G,0.2329721599817276
Transformer-onehot,HCDR3,G,0.3592555224895477
Transformer-onehot,HCDR3,G,0.0409814566373825
Transformer-onehot,HCDR3,G,0.215312585234642
Transformer-onehot,HCDR3,G,0.1619998216629028
Transformer-onehot,HCDR3,G,0.0
Transformer-onehot,HCDR3,G,0.25732421875
Transformer-onehot,HCDR3,G,0.1150173395872116
Transformer-onehot,HCDR3,G,0.2953961491584778
Transformer-onehot,HCDR3,G,0.1076534613966941
Transformer-onehot,HCDR3,G,0.1555434614419937
Transformer-onehot,HCDR3,G,0.3833187520503998
Transformer-onehot,HCDR3,G,0.150079607963562
Transformer-onehot,HCDR3,G,0.2090242058038711
Transformer-onehot,HCDR3,G,0.1095676124095916
Transformer-onehot,HCDR3,G,0.1854469925165176
Transformer-onehot,HCDR3,G,0.1521558463573455
Transformer-onehot,HCDR3,G,0.1965188086032867
Transformer-onehot,HCDR3,G,0.3253191709518432
Transformer-onehot,HCDR3,G,0.1959001123905182
Transformer-onehot,HCDR3,G,0.1814358681440353
Transformer-onehot,HCDR3,G,0.5061280131340027
Transformer-onehot,HCDR3,G,0.3209699988365173
Transformer-onehot,HCDR3,G,0.2546139061450958
Transformer-onehot,HCDR3,G,0.3261538743972778
Transformer-onehot,HCDR3,G,0.1693167835474014
Transformer-onehot,HCDR3,G,0.1081608012318611
Transformer-onehot,HCDR3,G,0.127657949924469
Transformer-onehot,HCDR3,G,0.1528432965278625
Transformer-onehot,HCDR3,G,0.0
Transformer-onehot,HCDR3,G,0.1884182542562484
Transformer-onehot,HCDR3,G,0.0162668917328119
Transformer-onehot,HCDR3,G,0.1814173758029937
Transformer-onehot,HCDR3,G,0.4602878093719482
Transformer-onehot,HCDR3,G,0.2811501920223236
Transformer-onehot,HCDR3,G,0.087430253624916
Transformer-onehot,HCDR3,G,0.1590559333562851
Transformer-onehot,HCDR3,G,0.0
Transformer-onehot,HCDR3,G,0.1490643322467804
Transformer-onehot,HCDR3,G,0.5997880101203918
Transformer-onehot,HCDR3,G,0.2772669196128845
Transformer-onehot,HCDR3,G,0.127264529466629
Transformer-onehot,HCDR3,G,0.0319852866232395
Transformer-onehot,HCDR3,G,0.156422421336174
Transformer-onehot,HCDR3,G,0.1365419775247573
Transformer-onehot,HCDR3,G,0.354529321193695
Transformer-onehot,HCDR3,G,0.4072438776493072
Transformer-onehot,HCDR3,G,0.0
Transformer-onehot,HCDR3,G,0.3430531024932861
Transformer-onehot,HCDR3,G,0.278857409954071
Transformer-onehot,HCDR3,G,0.2983480989933014
Transformer-onehot,HCDR3,G,0.2655767202377319
Transformer-onehot,HCDR3,G,0.0
Transformer-onehot,HCDR3,G,0.0
Transformer-onehot,HCDR3,G,0.3527217209339142
Transformer-onehot,HCDR3,G,0.1688975393772125
Transformer-onehot,HCDR3,G,0.2989690005779266
Transformer-onehot,HCDR3,G,0.0863674506545066
Transformer-onehot,HCDR3,G,0.4073611497879028
Transformer-onehot,HCDR3,G,0.3554076552391052
Transformer-onehot,HCDR3,G,0.156750813126564
Transformer-onehot,HCDR3,G,0.3153567314147949
Transformer-onehot,HCDR3,G,0.0
Transformer-onehot,HCDR3,G,0.1284262984991073
Transformer-onehot,HCDR3,G,0.390262097120285
Transformer-onehot,HCDR3,G,0.1696603745222091
Transformer-onehot,HCDR3,G,0.0
Transformer-onehot,HCDR3,G,0.0
Transformer-onehot,HCDR3,G,0.0553871616721153
Transformer-onehot,HCDR3,G,0.2003538459539413
Transformer-onehot,HCDR3,G,0.1487874686717987
Transformer-onehot,HCDR3,G,0.087657481431961
Transformer-onehot,HCDR3,G,0.4232367873191833
Transformer-onehot,HCDR3,G,0.4103928804397583
Transformer-onehot,HCDR3,G,0.6343382596969604
Transformer-onehot,HCDR3,G,0.0
Transformer-onehot,HCDR3,G,0.0916936621069908
Transformer-onehot,HCDR3,G,0.2223065048456192
Transformer-onehot,HCDR3,G,0.5988635420799255
Transformer-onehot,HCDR3,G,0.5772971510887146
Transformer-onehot,HCDR3,G,0.0
Transformer-onehot,HCDR3,G,0.0440488569438457
Transformer-onehot,HCDR3,G,0.1903821229934692
Transformer-onehot,HCDR3,G,0.1669710278511047
Transformer-onehot,HCDR3,G,0.0
Transformer-onehot,HCDR3,G,0.1048176437616348
Transformer-onehot,HCDR3,G,0.3076379895210266
Transformer-onehot,HCDR3,G,0.0665708482265472
Transformer-onehot,HCDR3,G,0.106087327003479
Transformer-onehot,HCDR3,G,0.2382883429527282
Transformer-onehot,HCDR3,G,0.0300316009670496
Transformer-onehot,HCDR3,G,0.1249057352542877
Transformer-onehot,HCDR3,G,0.2378984987735748
Transformer-onehot,HCDR3,G,0.1582323461771011
Transformer-onehot,HCDR3,G,0.0849653035402298
Transformer-onehot,HCDR3,G,0.1713073551654815
Transformer-onehot,HCDR3,G,0.2360425293445587
Transformer-onehot,HCDR3,G,0.0
Transformer-onehot,HCDR3,G,0.0
Transformer-onehot,HCDR3,G,0.3404366970062256
Transformer-onehot,HCDR3,G,0.359397292137146
Transformer-onehot,HCDR3,G,0.1428277492523193
Transformer-onehot,HCDR3,G,0.118772491812706
Transformer-onehot,HCDR3,G,0.1447995454072952
Transformer-onehot,HCDR3,G,0.1894037276506424
Transformer-onehot,HCDR3,G,0.0
Transformer-onehot,HCDR3,G,0.2073897123336792
Transformer-onehot,HCDR3,G,0.2783287465572357
Transformer-onehot,HCDR3,G,0.0
Transformer-onehot,HCDR3,G,0.1881632357835769
Transformer-onehot,HCDR3,G,0.0347808748483657
Transformer-onehot,HCDR3,G,0.0699444860219955
Transformer-onehot,HCDR3,G,0.0
Transformer-onehot,HCDR3,G,0.1245784014463424
Transformer-onehot,HCDR3,G,0.0958639830350875
Transformer-onehot,HCDR3,G,0.0
Transformer-onehot,HCDR3,G,0.0347799472510814
Transformer-onehot,HCDR3,G,0.2622121572494507
Transformer-onehot,HCDR3,G,0.1324239522218704
Transformer-onehot,HCDR3,G,0.1801103055477142
Transformer-onehot,HCDR3,G,0.2286621034145355
Transformer-onehot,HCDR3,G,0.1190416663885116
Transformer-onehot,HCDR3,G,0.1511020064353943
Transformer-onehot,HCDR3,G,0.1238642558455467
Transformer-onehot,HCDR3,G,0.4249787330627441
Transformer-onehot,HCDR3,G,0.1906146705150604
Transformer-onehot,HCDR3,G,0.112175166606903
Transformer-onehot,HCDR3,G,0.2019266039133072
Transformer-onehot,HCDR3,G,0.1978648155927658
Transformer-onehot,HCDR3,G,0.2934800386428833
Transformer-onehot,HCDR3,G,0.5014162659645081
Transformer-onehot,HCDR3,G,0.1440876871347427
Transformer-onehot,HCDR3,G,0.2260207235813141
Transformer-onehot,HCDR3,G,0.0
Transformer-onehot,HCDR3,G,0.1334851384162902
Transformer-onehot,HCDR3,G,0.1106644570827484
Transformer-onehot,HCDR3,G,0.1944111138582229
Transformer-onehot,HCDR3,G,0.2664381563663482
Transformer-onehot,HCDR3,G,0.0877774357795715
Transformer-onehot,HCDR3,G,0.1544583886861801
Transformer-onehot,HCDR3,G,0.1435287892818451
Transformer-onehot,HCDR3,G,0.0
Transformer-onehot,HCDR3,G,0.1836642622947693
Transformer-onehot,HCDR3,G,0.1770267188549041
Transformer-onehot,HCDR3,G,0.1112531796097755
Transformer-onehot,HCDR3,G,0.1010167971253395
Transformer-onehot,HCDR3,G,0.2517843544483185
Transformer-onehot,HCDR3,G,0.0
Transformer-onehot,HCDR3,G,0.0669082999229431
Transformer-onehot,HCDR3,G,0.1040846407413482
Transformer-onehot,HCDR3,G,0.2321835160255432
Transformer-onehot,HCDR3,G,0.0
Transformer-onehot,HCDR3,G,0.0181526783853769
Transformer-onehot,HCDR3,G,0.2191932499408722
Transformer-onehot,HCDR3,G,0.0
Transformer-onehot,HCDR3,G,0.0
Transformer-onehot,HCDR3,G,0.1599141508340835
Transformer-onehot,HCDR3,G,0.2988231182098388
Transformer-onehot,HCDR3,G,0.0
Transformer-onehot,HCDR3,G,0.0
Transformer-onehot,HCDR3,G,0.1133079603314399
Transformer-onehot,HCDR3,G,0.1189398914575576
Transformer-onehot,HCDR3,G,0.2684282958507538
Transformer-onehot,HCDR3,G,0.2163128405809402
Transformer-onehot,HCDR3,G,0.2766472101211548
Transformer-onehot,HCDR3,G,0.1459258794784546
Transformer-onehot,HCDR3,G,0.1093994304537773
Transformer-onehot,HCDR3,G,0.1509516537189483
Transformer-onehot,HCDR3,G,0.1199989840388298
Transformer-onehot,HCDR3,G,0.0522209070622921
Transformer-onehot,HCDR3,G,0.2281575798988342
Transformer-onehot,HCDR3,G,0.0
Transformer-onehot,HCDR3,G,0.4432960152626037
Transformer-onehot,HCDR3,G,0.0798332095146179
Transformer-onehot,HCDR3,G,0.0952045544981956
Transformer-onehot,HCDR3,G,0.5279005765914917
Transformer-onehot,HCDR3,G,0.1480230838060379
Transformer-onehot,HCDR3,G,0.2277666181325912
Transformer-onehot,HCDR3,G,0.0
Transformer-onehot,HCDR3,G,0.2412398904561996
Transformer-onehot,HCDR3,G,0.0803769305348396
Transformer-onehot,HCDR3,G,0.2613328695297241
Transformer-onehot,HCDR3,G,0.1944672763347625
Transformer-onehot,HCDR3,G,0.0722637921571731
Transformer-onehot,HCDR3,G,0.1422206163406372
Transformer-onehot,HCDR3,G,0.0852690935134887
Transformer-onehot,HCDR3,G,0.3844945430755615
Transformer-onehot,HCDR3,G,0.0
Transformer-onehot,HCDR3,G,0.1593443900346756
Transformer-onehot,HCDR3,G,0.129565343260765
Transformer-onehot,HCDR3,G,0.3770008683204651
Transformer-onehot,HCDR3,G,0.2557582259178161
Transformer-onehot,HCDR3,G,0.1620256602764129
Transformer-onehot,HCDR3,G,0.3158427774906158
Transformer-onehot,HCDR3,G,0.0
Transformer-onehot,HCDR3,G,0.2216306328773498
Transformer-onehot,HCDR3,G,0.3945169150829315
Transformer-onehot,HCDR3,G,0.0211607590317726
Transformer-onehot,HCDR3,G,0.2758806645870209
Transformer-onehot,HCDR3,G,0.1344123035669326
Transformer-onehot,HCDR3,G,0.2786111533641815
Transformer-onehot,HCDR3,G,0.3409568071365356
Transformer-onehot,HCDR3,G,0.0588620156049728
Transformer-onehot,HCDR3,G,0.2517840564250946
Transformer-onehot,HCDR3,G,0.1697360873222351
Transformer-onehot,HCDR3,G,0.0
Transformer-onehot,HCDR3,G,0.1689250171184539
Transformer-onehot,HCDR3,G,0.0
Transformer-onehot,HCDR3,G,0.1178260445594787
Transformer-onehot,HCDR3,G,0.3108723759651184
Transformer-onehot,HCDR3,G,0.3189917206764221
Transformer-onehot,HCDR3,G,0.1544623374938964
Transformer-onehot,HCDR3,G,0.1347689926624298
Transformer-onehot,HCDR3,G,0.2349595725536346
Transformer-onehot,HCDR3,G,0.1499157845973968
Transformer-onehot,HCDR3,G,0.0
Transformer-onehot,HCDR3,G,0.1266031712293625
Transformer-onehot,HCDR3,G,0.0
Transformer-onehot,HCDR3,G,0.2696775197982788
Transformer-onehot,HCDR3,G,0.1028991565108299
Transformer-onehot,HCDR3,G,0.2761412858963012
Transformer-onehot,HCDR3,G,0.0
Transformer-onehot,HCDR3,G,0.2710350453853607
Transformer-onehot,HCDR3,G,0.3838671445846557
Transformer-onehot,HCDR3,G,0.1057066321372985
Transformer-onehot,HCDR3,G,0.0
Transformer-onehot,HCDR3,G,0.3097542822360992
Transformer-onehot,HCDR3,G,0.2331887632608413
Transformer-onehot,HCDR3,G,0.0
Transformer-onehot,HCDR3,G,0.0754855424165725
Transformer-onehot,HCDR3,G,0.1156349927186966
Transformer-onehot,HCDR3,G,0.1292653083801269
Transformer-onehot,HCDR3,G,0.2379036694765091
Transformer-onehot,HCDR3,G,0.2931998968124389
Transformer-onehot,HCDR3,G,0.1495214104652404
Transformer-onehot,HCDR3,G,0.0567815452814102
Transformer-onehot,HCDR3,G,0.0
Transformer-onehot,HCDR3,G,0.0977559238672256
Transformer-onehot,HCDR3,G,0.0401674099266529
Transformer-onehot,HCDR3,G,0.0
Transformer-onehot,HCDR3,G,0.1098143085837364
Transformer-onehot,HCDR3,G,0.0458333641290664
Transformer-onehot,HCDR3,G,0.027240889146924
Transformer-onehot,HCDR3,G,0.1296448707580566
Transformer-onehot,HCDR3,G,0.0741126090288162
Transformer-onehot,HCDR3,G,0.0
Transformer-onehot,HCDR3,G,0.0729506909847259
Transformer-onehot,HCDR3,G,0.0885394588112831
Transformer-onehot,HCDR3,G,0.012539979070425
Transformer-onehot,HCDR3,G,0.0
Transformer-onehot,HCDR3,G,0.0348880589008331
Transformer-onehot,HCDR3,G,0.0459749810397625
Transformer-onehot,HCDR3,G,0.1950664669275283
Transformer-onehot,HCDR3,G,0.0805954411625862
Transformer-onehot,HCDR3,G,0.0
Transformer-onehot,HCDR3,G,0.0242524892091751
Transformer-onehot,HCDR3,G,0.0148941045626997
Transformer-onehot,HCDR3,G,0.0
Transformer-onehot,HCDR3,G,0.0649749413132667
Transformer-onehot,HCDR3,G,0.1208897680044174
Transformer-onehot,HCDR3,G,0.0
Transformer-onehot,HCDR3,G,0.0451180376112461
Transformer-onehot,HCDR3,G,0.0185584779828786
Transformer-onehot,HCDR3,G,0.0218249559402465
Transformer-onehot,HCDR3,G,0.04175366461277
Transformer-onehot,HCDR3,G,0.0
Transformer-onehot,HCDR3,G,0.03369140625
Transformer-onehot,HCDR3,G,0.021490428596735
Transformer-onehot,HCDR3,G,0.0269749388098716
Transformer-onehot,HCDR3,G,0.0096652098000049
Transformer-onehot,HCDR3,G,0.1010142713785171
Transformer-onehot,HCDR3,G,0.1059634461998939
Transformer-onehot,HCDR3,G,0.1577037870883941
Transformer-onehot,HCDR3,G,0.0678490400314331
Transformer-onehot,HCDR3,G,0.1183596551418304
Transformer-onehot,HCDR3,G,0.0579155758023262
Transformer-onehot,HCDR3,G,0.0221581365913152
Transformer-onehot,HCDR3,G,0.0378087349236011
Transformer-onehot,HCDR3,G,0.1113085970282554
Transformer-onehot,HCDR3,G,0.0289167091250419
Transformer-onehot,HCDR3,G,0.0758384689688682
Transformer-onehot,HCDR3,G,0.0355651080608367
Transformer-onehot,HCDR3,G,0.0597501471638679
Transformer-onehot,HCDR3,G,0.0761870220303535
Transformer-onehot,HCDR3,G,0.0374322533607482
Transformer-onehot,HCDR3,G,0.0254354868084192
Transformer-onehot,HCDR3,G,0.0511582158505916
Transformer-onehot,HCDR3,G,0.0485777780413627
Transformer-onehot,HCDR3,G,0.0296954754739999
Transformer-onehot,HCDR3,G,0.0
Transformer-onehot,HCDR3,G,0.0832029357552528
Transformer-onehot,HCDR3,G,0.0404471196234226
Transformer-onehot,HCDR3,G,0.0321117863059043
Transformer-onehot,HCDR3,G,0.1102450266480445
Transformer-onehot,HCDR3,G,0.054251492023468
Transformer-onehot,HCDR3,G,0.0210378877818584
Transformer-onehot,HCDR3,G,0.0
Transformer-onehot,HCDR3,G,0.2413204163312912
Transformer-onehot,HCDR3,G,0.0
Transformer-onehot,HCDR3,G,0.0353354774415493
Transformer-onehot,HCDR3,G,0.0542387552559375
Transformer-onehot,HCDR3,G,0.0
Transformer-onehot,HCDR3,G,0.0297505185008049
Transformer-onehot,HCDR3,G,0.0480391457676887
Transformer-onehot,HCDR3,G,0.0310240015387535
Transformer-onehot,HCDR3,G,0.0270479638129472
Transformer-onehot,HCDR3,G,0.0
Transformer-onehot,HCDR3,G,0.0618948712944984
Transformer-onehot,HCDR3,G,0.0224761813879013
Transformer-onehot,HCDR3,G,0.1444283127784729
Transformer-onehot,HCDR3,G,0.0
Transformer-onehot,HCDR3,G,0.0
Transformer-onehot,HCDR3,G,0.0272562317550182
Transformer-onehot,HCDR3,G,0.0
Transformer-onehot,HCDR3,G,0.0
Transformer-onehot,HCDR3,G,0.0401124246418476
Transformer-onehot,HCDR3,G,0.0
Transformer-onehot,HCDR3,G,0.0
Transformer-onehot,HCDR3,G,0.262508362531662
Transformer-onehot,HCDR3,G,0.0179682411253452
Transformer-onehot,HCDR3,G,0.1454966515302658
Transformer-onehot,HCDR3,G,0.069482073187828
Transformer-onehot,HCDR3,G,0.0402606129646301
Transformer-onehot,HCDR3,G,0.0609437860548496
Transformer-onehot,HCDR3,G,0.0326138921082019
Transformer-onehot,HCDR3,G,0.0278586186468601
Transformer-onehot,HCDR3,G,0.0
Transformer-onehot,HCDR3,G,0.0377822592854499
Transformer-onehot,HCDR3,G,0.03489775583148
Transformer-onehot,HCDR3,G,0.0
Transformer-onehot,HCDR3,G,0.0171028096228837
Transformer-onehot,HCDR3,G,0.0651563107967376
Transformer-onehot,HCDR3,G,0.0479478314518928
Transformer-onehot,HCDR3,G,0.0
Transformer-onehot,HCDR3,G,0.0398917719721794
Transformer-onehot,HCDR3,G,0.0374580770730972
Transformer-onehot,HCDR3,G,0.0584412813186645
Transformer-onehot,HCDR3,G,0.026225546374917
Transformer-onehot,HCDR3,G,0.11876180768013
Transformer-onehot,HCDR3,G,0.0181941632181406
Transformer-onehot,HCDR3,G,0.0665431395173072
Transformer-onehot,HCDR3,G,0.0326592363417148
Transformer-onehot,HCDR3,G,0.0
Transformer-onehot,HCDR3,G,0.0120607884600758
Transformer-onehot,HCDR3,G,0.0265293512493371
Transformer-onehot,HCDR3,G,0.0297629181295633
Transformer-onehot,HCDR3,G,0.1502894461154937
Transformer-onehot,HCDR3,G,0.0
Transformer-onehot,HCDR3,G,0.247553676366806
Transformer-onehot,HCDR3,G,0.1001682206988334
Transformer-onehot,HCDR3,G,0.0159288607537746
Transformer-onehot,HCDR3,G,0.3977640569210052
Transformer-onehot,HCDR3,G,0.0
Transformer-onehot,HCDR3,G,0.0845339223742485
Transformer-onehot,HCDR3,G,0.0463859625160694
Transformer-onehot,HCDR3,G,0.0
Transformer-onehot,HCDR3,G,0.0328790433704853
Transformer-onehot,HCDR3,G,0.0610049739480018
Transformer-onehot,HCDR3,G,0.0722596868872642
Transformer-onehot,HCDR3,G,0.0
Transformer-onehot,HCDR3,G,0.0
Transformer-onehot,HCDR3,G,0.0496340654790401
Transformer-onehot,HCDR3,G,0.0415119528770446
Transformer-onehot,HCDR3,G,0.0264668576419353
Transformer-onehot,HCDR3,G,0.0824003666639328
Transformer-onehot,HCDR3,G,0.0202820897102355
Transformer-onehot,HCDR3,G,0.0645160600543022
Transformer-onehot,HCDR3,G,0.0740075930953025
Transformer-onehot,HCDR3,G,0.0590680874884128
Transformer-onehot,HCDR3,G,0.0187293570488691
Transformer-onehot,HCDR3,G,0.0
Transformer-onehot,HCDR3,G,0.0884723663330078
Transformer-onehot,HCDR3,G,0.0314485244452953
Transformer-onehot,HCDR3,G,0.0314948745071888
Transformer-onehot,HCDR3,G,0.0
Transformer-onehot,HCDR3,G,0.0305172149091959
Transformer-onehot,HCDR3,G,0.0116246491670608
Transformer-onehot,HCDR3,G,0.0452784337103366
Transformer-onehot,HCDR3,G,0.0
Transformer-onehot,HCDR3,G,0.1059596166014671
Transformer-onehot,HCDR3,G,0.0143587244674563
Transformer-onehot,HCDR3,G,0.0202795825898647
Transformer-onehot,HCDR3,G,0.0092256814241409
Transformer-onehot,HCDR3,G,0.0501995496451854
Transformer-onehot,HCDR3,G,0.0713795498013496
Transformer-onehot,HCDR3,G,0.0
Transformer-onehot,HCDR3,G,0.1519311070442199
Transformer-onehot,HCDR3,G,0.0085889948531985
Transformer-onehot,HCDR3,G,0.0
Transformer-onehot,HCDR3,G,0.0
Transformer-onehot,HCDR3,G,0.0
Transformer-onehot,HCDR3,G,0.0601097270846366
Transformer-onehot,HCDR3,G,0.0303280521184206
Transformer-onehot,HCDR3,G,0.1524132788181305
Transformer-onehot,HCDR3,G,0.0984337106347084
Transformer-onehot,HCDR3,G,0.0479349084198474
Transformer-onehot,HCDR3,G,0.0
Transformer-onehot,HCDR3,G,0.0882600620388984
Transformer-onehot,HCDR3,G,0.0718518197536468
Transformer-onehot,HCDR3,G,0.0
Transformer-onehot,HCDR3,G,0.0
Transformer-onehot,HCDR3,G,0.312444269657135
Transformer-onehot,HCDR3,G,0.0733252614736557
Transformer-onehot,HCDR3,G,0.0175141505897045
Transformer-onehot,HCDR3,G,0.0284710954874753
Transformer-onehot,HCDR3,G,0.0383799150586128
Transformer-onehot,HCDR3,G,0.0265968348830938
Transformer-onehot,HCDR3,G,0.1046100258827209
Transformer-onehot,HCDR3,G,0.0227470360696315
Transformer-onehot,HCDR3,G,0.0664149597287178
Transformer-onehot,HCDR3,G,0.1780833005905151
Transformer-onehot,HCDR3,G,0.0168969295918941
Transformer-onehot,HCDR3,G,0.0
Transformer-onehot,HCDR3,G,0.0206693522632122
Transformer-onehot,HCDR3,G,0.0441050231456756
Transformer-onehot,HCDR3,G,0.0143971759825944
Transformer-onehot,HCDR3,G,0.1079254001379013
Transformer-onehot,HCDR3,G,0.0
Transformer-onehot,HCDR3,G,0.0
Transformer-onehot,HCDR3,G,0.1203956604003906
Transformer-onehot,HCDR3,G,0.0402024090290069
Transformer-onehot,HCDR3,G,0.0
Transformer-onehot,HCDR3,G,0.0453504398465156
Transformer-onehot,HCDR3,G,0.065061517059803
Transformer-onehot,HCDR3,G,0.0336668156087398
Transformer-onehot,HCDR3,G,0.0461436323821544
Transformer-onehot,HCDR3,G,0.0358210429549217
Transformer-onehot,HCDR3,G,0.0
Transformer-onehot,HCDR3,G,0.0379711464047431
Transformer-onehot,HCDR3,G,0.032767117023468
Transformer-onehot,HCDR3,G,0.1150413826107978
Transformer-onehot,HCDR3,G,0.0180040970444679
Transformer-onehot,HCDR3,G,0.039411935955286
Transformer-onehot,HCDR3,G,0.0
Transformer-onehot,HCDR3,G,0.0195537414401769
Transformer-onehot,HCDR3,G,0.0807165801525116
Transformer-onehot,HCDR3,G,0.0842758864164352
Transformer-onehot,HCDR3,G,0.0649706423282623
Transformer-onehot,HCDR3,G,0.0149955926463007
Transformer-onehot,HCDR3,G,0.0306872613728046
Transformer-onehot,HCDR3,G,0.035225361585617
Transformer-onehot,HCDR3,G,0.1868366003036499
Transformer-onehot,HCDR3,G,0.0821228325366973
Transformer-onehot,HCDR3,G,0.0181478783488273
Transformer-onehot,HCDR3,G,0.0263173077255487
Transformer-onehot,HCDR3,G,0.0903041660785675
Transformer-onehot,HCDR3,G,0.1497094333171844
Transformer-onehot,HCDR3,G,0.05019236728549
Transformer-onehot,HCDR3,G,0.0194198153913021
Transformer-onehot,HCDR3,G,0.0535681769251823
Transformer-onehot,HCDR3,G,0.0296293590217828
Transformer-onehot,HCDR3,G,0.0952464789152145
Transformer-onehot,HCDR3,G,0.0
Transformer-onehot,HCDR3,G,0.0250693224370479
Transformer-onehot,HCDR3,G,0.0258543230593204
Transformer-onehot,HCDR3,G,0.106846734881401
Transformer-onehot,HCDR3,G,0.0338934436440467
Transformer-onehot,HCDR3,G,0.0454811081290245
Transformer-onehot,HCDR3,G,0.1068234741687774
Transformer-onehot,HCDR3,G,0.0
Transformer-onehot,HCDR3,G,0.0
Transformer-onehot,HCDR3,G,0.0136182447895407
Transformer-onehot,HCDR3,G,0.0
Transformer-onehot,HCDR3,G,0.0
Transformer-onehot,HCDR3,G,0.0
Transformer-onehot,HCDR3,G,0.0875107198953628
Transformer-onehot,HCDR3,G,0.0343325287103652
Transformer-onehot,HCDR3,G,0.0506314784288406
Transformer-onehot,HCDR3,G,0.0280538350343704
Transformer-onehot,HCDR3,G,0.0273233074694871
Transformer-onehot,HCDR3,G,0.0211996249854564
Transformer-onehot,HCDR3,G,0.01380255818367
Transformer-onehot,HCDR3,G,0.0915471613407135
Transformer-onehot,HCDR3,G,0.0711534470319747
Transformer-onehot,HCDR3,G,0.0576447956264019
Transformer-onehot,HCDR3,G,0.0201841425150632
Transformer-onehot,HCDR3,G,0.0153154181316494
Transformer-onehot,HCDR3,G,0.0384722165763378
Transformer-onehot,HCDR3,G,0.0734828040003776
Transformer-onehot,HCDR3,G,0.0752058327198028
Transformer-onehot,HCDR3,G,0.0120058804750442
Transformer-onehot,HCDR3,G,0.034398827701807
Transformer-onehot,HCDR3,G,0.1422443240880966
Transformer-onehot,HCDR3,G,0.1240182816982269
Transformer-onehot,HCDR3,G,0.0270281359553337
Transformer-onehot,HCDR3,G,0.0
Transformer-onehot,HCDR3,G,0.0619909763336181
Transformer-onehot,HCDR3,G,0.0272941067814826
Transformer-onehot,HCDR3,G,0.0625980496406555
Transformer-onehot,HCDR3,G,0.0226014498621225
Transformer-onehot,HCDR3,G,0.0482157580554485
Transformer-onehot,HCDR3,H,0.0
Transformer-onehot,HCDR3,H,-0.2487253099679947
Transformer-onehot,HCDR3,H,0.0
Transformer-onehot,HCDR3,H,-0.9135029315948486
Transformer-onehot,HCDR3,H,0.0
Transformer-onehot,HCDR3,H,0.0
Transformer-onehot,HCDR3,H,0.0
Transformer-onehot,HCDR3,H,0.0
Transformer-onehot,HCDR3,H,0.0
Transformer-onehot,HCDR3,H,-0.4928763210773468
Transformer-onehot,HCDR3,H,-0.4572022259235382
Transformer-onehot,HCDR3,H,0.0
Transformer-onehot,HCDR3,H,0.0
Transformer-onehot,HCDR3,H,-0.6392448544502258
Transformer-onehot,HCDR3,H,-0.3471374809741974
Transformer-onehot,HCDR3,H,0.0
Transformer-onehot,HCDR3,H,-0.5578649044036865
Transformer-onehot,HCDR3,H,0.0
Transformer-onehot,HCDR3,H,0.0
Transformer-onehot,HCDR3,H,0.0
Transformer-onehot,HCDR3,H,-0.5611693263053894
Transformer-onehot,HCDR3,H,-1.0463372468948364
Transformer-onehot,HCDR3,H,0.0
Transformer-onehot,HCDR3,H,-0.3885641992092132
Transformer-onehot,HCDR3,H,0.0
Transformer-onehot,HCDR3,H,0.0
Transformer-onehot,HCDR3,H,0.0
Transformer-onehot,HCDR3,H,-0.8903135657310486
Transformer-onehot,HCDR3,H,0.0
Transformer-onehot,HCDR3,H,0.0
Transformer-onehot,HCDR3,H,0.0
Transformer-onehot,HCDR3,H,0.0
Transformer-onehot,HCDR3,H,-0.459376573562622
Transformer-onehot,HCDR3,H,0.0
Transformer-onehot,HCDR3,H,-0.4343537092208862
Transformer-onehot,HCDR3,H,0.0
Transformer-onehot,HCDR3,H,-0.8405898809432983
Transformer-onehot,HCDR3,H,-0.9167954921722412
Transformer-onehot,HCDR3,H,-0.3263037502765655
Transformer-onehot,HCDR3,H,-0.1874457597732544
Transformer-onehot,HCDR3,H,0.0
Transformer-onehot,HCDR3,H,0.0
Transformer-onehot,HCDR3,H,-0.6473627090454102
Transformer-onehot,HCDR3,H,-0.2934965491294861
Transformer-onehot,HCDR3,H,0.0
Transformer-onehot,HCDR3,H,0.0
Transformer-onehot,HCDR3,H,0.0
Transformer-onehot,HCDR3,H,-1.2562994956970217
Transformer-onehot,HCDR3,H,-0.4033082723617553
Transformer-onehot,HCDR3,H,-0.5496751666069031
Transformer-onehot,HCDR3,H,0.0
Transformer-onehot,HCDR3,H,-0.1550768166780471
Transformer-onehot,HCDR3,H,0.0
Transformer-onehot,HCDR3,H,0.0
Transformer-onehot,HCDR3,H,0.0
Transformer-onehot,HCDR3,H,0.0
Transformer-onehot,HCDR3,H,0.0
Transformer-onehot,HCDR3,H,-0.2693828046321869
Transformer-onehot,HCDR3,H,0.0
Transformer-onehot,HCDR3,H,-0.2909857034683227
Transformer-onehot,HCDR3,H,-0.5043609142303467
Transformer-onehot,HCDR3,H,0.0
Transformer-onehot,HCDR3,H,-0.5293772220611572
Transformer-onehot,HCDR3,H,-0.417866975069046
Transformer-onehot,HCDR3,H,0.0
Transformer-onehot,HCDR3,H,-0.6018097400665283
Transformer-onehot,HCDR3,H,-0.4908005595207214
Transformer-onehot,HCDR3,H,0.0
Transformer-onehot,HCDR3,H,-0.477768063545227
Transformer-onehot,HCDR3,H,0.0
Transformer-onehot,HCDR3,H,-0.449242889881134
Transformer-onehot,HCDR3,H,0.0
Transformer-onehot,HCDR3,H,0.0
Transformer-onehot,HCDR3,H,0.0
Transformer-onehot,HCDR3,H,-0.4818485975265503
Transformer-onehot,HCDR3,H,-0.633657693862915
Transformer-onehot,HCDR3,H,0.0
Transformer-onehot,HCDR3,H,0.0
Transformer-onehot,HCDR3,H,0.0
Transformer-onehot,HCDR3,H,-0.4406781792640686
Transformer-onehot,HCDR3,H,-0.3261563777923584
Transformer-onehot,HCDR3,H,-0.4098284244537353
Transformer-onehot,HCDR3,H,-0.6808578372001648
Transformer-onehot,HCDR3,H,0.0
Transformer-onehot,HCDR3,H,0.0
Transformer-onehot,HCDR3,H,0.0
Transformer-onehot,HCDR3,H,0.0
Transformer-onehot,HCDR3,H,0.0
Transformer-onehot,HCDR3,H,-0.6340911388397217
Transformer-onehot,HCDR3,H,0.0
Transformer-onehot,HCDR3,H,0.0
Transformer-onehot,HCDR3,H,-0.5480740666389465
Transformer-onehot,HCDR3,H,-0.749523401260376
Transformer-onehot,HCDR3,H,-0.2922989130020141
Transformer-onehot,HCDR3,H,0.0
Transformer-onehot,HCDR3,H,0.0
Transformer-onehot,HCDR3,H,0.0
Transformer-onehot,HCDR3,H,0.0
Transformer-onehot,HCDR3,H,-0.5838651061058044
Transformer-onehot,HCDR3,H,0.0
Transformer-onehot,HCDR3,H,0.0
Transformer-onehot,HCDR3,H,-0.2131257802248001
Transformer-onehot,HCDR3,H,0.0
Transformer-onehot,HCDR3,H,0.0
Transformer-onehot,HCDR3,H,-0.4915199279785156
Transformer-onehot,HCDR3,H,-0.3667981326580047
Transformer-onehot,HCDR3,H,0.0
Transformer-onehot,HCDR3,H,0.0
Transformer-onehot,HCDR3,H,0.0
Transformer-onehot,HCDR3,H,-0.6753139495849609
Transformer-onehot,HCDR3,H,0.0
Transformer-onehot,HCDR3,H,-0.0882750526070594
Transformer-onehot,HCDR3,H,0.0
Transformer-onehot,HCDR3,H,-1.0483710765838623
Transformer-onehot,HCDR3,H,0.0
Transformer-onehot,HCDR3,H,-0.5008735656738281
Transformer-onehot,HCDR3,H,0.0
Transformer-onehot,HCDR3,H,-0.4046588540077209
Transformer-onehot,HCDR3,H,0.0
Transformer-onehot,HCDR3,H,0.0
Transformer-onehot,HCDR3,H,0.0
Transformer-onehot,HCDR3,H,0.0
Transformer-onehot,HCDR3,H,-0.3731438219547272
Transformer-onehot,HCDR3,H,-0.7332968711853027
Transformer-onehot,HCDR3,H,-0.6107993721961975
Transformer-onehot,HCDR3,H,0.0
Transformer-onehot,HCDR3,H,0.0
Transformer-onehot,HCDR3,H,0.0
Transformer-onehot,HCDR3,H,-1.153559923171997
Transformer-onehot,HCDR3,H,-0.5557478070259094
Transformer-onehot,HCDR3,H,0.0
Transformer-onehot,HCDR3,H,-0.6735777854919434
Transformer-onehot,HCDR3,H,0.0
Transformer-onehot,HCDR3,H,-0.4462743699550628
Transformer-onehot,HCDR3,H,0.0
Transformer-onehot,HCDR3,H,0.0
Transformer-onehot,HCDR3,H,0.0
Transformer-onehot,HCDR3,H,-0.4123755097389221
Transformer-onehot,HCDR3,H,0.0
Transformer-onehot,HCDR3,H,0.0
Transformer-onehot,HCDR3,H,0.0
Transformer-onehot,HCDR3,H,-0.6294004917144775
Transformer-onehot,HCDR3,H,-0.5443398356437683
Transformer-onehot,HCDR3,H,-0.4667912423610687
Transformer-onehot,HCDR3,H,-0.246454656124115
Transformer-onehot,HCDR3,H,0.0
Transformer-onehot,HCDR3,H,-2.2229297161102295
Transformer-onehot,HCDR3,H,-0.2095632702112198
Transformer-onehot,HCDR3,H,0.0
Transformer-onehot,HCDR3,H,-0.9325755834579468
Transformer-onehot,HCDR3,H,-1.0203123092651367
Transformer-onehot,HCDR3,H,0.0
Transformer-onehot,HCDR3,H,-0.9839513301849364
Transformer-onehot,HCDR3,H,-0.2899370491504669
Transformer-onehot,HCDR3,H,0.0
Transformer-onehot,HCDR3,H,-0.1704613119363784
Transformer-onehot,HCDR3,H,0.0
Transformer-onehot,HCDR3,H,-0.45407435297966
Transformer-onehot,HCDR3,H,-0.7036120295524597
Transformer-onehot,HCDR3,H,-0.4827836751937866
Transformer-onehot,HCDR3,H,0.0
Transformer-onehot,HCDR3,H,0.0
Transformer-onehot,HCDR3,H,0.0
Transformer-onehot,HCDR3,H,0.0
Transformer-onehot,HCDR3,H,-0.6979263424873352
Transformer-onehot,HCDR3,H,0.0
Transformer-onehot,HCDR3,H,0.0
Transformer-onehot,HCDR3,H,-0.3766297399997711
Transformer-onehot,HCDR3,H,-0.2943433821201324
Transformer-onehot,HCDR3,H,0.0
Transformer-onehot,HCDR3,H,-0.4685123264789581
Transformer-onehot,HCDR3,H,0.0
Transformer-onehot,HCDR3,H,0.0
Transformer-onehot,HCDR3,H,-0.7766238451004028
Transformer-onehot,HCDR3,H,0.0
Transformer-onehot,HCDR3,H,-0.3156169056892395
Transformer-onehot,HCDR3,H,-0.4924002885818481
Transformer-onehot,HCDR3,H,-0.362289547920227
Transformer-onehot,HCDR3,H,0.0
Transformer-onehot,HCDR3,H,-0.2956394255161285
Transformer-onehot,HCDR3,H,-0.2313391864299774
Transformer-onehot,HCDR3,H,-0.9735338687896729
Transformer-onehot,HCDR3,H,-0.3243760466575622
Transformer-onehot,HCDR3,H,0.0
Transformer-onehot,HCDR3,H,-0.3668351173400879
Transformer-onehot,HCDR3,H,-0.6314454674720764
Transformer-onehot,HCDR3,H,-0.3495028913021087
Transformer-onehot,HCDR3,H,0.0
Transformer-onehot,HCDR3,H,0.0
Transformer-onehot,HCDR3,H,0.0
Transformer-onehot,HCDR3,H,0.0
Transformer-onehot,HCDR3,H,0.0
Transformer-onehot,HCDR3,H,0.0
Transformer-onehot,HCDR3,H,-0.6549187898635864
Transformer-onehot,HCDR3,H,-0.3048567771911621
Transformer-onehot,HCDR3,H,0.0
Transformer-onehot,HCDR3,H,-0.7771384716033936
Transformer-onehot,HCDR3,H,-0.4308470487594604
Transformer-onehot,HCDR3,H,-0.3820915222167969
Transformer-onehot,HCDR3,H,-0.390840083360672
Transformer-onehot,HCDR3,H,-0.3985794484615326
Transformer-onehot,HCDR3,H,0.0
Transformer-onehot,HCDR3,H,-1.229884147644043
Transformer-onehot,HCDR3,H,-0.6636286377906799
Transformer-onehot,HCDR3,H,0.0
Transformer-onehot,HCDR3,H,-0.5779520273208618
Transformer-onehot,HCDR3,H,0.0
Transformer-onehot,HCDR3,H,0.0
Transformer-onehot,HCDR3,H,0.0
Transformer-onehot,HCDR3,H,0.0
Transformer-onehot,HCDR3,H,0.0
Transformer-onehot,HCDR3,H,0.0
Transformer-onehot,HCDR3,H,0.0
Transformer-onehot,HCDR3,H,0.0
Transformer-onehot,HCDR3,H,-0.4507219195365906
Transformer-onehot,HCDR3,H,0.0
Transformer-onehot,HCDR3,H,-1.3121376037597656
Transformer-onehot,HCDR3,H,0.0
Transformer-onehot,HCDR3,H,-0.5957807898521423
Transformer-onehot,HCDR3,H,0.0
Transformer-onehot,HCDR3,H,-0.3050606250762939
Transformer-onehot,HCDR3,H,-0.5348415374755859
Transformer-onehot,HCDR3,H,-0.4835271537303924
Transformer-onehot,HCDR3,H,-0.4152284860610962
Transformer-onehot,HCDR3,H,0.0
Transformer-onehot,HCDR3,H,0.0
Transformer-onehot,HCDR3,H,0.0
Transformer-onehot,HCDR3,H,-0.4956349432468414
Transformer-onehot,HCDR3,H,-0.4840338230133056
Transformer-onehot,HCDR3,H,0.0
Transformer-onehot,HCDR3,H,-0.4933131337165832
Transformer-onehot,HCDR3,H,0.0
Transformer-onehot,HCDR3,H,-0.6915563344955444
Transformer-onehot,HCDR3,H,-0.3169060945510864
Transformer-onehot,HCDR3,H,-0.3767975866794586
Transformer-onehot,HCDR3,H,-0.2656342387199402
Transformer-onehot,HCDR3,H,0.0
Transformer-onehot,HCDR3,H,-0.3013246655464172
Transformer-onehot,HCDR3,H,0.0
Transformer-onehot,HCDR3,H,-0.2601011097431183
Transformer-onehot,HCDR3,H,0.0
Transformer-onehot,HCDR3,H,-0.4781413376331329
Transformer-onehot,HCDR3,H,-0.4680483043193817
Transformer-onehot,HCDR3,H,0.0
Transformer-onehot,HCDR3,H,0.0
Transformer-onehot,HCDR3,H,0.0
Transformer-onehot,HCDR3,H,0.0
Transformer-onehot,HCDR3,H,0.0
Transformer-onehot,HCDR3,H,0.0
Transformer-onehot,HCDR3,H,0.0
Transformer-onehot,HCDR3,H,0.0
Transformer-onehot,HCDR3,H,0.0
Transformer-onehot,HCDR3,H,0.0
Transformer-onehot,HCDR3,H,0.0
Transformer-onehot,HCDR3,H,0.0
Transformer-onehot,HCDR3,H,0.0
Transformer-onehot,HCDR3,H,0.0
Transformer-onehot,HCDR3,H,0.0
Transformer-onehot,HCDR3,H,0.0
Transformer-onehot,HCDR3,H,0.0
Transformer-onehot,HCDR3,H,0.0
Transformer-onehot,HCDR3,H,0.0
Transformer-onehot,HCDR3,H,0.0
Transformer-onehot,HCDR3,H,-0.1163075417280197
Transformer-onehot,HCDR3,H,0.0
Transformer-onehot,HCDR3,H,0.0
Transformer-onehot,HCDR3,H,0.0
Transformer-onehot,HCDR3,H,0.0
Transformer-onehot,HCDR3,H,0.0
Transformer-onehot,HCDR3,H,0.0
Transformer-onehot,HCDR3,H,0.0
Transformer-onehot,HCDR3,H,0.0
Transformer-onehot,HCDR3,H,0.0
Transformer-onehot,HCDR3,H,0.0
Transformer-onehot,HCDR3,H,0.0
Transformer-onehot,HCDR3,H,0.0
Transformer-onehot,HCDR3,H,0.0
Transformer-onehot,HCDR3,H,0.0
Transformer-onehot,HCDR3,H,0.0
Transformer-onehot,HCDR3,H,0.0
Transformer-onehot,HCDR3,H,0.0
Transformer-onehot,HCDR3,H,0.0
Transformer-onehot,HCDR3,H,0.0
Transformer-onehot,HCDR3,H,-0.1490829139947891
Transformer-onehot,HCDR3,H,0.0
Transformer-onehot,HCDR3,H,0.0
Transformer-onehot,HCDR3,H,0.0
Transformer-onehot,HCDR3,H,-0.1200897470116615
Transformer-onehot,HCDR3,H,0.0
Transformer-onehot,HCDR3,H,0.0
Transformer-onehot,HCDR3,H,0.0
Transformer-onehot,HCDR3,H,0.0
Transformer-onehot,HCDR3,H,0.0
Transformer-onehot,HCDR3,H,0.0
Transformer-onehot,HCDR3,H,0.0
Transformer-onehot,HCDR3,H,-0.1578246355056762
Transformer-onehot,HCDR3,H,0.0
Transformer-onehot,HCDR3,H,0.0
Transformer-onehot,HCDR3,H,-0.0820137113332748
Transformer-onehot,HCDR3,H,0.0
Transformer-onehot,HCDR3,H,0.0
Transformer-onehot,HCDR3,H,0.0
Transformer-onehot,HCDR3,H,0.0
Transformer-onehot,HCDR3,H,0.0
Transformer-onehot,HCDR3,H,0.0
Transformer-onehot,HCDR3,H,0.0
Transformer-onehot,HCDR3,H,0.0
Transformer-onehot,HCDR3,H,0.0
Transformer-onehot,HCDR3,H,0.0
Transformer-onehot,HCDR3,H,0.0
Transformer-onehot,HCDR3,H,0.0
Transformer-onehot,HCDR3,H,0.0
Transformer-onehot,HCDR3,H,0.0
Transformer-onehot,HCDR3,H,0.0
Transformer-onehot,HCDR3,H,0.0
Transformer-onehot,HCDR3,H,0.0
Transformer-onehot,HCDR3,H,0.0
Transformer-onehot,HCDR3,H,0.0
Transformer-onehot,HCDR3,H,0.0
Transformer-onehot,HCDR3,H,0.0
Transformer-onehot,HCDR3,H,0.0
Transformer-onehot,HCDR3,H,-0.1162116229534149
Transformer-onehot,HCDR3,H,0.0
Transformer-onehot,HCDR3,H,0.0
Transformer-onehot,HCDR3,H,0.0
Transformer-onehot,HCDR3,H,0.0
Transformer-onehot,HCDR3,H,0.0
Transformer-onehot,HCDR3,H,0.0
Transformer-onehot,HCDR3,H,-0.065157301723957
Transformer-onehot,HCDR3,H,-0.2833794057369232
Transformer-onehot,HCDR3,H,0.0
Transformer-onehot,HCDR3,H,0.0
Transformer-onehot,HCDR3,H,0.0
Transformer-onehot,HCDR3,H,0.0
Transformer-onehot,HCDR3,H,0.0
Transformer-onehot,HCDR3,H,0.0
Transformer-onehot,HCDR3,H,0.0
Transformer-onehot,HCDR3,H,0.0
Transformer-onehot,HCDR3,H,0.0
Transformer-onehot,HCDR3,H,0.0
Transformer-onehot,HCDR3,H,0.0
Transformer-onehot,HCDR3,H,0.0
Transformer-onehot,HCDR3,H,0.0
Transformer-onehot,HCDR3,H,0.0
Transformer-onehot,HCDR3,H,0.0
Transformer-onehot,HCDR3,H,0.0
Transformer-onehot,HCDR3,H,0.0
Transformer-onehot,HCDR3,H,0.0
Transformer-onehot,HCDR3,H,0.0
Transformer-onehot,HCDR3,H,0.0
Transformer-onehot,HCDR3,H,0.0
Transformer-onehot,HCDR3,H,0.0
Transformer-onehot,HCDR3,H,0.0
Transformer-onehot,HCDR3,H,0.0
Transformer-onehot,HCDR3,H,0.0
Transformer-onehot,HCDR3,H,-0.2174944579601287
Transformer-onehot,HCDR3,H,-0.1695628017187118
Transformer-onehot,HCDR3,H,-0.290260374546051
Transformer-onehot,HCDR3,H,0.0
Transformer-onehot,HCDR3,H,0.0
Transformer-onehot,HCDR3,H,0.0
Transformer-onehot,HCDR3,H,0.0
Transformer-onehot,HCDR3,H,0.0
Transformer-onehot,HCDR3,H,0.0
Transformer-onehot,HCDR3,H,0.0
Transformer-onehot,HCDR3,H,0.0
Transformer-onehot,HCDR3,H,0.0
Transformer-onehot,HCDR3,H,0.0
Transformer-onehot,HCDR3,H,0.0
Transformer-onehot,HCDR3,H,0.0
Transformer-onehot,HCDR3,H,0.0
Transformer-onehot,HCDR3,H,0.0
Transformer-onehot,HCDR3,H,0.0
Transformer-onehot,HCDR3,H,0.0
Transformer-onehot,HCDR3,H,0.0
Transformer-onehot,HCDR3,H,0.0
Transformer-onehot,HCDR3,H,0.0
Transformer-onehot,HCDR3,H,0.0
Transformer-onehot,HCDR3,H,0.0
Transformer-onehot,HCDR3,H,0.0
Transformer-onehot,HCDR3,H,0.0
Transformer-onehot,HCDR3,H,0.0
Transformer-onehot,HCDR3,H,0.0
Transformer-onehot,HCDR3,H,0.0
Transformer-onehot,HCDR3,H,0.0
Transformer-onehot,HCDR3,H,0.0
Transformer-onehot,HCDR3,H,-0.1796513497829437
Transformer-onehot,HCDR3,H,0.0
Transformer-onehot,HCDR3,H,-0.3123533129692077
Transformer-onehot,HCDR3,H,0.0
Transformer-onehot,HCDR3,H,0.0
Transformer-onehot,HCDR3,H,0.0
Transformer-onehot,HCDR3,H,0.0
Transformer-onehot,HCDR3,H,0.0
Transformer-onehot,HCDR3,H,0.0
Transformer-onehot,HCDR3,H,0.0
Transformer-onehot,HCDR3,H,0.0
Transformer-onehot,HCDR3,H,0.0
Transformer-onehot,HCDR3,H,0.0
Transformer-onehot,HCDR3,H,0.0
Transformer-onehot,HCDR3,H,0.0
Transformer-onehot,HCDR3,H,0.0
Transformer-onehot,HCDR3,H,0.0
Transformer-onehot,HCDR3,H,-0.2234294116497039
Transformer-onehot,HCDR3,H,0.0
Transformer-onehot,HCDR3,H,0.0
Transformer-onehot,HCDR3,H,0.0
Transformer-onehot,HCDR3,H,0.0
Transformer-onehot,HCDR3,H,0.0
Transformer-onehot,HCDR3,H,-0.162586897611618
Transformer-onehot,HCDR3,H,0.0
Transformer-onehot,HCDR3,H,-0.2681675851345062
Transformer-onehot,HCDR3,H,0.0
Transformer-onehot,HCDR3,H,0.0
Transformer-onehot,HCDR3,H,-0.0930047333240509
Transformer-onehot,HCDR3,H,0.0
Transformer-onehot,HCDR3,H,0.0
Transformer-onehot,HCDR3,H,0.0
Transformer-onehot,HCDR3,H,-0.1983387023210525
Transformer-onehot,HCDR3,H,-0.2668167948722839
Transformer-onehot,HCDR3,H,0.0
Transformer-onehot,HCDR3,H,0.0
Transformer-onehot,HCDR3,H,0.0
Transformer-onehot,HCDR3,H,0.0
Transformer-onehot,HCDR3,H,0.0
Transformer-onehot,HCDR3,H,0.0
Transformer-onehot,HCDR3,H,0.0
Transformer-onehot,HCDR3,H,-0.1279770731925964
Transformer-onehot,HCDR3,H,-0.2808190584182739
Transformer-onehot,HCDR3,H,0.0
Transformer-onehot,HCDR3,H,0.0
Transformer-onehot,HCDR3,H,0.0
Transformer-onehot,HCDR3,H,0.0
Transformer-onehot,HCDR3,H,-0.1636248230934143
Transformer-onehot,HCDR3,H,0.0
Transformer-onehot,HCDR3,H,-0.0996658727526664
Transformer-onehot,HCDR3,H,0.0
Transformer-onehot,HCDR3,H,0.0
Transformer-onehot,HCDR3,H,0.0
Transformer-onehot,HCDR3,H,0.0
Transformer-onehot,HCDR3,H,0.0
Transformer-onehot,HCDR3,H,0.0
Transformer-onehot,HCDR3,H,-0.0464945286512374
Transformer-onehot,HCDR3,H,-0.1019701063632965
Transformer-onehot,HCDR3,H,0.0
Transformer-onehot,HCDR3,H,0.0
Transformer-onehot,HCDR3,H,0.0
Transformer-onehot,HCDR3,H,0.0
Transformer-onehot,HCDR3,H,-0.1012186035513877
Transformer-onehot,HCDR3,H,0.0
Transformer-onehot,HCDR3,H,0.0
Transformer-onehot,HCDR3,H,0.0
Transformer-onehot,HCDR3,H,0.0
Transformer-onehot,HCDR3,H,0.0
Transformer-onehot,HCDR3,H,-0.1542286574840545
Transformer-onehot,HCDR3,H,0.0
Transformer-onehot,HCDR3,H,0.0
Transformer-onehot,HCDR3,H,0.0
Transformer-onehot,HCDR3,H,-0.0955173000693321
Transformer-onehot,HCDR3,H,0.0
Transformer-onehot,HCDR3,H,0.0
Transformer-onehot,HCDR3,H,0.0
Transformer-onehot,HCDR3,H,0.0
Transformer-onehot,HCDR3,H,0.0
Transformer-onehot,HCDR3,H,0.0
Transformer-onehot,HCDR3,H,-0.1441185772418975
Transformer-onehot,HCDR3,H,0.0
Transformer-onehot,HCDR3,H,0.0
Transformer-onehot,HCDR3,H,0.0
Transformer-onehot,HCDR3,H,-0.2446726113557815
Transformer-onehot,HCDR3,H,0.0
Transformer-onehot,HCDR3,H,0.0
Transformer-onehot,HCDR3,H,0.0
Transformer-onehot,HCDR3,H,0.0
Transformer-onehot,HCDR3,H,0.0
Transformer-onehot,HCDR3,H,0.0
Transformer-onehot,HCDR3,H,0.0
Transformer-onehot,HCDR3,H,0.0
Transformer-onehot,HCDR3,H,0.0
Transformer-onehot,HCDR3,H,-0.0947971045970916
Transformer-onehot,HCDR3,H,0.0
Transformer-onehot,HCDR3,H,-0.1846027821302414
Transformer-onehot,HCDR3,H,0.0
Transformer-onehot,HCDR3,H,0.0
Transformer-onehot,HCDR3,H,0.0
Transformer-onehot,HCDR3,H,0.0
Transformer-onehot,HCDR3,H,0.0
Transformer-onehot,HCDR3,H,0.0
Transformer-onehot,HCDR3,H,0.0
Transformer-onehot,HCDR3,H,0.0
Transformer-onehot,HCDR3,H,0.0
Transformer-onehot,HCDR3,H,-0.5623548030853271
Transformer-onehot,HCDR3,H,0.0
Transformer-onehot,HCDR3,H,0.0
Transformer-onehot,HCDR3,H,0.0
Transformer-onehot,HCDR3,H,0.0
Transformer-onehot,HCDR3,H,0.0
Transformer-onehot,HCDR3,H,0.0
Transformer-onehot,HCDR3,H,0.0
Transformer-onehot,HCDR3,H,0.0
Transformer-onehot,HCDR3,I,0.0
Transformer-onehot,HCDR3,I,0.0
Transformer-onehot,HCDR3,I,0.0
Transformer-onehot,HCDR3,I,0.0
Transformer-onehot,HCDR3,I,0.0233788024634122
Transformer-onehot,HCDR3,I,0.0
Transformer-onehot,HCDR3,I,0.0
Transformer-onehot,HCDR3,I,0.0221988689154386
Transformer-onehot,HCDR3,I,0.0
Transformer-onehot,HCDR3,I,0.0
Transformer-onehot,HCDR3,I,0.0
Transformer-onehot,HCDR3,I,0.0
Transformer-onehot,HCDR3,I,0.0643608123064041
Transformer-onehot,HCDR3,I,0.0
Transformer-onehot,HCDR3,I,0.1040844619274139
Transformer-onehot,HCDR3,I,0.0
Transformer-onehot,HCDR3,I,0.0
Transformer-onehot,HCDR3,I,0.0
Transformer-onehot,HCDR3,I,0.0
Transformer-onehot,HCDR3,I,0.0
Transformer-onehot,HCDR3,I,0.0
Transformer-onehot,HCDR3,I,0.0888100042939186
Transformer-onehot,HCDR3,I,0.0
Transformer-onehot,HCDR3,I,0.0
Transformer-onehot,HCDR3,I,0.0
Transformer-onehot,HCDR3,I,0.0
Transformer-onehot,HCDR3,I,0.0
Transformer-onehot,HCDR3,I,0.0
Transformer-onehot,HCDR3,I,0.0
Transformer-onehot,HCDR3,I,0.0
Transformer-onehot,HCDR3,I,0.0
Transformer-onehot,HCDR3,I,0.0
Transformer-onehot,HCDR3,I,0.0
Transformer-onehot,HCDR3,I,0.0
Transformer-onehot,HCDR3,I,0.0
Transformer-onehot,HCDR3,I,0.0480499044060707
Transformer-onehot,HCDR3,I,0.0
Transformer-onehot,HCDR3,I,0.0
Transformer-onehot,HCDR3,I,0.0220504477620124
Transformer-onehot,HCDR3,I,0.0
Transformer-onehot,HCDR3,I,0.0104871913790702
Transformer-onehot,HCDR3,I,0.0194434579461812
Transformer-onehot,HCDR3,I,0.0
Transformer-onehot,HCDR3,I,0.0
Transformer-onehot,HCDR3,I,0.0827940478920936
Transformer-onehot,HCDR3,I,0.0
Transformer-onehot,HCDR3,I,0.0189902484416961
Transformer-onehot,HCDR3,I,0.0
Transformer-onehot,HCDR3,I,0.0
Transformer-onehot,HCDR3,I,0.0
Transformer-onehot,HCDR3,I,0.0
Transformer-onehot,HCDR3,I,0.0
Transformer-onehot,HCDR3,I,0.1136776432394981
Transformer-onehot,HCDR3,I,0.0
Transformer-onehot,HCDR3,I,0.0
Transformer-onehot,HCDR3,I,0.0
Transformer-onehot,HCDR3,I,0.0154661880806088
Transformer-onehot,HCDR3,I,0.0256169345229864
Transformer-onehot,HCDR3,I,0.1196140497922897
Transformer-onehot,HCDR3,I,0.0
Transformer-onehot,HCDR3,I,0.0
Transformer-onehot,HCDR3,I,0.0229466613382101
Transformer-onehot,HCDR3,I,0.0
Transformer-onehot,HCDR3,I,0.0
Transformer-onehot,HCDR3,I,0.0263675618916749
Transformer-onehot,HCDR3,I,0.0
Transformer-onehot,HCDR3,I,0.0
Transformer-onehot,HCDR3,I,0.0
Transformer-onehot,HCDR3,I,0.0
Transformer-onehot,HCDR3,I,0.0322298407554626
Transformer-onehot,HCDR3,I,0.0
Transformer-onehot,HCDR3,I,0.0
Transformer-onehot,HCDR3,I,0.0
Transformer-onehot,HCDR3,I,0.0
Transformer-onehot,HCDR3,I,0.0
Transformer-onehot,HCDR3,I,0.080078899860382
Transformer-onehot,HCDR3,I,0.0
Transformer-onehot,HCDR3,I,0.0768797844648361
Transformer-onehot,HCDR3,I,0.0
Transformer-onehot,HCDR3,I,0.0622194409370422
Transformer-onehot,HCDR3,I,0.0
Transformer-onehot,HCDR3,I,0.0
Transformer-onehot,HCDR3,I,0.0
Transformer-onehot,HCDR3,I,0.0
Transformer-onehot,HCDR3,I,0.0
Transformer-onehot,HCDR3,I,0.0
Transformer-onehot,HCDR3,I,0.0191909596323966
Transformer-onehot,HCDR3,I,0.0
Transformer-onehot,HCDR3,I,0.0
Transformer-onehot,HCDR3,I,0.0
Transformer-onehot,HCDR3,I,0.0103517156094312
Transformer-onehot,HCDR3,I,0.0
Transformer-onehot,HCDR3,I,0.0
Transformer-onehot,HCDR3,I,0.0
Transformer-onehot,HCDR3,I,0.0327847376465797
Transformer-onehot,HCDR3,I,0.0
Transformer-onehot,HCDR3,I,0.0
Transformer-onehot,HCDR3,I,0.0
Transformer-onehot,HCDR3,I,0.0
Transformer-onehot,HCDR3,I,0.0
Transformer-onehot,HCDR3,I,0.0
Transformer-onehot,HCDR3,I,0.0
Transformer-onehot,HCDR3,I,0.0
Transformer-onehot,HCDR3,I,0.0
Transformer-onehot,HCDR3,I,0.0
Transformer-onehot,HCDR3,I,0.0
Transformer-onehot,HCDR3,I,0.0
Transformer-onehot,HCDR3,I,0.114518329501152
Transformer-onehot,HCDR3,I,0.0
Transformer-onehot,HCDR3,I,0.0335393324494361
Transformer-onehot,HCDR3,I,0.0
Transformer-onehot,HCDR3,I,0.0
Transformer-onehot,HCDR3,I,0.0
Transformer-onehot,HCDR3,I,0.0559168979525566
Transformer-onehot,HCDR3,I,0.0225663743913173
Transformer-onehot,HCDR3,I,0.0
Transformer-onehot,HCDR3,I,0.0
Transformer-onehot,HCDR3,I,0.0
Transformer-onehot,HCDR3,I,0.0342149883508682
Transformer-onehot,HCDR3,I,0.0144228842109441
Transformer-onehot,HCDR3,I,0.0291143078356981
Transformer-onehot,HCDR3,I,0.0
Transformer-onehot,HCDR3,I,0.0
Transformer-onehot,HCDR3,I,0.0
Transformer-onehot,HCDR3,I,0.0381607338786125
Transformer-onehot,HCDR3,I,0.0
Transformer-onehot,HCDR3,I,0.0
Transformer-onehot,HCDR3,I,0.0
Transformer-onehot,HCDR3,I,0.0
Transformer-onehot,HCDR3,I,0.0
Transformer-onehot,HCDR3,I,0.0
Transformer-onehot,HCDR3,I,0.0
Transformer-onehot,HCDR3,I,0.0
Transformer-onehot,HCDR3,I,0.0
Transformer-onehot,HCDR3,I,0.0
Transformer-onehot,HCDR3,I,0.0
Transformer-onehot,HCDR3,I,0.0976406782865524
Transformer-onehot,HCDR3,I,0.0
Transformer-onehot,HCDR3,I,0.0
Transformer-onehot,HCDR3,I,0.0
Transformer-onehot,HCDR3,I,0.0
Transformer-onehot,HCDR3,I,0.0
Transformer-onehot,HCDR3,I,0.0
Transformer-onehot,HCDR3,I,0.0
Transformer-onehot,HCDR3,I,0.0
Transformer-onehot,HCDR3,I,0.0
Transformer-onehot,HCDR3,I,0.0
Transformer-onehot,HCDR3,I,0.0
Transformer-onehot,HCDR3,I,0.0
Transformer-onehot,HCDR3,I,0.0
Transformer-onehot,HCDR3,I,0.0
Transformer-onehot,HCDR3,I,0.0
Transformer-onehot,HCDR3,I,0.0
Transformer-onehot,HCDR3,I,0.0
Transformer-onehot,HCDR3,I,0.0
Transformer-onehot,HCDR3,I,0.0
Transformer-onehot,HCDR3,I,0.0066889175213873
Transformer-onehot,HCDR3,I,0.0
Transformer-onehot,HCDR3,I,0.0
Transformer-onehot,HCDR3,I,0.0
Transformer-onehot,HCDR3,I,0.0
Transformer-onehot,HCDR3,I,0.0
Transformer-onehot,HCDR3,I,0.0
Transformer-onehot,HCDR3,I,0.0461737625300884
Transformer-onehot,HCDR3,I,0.0
Transformer-onehot,HCDR3,I,0.0
Transformer-onehot,HCDR3,I,0.0
Transformer-onehot,HCDR3,I,0.0
Transformer-onehot,HCDR3,I,0.0
Transformer-onehot,HCDR3,I,0.0390217192471027
Transformer-onehot,HCDR3,I,0.0
Transformer-onehot,HCDR3,I,0.0
Transformer-onehot,HCDR3,I,0.0060374778695404
Transformer-onehot,HCDR3,I,0.0
Transformer-onehot,HCDR3,I,0.0
Transformer-onehot,HCDR3,I,0.0302182082086801
Transformer-onehot,HCDR3,I,0.0
Transformer-onehot,HCDR3,I,0.0
Transformer-onehot,HCDR3,I,0.0
Transformer-onehot,HCDR3,I,0.0
Transformer-onehot,HCDR3,I,0.0
Transformer-onehot,HCDR3,I,0.0
Transformer-onehot,HCDR3,I,0.0
Transformer-onehot,HCDR3,I,0.0
Transformer-onehot,HCDR3,I,0.0298607572913169
Transformer-onehot,HCDR3,I,0.0958994030952453
Transformer-onehot,HCDR3,I,0.0
Transformer-onehot,HCDR3,I,0.0
Transformer-onehot,HCDR3,I,0.0
Transformer-onehot,HCDR3,I,0.0
Transformer-onehot,HCDR3,I,0.0
Transformer-onehot,HCDR3,I,0.0598359853029251
Transformer-onehot,HCDR3,I,0.0
Transformer-onehot,HCDR3,I,0.0
Transformer-onehot,HCDR3,I,0.0
Transformer-onehot,HCDR3,I,0.0
Transformer-onehot,HCDR3,I,0.0
Transformer-onehot,HCDR3,I,0.089208148419857
Transformer-onehot,HCDR3,I,0.0
Transformer-onehot,HCDR3,I,0.0
Transformer-onehot,HCDR3,I,0.0
Transformer-onehot,HCDR3,I,0.0272459629923105
Transformer-onehot,HCDR3,I,0.0
Transformer-onehot,HCDR3,I,0.0
Transformer-onehot,HCDR3,I,0.0481198132038116
Transformer-onehot,HCDR3,I,0.0
Transformer-onehot,HCDR3,I,0.0
Transformer-onehot,HCDR3,I,0.0
Transformer-onehot,HCDR3,I,0.0292598698288202
Transformer-onehot,HCDR3,I,0.0173008479177951
Transformer-onehot,HCDR3,I,0.0
Transformer-onehot,HCDR3,I,0.0
Transformer-onehot,HCDR3,I,0.0
Transformer-onehot,HCDR3,I,0.0
Transformer-onehot,HCDR3,I,0.0
Transformer-onehot,HCDR3,I,0.0
Transformer-onehot,HCDR3,I,0.0
Transformer-onehot,HCDR3,I,0.0748473331332206
Transformer-onehot,HCDR3,I,0.0
Transformer-onehot,HCDR3,I,0.105114959180355
Transformer-onehot,HCDR3,I,0.0229327362030744
Transformer-onehot,HCDR3,I,0.0
Transformer-onehot,HCDR3,I,0.1148838922381401
Transformer-onehot,HCDR3,I,0.0
Transformer-onehot,HCDR3,I,0.0
Transformer-onehot,HCDR3,I,0.0
Transformer-onehot,HCDR3,I,0.0
Transformer-onehot,HCDR3,I,0.0
Transformer-onehot,HCDR3,I,0.0
Transformer-onehot,HCDR3,I,0.0
Transformer-onehot,HCDR3,I,0.0979752838611602
Transformer-onehot,HCDR3,I,0.0761866346001625
Transformer-onehot,HCDR3,I,0.0
Transformer-onehot,HCDR3,I,0.0
Transformer-onehot,HCDR3,I,0.0197613015770912
Transformer-onehot,HCDR3,I,0.0
Transformer-onehot,HCDR3,I,0.0
Transformer-onehot,HCDR3,I,0.0457552075386047
Transformer-onehot,HCDR3,I,0.0
Transformer-onehot,HCDR3,I,0.0186781231313943
Transformer-onehot,HCDR3,I,0.0
Transformer-onehot,HCDR3,I,0.0
Transformer-onehot,HCDR3,I,0.0
Transformer-onehot,HCDR3,I,0.0
Transformer-onehot,HCDR3,I,0.0
Transformer-onehot,HCDR3,I,0.0
Transformer-onehot,HCDR3,I,0.0
Transformer-onehot,HCDR3,I,0.0
Transformer-onehot,HCDR3,I,0.0
Transformer-onehot,HCDR3,I,0.0
Transformer-onehot,HCDR3,I,0.0
Transformer-onehot,HCDR3,I,0.0
Transformer-onehot,HCDR3,I,0.0
Transformer-onehot,HCDR3,I,0.0
Transformer-onehot,HCDR3,I,0.0
Transformer-onehot,HCDR3,I,0.0
Transformer-onehot,HCDR3,I,0.0
Transformer-onehot,HCDR3,I,0.0
Transformer-onehot,HCDR3,I,0.0
Transformer-onehot,HCDR3,I,0.0
Transformer-onehot,HCDR3,I,0.0056632510386407
Transformer-onehot,HCDR3,I,0.0
Transformer-onehot,HCDR3,I,0.0
Transformer-onehot,HCDR3,I,0.0
Transformer-onehot,HCDR3,I,0.0
Transformer-onehot,HCDR3,I,0.0
Transformer-onehot,HCDR3,I,0.0
Transformer-onehot,HCDR3,I,0.0
Transformer-onehot,HCDR3,I,0.0
Transformer-onehot,HCDR3,I,0.0
Transformer-onehot,HCDR3,I,0.012826194986701
Transformer-onehot,HCDR3,I,0.0
Transformer-onehot,HCDR3,I,0.0
Transformer-onehot,HCDR3,I,0.0
Transformer-onehot,HCDR3,I,0.0
Transformer-onehot,HCDR3,I,0.0
Transformer-onehot,HCDR3,I,0.0
Transformer-onehot,HCDR3,I,0.0183047410100698
Transformer-onehot,HCDR3,I,0.0
Transformer-onehot,HCDR3,I,0.0
Transformer-onehot,HCDR3,I,0.0
Transformer-onehot,HCDR3,I,0.0
Transformer-onehot,HCDR3,I,0.0338031351566314
Transformer-onehot,HCDR3,I,0.0506351217627525
Transformer-onehot,HCDR3,I,0.0
Transformer-onehot,HCDR3,I,0.0
Transformer-onehot,HCDR3,I,0.0
Transformer-onehot,HCDR3,I,0.0232998169958591
Transformer-onehot,HCDR3,I,0.0105044161900877
Transformer-onehot,HCDR3,I,0.0
Transformer-onehot,HCDR3,I,0.0065850666724145
Transformer-onehot,HCDR3,I,0.0398820154368877
Transformer-onehot,HCDR3,I,0.0
Transformer-onehot,HCDR3,I,0.0
Transformer-onehot,HCDR3,I,0.0123886568471789
Transformer-onehot,HCDR3,I,0.0
Transformer-onehot,HCDR3,I,0.0
Transformer-onehot,HCDR3,I,0.0217508058995008
Transformer-onehot,HCDR3,I,0.0
Transformer-onehot,HCDR3,I,0.0554274767637252
Transformer-onehot,HCDR3,I,0.0
Transformer-onehot,HCDR3,I,0.0153928436338901
Transformer-onehot,HCDR3,I,0.0
Transformer-onehot,HCDR3,I,0.0
Transformer-onehot,HCDR3,I,0.0
Transformer-onehot,HCDR3,I,0.0119429919868707
Transformer-onehot,HCDR3,I,0.0
Transformer-onehot,HCDR3,I,0.0
Transformer-onehot,HCDR3,I,0.0
Transformer-onehot,HCDR3,I,0.0
Transformer-onehot,HCDR3,I,0.0
Transformer-onehot,HCDR3,I,0.0075875897891819
Transformer-onehot,HCDR3,I,0.0
Transformer-onehot,HCDR3,I,0.0
Transformer-onehot,HCDR3,I,0.0
Transformer-onehot,HCDR3,I,0.0
Transformer-onehot,HCDR3,I,0.0
Transformer-onehot,HCDR3,I,0.0
Transformer-onehot,HCDR3,I,0.0395078659057617
Transformer-onehot,HCDR3,I,0.0425136163830757
Transformer-onehot,HCDR3,I,0.0188562348484992
Transformer-onehot,HCDR3,I,0.0
Transformer-onehot,HCDR3,I,0.0218002125620841
Transformer-onehot,HCDR3,I,0.0
Transformer-onehot,HCDR3,I,0.0
Transformer-onehot,HCDR3,I,0.0
Transformer-onehot,HCDR3,I,0.0102641191333532
Transformer-onehot,HCDR3,I,0.0
Transformer-onehot,HCDR3,I,0.0
Transformer-onehot,HCDR3,I,0.0
Transformer-onehot,HCDR3,I,0.0
Transformer-onehot,HCDR3,I,0.0155000025406479
Transformer-onehot,HCDR3,I,0.0
Transformer-onehot,HCDR3,I,0.0
Transformer-onehot,HCDR3,I,0.0
Transformer-onehot,HCDR3,I,0.0
Transformer-onehot,HCDR3,I,0.0
Transformer-onehot,HCDR3,I,0.0
Transformer-onehot,HCDR3,I,0.0
Transformer-onehot,HCDR3,I,0.0
Transformer-onehot,HCDR3,I,0.0
Transformer-onehot,HCDR3,I,0.0
Transformer-onehot,HCDR3,I,0.0360981971025466
Transformer-onehot,HCDR3,I,0.0
Transformer-onehot,HCDR3,I,0.0334579944610595
Transformer-onehot,HCDR3,I,0.0
Transformer-onehot,HCDR3,I,0.0
Transformer-onehot,HCDR3,I,0.0
Transformer-onehot,HCDR3,I,0.0
Transformer-onehot,HCDR3,I,0.0188381560146808
Transformer-onehot,HCDR3,I,0.0
Transformer-onehot,HCDR3,I,0.013876006938517
Transformer-onehot,HCDR3,I,0.0
Transformer-onehot,HCDR3,I,0.0
Transformer-onehot,HCDR3,I,0.0161367729306221
Transformer-onehot,HCDR3,I,0.0
Transformer-onehot,HCDR3,I,0.0
Transformer-onehot,HCDR3,I,0.0
Transformer-onehot,HCDR3,I,0.0
Transformer-onehot,HCDR3,I,0.01828876696527
Transformer-onehot,HCDR3,I,0.0
Transformer-onehot,HCDR3,I,0.0
Transformer-onehot,HCDR3,I,0.0437183901667594
Transformer-onehot,HCDR3,I,0.0174787640571594
Transformer-onehot,HCDR3,I,0.0055085392668843
Transformer-onehot,HCDR3,I,0.0169798787683248
Transformer-onehot,HCDR3,I,0.0186278391629457
Transformer-onehot,HCDR3,I,0.0202812924981117
Transformer-onehot,HCDR3,I,0.0294665768742561
Transformer-onehot,HCDR3,I,0.0090737072750926
Transformer-onehot,HCDR3,I,0.0
Transformer-onehot,HCDR3,I,0.0
Transformer-onehot,HCDR3,I,0.0
Transformer-onehot,HCDR3,I,0.0
Transformer-onehot,HCDR3,I,0.0
Transformer-onehot,HCDR3,I,0.008308389224112
Transformer-onehot,HCDR3,I,0.0
Transformer-onehot,HCDR3,I,0.0
Transformer-onehot,HCDR3,I,0.0
Transformer-onehot,HCDR3,I,0.0
Transformer-onehot,HCDR3,I,0.0098554231226444
Transformer-onehot,HCDR3,I,0.0
Transformer-onehot,HCDR3,I,0.0
Transformer-onehot,HCDR3,I,0.0
Transformer-onehot,HCDR3,I,0.0261237490922212
Transformer-onehot,HCDR3,I,0.0
Transformer-onehot,HCDR3,I,0.0
Transformer-onehot,HCDR3,I,0.0
Transformer-onehot,HCDR3,I,0.0
Transformer-onehot,HCDR3,I,0.0
Transformer-onehot,HCDR3,I,0.0109801013022661
Transformer-onehot,HCDR3,I,0.0
Transformer-onehot,HCDR3,I,0.0053813168779015
Transformer-onehot,HCDR3,I,0.0
Transformer-onehot,HCDR3,I,0.0
Transformer-onehot,HCDR3,I,0.0
Transformer-onehot,HCDR3,I,0.0
Transformer-onehot,HCDR3,I,0.0039894324727356
Transformer-onehot,HCDR3,I,0.0
Transformer-onehot,HCDR3,I,0.0
Transformer-onehot,HCDR3,I,0.0126848230138421
Transformer-onehot,HCDR3,I,0.0
Transformer-onehot,HCDR3,I,0.0316874831914901
Transformer-onehot,HCDR3,I,0.0
Transformer-onehot,HCDR3,I,0.0206721201539039
Transformer-onehot,HCDR3,I,0.0280533321201801
Transformer-onehot,HCDR3,I,0.0299900136888027
Transformer-onehot,HCDR3,I,0.0
Transformer-onehot,HCDR3,I,0.0
Transformer-onehot,HCDR3,I,0.0
Transformer-onehot,HCDR3,I,0.0
Transformer-onehot,HCDR3,I,0.0
Transformer-onehot,HCDR3,I,0.0
Transformer-onehot,HCDR3,I,0.0
Transformer-onehot,HCDR3,I,0.0
Transformer-onehot,HCDR3,I,0.0030342936515808
Transformer-onehot,HCDR3,I,0.0
Transformer-onehot,HCDR3,I,0.0
Transformer-onehot,HCDR3,I,0.0
Transformer-onehot,HCDR3,I,0.010668777860701
Transformer-onehot,HCDR3,I,0.0123320622369647
Transformer-onehot,HCDR3,I,0.0
Transformer-onehot,HCDR3,I,0.0
Transformer-onehot,HCDR3,I,0.0
Transformer-onehot,HCDR3,I,0.0
Transformer-onehot,HCDR3,I,0.0
Transformer-onehot,HCDR3,I,0.0
Transformer-onehot,HCDR3,I,0.0
Transformer-onehot,HCDR3,I,0.0
Transformer-onehot,HCDR3,I,0.0
Transformer-onehot,HCDR3,I,0.0
Transformer-onehot,HCDR3,I,0.0231518503278493
Transformer-onehot,HCDR3,I,0.0
Transformer-onehot,HCDR3,I,0.0
Transformer-onehot,HCDR3,I,0.0
Transformer-onehot,HCDR3,I,0.0
Transformer-onehot,HCDR3,I,0.0133546786382794
Transformer-onehot,HCDR3,I,0.0
Transformer-onehot,HCDR3,I,0.0166151002049446
Transformer-onehot,HCDR3,I,0.0576593242585659
Transformer-onehot,HCDR3,I,0.0
Transformer-onehot,HCDR3,I,0.0
Transformer-onehot,HCDR3,I,0.0
Transformer-onehot,HCDR3,I,0.0
Transformer-onehot,HCDR3,I,0.0
Transformer-onehot,HCDR3,I,0.0
Transformer-onehot,HCDR3,I,0.0
Transformer-onehot,HCDR3,I,0.004273438360542
Transformer-onehot,HCDR3,I,0.0
Transformer-onehot,HCDR3,I,0.0
Transformer-onehot,HCDR3,I,0.0
Transformer-onehot,HCDR3,I,0.0
Transformer-onehot,HCDR3,I,0.0
Transformer-onehot,HCDR3,I,0.0
Transformer-onehot,HCDR3,I,0.0
Transformer-onehot,HCDR3,I,0.0
Transformer-onehot,HCDR3,I,0.0
Transformer-onehot,HCDR3,I,0.0
Transformer-onehot,HCDR3,I,0.0117263253778219
Transformer-onehot,HCDR3,I,0.014759256504476
Transformer-onehot,HCDR3,I,0.0
Transformer-onehot,HCDR3,I,0.0
Transformer-onehot,HCDR3,I,0.0
Transformer-onehot,HCDR3,I,0.0
Transformer-onehot,HCDR3,I,0.0
Transformer-onehot,HCDR3,I,0.0285058002918958
Transformer-onehot,HCDR3,I,0.0
Transformer-onehot,HCDR3,I,0.0137952668592333
Transformer-onehot,HCDR3,I,0.0
Transformer-onehot,HCDR3,I,0.0821885615587234
Transformer-onehot,HCDR3,I,0.0100796548649668
Transformer-onehot,HCDR3,I,0.0
Transformer-onehot,HCDR3,I,0.0
Transformer-onehot,HCDR3,I,0.0
Transformer-onehot,HCDR3,I,0.0
Transformer-onehot,HCDR3,I,0.0
Transformer-onehot,HCDR3,I,0.0205321963876485
Transformer-onehot,HCDR3,I,0.0046682874672114
Transformer-onehot,HCDR3,I,0.0
Transformer-onehot,HCDR3,I,0.0196091998368501
Transformer-onehot,HCDR3,I,0.0225255563855171
Transformer-onehot,HCDR3,I,0.0
Transformer-onehot,HCDR3,I,0.0167051311582326
Transformer-onehot,HCDR3,I,0.0318034477531909
Transformer-onehot,HCDR3,I,0.0181312933564186
Transformer-onehot,HCDR3,I,0.0
Transformer-onehot,HCDR3,I,0.0
Transformer-onehot,HCDR3,I,0.0102362791076302
Transformer-onehot,HCDR3,I,0.0197735521942377
Transformer-onehot,HCDR3,I,0.0
Transformer-onehot,HCDR3,I,0.0
Transformer-onehot,HCDR3,I,0.0
Transformer-onehot,HCDR3,I,0.0
Transformer-onehot,HCDR3,I,0.0
Transformer-onehot,HCDR3,I,0.0034533403813838
Transformer-onehot,HCDR3,I,0.0137125039473176
Transformer-onehot,HCDR3,I,0.0
Transformer-onehot,HCDR3,I,0.0145596917718648
Transformer-onehot,HCDR3,I,0.0
Transformer-onehot,HCDR3,I,0.0
Transformer-onehot,HCDR3,K,0.0
Transformer-onehot,HCDR3,K,-0.7894461750984192
Transformer-onehot,HCDR3,K,-0.7578281164169312
Transformer-onehot,HCDR3,K,0.0
Transformer-onehot,HCDR3,K,0.0
Transformer-onehot,HCDR3,K,0.0
Transformer-onehot,HCDR3,K,0.0
Transformer-onehot,HCDR3,K,0.0
Transformer-onehot,HCDR3,K,0.0
Transformer-onehot,HCDR3,K,0.0
Transformer-onehot,HCDR3,K,-0.8423920273780823
Transformer-onehot,HCDR3,K,0.0
Transformer-onehot,HCDR3,K,-0.6708258390426636
Transformer-onehot,HCDR3,K,0.0
Transformer-onehot,HCDR3,K,-0.5751498341560364
Transformer-onehot,HCDR3,K,-0.5383850336074829
Transformer-onehot,HCDR3,K,0.0
Transformer-onehot,HCDR3,K,0.0
Transformer-onehot,HCDR3,K,0.0
Transformer-onehot,HCDR3,K,-0.9516248106956482
Transformer-onehot,HCDR3,K,-0.8849249482154846
Transformer-onehot,HCDR3,K,-0.9393230676651
Transformer-onehot,HCDR3,K,0.0
Transformer-onehot,HCDR3,K,-0.5201666355133057
Transformer-onehot,HCDR3,K,-0.8501235246658325
Transformer-onehot,HCDR3,K,-0.7154770493507385
Transformer-onehot,HCDR3,K,0.0
Transformer-onehot,HCDR3,K,0.0
Transformer-onehot,HCDR3,K,0.0
Transformer-onehot,HCDR3,K,0.0
Transformer-onehot,HCDR3,K,-1.9185357093811035
Transformer-onehot,HCDR3,K,-1.4850828647613523
Transformer-onehot,HCDR3,K,-1.8086814880371096
Transformer-onehot,HCDR3,K,-1.053271770477295
Transformer-onehot,HCDR3,K,0.0
Transformer-onehot,HCDR3,K,0.0
Transformer-onehot,HCDR3,K,0.0
Transformer-onehot,HCDR3,K,-0.7505353689193726
Transformer-onehot,HCDR3,K,-1.181049346923828
Transformer-onehot,HCDR3,K,0.0
Transformer-onehot,HCDR3,K,0.0
Transformer-onehot,HCDR3,K,-0.4625865519046783
Transformer-onehot,HCDR3,K,0.0
Transformer-onehot,HCDR3,K,0.0
Transformer-onehot,HCDR3,K,-1.3787394762039185
Transformer-onehot,HCDR3,K,-1.4717448949813845
Transformer-onehot,HCDR3,K,-0.5780133605003357
Transformer-onehot,HCDR3,K,-1.0082051753997805
Transformer-onehot,HCDR3,K,0.0
Transformer-onehot,HCDR3,K,-0.8876746296882629
Transformer-onehot,HCDR3,K,0.0
Transformer-onehot,HCDR3,K,0.0
Transformer-onehot,HCDR3,K,0.0
Transformer-onehot,HCDR3,K,0.0
Transformer-onehot,HCDR3,K,-0.8524506092071533
Transformer-onehot,HCDR3,K,0.0
Transformer-onehot,HCDR3,K,0.0
Transformer-onehot,HCDR3,K,-0.814113199710846
Transformer-onehot,HCDR3,K,0.0
Transformer-onehot,HCDR3,K,-0.6317136287689209
Transformer-onehot,HCDR3,K,0.0
Transformer-onehot,HCDR3,K,0.0
Transformer-onehot,HCDR3,K,0.0
Transformer-onehot,HCDR3,K,-0.9540771842002868
Transformer-onehot,HCDR3,K,-1.1293017864227295
Transformer-onehot,HCDR3,K,0.0
Transformer-onehot,HCDR3,K,-0.7771375775337219
Transformer-onehot,HCDR3,K,0.0
Transformer-onehot,HCDR3,K,0.0
Transformer-onehot,HCDR3,K,0.0
Transformer-onehot,HCDR3,K,0.0
Transformer-onehot,HCDR3,K,0.0
Transformer-onehot,HCDR3,K,0.0
Transformer-onehot,HCDR3,K,0.0
Transformer-onehot,HCDR3,K,-2.018439292907715
Transformer-onehot,HCDR3,K,-1.083133339881897
Transformer-onehot,HCDR3,K,0.0
Transformer-onehot,HCDR3,K,0.0
Transformer-onehot,HCDR3,K,0.0
Transformer-onehot,HCDR3,K,-0.8791859745979309
Transformer-onehot,HCDR3,K,0.0
Transformer-onehot,HCDR3,K,0.0
Transformer-onehot,HCDR3,K,0.0
Transformer-onehot,HCDR3,K,-1.0611512660980225
Transformer-onehot,HCDR3,K,-0.79212486743927
Transformer-onehot,HCDR3,K,-0.6146196722984314
Transformer-onehot,HCDR3,K,0.0
Transformer-onehot,HCDR3,K,-0.9619685411453248
Transformer-onehot,HCDR3,K,0.0
Transformer-onehot,HCDR3,K,-2.1130599975585938
Transformer-onehot,HCDR3,K,0.0
Transformer-onehot,HCDR3,K,-1.09893000125885
Transformer-onehot,HCDR3,K,-0.5074763298034668
Transformer-onehot,HCDR3,K,-1.1608986854553225
Transformer-onehot,HCDR3,K,0.0
Transformer-onehot,HCDR3,K,0.0
Transformer-onehot,HCDR3,K,-0.5525447130203247
Transformer-onehot,HCDR3,K,-1.3172634840011597
Transformer-onehot,HCDR3,K,0.0
Transformer-onehot,HCDR3,K,0.0
Transformer-onehot,HCDR3,K,-0.8056668639183044
Transformer-onehot,HCDR3,K,-0.6967076063156128
Transformer-onehot,HCDR3,K,-0.623375654220581
Transformer-onehot,HCDR3,K,-0.5700744986534119
Transformer-onehot,HCDR3,K,0.0
Transformer-onehot,HCDR3,K,-0.4710837006568908
Transformer-onehot,HCDR3,K,-0.9941970109939576
Transformer-onehot,HCDR3,K,0.0
Transformer-onehot,HCDR3,K,-2.1188883781433105
Transformer-onehot,HCDR3,K,-0.7432262897491455
Transformer-onehot,HCDR3,K,0.0
Transformer-onehot,HCDR3,K,0.0
Transformer-onehot,HCDR3,K,-0.7664770483970642
Transformer-onehot,HCDR3,K,0.0
Transformer-onehot,HCDR3,K,0.0
Transformer-onehot,HCDR3,K,-0.9829804301261902
Transformer-onehot,HCDR3,K,0.0
Transformer-onehot,HCDR3,K,-0.6688984632492065
Transformer-onehot,HCDR3,K,0.0
Transformer-onehot,HCDR3,K,0.0
Transformer-onehot,HCDR3,K,0.0
Transformer-onehot,HCDR3,K,-0.8945280313491821
Transformer-onehot,HCDR3,K,0.0
Transformer-onehot,HCDR3,K,-0.6076443791389465
Transformer-onehot,HCDR3,K,0.0
Transformer-onehot,HCDR3,K,0.0
Transformer-onehot,HCDR3,K,-0.7350997924804688
Transformer-onehot,HCDR3,K,0.0
Transformer-onehot,HCDR3,K,0.0
Transformer-onehot,HCDR3,K,-0.9792382717132568
Transformer-onehot,HCDR3,K,0.0
Transformer-onehot,HCDR3,K,-0.5227729678153992
Transformer-onehot,HCDR3,K,-1.3948137760162354
Transformer-onehot,HCDR3,K,0.0
Transformer-onehot,HCDR3,K,-1.0194963216781616
Transformer-onehot,HCDR3,K,-1.2535030841827393
Transformer-onehot,HCDR3,K,-0.8080837726593018
Transformer-onehot,HCDR3,K,-0.9513035416603088
Transformer-onehot,HCDR3,K,0.0
Transformer-onehot,HCDR3,K,-0.8030593991279602
Transformer-onehot,HCDR3,K,0.0
Transformer-onehot,HCDR3,K,0.0
Transformer-onehot,HCDR3,K,-1.4034297466278076
Transformer-onehot,HCDR3,K,-0.8210738897323608
Transformer-onehot,HCDR3,K,0.0
Transformer-onehot,HCDR3,K,-1.9553782939910889
Transformer-onehot,HCDR3,K,0.0
Transformer-onehot,HCDR3,K,0.0
Transformer-onehot,HCDR3,K,0.0
Transformer-onehot,HCDR3,K,-1.427567958831787
Transformer-onehot,HCDR3,K,0.0
Transformer-onehot,HCDR3,K,0.0
Transformer-onehot,HCDR3,K,-0.8933793306350708
Transformer-onehot,HCDR3,K,0.0
Transformer-onehot,HCDR3,K,-1.1003122329711914
Transformer-onehot,HCDR3,K,0.0
Transformer-onehot,HCDR3,K,0.0
Transformer-onehot,HCDR3,K,-0.6820056438446045
Transformer-onehot,HCDR3,K,0.0
Transformer-onehot,HCDR3,K,0.0
Transformer-onehot,HCDR3,K,0.0
Transformer-onehot,HCDR3,K,0.0
Transformer-onehot,HCDR3,K,0.0
Transformer-onehot,HCDR3,K,0.0
Transformer-onehot,HCDR3,K,-0.947878897190094
Transformer-onehot,HCDR3,K,0.0
Transformer-onehot,HCDR3,K,-0.6988565921783447
Transformer-onehot,HCDR3,K,-0.5480220317840576
Transformer-onehot,HCDR3,K,-0.583484411239624
Transformer-onehot,HCDR3,K,0.0
Transformer-onehot,HCDR3,K,0.0
Transformer-onehot,HCDR3,K,-0.7714430093765259
Transformer-onehot,HCDR3,K,0.0
Transformer-onehot,HCDR3,K,0.0
Transformer-onehot,HCDR3,K,0.0
Transformer-onehot,HCDR3,K,-0.7065402269363403
Transformer-onehot,HCDR3,K,-1.0884605646133425
Transformer-onehot,HCDR3,K,0.0
Transformer-onehot,HCDR3,K,-0.4924967885017395
Transformer-onehot,HCDR3,K,-0.5648669600486755
Transformer-onehot,HCDR3,K,0.0
Transformer-onehot,HCDR3,K,0.0
Transformer-onehot,HCDR3,K,0.0
Transformer-onehot,HCDR3,K,-0.6018218994140625
Transformer-onehot,HCDR3,K,0.0
Transformer-onehot,HCDR3,K,-0.8947798609733582
Transformer-onehot,HCDR3,K,0.0
Transformer-onehot,HCDR3,K,0.0
Transformer-onehot,HCDR3,K,-0.7632144689559937
Transformer-onehot,HCDR3,K,0.0
Transformer-onehot,HCDR3,K,0.0
Transformer-onehot,HCDR3,K,-0.7644071578979492
Transformer-onehot,HCDR3,K,0.0
Transformer-onehot,HCDR3,K,-1.3794150352478027
Transformer-onehot,HCDR3,K,0.0
Transformer-onehot,HCDR3,K,-0.6772083640098572
Transformer-onehot,HCDR3,K,-1.0173074007034302
Transformer-onehot,HCDR3,K,-0.9245211482048036
Transformer-onehot,HCDR3,K,0.0
Transformer-onehot,HCDR3,K,-0.8978431820869446
Transformer-onehot,HCDR3,K,-0.5699480772018433
Transformer-onehot,HCDR3,K,0.0
Transformer-onehot,HCDR3,K,0.0
Transformer-onehot,HCDR3,K,-0.7058591842651367
Transformer-onehot,HCDR3,K,0.0
Transformer-onehot,HCDR3,K,-0.9123638868331908
Transformer-onehot,HCDR3,K,0.0
Transformer-onehot,HCDR3,K,-0.7584936618804932
Transformer-onehot,HCDR3,K,0.0
Transformer-onehot,HCDR3,K,-0.4274430572986603
Transformer-onehot,HCDR3,K,0.0
Transformer-onehot,HCDR3,K,0.0
Transformer-onehot,HCDR3,K,-1.1381183862686155
Transformer-onehot,HCDR3,K,-0.7300114035606384
Transformer-onehot,HCDR3,K,-0.6946701407432556
Transformer-onehot,HCDR3,K,0.0
Transformer-onehot,HCDR3,K,-0.8863967061042786
Transformer-onehot,HCDR3,K,-0.5997716188430786
Transformer-onehot,HCDR3,K,0.0
Transformer-onehot,HCDR3,K,0.0
Transformer-onehot,HCDR3,K,-0.593116819858551
Transformer-onehot,HCDR3,K,0.0
Transformer-onehot,HCDR3,K,0.0
Transformer-onehot,HCDR3,K,-0.9440308213233948
Transformer-onehot,HCDR3,K,0.0
Transformer-onehot,HCDR3,K,-0.5887130498886108
Transformer-onehot,HCDR3,K,0.0
Transformer-onehot,HCDR3,K,-0.8733931183815002
Transformer-onehot,HCDR3,K,0.0
Transformer-onehot,HCDR3,K,0.0
Transformer-onehot,HCDR3,K,0.0
Transformer-onehot,HCDR3,K,0.0
Transformer-onehot,HCDR3,K,-0.7187893986701965
Transformer-onehot,HCDR3,K,-0.6747444272041321
Transformer-onehot,HCDR3,K,-1.0494672060012815
Transformer-onehot,HCDR3,K,-0.8395305871963501
Transformer-onehot,HCDR3,K,0.0
Transformer-onehot,HCDR3,K,0.0
Transformer-onehot,HCDR3,K,0.0
Transformer-onehot,HCDR3,K,0.0
Transformer-onehot,HCDR3,K,0.0
Transformer-onehot,HCDR3,K,0.0
Transformer-onehot,HCDR3,K,-0.6706846952438354
Transformer-onehot,HCDR3,K,0.0
Transformer-onehot,HCDR3,K,0.0
Transformer-onehot,HCDR3,K,-1.4876084327697754
Transformer-onehot,HCDR3,K,-1.1766101121902466
Transformer-onehot,HCDR3,K,-0.7416389584541321
Transformer-onehot,HCDR3,K,0.0
Transformer-onehot,HCDR3,K,-0.903654932975769
Transformer-onehot,HCDR3,K,0.0
Transformer-onehot,HCDR3,K,0.0
Transformer-onehot,HCDR3,K,0.0
Transformer-onehot,HCDR3,K,0.0
Transformer-onehot,HCDR3,K,0.0
Transformer-onehot,HCDR3,K,0.0
Transformer-onehot,HCDR3,K,0.0
Transformer-onehot,HCDR3,K,0.0
Transformer-onehot,HCDR3,K,-0.3348580598831177
Transformer-onehot,HCDR3,K,0.0
Transformer-onehot,HCDR3,K,0.0
Transformer-onehot,HCDR3,K,0.0
Transformer-onehot,HCDR3,K,0.0
Transformer-onehot,HCDR3,K,0.0
Transformer-onehot,HCDR3,K,-0.1678534001111984
Transformer-onehot,HCDR3,K,0.0
Transformer-onehot,HCDR3,K,0.0
Transformer-onehot,HCDR3,K,0.0
Transformer-onehot,HCDR3,K,0.0
Transformer-onehot,HCDR3,K,0.0
Transformer-onehot,HCDR3,K,0.0
Transformer-onehot,HCDR3,K,0.0
Transformer-onehot,HCDR3,K,0.0
Transformer-onehot,HCDR3,K,0.0
Transformer-onehot,HCDR3,K,0.0
Transformer-onehot,HCDR3,K,0.0
Transformer-onehot,HCDR3,K,0.0
Transformer-onehot,HCDR3,K,0.0
Transformer-onehot,HCDR3,K,0.0
Transformer-onehot,HCDR3,K,0.0
Transformer-onehot,HCDR3,K,0.0
Transformer-onehot,HCDR3,K,0.0
Transformer-onehot,HCDR3,K,0.0
Transformer-onehot,HCDR3,K,0.0
Transformer-onehot,HCDR3,K,-0.2744459509849548
Transformer-onehot,HCDR3,K,0.0
Transformer-onehot,HCDR3,K,0.0
Transformer-onehot,HCDR3,K,0.0
Transformer-onehot,HCDR3,K,0.0
Transformer-onehot,HCDR3,K,0.0
Transformer-onehot,HCDR3,K,0.0
Transformer-onehot,HCDR3,K,0.0
Transformer-onehot,HCDR3,K,0.0
Transformer-onehot,HCDR3,K,0.0
Transformer-onehot,HCDR3,K,0.0
Transformer-onehot,HCDR3,K,0.0
Transformer-onehot,HCDR3,K,0.0
Transformer-onehot,HCDR3,K,-0.1772738844156265
Transformer-onehot,HCDR3,K,0.0
Transformer-onehot,HCDR3,K,0.0
Transformer-onehot,HCDR3,K,0.0
Transformer-onehot,HCDR3,K,0.0
Transformer-onehot,HCDR3,K,0.0
Transformer-onehot,HCDR3,K,0.0
Transformer-onehot,HCDR3,K,0.0
Transformer-onehot,HCDR3,K,0.0
Transformer-onehot,HCDR3,K,-1.4543873071670532
Transformer-onehot,HCDR3,K,0.0
Transformer-onehot,HCDR3,K,0.0
Transformer-onehot,HCDR3,K,0.0
Transformer-onehot,HCDR3,K,0.0
Transformer-onehot,HCDR3,K,0.0
Transformer-onehot,HCDR3,K,0.0
Transformer-onehot,HCDR3,K,0.0
Transformer-onehot,HCDR3,K,0.0
Transformer-onehot,HCDR3,K,0.0
Transformer-onehot,HCDR3,K,0.0
Transformer-onehot,HCDR3,K,0.0
Transformer-onehot,HCDR3,K,0.0
Transformer-onehot,HCDR3,K,-0.5005649328231812
Transformer-onehot,HCDR3,K,0.0
Transformer-onehot,HCDR3,K,0.0
Transformer-onehot,HCDR3,K,0.0
Transformer-onehot,HCDR3,K,0.0
Transformer-onehot,HCDR3,K,0.0
Transformer-onehot,HCDR3,K,0.0
Transformer-onehot,HCDR3,K,0.0
Transformer-onehot,HCDR3,K,0.0
Transformer-onehot,HCDR3,K,0.0
Transformer-onehot,HCDR3,K,-0.5181549787521362
Transformer-onehot,HCDR3,K,0.0
Transformer-onehot,HCDR3,K,-0.1082197576761245
Transformer-onehot,HCDR3,K,0.0
Transformer-onehot,HCDR3,K,0.0
Transformer-onehot,HCDR3,K,0.0
Transformer-onehot,HCDR3,K,0.0
Transformer-onehot,HCDR3,K,0.0
Transformer-onehot,HCDR3,K,0.0
Transformer-onehot,HCDR3,K,0.0
Transformer-onehot,HCDR3,K,0.0
Transformer-onehot,HCDR3,K,0.0
Transformer-onehot,HCDR3,K,0.0
Transformer-onehot,HCDR3,K,0.0
Transformer-onehot,HCDR3,K,0.0
Transformer-onehot,HCDR3,K,0.0
Transformer-onehot,HCDR3,K,0.0
Transformer-onehot,HCDR3,K,0.0
Transformer-onehot,HCDR3,K,0.0
Transformer-onehot,HCDR3,K,0.0
Transformer-onehot,HCDR3,K,0.0
Transformer-onehot,HCDR3,K,0.0
Transformer-onehot,HCDR3,K,0.0
Transformer-onehot,HCDR3,K,0.0
Transformer-onehot,HCDR3,K,0.0
Transformer-onehot,HCDR3,K,0.0
Transformer-onehot,HCDR3,K,0.0
Transformer-onehot,HCDR3,K,0.0
Transformer-onehot,HCDR3,K,-0.5714434385299683
Transformer-onehot,HCDR3,K,0.0
Transformer-onehot,HCDR3,K,0.0
Transformer-onehot,HCDR3,K,-0.8207802176475525
Transformer-onehot,HCDR3,K,0.0
Transformer-onehot,HCDR3,K,0.0
Transformer-onehot,HCDR3,K,0.0
Transformer-onehot,HCDR3,K,0.0
Transformer-onehot,HCDR3,K,0.0
Transformer-onehot,HCDR3,K,0.0
Transformer-onehot,HCDR3,K,-0.1215538084506988
Transformer-onehot,HCDR3,K,0.0
Transformer-onehot,HCDR3,K,0.0
Transformer-onehot,HCDR3,K,0.0
Transformer-onehot,HCDR3,K,0.0
Transformer-onehot,HCDR3,K,-0.1413939148187637
Transformer-onehot,HCDR3,K,0.0
Transformer-onehot,HCDR3,K,-0.1214320212602615
Transformer-onehot,HCDR3,K,0.0
Transformer-onehot,HCDR3,K,0.0
Transformer-onehot,HCDR3,K,0.0
Transformer-onehot,HCDR3,K,-0.1649916470050811
Transformer-onehot,HCDR3,K,-0.1487223803997039
Transformer-onehot,HCDR3,K,0.0
Transformer-onehot,HCDR3,K,0.0
Transformer-onehot,HCDR3,K,0.0
Transformer-onehot,HCDR3,K,0.0
Transformer-onehot,HCDR3,K,0.0
Transformer-onehot,HCDR3,K,0.0
Transformer-onehot,HCDR3,K,0.0
Transformer-onehot,HCDR3,K,0.0
Transformer-onehot,HCDR3,K,-0.634000301361084
Transformer-onehot,HCDR3,K,0.0
Transformer-onehot,HCDR3,K,0.0
Transformer-onehot,HCDR3,K,0.0
Transformer-onehot,HCDR3,K,0.0
Transformer-onehot,HCDR3,K,0.0
Transformer-onehot,HCDR3,K,0.0
Transformer-onehot,HCDR3,K,0.0
Transformer-onehot,HCDR3,K,0.0
Transformer-onehot,HCDR3,K,0.0
Transformer-onehot,HCDR3,K,0.0
Transformer-onehot,HCDR3,K,-0.5628212094306946
Transformer-onehot,HCDR3,K,0.0
Transformer-onehot,HCDR3,K,0.0
Transformer-onehot,HCDR3,K,0.0
Transformer-onehot,HCDR3,K,0.0
Transformer-onehot,HCDR3,K,0.0
Transformer-onehot,HCDR3,K,0.0
Transformer-onehot,HCDR3,K,0.0
Transformer-onehot,HCDR3,K,0.0
Transformer-onehot,HCDR3,K,0.0
Transformer-onehot,HCDR3,K,0.0
Transformer-onehot,HCDR3,K,0.0
Transformer-onehot,HCDR3,K,0.0
Transformer-onehot,HCDR3,K,0.0
Transformer-onehot,HCDR3,K,0.0
Transformer-onehot,HCDR3,K,0.0
Transformer-onehot,HCDR3,K,0.0
Transformer-onehot,HCDR3,K,-0.2824259102344513
Transformer-onehot,HCDR3,K,0.0
Transformer-onehot,HCDR3,K,0.0
Transformer-onehot,HCDR3,K,0.0
Transformer-onehot,HCDR3,K,0.0
Transformer-onehot,HCDR3,K,0.0
Transformer-onehot,HCDR3,K,0.0
Transformer-onehot,HCDR3,K,0.0
Transformer-onehot,HCDR3,K,0.0
Transformer-onehot,HCDR3,K,-0.3466417789459228
Transformer-onehot,HCDR3,K,0.0
Transformer-onehot,HCDR3,K,0.0
Transformer-onehot,HCDR3,K,0.0
Transformer-onehot,HCDR3,K,0.0
Transformer-onehot,HCDR3,K,-0.1485606580972671
Transformer-onehot,HCDR3,K,0.0
Transformer-onehot,HCDR3,K,0.0
Transformer-onehot,HCDR3,K,0.0
Transformer-onehot,HCDR3,K,0.0
Transformer-onehot,HCDR3,K,0.0
Transformer-onehot,HCDR3,K,0.0
Transformer-onehot,HCDR3,K,0.0
Transformer-onehot,HCDR3,K,0.0
Transformer-onehot,HCDR3,K,0.0
Transformer-onehot,HCDR3,K,0.0
Transformer-onehot,HCDR3,K,0.0
Transformer-onehot,HCDR3,K,0.0
Transformer-onehot,HCDR3,K,0.0
Transformer-onehot,HCDR3,K,0.0
Transformer-onehot,HCDR3,K,0.0
Transformer-onehot,HCDR3,K,0.0
Transformer-onehot,HCDR3,K,0.0
Transformer-onehot,HCDR3,K,0.0
Transformer-onehot,HCDR3,K,0.0
Transformer-onehot,HCDR3,K,0.0
Transformer-onehot,HCDR3,K,0.0
Transformer-onehot,HCDR3,K,0.0
Transformer-onehot,HCDR3,K,0.0
Transformer-onehot,HCDR3,K,0.0
Transformer-onehot,HCDR3,K,0.0
Transformer-onehot,HCDR3,K,0.0
Transformer-onehot,HCDR3,K,0.0
Transformer-onehot,HCDR3,K,0.0
Transformer-onehot,HCDR3,K,0.0
Transformer-onehot,HCDR3,K,-0.2308949679136276
Transformer-onehot,HCDR3,K,0.0
Transformer-onehot,HCDR3,K,0.0
Transformer-onehot,HCDR3,K,0.0
Transformer-onehot,HCDR3,K,0.0
Transformer-onehot,HCDR3,K,0.0
Transformer-onehot,HCDR3,K,0.0
Transformer-onehot,HCDR3,K,0.0
Transformer-onehot,HCDR3,K,0.0
Transformer-onehot,HCDR3,K,-0.4937255382537842
Transformer-onehot,HCDR3,K,0.0
Transformer-onehot,HCDR3,K,-0.3437022268772125
Transformer-onehot,HCDR3,K,0.0
Transformer-onehot,HCDR3,K,0.0
Transformer-onehot,HCDR3,K,0.0
Transformer-onehot,HCDR3,K,0.0
Transformer-onehot,HCDR3,K,0.0
Transformer-onehot,HCDR3,K,0.0
Transformer-onehot,HCDR3,K,-0.1108724176883697
Transformer-onehot,HCDR3,K,0.0
Transformer-onehot,HCDR3,K,0.0
Transformer-onehot,HCDR3,K,0.0
Transformer-onehot,HCDR3,K,0.0
Transformer-onehot,HCDR3,K,0.0
Transformer-onehot,HCDR3,K,0.0
Transformer-onehot,HCDR3,K,0.0
Transformer-onehot,HCDR3,K,0.0
Transformer-onehot,HCDR3,K,0.0
Transformer-onehot,HCDR3,K,0.0
Transformer-onehot,HCDR3,K,0.0
Transformer-onehot,HCDR3,K,0.0
Transformer-onehot,HCDR3,K,0.0
Transformer-onehot,HCDR3,K,0.0
Transformer-onehot,HCDR3,K,0.0
Transformer-onehot,HCDR3,K,0.0
Transformer-onehot,HCDR3,K,0.0
Transformer-onehot,HCDR3,K,0.0
Transformer-onehot,HCDR3,K,0.0
Transformer-onehot,HCDR3,K,0.0
Transformer-onehot,HCDR3,K,0.0
Transformer-onehot,HCDR3,L,0.0
Transformer-onehot,HCDR3,L,0.0
Transformer-onehot,HCDR3,L,0.0
Transformer-onehot,HCDR3,L,0.0
Transformer-onehot,HCDR3,L,-0.0259192753583192
Transformer-onehot,HCDR3,L,0.0
Transformer-onehot,HCDR3,L,-0.0152243264019489
Transformer-onehot,HCDR3,L,0.0415983349084854
Transformer-onehot,HCDR3,L,0.0
Transformer-onehot,HCDR3,L,-0.0129653308540582
Transformer-onehot,HCDR3,L,0.0
Transformer-onehot,HCDR3,L,0.0
Transformer-onehot,HCDR3,L,0.0
Transformer-onehot,HCDR3,L,0.0
Transformer-onehot,HCDR3,L,0.0
Transformer-onehot,HCDR3,L,0.0
Transformer-onehot,HCDR3,L,0.0
Transformer-onehot,HCDR3,L,0.0
Transformer-onehot,HCDR3,L,0.0
Transformer-onehot,HCDR3,L,0.0
Transformer-onehot,HCDR3,L,0.0
Transformer-onehot,HCDR3,L,0.0
Transformer-onehot,HCDR3,L,-0.0317600853741169
Transformer-onehot,HCDR3,L,0.0
Transformer-onehot,HCDR3,L,0.0
Transformer-onehot,HCDR3,L,0.0
Transformer-onehot,HCDR3,L,-0.0220971759408712
Transformer-onehot,HCDR3,L,0.0
Transformer-onehot,HCDR3,L,0.0
Transformer-onehot,HCDR3,L,0.0
Transformer-onehot,HCDR3,L,0.050061922520399
Transformer-onehot,HCDR3,L,0.0
Transformer-onehot,HCDR3,L,0.0
Transformer-onehot,HCDR3,L,0.0791617929935455
Transformer-onehot,HCDR3,L,0.0
Transformer-onehot,HCDR3,L,-0.0388104319572448
Transformer-onehot,HCDR3,L,0.050750620663166
Transformer-onehot,HCDR3,L,0.0709752812981605
Transformer-onehot,HCDR3,L,0.0
Transformer-onehot,HCDR3,L,0.0
Transformer-onehot,HCDR3,L,0.0
Transformer-onehot,HCDR3,L,0.0463681407272815
Transformer-onehot,HCDR3,L,0.0
Transformer-onehot,HCDR3,L,0.0
Transformer-onehot,HCDR3,L,0.0
Transformer-onehot,HCDR3,L,0.0
Transformer-onehot,HCDR3,L,0.0518788956105709
Transformer-onehot,HCDR3,L,0.0
Transformer-onehot,HCDR3,L,0.0
Transformer-onehot,HCDR3,L,0.0
Transformer-onehot,HCDR3,L,-0.0217753294855356
Transformer-onehot,HCDR3,L,0.0
Transformer-onehot,HCDR3,L,0.0
Transformer-onehot,HCDR3,L,0.0
Transformer-onehot,HCDR3,L,0.0
Transformer-onehot,HCDR3,L,0.0
Transformer-onehot,HCDR3,L,0.0
Transformer-onehot,HCDR3,L,0.0
Transformer-onehot,HCDR3,L,0.0
Transformer-onehot,HCDR3,L,0.0
Transformer-onehot,HCDR3,L,0.0
Transformer-onehot,HCDR3,L,0.0
Transformer-onehot,HCDR3,L,0.0497195422649383
Transformer-onehot,HCDR3,L,0.0
Transformer-onehot,HCDR3,L,0.0
Transformer-onehot,HCDR3,L,0.0
Transformer-onehot,HCDR3,L,0.0
Transformer-onehot,HCDR3,L,0.0
Transformer-onehot,HCDR3,L,0.052676074206829
Transformer-onehot,HCDR3,L,0.0
Transformer-onehot,HCDR3,L,0.0
Transformer-onehot,HCDR3,L,-0.0135321579873561
Transformer-onehot,HCDR3,L,-0.0196980014443397
Transformer-onehot,HCDR3,L,0.0
Transformer-onehot,HCDR3,L,0.0
Transformer-onehot,HCDR3,L,0.0756947845220565
Transformer-onehot,HCDR3,L,0.0
Transformer-onehot,HCDR3,L,0.0
Transformer-onehot,HCDR3,L,0.0
Transformer-onehot,HCDR3,L,0.0
Transformer-onehot,HCDR3,L,0.0
Transformer-onehot,HCDR3,L,-0.0109317749738693
Transformer-onehot,HCDR3,L,0.0
Transformer-onehot,HCDR3,L,0.0
Transformer-onehot,HCDR3,L,0.0
Transformer-onehot,HCDR3,L,0.0
Transformer-onehot,HCDR3,L,0.047722902148962
Transformer-onehot,HCDR3,L,0.0
Transformer-onehot,HCDR3,L,0.0
Transformer-onehot,HCDR3,L,0.0
Transformer-onehot,HCDR3,L,-0.0163530111312866
Transformer-onehot,HCDR3,L,0.0
Transformer-onehot,HCDR3,L,0.0
Transformer-onehot,HCDR3,L,0.0
Transformer-onehot,HCDR3,L,0.0
Transformer-onehot,HCDR3,L,0.0
Transformer-onehot,HCDR3,L,0.0
Transformer-onehot,HCDR3,L,0.0
Transformer-onehot,HCDR3,L,0.0
Transformer-onehot,HCDR3,L,0.0
Transformer-onehot,HCDR3,L,0.0
Transformer-onehot,HCDR3,L,0.0
Transformer-onehot,HCDR3,L,0.0
Transformer-onehot,HCDR3,L,0.0
Transformer-onehot,HCDR3,L,0.0
Transformer-onehot,HCDR3,L,0.0
Transformer-onehot,HCDR3,L,0.0
Transformer-onehot,HCDR3,L,0.0
Transformer-onehot,HCDR3,L,0.0
Transformer-onehot,HCDR3,L,0.0
Transformer-onehot,HCDR3,L,-0.0284149535000324
Transformer-onehot,HCDR3,L,0.0
Transformer-onehot,HCDR3,L,0.0
Transformer-onehot,HCDR3,L,0.0
Transformer-onehot,HCDR3,L,0.0
Transformer-onehot,HCDR3,L,0.0
Transformer-onehot,HCDR3,L,0.0743920803070068
Transformer-onehot,HCDR3,L,0.0
Transformer-onehot,HCDR3,L,0.0
Transformer-onehot,HCDR3,L,0.0
Transformer-onehot,HCDR3,L,0.0030693199951201
Transformer-onehot,HCDR3,L,0.0
Transformer-onehot,HCDR3,L,0.0
Transformer-onehot,HCDR3,L,0.0
Transformer-onehot,HCDR3,L,0.0
Transformer-onehot,HCDR3,L,0.0
Transformer-onehot,HCDR3,L,0.0
Transformer-onehot,HCDR3,L,0.0
Transformer-onehot,HCDR3,L,0.0
Transformer-onehot,HCDR3,L,0.0
Transformer-onehot,HCDR3,L,0.0
Transformer-onehot,HCDR3,L,0.0
Transformer-onehot,HCDR3,L,-0.0023796262685209
Transformer-onehot,HCDR3,L,0.0
Transformer-onehot,HCDR3,L,0.0
Transformer-onehot,HCDR3,L,0.0
Transformer-onehot,HCDR3,L,0.0
Transformer-onehot,HCDR3,L,0.0
Transformer-onehot,HCDR3,L,0.0
Transformer-onehot,HCDR3,L,0.0710043981671333
Transformer-onehot,HCDR3,L,0.0
Transformer-onehot,HCDR3,L,0.0
Transformer-onehot,HCDR3,L,0.0
Transformer-onehot,HCDR3,L,0.0
Transformer-onehot,HCDR3,L,-0.0145345628261566
Transformer-onehot,HCDR3,L,0.0
Transformer-onehot,HCDR3,L,0.0
Transformer-onehot,HCDR3,L,0.0068507026880979
Transformer-onehot,HCDR3,L,0.0
Transformer-onehot,HCDR3,L,0.0
Transformer-onehot,HCDR3,L,-0.0195365212857723
Transformer-onehot,HCDR3,L,0.0
Transformer-onehot,HCDR3,L,0.0
Transformer-onehot,HCDR3,L,0.0
Transformer-onehot,HCDR3,L,0.0
Transformer-onehot,HCDR3,L,0.0
Transformer-onehot,HCDR3,L,0.0
Transformer-onehot,HCDR3,L,0.0
Transformer-onehot,HCDR3,L,0.0
Transformer-onehot,HCDR3,L,0.0
Transformer-onehot,HCDR3,L,0.0104928389191627
Transformer-onehot,HCDR3,L,0.0
Transformer-onehot,HCDR3,L,0.0
Transformer-onehot,HCDR3,L,0.0
Transformer-onehot,HCDR3,L,-0.0109554324299097
Transformer-onehot,HCDR3,L,0.0
Transformer-onehot,HCDR3,L,0.0
Transformer-onehot,HCDR3,L,0.0
Transformer-onehot,HCDR3,L,0.0086283683776855
Transformer-onehot,HCDR3,L,0.0
Transformer-onehot,HCDR3,L,-0.0185756683349609
Transformer-onehot,HCDR3,L,0.0
Transformer-onehot,HCDR3,L,0.0045046010054647
Transformer-onehot,HCDR3,L,0.0
Transformer-onehot,HCDR3,L,0.0
Transformer-onehot,HCDR3,L,0.0
Transformer-onehot,HCDR3,L,0.0
Transformer-onehot,HCDR3,L,0.0
Transformer-onehot,HCDR3,L,0.0
Transformer-onehot,HCDR3,L,0.0
Transformer-onehot,HCDR3,L,-0.014364487491548
Transformer-onehot,HCDR3,L,0.0531516186892986
Transformer-onehot,HCDR3,L,0.0
Transformer-onehot,HCDR3,L,0.0
Transformer-onehot,HCDR3,L,0.0
Transformer-onehot,HCDR3,L,0.0
Transformer-onehot,HCDR3,L,0.0352127589285373
Transformer-onehot,HCDR3,L,-0.0192217305302619
Transformer-onehot,HCDR3,L,0.0
Transformer-onehot,HCDR3,L,-0.0039997305721044
Transformer-onehot,HCDR3,L,-0.0245607886463403
Transformer-onehot,HCDR3,L,0.0
Transformer-onehot,HCDR3,L,-0.025643115863204
Transformer-onehot,HCDR3,L,0.0
Transformer-onehot,HCDR3,L,0.0283079650253057
Transformer-onehot,HCDR3,L,0.0
Transformer-onehot,HCDR3,L,0.0
Transformer-onehot,HCDR3,L,0.0
Transformer-onehot,HCDR3,L,0.0
Transformer-onehot,HCDR3,L,0.0
Transformer-onehot,HCDR3,L,0.0
Transformer-onehot,HCDR3,L,-0.0399846360087394
Transformer-onehot,HCDR3,L,0.0
Transformer-onehot,HCDR3,L,0.0
Transformer-onehot,HCDR3,L,0.0498223528265953
Transformer-onehot,HCDR3,L,0.0
Transformer-onehot,HCDR3,L,-0.0079685542732477
Transformer-onehot,HCDR3,L,-0.014362801797688
Transformer-onehot,HCDR3,L,0.0
Transformer-onehot,HCDR3,L,0.0176172740757465
Transformer-onehot,HCDR3,L,0.0
Transformer-onehot,HCDR3,L,-0.0113752204924821
Transformer-onehot,HCDR3,L,0.0
Transformer-onehot,HCDR3,L,0.0175719335675239
Transformer-onehot,HCDR3,L,0.0
Transformer-onehot,HCDR3,L,0.0
Transformer-onehot,HCDR3,L,0.0
Transformer-onehot,HCDR3,L,0.0
Transformer-onehot,HCDR3,L,0.0
Transformer-onehot,HCDR3,L,0.0
Transformer-onehot,HCDR3,L,0.0
Transformer-onehot,HCDR3,L,0.0
Transformer-onehot,HCDR3,L,0.0244504958391189
Transformer-onehot,HCDR3,L,0.0646008551120758
Transformer-onehot,HCDR3,L,0.0
Transformer-onehot,HCDR3,L,0.0
Transformer-onehot,HCDR3,L,0.0516376420855522
Transformer-onehot,HCDR3,L,0.0
Transformer-onehot,HCDR3,L,0.0
Transformer-onehot,HCDR3,L,-0.0242848843336105
Transformer-onehot,HCDR3,L,0.0
Transformer-onehot,HCDR3,L,0.048200886696577
Transformer-onehot,HCDR3,L,0.0
Transformer-onehot,HCDR3,L,0.0
Transformer-onehot,HCDR3,L,-0.0048066400922834
Transformer-onehot,HCDR3,L,0.0
Transformer-onehot,HCDR3,L,0.0
Transformer-onehot,HCDR3,L,0.0
Transformer-onehot,HCDR3,L,-0.0324262306094169
Transformer-onehot,HCDR3,L,0.0
Transformer-onehot,HCDR3,L,0.0
Transformer-onehot,HCDR3,L,0.0
Transformer-onehot,HCDR3,L,0.0
Transformer-onehot,HCDR3,L,0.0
Transformer-onehot,HCDR3,L,-0.0244815144687891
Transformer-onehot,HCDR3,L,0.0
Transformer-onehot,HCDR3,L,0.0
Transformer-onehot,HCDR3,L,0.0
Transformer-onehot,HCDR3,L,0.0
Transformer-onehot,HCDR3,L,0.0
Transformer-onehot,HCDR3,L,-0.0126976771280169
Transformer-onehot,HCDR3,L,0.0
Transformer-onehot,HCDR3,L,0.0
Transformer-onehot,HCDR3,L,-0.0153018776327371
Transformer-onehot,HCDR3,L,0.0006882459856569
Transformer-onehot,HCDR3,L,-0.0269165728241205
Transformer-onehot,HCDR3,L,0.0
Transformer-onehot,HCDR3,L,-0.012420879676938
Transformer-onehot,HCDR3,L,-0.0215578284114599
Transformer-onehot,HCDR3,L,0.0
Transformer-onehot,HCDR3,L,0.0
Transformer-onehot,HCDR3,L,0.0
Transformer-onehot,HCDR3,L,-0.0216077100485563
Transformer-onehot,HCDR3,L,-0.0006823888979852
Transformer-onehot,HCDR3,L,0.0
Transformer-onehot,HCDR3,L,0.0
Transformer-onehot,HCDR3,L,-0.0164867248386144
Transformer-onehot,HCDR3,L,0.0
Transformer-onehot,HCDR3,L,0.0
Transformer-onehot,HCDR3,L,0.0
Transformer-onehot,HCDR3,L,0.0
Transformer-onehot,HCDR3,L,0.0
Transformer-onehot,HCDR3,L,0.0
Transformer-onehot,HCDR3,L,0.0
Transformer-onehot,HCDR3,L,0.0
Transformer-onehot,HCDR3,L,0.0
Transformer-onehot,HCDR3,L,-0.0083957882598042
Transformer-onehot,HCDR3,L,0.0
Transformer-onehot,HCDR3,L,-0.0046986602246761
Transformer-onehot,HCDR3,L,0.0
Transformer-onehot,HCDR3,L,-0.0158146284520626
Transformer-onehot,HCDR3,L,0.0
Transformer-onehot,HCDR3,L,0.0
Transformer-onehot,HCDR3,L,0.0
Transformer-onehot,HCDR3,L,-0.0151539063081145
Transformer-onehot,HCDR3,L,-0.0163074433803558
Transformer-onehot,HCDR3,L,0.0
Transformer-onehot,HCDR3,L,0.0
Transformer-onehot,HCDR3,L,0.0
Transformer-onehot,HCDR3,L,-0.0253923740237951
Transformer-onehot,HCDR3,L,0.005016328766942
Transformer-onehot,HCDR3,L,-0.0302728377282619
Transformer-onehot,HCDR3,L,-0.0211071148514747
Transformer-onehot,HCDR3,L,0.0
Transformer-onehot,HCDR3,L,0.0
Transformer-onehot,HCDR3,L,0.0
Transformer-onehot,HCDR3,L,0.0
Transformer-onehot,HCDR3,L,0.0
Transformer-onehot,HCDR3,L,-0.0123303337022662
Transformer-onehot,HCDR3,L,0.0
Transformer-onehot,HCDR3,L,-0.017566991969943
Transformer-onehot,HCDR3,L,0.0
Transformer-onehot,HCDR3,L,-0.0037249592132866
Transformer-onehot,HCDR3,L,0.0
Transformer-onehot,HCDR3,L,0.0
Transformer-onehot,HCDR3,L,-0.0009102149051614
Transformer-onehot,HCDR3,L,0.0
Transformer-onehot,HCDR3,L,0.0
Transformer-onehot,HCDR3,L,0.0
Transformer-onehot,HCDR3,L,0.0
Transformer-onehot,HCDR3,L,0.0
Transformer-onehot,HCDR3,L,0.0
Transformer-onehot,HCDR3,L,-0.0165606215596199
Transformer-onehot,HCDR3,L,0.0
Transformer-onehot,HCDR3,L,0.0
Transformer-onehot,HCDR3,L,0.0
Transformer-onehot,HCDR3,L,-0.0190194509923458
Transformer-onehot,HCDR3,L,0.0
Transformer-onehot,HCDR3,L,-0.0153489150106906
Transformer-onehot,HCDR3,L,0.0
Transformer-onehot,HCDR3,L,0.0
Transformer-onehot,HCDR3,L,-0.0021477749105542
Transformer-onehot,HCDR3,L,0.0
Transformer-onehot,HCDR3,L,-0.0031189068686217
Transformer-onehot,HCDR3,L,-0.0210755728185176
Transformer-onehot,HCDR3,L,0.0
Transformer-onehot,HCDR3,L,0.0
Transformer-onehot,HCDR3,L,-0.0278125144541263
Transformer-onehot,HCDR3,L,0.0
Transformer-onehot,HCDR3,L,0.0
Transformer-onehot,HCDR3,L,0.0
Transformer-onehot,HCDR3,L,0.0
Transformer-onehot,HCDR3,L,-0.0227394625544548
Transformer-onehot,HCDR3,L,0.0
Transformer-onehot,HCDR3,L,-0.0003539185272529
Transformer-onehot,HCDR3,L,-0.0434030443429946
Transformer-onehot,HCDR3,L,0.0017688436200842
Transformer-onehot,HCDR3,L,0.0
Transformer-onehot,HCDR3,L,-0.0131693594157695
Transformer-onehot,HCDR3,L,0.0
Transformer-onehot,HCDR3,L,-0.0094567434862256
Transformer-onehot,HCDR3,L,-0.0143189914524555
Transformer-onehot,HCDR3,L,0.0
Transformer-onehot,HCDR3,L,0.0
Transformer-onehot,HCDR3,L,0.0
Transformer-onehot,HCDR3,L,-0.0181587412953376
Transformer-onehot,HCDR3,L,-0.0166285894811153
Transformer-onehot,HCDR3,L,0.0
Transformer-onehot,HCDR3,L,0.0
Transformer-onehot,HCDR3,L,0.0
Transformer-onehot,HCDR3,L,0.0
Transformer-onehot,HCDR3,L,0.0
Transformer-onehot,HCDR3,L,0.0
Transformer-onehot,HCDR3,L,0.0
Transformer-onehot,HCDR3,L,0.0
Transformer-onehot,HCDR3,L,0.0
Transformer-onehot,HCDR3,L,0.0
Transformer-onehot,HCDR3,L,0.0
Transformer-onehot,HCDR3,L,0.0
Transformer-onehot,HCDR3,L,-0.0101186968386173
Transformer-onehot,HCDR3,L,-0.0306406430900096
Transformer-onehot,HCDR3,L,-0.0037467132788151
Transformer-onehot,HCDR3,L,0.0
Transformer-onehot,HCDR3,L,-0.0049824900925159
Transformer-onehot,HCDR3,L,-0.012642647139728
Transformer-onehot,HCDR3,L,0.0
Transformer-onehot,HCDR3,L,-0.0002330072311451
Transformer-onehot,HCDR3,L,0.0
Transformer-onehot,HCDR3,L,0.0
Transformer-onehot,HCDR3,L,-0.0086645493283867
Transformer-onehot,HCDR3,L,0.0
Transformer-onehot,HCDR3,L,0.0
Transformer-onehot,HCDR3,L,0.0
Transformer-onehot,HCDR3,L,0.0
Transformer-onehot,HCDR3,L,-0.0054648341611027
Transformer-onehot,HCDR3,L,0.0
Transformer-onehot,HCDR3,L,0.0
Transformer-onehot,HCDR3,L,0.0
Transformer-onehot,HCDR3,L,0.0
Transformer-onehot,HCDR3,L,0.0
Transformer-onehot,HCDR3,L,-0.0173312723636627
Transformer-onehot,HCDR3,L,1.335977685812395e-06
Transformer-onehot,HCDR3,L,-0.0125228827819228
Transformer-onehot,HCDR3,L,0.0
Transformer-onehot,HCDR3,L,-0.0092958211898803
Transformer-onehot,HCDR3,L,-0.0123806148767471
Transformer-onehot,HCDR3,L,-0.0088959112763404
Transformer-onehot,HCDR3,L,-0.0103124557062983
Transformer-onehot,HCDR3,L,0.0
Transformer-onehot,HCDR3,L,0.0
Transformer-onehot,HCDR3,L,7.865404768381268e-05
Transformer-onehot,HCDR3,L,0.0
Transformer-onehot,HCDR3,L,0.0002849602897185
Transformer-onehot,HCDR3,L,0.0
Transformer-onehot,HCDR3,L,-0.0046364231966435
Transformer-onehot,HCDR3,L,0.0
Transformer-onehot,HCDR3,L,0.0
Transformer-onehot,HCDR3,L,-0.0099253691732883
Transformer-onehot,HCDR3,L,0.0
Transformer-onehot,HCDR3,L,0.0
Transformer-onehot,HCDR3,L,0.0
Transformer-onehot,HCDR3,L,0.0
Transformer-onehot,HCDR3,L,0.0
Transformer-onehot,HCDR3,L,-0.0097218882292509
Transformer-onehot,HCDR3,L,0.0034356822725385
Transformer-onehot,HCDR3,L,0.0
Transformer-onehot,HCDR3,L,-0.0233093500137329
Transformer-onehot,HCDR3,L,0.0
Transformer-onehot,HCDR3,L,0.0
Transformer-onehot,HCDR3,L,0.0
Transformer-onehot,HCDR3,L,0.0164510067552328
Transformer-onehot,HCDR3,L,0.0
Transformer-onehot,HCDR3,L,0.0
Transformer-onehot,HCDR3,L,0.0
Transformer-onehot,HCDR3,L,0.0
Transformer-onehot,HCDR3,L,0.0008386182598769
Transformer-onehot,HCDR3,L,0.0
Transformer-onehot,HCDR3,L,0.0
Transformer-onehot,HCDR3,L,0.0
Transformer-onehot,HCDR3,L,0.0
Transformer-onehot,HCDR3,L,-0.0195867363363504
Transformer-onehot,HCDR3,L,0.0
Transformer-onehot,HCDR3,L,0.0
Transformer-onehot,HCDR3,L,-0.020194087177515
Transformer-onehot,HCDR3,L,0.0
Transformer-onehot,HCDR3,L,0.0
Transformer-onehot,HCDR3,L,0.0
Transformer-onehot,HCDR3,L,0.0
Transformer-onehot,HCDR3,L,0.0
Transformer-onehot,HCDR3,L,0.0
Transformer-onehot,HCDR3,L,-0.0115004014223814
Transformer-onehot,HCDR3,L,-0.0178318824619054
Transformer-onehot,HCDR3,L,-0.0160303395241498
Transformer-onehot,HCDR3,L,-0.0213212296366691
Transformer-onehot,HCDR3,L,0.0
Transformer-onehot,HCDR3,L,0.0
Transformer-onehot,HCDR3,L,-0.0070263049565255
Transformer-onehot,HCDR3,L,-0.0107576847076416
Transformer-onehot,HCDR3,L,0.0
Transformer-onehot,HCDR3,L,-0.0148909902200102
Transformer-onehot,HCDR3,L,-0.0124556943774223
Transformer-onehot,HCDR3,L,0.0
Transformer-onehot,HCDR3,L,-0.0028745976742357
Transformer-onehot,HCDR3,L,-0.0187974479049444
Transformer-onehot,HCDR3,L,0.0
Transformer-onehot,HCDR3,L,-0.00055992603302
Transformer-onehot,HCDR3,L,0.0
Transformer-onehot,HCDR3,L,0.0
Transformer-onehot,HCDR3,L,-0.0230989139527082
Transformer-onehot,HCDR3,L,0.0
Transformer-onehot,HCDR3,L,0.0
Transformer-onehot,HCDR3,L,-0.018983855843544
Transformer-onehot,HCDR3,L,0.0
Transformer-onehot,HCDR3,L,0.0
Transformer-onehot,HCDR3,L,0.0
Transformer-onehot,HCDR3,L,-0.0043255239725112
Transformer-onehot,HCDR3,L,0.0
Transformer-onehot,HCDR3,L,0.0
Transformer-onehot,HCDR3,L,-0.0396246388554573
Transformer-onehot,HCDR3,L,0.0
Transformer-onehot,HCDR3,L,-0.0144664635881781
Transformer-onehot,HCDR3,L,0.0743633210659027
Transformer-onehot,HCDR3,L,-0.0110919149592518
Transformer-onehot,HCDR3,L,0.0
Transformer-onehot,HCDR3,L,0.0
Transformer-onehot,HCDR3,L,0.0
Transformer-onehot,HCDR3,L,0.0
Transformer-onehot,HCDR3,L,-0.0164448115974664
Transformer-onehot,HCDR3,L,0.0
Transformer-onehot,HCDR3,L,0.0172292366623878
Transformer-onehot,HCDR3,L,0.0
Transformer-onehot,HCDR3,L,-0.0105318408459424
Transformer-onehot,HCDR3,L,-0.0238331947475671
Transformer-onehot,HCDR3,L,0.0
Transformer-onehot,HCDR3,L,0.0
Transformer-onehot,HCDR3,L,-0.0151550779119133
Transformer-onehot,HCDR3,L,-0.0057336874306201
Transformer-onehot,HCDR3,L,-0.0042952662333846
Transformer-onehot,HCDR3,L,0.0
Transformer-onehot,HCDR3,L,-0.0037547189276665
Transformer-onehot,HCDR3,L,-0.0285780131816864
Transformer-onehot,HCDR3,L,0.0
Transformer-onehot,HCDR3,L,0.0
Transformer-onehot,HCDR3,L,-0.0323364362120628
Transformer-onehot,HCDR3,L,0.0
Transformer-onehot,HCDR3,L,-0.0118559282273054
Transformer-onehot,HCDR3,L,-0.024791345000267
Transformer-onehot,HCDR3,L,0.0
Transformer-onehot,HCDR3,L,0.0
Transformer-onehot,HCDR3,L,-0.0116175860166549
Transformer-onehot,HCDR3,L,-0.0118196979165077
Transformer-onehot,HCDR3,L,0.0
Transformer-onehot,HCDR3,L,0.0
Transformer-onehot,HCDR3,L,0.0017832028679549
Transformer-onehot,HCDR3,L,0.0
Transformer-onehot,HCDR3,L,0.0
Transformer-onehot,HCDR3,L,0.0
Transformer-onehot,HCDR3,L,0.0
Transformer-onehot,HCDR3,L,0.0
Transformer-onehot,HCDR3,L,0.0014716333243995
Transformer-onehot,HCDR3,M,0.0
Transformer-onehot,HCDR3,M,0.0
Transformer-onehot,HCDR3,M,0.0
Transformer-onehot,HCDR3,M,0.0
Transformer-onehot,HCDR3,M,0.0
Transformer-onehot,HCDR3,M,0.0
Transformer-onehot,HCDR3,M,0.0
Transformer-onehot,HCDR3,M,0.0
Transformer-onehot,HCDR3,M,0.0
Transformer-onehot,HCDR3,M,0.0
Transformer-onehot,HCDR3,M,0.0
Transformer-onehot,HCDR3,M,0.0
Transformer-onehot,HCDR3,M,0.0
Transformer-onehot,HCDR3,M,0.0
Transformer-onehot,HCDR3,M,0.0
Transformer-onehot,HCDR3,M,0.0
Transformer-onehot,HCDR3,M,0.0
Transformer-onehot,HCDR3,M,0.0
Transformer-onehot,HCDR3,M,0.0
Transformer-onehot,HCDR3,M,0.0
Transformer-onehot,HCDR3,M,0.0
Transformer-onehot,HCDR3,M,0.0
Transformer-onehot,HCDR3,M,0.0
Transformer-onehot,HCDR3,M,0.0
Transformer-onehot,HCDR3,M,0.0
Transformer-onehot,HCDR3,M,0.0
Transformer-onehot,HCDR3,M,0.0
Transformer-onehot,HCDR3,M,0.0
Transformer-onehot,HCDR3,M,0.0
Transformer-onehot,HCDR3,M,0.0
Transformer-onehot,HCDR3,M,0.0
Transformer-onehot,HCDR3,M,0.0
Transformer-onehot,HCDR3,M,0.0
Transformer-onehot,HCDR3,M,0.0
Transformer-onehot,HCDR3,M,0.0
Transformer-onehot,HCDR3,M,0.0
Transformer-onehot,HCDR3,M,0.0
Transformer-onehot,HCDR3,M,0.0
Transformer-onehot,HCDR3,M,0.0
Transformer-onehot,HCDR3,M,0.0
Transformer-onehot,HCDR3,M,0.0
Transformer-onehot,HCDR3,M,0.0
Transformer-onehot,HCDR3,M,0.0
Transformer-onehot,HCDR3,M,0.0
Transformer-onehot,HCDR3,M,0.0
Transformer-onehot,HCDR3,M,0.0
Transformer-onehot,HCDR3,M,0.0
Transformer-onehot,HCDR3,M,0.0
Transformer-onehot,HCDR3,M,0.0
Transformer-onehot,HCDR3,M,0.0
Transformer-onehot,HCDR3,M,0.0
Transformer-onehot,HCDR3,M,0.0
Transformer-onehot,HCDR3,M,0.0
Transformer-onehot,HCDR3,M,0.0
Transformer-onehot,HCDR3,M,0.0
Transformer-onehot,HCDR3,M,0.0
Transformer-onehot,HCDR3,M,0.0
Transformer-onehot,HCDR3,M,0.0
Transformer-onehot,HCDR3,M,0.0
Transformer-onehot,HCDR3,M,0.0
Transformer-onehot,HCDR3,M,0.0
Transformer-onehot,HCDR3,M,0.0
Transformer-onehot,HCDR3,M,0.0
Transformer-onehot,HCDR3,M,0.0
Transformer-onehot,HCDR3,M,0.0
Transformer-onehot,HCDR3,M,0.0
Transformer-onehot,HCDR3,M,0.0
Transformer-onehot,HCDR3,M,0.0
Transformer-onehot,HCDR3,M,0.0
Transformer-onehot,HCDR3,M,0.0
Transformer-onehot,HCDR3,M,0.0
Transformer-onehot,HCDR3,M,0.0
Transformer-onehot,HCDR3,M,0.0
Transformer-onehot,HCDR3,M,0.0
Transformer-onehot,HCDR3,M,0.0
Transformer-onehot,HCDR3,M,0.0
Transformer-onehot,HCDR3,M,0.0
Transformer-onehot,HCDR3,M,0.0
Transformer-onehot,HCDR3,M,0.0
Transformer-onehot,HCDR3,M,0.0
Transformer-onehot,HCDR3,M,0.0
Transformer-onehot,HCDR3,M,0.0
Transformer-onehot,HCDR3,M,0.0
Transformer-onehot,HCDR3,M,0.0
Transformer-onehot,HCDR3,M,0.0
Transformer-onehot,HCDR3,M,0.0
Transformer-onehot,HCDR3,M,0.0
Transformer-onehot,HCDR3,M,0.0
Transformer-onehot,HCDR3,M,0.0
Transformer-onehot,HCDR3,M,0.0
Transformer-onehot,HCDR3,M,0.0
Transformer-onehot,HCDR3,M,0.0
Transformer-onehot,HCDR3,M,0.0
Transformer-onehot,HCDR3,M,0.0
Transformer-onehot,HCDR3,M,0.0
Transformer-onehot,HCDR3,M,0.0
Transformer-onehot,HCDR3,M,0.0
Transformer-onehot,HCDR3,M,0.0
Transformer-onehot,HCDR3,M,0.0
Transformer-onehot,HCDR3,M,0.0
Transformer-onehot,HCDR3,M,0.0
Transformer-onehot,HCDR3,M,0.0
Transformer-onehot,HCDR3,M,0.0
Transformer-onehot,HCDR3,M,0.0
Transformer-onehot,HCDR3,M,0.0
Transformer-onehot,HCDR3,M,0.0
Transformer-onehot,HCDR3,M,0.0
Transformer-onehot,HCDR3,M,0.0
Transformer-onehot,HCDR3,M,0.0
Transformer-onehot,HCDR3,M,0.0
Transformer-onehot,HCDR3,M,0.0
Transformer-onehot,HCDR3,M,0.0
Transformer-onehot,HCDR3,M,0.0
Transformer-onehot,HCDR3,M,0.0
Transformer-onehot,HCDR3,M,0.0
Transformer-onehot,HCDR3,M,0.0
Transformer-onehot,HCDR3,M,0.0
Transformer-onehot,HCDR3,M,0.0
Transformer-onehot,HCDR3,M,0.0
Transformer-onehot,HCDR3,M,0.0
Transformer-onehot,HCDR3,M,0.0
Transformer-onehot,HCDR3,M,0.0
Transformer-onehot,HCDR3,M,0.0
Transformer-onehot,HCDR3,M,0.0
Transformer-onehot,HCDR3,M,0.0
Transformer-onehot,HCDR3,M,0.0
Transformer-onehot,HCDR3,M,0.0
Transformer-onehot,HCDR3,M,0.0
Transformer-onehot,HCDR3,M,0.0
Transformer-onehot,HCDR3,M,0.0
Transformer-onehot,HCDR3,M,0.0
Transformer-onehot,HCDR3,M,0.0
Transformer-onehot,HCDR3,M,0.0
Transformer-onehot,HCDR3,M,0.0
Transformer-onehot,HCDR3,M,0.0
Transformer-onehot,HCDR3,M,0.0
Transformer-onehot,HCDR3,M,0.0
Transformer-onehot,HCDR3,M,0.0
Transformer-onehot,HCDR3,M,0.0
Transformer-onehot,HCDR3,M,0.0
Transformer-onehot,HCDR3,M,0.0
Transformer-onehot,HCDR3,M,0.0
Transformer-onehot,HCDR3,M,0.0
Transformer-onehot,HCDR3,M,0.0
Transformer-onehot,HCDR3,M,0.0
Transformer-onehot,HCDR3,M,0.0
Transformer-onehot,HCDR3,M,0.0
Transformer-onehot,HCDR3,M,0.0
Transformer-onehot,HCDR3,M,0.0
Transformer-onehot,HCDR3,M,0.0
Transformer-onehot,HCDR3,M,0.0
Transformer-onehot,HCDR3,M,0.0
Transformer-onehot,HCDR3,M,0.0
Transformer-onehot,HCDR3,M,0.0
Transformer-onehot,HCDR3,M,0.0
Transformer-onehot,HCDR3,M,0.0
Transformer-onehot,HCDR3,M,0.0
Transformer-onehot,HCDR3,M,0.0
Transformer-onehot,HCDR3,M,0.0
Transformer-onehot,HCDR3,M,0.0
Transformer-onehot,HCDR3,M,0.0
Transformer-onehot,HCDR3,M,0.0
Transformer-onehot,HCDR3,M,0.0
Transformer-onehot,HCDR3,M,0.0
Transformer-onehot,HCDR3,M,0.0
Transformer-onehot,HCDR3,M,0.0
Transformer-onehot,HCDR3,M,0.0
Transformer-onehot,HCDR3,M,0.0
Transformer-onehot,HCDR3,M,0.0
Transformer-onehot,HCDR3,M,0.0
Transformer-onehot,HCDR3,M,0.0
Transformer-onehot,HCDR3,M,0.0
Transformer-onehot,HCDR3,M,0.0
Transformer-onehot,HCDR3,M,0.0
Transformer-onehot,HCDR3,M,0.0
Transformer-onehot,HCDR3,M,0.0
Transformer-onehot,HCDR3,M,0.0
Transformer-onehot,HCDR3,M,0.0
Transformer-onehot,HCDR3,M,0.0
Transformer-onehot,HCDR3,M,0.0
Transformer-onehot,HCDR3,M,0.0
Transformer-onehot,HCDR3,M,0.0
Transformer-onehot,HCDR3,M,0.0
Transformer-onehot,HCDR3,M,0.0
Transformer-onehot,HCDR3,M,0.0
Transformer-onehot,HCDR3,M,0.0
Transformer-onehot,HCDR3,M,0.0
Transformer-onehot,HCDR3,M,0.0
Transformer-onehot,HCDR3,M,0.0
Transformer-onehot,HCDR3,M,0.0
Transformer-onehot,HCDR3,M,0.0
Transformer-onehot,HCDR3,M,0.0
Transformer-onehot,HCDR3,M,0.0
Transformer-onehot,HCDR3,M,0.0
Transformer-onehot,HCDR3,M,0.0
Transformer-onehot,HCDR3,M,0.0
Transformer-onehot,HCDR3,M,0.0
Transformer-onehot,HCDR3,M,0.0
Transformer-onehot,HCDR3,M,0.0
Transformer-onehot,HCDR3,M,0.0
Transformer-onehot,HCDR3,M,0.0
Transformer-onehot,HCDR3,M,0.0
Transformer-onehot,HCDR3,M,0.0
Transformer-onehot,HCDR3,M,0.0
Transformer-onehot,HCDR3,M,0.0
Transformer-onehot,HCDR3,M,0.0
Transformer-onehot,HCDR3,M,0.0
Transformer-onehot,HCDR3,M,0.0
Transformer-onehot,HCDR3,M,0.0
Transformer-onehot,HCDR3,M,0.0
Transformer-onehot,HCDR3,M,0.0
Transformer-onehot,HCDR3,M,0.0
Transformer-onehot,HCDR3,M,0.0
Transformer-onehot,HCDR3,M,0.0
Transformer-onehot,HCDR3,M,0.0
Transformer-onehot,HCDR3,M,0.0
Transformer-onehot,HCDR3,M,0.0
Transformer-onehot,HCDR3,M,0.0
Transformer-onehot,HCDR3,M,0.0
Transformer-onehot,HCDR3,M,0.0
Transformer-onehot,HCDR3,M,0.0
Transformer-onehot,HCDR3,M,0.0
Transformer-onehot,HCDR3,M,0.0
Transformer-onehot,HCDR3,M,0.0
Transformer-onehot,HCDR3,M,0.0
Transformer-onehot,HCDR3,M,0.0
Transformer-onehot,HCDR3,M,0.0
Transformer-onehot,HCDR3,M,0.0
Transformer-onehot,HCDR3,M,0.0
Transformer-onehot,HCDR3,M,0.0
Transformer-onehot,HCDR3,M,0.0
Transformer-onehot,HCDR3,M,0.0
Transformer-onehot,HCDR3,M,0.0
Transformer-onehot,HCDR3,M,0.0
Transformer-onehot,HCDR3,M,0.0
Transformer-onehot,HCDR3,M,0.0
Transformer-onehot,HCDR3,M,0.0
Transformer-onehot,HCDR3,M,0.0
Transformer-onehot,HCDR3,M,0.0
Transformer-onehot,HCDR3,M,0.0
Transformer-onehot,HCDR3,M,0.0
Transformer-onehot,HCDR3,M,0.0
Transformer-onehot,HCDR3,M,0.0
Transformer-onehot,HCDR3,M,0.0
Transformer-onehot,HCDR3,M,0.0
Transformer-onehot,HCDR3,M,0.0
Transformer-onehot,HCDR3,M,0.0
Transformer-onehot,HCDR3,M,0.0
Transformer-onehot,HCDR3,M,0.0
Transformer-onehot,HCDR3,M,0.0
Transformer-onehot,HCDR3,M,0.0
Transformer-onehot,HCDR3,M,0.0
Transformer-onehot,HCDR3,M,0.0
Transformer-onehot,HCDR3,M,0.0
Transformer-onehot,HCDR3,M,0.0
Transformer-onehot,HCDR3,M,0.0
Transformer-onehot,HCDR3,M,0.0
Transformer-onehot,HCDR3,M,0.0
Transformer-onehot,HCDR3,M,0.0
Transformer-onehot,HCDR3,M,0.0
Transformer-onehot,HCDR3,M,0.0
Transformer-onehot,HCDR3,M,0.0
Transformer-onehot,HCDR3,M,0.0
Transformer-onehot,HCDR3,M,0.0
Transformer-onehot,HCDR3,M,0.0
Transformer-onehot,HCDR3,M,0.0
Transformer-onehot,HCDR3,M,0.0
Transformer-onehot,HCDR3,M,0.0
Transformer-onehot,HCDR3,M,0.0
Transformer-onehot,HCDR3,M,0.0
Transformer-onehot,HCDR3,M,0.0
Transformer-onehot,HCDR3,M,0.0
Transformer-onehot,HCDR3,M,0.0
Transformer-onehot,HCDR3,M,0.0
Transformer-onehot,HCDR3,M,0.0
Transformer-onehot,HCDR3,M,0.0
Transformer-onehot,HCDR3,M,0.0
Transformer-onehot,HCDR3,M,0.0
Transformer-onehot,HCDR3,M,0.0
Transformer-onehot,HCDR3,M,0.0
Transformer-onehot,HCDR3,M,0.0
Transformer-onehot,HCDR3,M,0.0
Transformer-onehot,HCDR3,M,0.0
Transformer-onehot,HCDR3,M,0.0
Transformer-onehot,HCDR3,M,0.0
Transformer-onehot,HCDR3,M,0.0
Transformer-onehot,HCDR3,M,0.0
Transformer-onehot,HCDR3,M,0.0
Transformer-onehot,HCDR3,M,0.0
Transformer-onehot,HCDR3,M,0.0
Transformer-onehot,HCDR3,M,0.0
Transformer-onehot,HCDR3,M,0.0
Transformer-onehot,HCDR3,M,0.0
Transformer-onehot,HCDR3,M,0.0
Transformer-onehot,HCDR3,M,0.0
Transformer-onehot,HCDR3,M,0.0
Transformer-onehot,HCDR3,M,0.0
Transformer-onehot,HCDR3,M,0.0
Transformer-onehot,HCDR3,M,0.0
Transformer-onehot,HCDR3,M,0.0
Transformer-onehot,HCDR3,M,0.0
Transformer-onehot,HCDR3,M,0.0
Transformer-onehot,HCDR3,M,0.0
Transformer-onehot,HCDR3,M,0.0
Transformer-onehot,HCDR3,M,0.0
Transformer-onehot,HCDR3,M,0.0
Transformer-onehot,HCDR3,M,0.0
Transformer-onehot,HCDR3,M,0.0
Transformer-onehot,HCDR3,M,0.0
Transformer-onehot,HCDR3,M,0.0
Transformer-onehot,HCDR3,M,0.0
Transformer-onehot,HCDR3,M,0.0
Transformer-onehot,HCDR3,M,0.0
Transformer-onehot,HCDR3,M,0.0
Transformer-onehot,HCDR3,M,0.0
Transformer-onehot,HCDR3,M,0.0
Transformer-onehot,HCDR3,M,0.0
Transformer-onehot,HCDR3,M,0.0
Transformer-onehot,HCDR3,M,0.0
Transformer-onehot,HCDR3,M,0.0
Transformer-onehot,HCDR3,M,0.0
Transformer-onehot,HCDR3,M,0.0
Transformer-onehot,HCDR3,M,0.0
Transformer-onehot,HCDR3,M,0.0
Transformer-onehot,HCDR3,M,0.0
Transformer-onehot,HCDR3,M,0.0
Transformer-onehot,HCDR3,M,0.0
Transformer-onehot,HCDR3,M,0.0
Transformer-onehot,HCDR3,M,0.0
Transformer-onehot,HCDR3,M,0.0
Transformer-onehot,HCDR3,M,0.0
Transformer-onehot,HCDR3,M,0.0
Transformer-onehot,HCDR3,M,0.0
Transformer-onehot,HCDR3,M,0.0
Transformer-onehot,HCDR3,M,0.0
Transformer-onehot,HCDR3,M,0.0
Transformer-onehot,HCDR3,M,0.0
Transformer-onehot,HCDR3,M,0.0
Transformer-onehot,HCDR3,M,0.0
Transformer-onehot,HCDR3,M,0.0
Transformer-onehot,HCDR3,M,0.0
Transformer-onehot,HCDR3,M,0.0
Transformer-onehot,HCDR3,M,0.0
Transformer-onehot,HCDR3,M,0.0
Transformer-onehot,HCDR3,M,0.0
Transformer-onehot,HCDR3,M,0.0
Transformer-onehot,HCDR3,M,0.0
Transformer-onehot,HCDR3,M,0.0
Transformer-onehot,HCDR3,M,0.0
Transformer-onehot,HCDR3,M,0.0
Transformer-onehot,HCDR3,M,0.0
Transformer-onehot,HCDR3,M,0.0
Transformer-onehot,HCDR3,M,0.0
Transformer-onehot,HCDR3,M,0.0
Transformer-onehot,HCDR3,M,0.0
Transformer-onehot,HCDR3,M,0.0
Transformer-onehot,HCDR3,M,0.0
Transformer-onehot,HCDR3,M,0.0
Transformer-onehot,HCDR3,M,0.0
Transformer-onehot,HCDR3,M,0.0
Transformer-onehot,HCDR3,M,0.0
Transformer-onehot,HCDR3,M,0.0
Transformer-onehot,HCDR3,M,0.0
Transformer-onehot,HCDR3,M,0.0
Transformer-onehot,HCDR3,M,0.0
Transformer-onehot,HCDR3,M,0.0
Transformer-onehot,HCDR3,M,0.0
Transformer-onehot,HCDR3,M,0.0
Transformer-onehot,HCDR3,M,0.0
Transformer-onehot,HCDR3,M,0.0
Transformer-onehot,HCDR3,M,0.0
Transformer-onehot,HCDR3,M,0.0
Transformer-onehot,HCDR3,M,0.0
Transformer-onehot,HCDR3,M,0.0
Transformer-onehot,HCDR3,M,0.0
Transformer-onehot,HCDR3,M,0.0
Transformer-onehot,HCDR3,M,0.0
Transformer-onehot,HCDR3,M,0.0
Transformer-onehot,HCDR3,M,0.0
Transformer-onehot,HCDR3,M,0.0
Transformer-onehot,HCDR3,M,0.0
Transformer-onehot,HCDR3,M,0.0
Transformer-onehot,HCDR3,M,0.0
Transformer-onehot,HCDR3,M,0.0
Transformer-onehot,HCDR3,M,0.0
Transformer-onehot,HCDR3,M,0.0
Transformer-onehot,HCDR3,M,0.0
Transformer-onehot,HCDR3,M,0.0
Transformer-onehot,HCDR3,M,0.0
Transformer-onehot,HCDR3,M,0.0
Transformer-onehot,HCDR3,M,0.0
Transformer-onehot,HCDR3,M,0.0
Transformer-onehot,HCDR3,M,0.0
Transformer-onehot,HCDR3,M,0.0
Transformer-onehot,HCDR3,M,0.0
Transformer-onehot,HCDR3,M,0.0
Transformer-onehot,HCDR3,M,0.0
Transformer-onehot,HCDR3,M,0.0
Transformer-onehot,HCDR3,M,0.0
Transformer-onehot,HCDR3,M,0.0
Transformer-onehot,HCDR3,M,0.0
Transformer-onehot,HCDR3,M,0.0
Transformer-onehot,HCDR3,M,0.0
Transformer-onehot,HCDR3,M,0.0
Transformer-onehot,HCDR3,M,0.0
Transformer-onehot,HCDR3,M,0.0
Transformer-onehot,HCDR3,M,0.0
Transformer-onehot,HCDR3,M,0.0
Transformer-onehot,HCDR3,M,0.0
Transformer-onehot,HCDR3,M,0.0
Transformer-onehot,HCDR3,M,0.0
Transformer-onehot,HCDR3,M,0.0
Transformer-onehot,HCDR3,M,0.0
Transformer-onehot,HCDR3,M,0.0
Transformer-onehot,HCDR3,M,0.0
Transformer-onehot,HCDR3,M,0.0
Transformer-onehot,HCDR3,M,0.0
Transformer-onehot,HCDR3,M,0.0
Transformer-onehot,HCDR3,M,0.0
Transformer-onehot,HCDR3,M,0.0
Transformer-onehot,HCDR3,M,0.0
Transformer-onehot,HCDR3,M,0.0
Transformer-onehot,HCDR3,M,0.0
Transformer-onehot,HCDR3,M,0.0
Transformer-onehot,HCDR3,M,0.0
Transformer-onehot,HCDR3,M,0.0
Transformer-onehot,HCDR3,M,0.0
Transformer-onehot,HCDR3,M,0.0
Transformer-onehot,HCDR3,M,0.0
Transformer-onehot,HCDR3,M,0.0
Transformer-onehot,HCDR3,M,0.0
Transformer-onehot,HCDR3,M,0.0
Transformer-onehot,HCDR3,M,0.0
Transformer-onehot,HCDR3,M,0.0
Transformer-onehot,HCDR3,M,0.0
Transformer-onehot,HCDR3,M,0.0
Transformer-onehot,HCDR3,M,0.0
Transformer-onehot,HCDR3,M,0.0
Transformer-onehot,HCDR3,M,0.0
Transformer-onehot,HCDR3,M,0.0
Transformer-onehot,HCDR3,M,0.0
Transformer-onehot,HCDR3,M,0.0
Transformer-onehot,HCDR3,M,0.0
Transformer-onehot,HCDR3,M,0.0
Transformer-onehot,HCDR3,M,0.0
Transformer-onehot,HCDR3,M,0.0
Transformer-onehot,HCDR3,M,0.0
Transformer-onehot,HCDR3,M,0.0
Transformer-onehot,HCDR3,M,0.0
Transformer-onehot,HCDR3,M,0.0
Transformer-onehot,HCDR3,M,0.0
Transformer-onehot,HCDR3,M,0.0
Transformer-onehot,HCDR3,M,0.0
Transformer-onehot,HCDR3,M,0.0
Transformer-onehot,HCDR3,M,0.0
Transformer-onehot,HCDR3,M,0.0
Transformer-onehot,HCDR3,M,0.0
Transformer-onehot,HCDR3,M,0.0
Transformer-onehot,HCDR3,M,0.0
Transformer-onehot,HCDR3,M,0.0
Transformer-onehot,HCDR3,M,0.0
Transformer-onehot,HCDR3,M,0.0
Transformer-onehot,HCDR3,M,0.0
Transformer-onehot,HCDR3,M,0.0
Transformer-onehot,HCDR3,M,0.0
Transformer-onehot,HCDR3,M,0.0
Transformer-onehot,HCDR3,M,0.0
Transformer-onehot,HCDR3,M,0.0
Transformer-onehot,HCDR3,M,0.0
Transformer-onehot,HCDR3,M,0.0
Transformer-onehot,HCDR3,M,0.0
Transformer-onehot,HCDR3,M,0.0
Transformer-onehot,HCDR3,M,0.0
Transformer-onehot,HCDR3,M,0.0
Transformer-onehot,HCDR3,M,0.0
Transformer-onehot,HCDR3,M,0.0
Transformer-onehot,HCDR3,M,0.0
Transformer-onehot,HCDR3,M,0.0
Transformer-onehot,HCDR3,M,0.0
Transformer-onehot,HCDR3,M,0.0
Transformer-onehot,HCDR3,M,0.0
Transformer-onehot,HCDR3,M,0.0
Transformer-onehot,HCDR3,M,0.0
Transformer-onehot,HCDR3,M,0.0
Transformer-onehot,HCDR3,M,0.0
Transformer-onehot,HCDR3,M,0.0
Transformer-onehot,HCDR3,M,0.0
Transformer-onehot,HCDR3,M,0.0
Transformer-onehot,HCDR3,M,0.0
Transformer-onehot,HCDR3,M,0.0
Transformer-onehot,HCDR3,M,0.0
Transformer-onehot,HCDR3,M,0.0
Transformer-onehot,HCDR3,M,0.0
Transformer-onehot,HCDR3,M,0.0
Transformer-onehot,HCDR3,M,0.0
Transformer-onehot,HCDR3,M,0.0
Transformer-onehot,HCDR3,M,0.0
Transformer-onehot,HCDR3,M,0.0
Transformer-onehot,HCDR3,M,0.0
Transformer-onehot,HCDR3,M,0.0
Transformer-onehot,HCDR3,N,0.0
Transformer-onehot,HCDR3,N,0.0
Transformer-onehot,HCDR3,N,0.0
Transformer-onehot,HCDR3,N,0.0
Transformer-onehot,HCDR3,N,0.0
Transformer-onehot,HCDR3,N,0.0
Transformer-onehot,HCDR3,N,0.0
Transformer-onehot,HCDR3,N,0.0
Transformer-onehot,HCDR3,N,0.0
Transformer-onehot,HCDR3,N,0.0
Transformer-onehot,HCDR3,N,0.0
Transformer-onehot,HCDR3,N,0.0
Transformer-onehot,HCDR3,N,0.0
Transformer-onehot,HCDR3,N,0.0902726277709007
Transformer-onehot,HCDR3,N,0.3442424833774566
Transformer-onehot,HCDR3,N,0.0
Transformer-onehot,HCDR3,N,0.0
Transformer-onehot,HCDR3,N,0.0
Transformer-onehot,HCDR3,N,0.0
Transformer-onehot,HCDR3,N,0.0
Transformer-onehot,HCDR3,N,0.5274333953857422
Transformer-onehot,HCDR3,N,0.0481640957295894
Transformer-onehot,HCDR3,N,0.0
Transformer-onehot,HCDR3,N,0.0
Transformer-onehot,HCDR3,N,0.0
Transformer-onehot,HCDR3,N,0.0
Transformer-onehot,HCDR3,N,0.0
Transformer-onehot,HCDR3,N,0.0
Transformer-onehot,HCDR3,N,0.0
Transformer-onehot,HCDR3,N,0.0
Transformer-onehot,HCDR3,N,0.0
Transformer-onehot,HCDR3,N,0.0
Transformer-onehot,HCDR3,N,0.0
Transformer-onehot,HCDR3,N,0.0
Transformer-onehot,HCDR3,N,0.0
Transformer-onehot,HCDR3,N,0.0
Transformer-onehot,HCDR3,N,0.0
Transformer-onehot,HCDR3,N,0.0
Transformer-onehot,HCDR3,N,0.0
Transformer-onehot,HCDR3,N,0.2926665246486664
Transformer-onehot,HCDR3,N,0.0
Transformer-onehot,HCDR3,N,0.0
Transformer-onehot,HCDR3,N,0.0
Transformer-onehot,HCDR3,N,0.0
Transformer-onehot,HCDR3,N,0.0
Transformer-onehot,HCDR3,N,0.0
Transformer-onehot,HCDR3,N,0.0
Transformer-onehot,HCDR3,N,0.0
Transformer-onehot,HCDR3,N,0.0
Transformer-onehot,HCDR3,N,0.0
Transformer-onehot,HCDR3,N,0.0
Transformer-onehot,HCDR3,N,0.0
Transformer-onehot,HCDR3,N,0.0
Transformer-onehot,HCDR3,N,0.0
Transformer-onehot,HCDR3,N,0.0
Transformer-onehot,HCDR3,N,0.0
Transformer-onehot,HCDR3,N,0.0
Transformer-onehot,HCDR3,N,0.0
Transformer-onehot,HCDR3,N,0.0
Transformer-onehot,HCDR3,N,0.0
Transformer-onehot,HCDR3,N,0.0
Transformer-onehot,HCDR3,N,0.0
Transformer-onehot,HCDR3,N,0.0
Transformer-onehot,HCDR3,N,0.0
Transformer-onehot,HCDR3,N,0.0
Transformer-onehot,HCDR3,N,0.0
Transformer-onehot,HCDR3,N,0.0
Transformer-onehot,HCDR3,N,0.0
Transformer-onehot,HCDR3,N,0.0
Transformer-onehot,HCDR3,N,0.0
Transformer-onehot,HCDR3,N,0.0
Transformer-onehot,HCDR3,N,0.0
Transformer-onehot,HCDR3,N,0.0
Transformer-onehot,HCDR3,N,0.0
Transformer-onehot,HCDR3,N,0.0
Transformer-onehot,HCDR3,N,0.0
Transformer-onehot,HCDR3,N,0.0
Transformer-onehot,HCDR3,N,0.0
Transformer-onehot,HCDR3,N,0.0
Transformer-onehot,HCDR3,N,0.0
Transformer-onehot,HCDR3,N,0.0
Transformer-onehot,HCDR3,N,0.0
Transformer-onehot,HCDR3,N,0.0
Transformer-onehot,HCDR3,N,0.0
Transformer-onehot,HCDR3,N,0.0
Transformer-onehot,HCDR3,N,0.0286473724991083
Transformer-onehot,HCDR3,N,0.0
Transformer-onehot,HCDR3,N,0.0
Transformer-onehot,HCDR3,N,0.0
Transformer-onehot,HCDR3,N,0.0
Transformer-onehot,HCDR3,N,0.0
Transformer-onehot,HCDR3,N,0.0
Transformer-onehot,HCDR3,N,0.0306974351406097
Transformer-onehot,HCDR3,N,0.0
Transformer-onehot,HCDR3,N,0.0
Transformer-onehot,HCDR3,N,0.0
Transformer-onehot,HCDR3,N,0.0
Transformer-onehot,HCDR3,N,0.382834255695343
Transformer-onehot,HCDR3,N,0.2169074267148971
Transformer-onehot,HCDR3,N,0.0
Transformer-onehot,HCDR3,N,0.1103070154786109
Transformer-onehot,HCDR3,N,0.0
Transformer-onehot,HCDR3,N,0.0
Transformer-onehot,HCDR3,N,0.0
Transformer-onehot,HCDR3,N,0.0
Transformer-onehot,HCDR3,N,0.0
Transformer-onehot,HCDR3,N,0.3995225727558136
Transformer-onehot,HCDR3,N,0.0
Transformer-onehot,HCDR3,N,0.0
Transformer-onehot,HCDR3,N,0.0
Transformer-onehot,HCDR3,N,0.0
Transformer-onehot,HCDR3,N,0.0
Transformer-onehot,HCDR3,N,0.0
Transformer-onehot,HCDR3,N,0.0
Transformer-onehot,HCDR3,N,0.0
Transformer-onehot,HCDR3,N,0.0491678044199943
Transformer-onehot,HCDR3,N,0.5146724581718445
Transformer-onehot,HCDR3,N,0.0
Transformer-onehot,HCDR3,N,0.0
Transformer-onehot,HCDR3,N,0.0064699449576437
Transformer-onehot,HCDR3,N,0.0
Transformer-onehot,HCDR3,N,0.0
Transformer-onehot,HCDR3,N,0.1032344177365303
Transformer-onehot,HCDR3,N,0.0
Transformer-onehot,HCDR3,N,0.0
Transformer-onehot,HCDR3,N,0.0
Transformer-onehot,HCDR3,N,0.0321245528757572
Transformer-onehot,HCDR3,N,0.0
Transformer-onehot,HCDR3,N,0.0
Transformer-onehot,HCDR3,N,0.0
Transformer-onehot,HCDR3,N,0.1902870088815689
Transformer-onehot,HCDR3,N,0.0
Transformer-onehot,HCDR3,N,0.0
Transformer-onehot,HCDR3,N,0.0897136405110359
Transformer-onehot,HCDR3,N,0.0831272006034851
Transformer-onehot,HCDR3,N,0.0
Transformer-onehot,HCDR3,N,0.0
Transformer-onehot,HCDR3,N,0.0
Transformer-onehot,HCDR3,N,0.0
Transformer-onehot,HCDR3,N,0.0
Transformer-onehot,HCDR3,N,0.0
Transformer-onehot,HCDR3,N,0.0
Transformer-onehot,HCDR3,N,0.0
Transformer-onehot,HCDR3,N,0.0
Transformer-onehot,HCDR3,N,0.0
Transformer-onehot,HCDR3,N,0.476537674665451
Transformer-onehot,HCDR3,N,0.0
Transformer-onehot,HCDR3,N,0.0
Transformer-onehot,HCDR3,N,0.0
Transformer-onehot,HCDR3,N,0.0
Transformer-onehot,HCDR3,N,0.0
Transformer-onehot,HCDR3,N,0.0
Transformer-onehot,HCDR3,N,0.0
Transformer-onehot,HCDR3,N,0.0262307226657867
Transformer-onehot,HCDR3,N,0.0466664060950279
Transformer-onehot,HCDR3,N,0.0
Transformer-onehot,HCDR3,N,0.0
Transformer-onehot,HCDR3,N,0.1186282485723495
Transformer-onehot,HCDR3,N,0.0
Transformer-onehot,HCDR3,N,0.0
Transformer-onehot,HCDR3,N,0.0
Transformer-onehot,HCDR3,N,0.0696673840284347
Transformer-onehot,HCDR3,N,0.0
Transformer-onehot,HCDR3,N,0.0
Transformer-onehot,HCDR3,N,0.0
Transformer-onehot,HCDR3,N,0.0
Transformer-onehot,HCDR3,N,0.0
Transformer-onehot,HCDR3,N,0.0
Transformer-onehot,HCDR3,N,0.0463097877800464
Transformer-onehot,HCDR3,N,0.1849299222230911
Transformer-onehot,HCDR3,N,0.0
Transformer-onehot,HCDR3,N,0.0
Transformer-onehot,HCDR3,N,0.0
Transformer-onehot,HCDR3,N,0.0
Transformer-onehot,HCDR3,N,0.9415658712387084
Transformer-onehot,HCDR3,N,0.4310049414634704
Transformer-onehot,HCDR3,N,0.0
Transformer-onehot,HCDR3,N,0.0
Transformer-onehot,HCDR3,N,0.0
Transformer-onehot,HCDR3,N,0.0
Transformer-onehot,HCDR3,N,0.0
Transformer-onehot,HCDR3,N,0.0
Transformer-onehot,HCDR3,N,0.0
Transformer-onehot,HCDR3,N,0.0
Transformer-onehot,HCDR3,N,0.0
Transformer-onehot,HCDR3,N,0.0
Transformer-onehot,HCDR3,N,0.0
Transformer-onehot,HCDR3,N,0.0
Transformer-onehot,HCDR3,N,0.0
Transformer-onehot,HCDR3,N,0.0
Transformer-onehot,HCDR3,N,0.0
Transformer-onehot,HCDR3,N,0.0
Transformer-onehot,HCDR3,N,0.0
Transformer-onehot,HCDR3,N,0.0
Transformer-onehot,HCDR3,N,0.0
Transformer-onehot,HCDR3,N,0.0
Transformer-onehot,HCDR3,N,0.0
Transformer-onehot,HCDR3,N,0.0
Transformer-onehot,HCDR3,N,0.0
Transformer-onehot,HCDR3,N,0.0
Transformer-onehot,HCDR3,N,0.0
Transformer-onehot,HCDR3,N,0.0
Transformer-onehot,HCDR3,N,0.0
Transformer-onehot,HCDR3,N,0.0
Transformer-onehot,HCDR3,N,0.0
Transformer-onehot,HCDR3,N,0.5437096953392029
Transformer-onehot,HCDR3,N,0.0
Transformer-onehot,HCDR3,N,0.0
Transformer-onehot,HCDR3,N,0.0
Transformer-onehot,HCDR3,N,0.0
Transformer-onehot,HCDR3,N,0.0
Transformer-onehot,HCDR3,N,0.0
Transformer-onehot,HCDR3,N,0.0
Transformer-onehot,HCDR3,N,0.0
Transformer-onehot,HCDR3,N,0.0
Transformer-onehot,HCDR3,N,0.0
Transformer-onehot,HCDR3,N,0.0
Transformer-onehot,HCDR3,N,0.0
Transformer-onehot,HCDR3,N,0.0
Transformer-onehot,HCDR3,N,0.0
Transformer-onehot,HCDR3,N,0.0
Transformer-onehot,HCDR3,N,0.0
Transformer-onehot,HCDR3,N,0.0
Transformer-onehot,HCDR3,N,0.0
Transformer-onehot,HCDR3,N,0.0
Transformer-onehot,HCDR3,N,0.0
Transformer-onehot,HCDR3,N,0.0
Transformer-onehot,HCDR3,N,0.0
Transformer-onehot,HCDR3,N,0.0
Transformer-onehot,HCDR3,N,0.0
Transformer-onehot,HCDR3,N,0.0
Transformer-onehot,HCDR3,N,0.0
Transformer-onehot,HCDR3,N,0.0
Transformer-onehot,HCDR3,N,0.0
Transformer-onehot,HCDR3,N,0.0
Transformer-onehot,HCDR3,N,0.1924916803836822
Transformer-onehot,HCDR3,N,0.1673669815063476
Transformer-onehot,HCDR3,N,0.0
Transformer-onehot,HCDR3,N,0.0
Transformer-onehot,HCDR3,N,0.0
Transformer-onehot,HCDR3,N,0.0
Transformer-onehot,HCDR3,N,0.0939454659819603
Transformer-onehot,HCDR3,N,0.0
Transformer-onehot,HCDR3,N,0.0
Transformer-onehot,HCDR3,N,0.0
Transformer-onehot,HCDR3,N,0.4169351458549499
Transformer-onehot,HCDR3,N,0.0
Transformer-onehot,HCDR3,N,0.0
Transformer-onehot,HCDR3,N,0.0
Transformer-onehot,HCDR3,N,0.0
Transformer-onehot,HCDR3,N,0.0670729205012321
Transformer-onehot,HCDR3,N,0.0
Transformer-onehot,HCDR3,N,0.0
Transformer-onehot,HCDR3,N,0.1067124679684639
Transformer-onehot,HCDR3,N,0.0
Transformer-onehot,HCDR3,N,0.0
Transformer-onehot,HCDR3,N,0.0
Transformer-onehot,HCDR3,N,0.0
Transformer-onehot,HCDR3,N,0.0
Transformer-onehot,HCDR3,N,0.0
Transformer-onehot,HCDR3,N,0.0
Transformer-onehot,HCDR3,N,0.0
Transformer-onehot,HCDR3,N,0.0
Transformer-onehot,HCDR3,N,0.0
Transformer-onehot,HCDR3,N,0.0
Transformer-onehot,HCDR3,N,0.0
Transformer-onehot,HCDR3,N,0.0
Transformer-onehot,HCDR3,N,0.0
Transformer-onehot,HCDR3,N,0.0346827208995819
Transformer-onehot,HCDR3,N,0.0
Transformer-onehot,HCDR3,N,0.0
Transformer-onehot,HCDR3,N,0.0
Transformer-onehot,HCDR3,N,0.0
Transformer-onehot,HCDR3,N,0.0
Transformer-onehot,HCDR3,N,0.0
Transformer-onehot,HCDR3,N,0.032899584621191
Transformer-onehot,HCDR3,N,0.0
Transformer-onehot,HCDR3,N,0.0430635213851928
Transformer-onehot,HCDR3,N,0.0
Transformer-onehot,HCDR3,N,0.0
Transformer-onehot,HCDR3,N,0.0
Transformer-onehot,HCDR3,N,0.0
Transformer-onehot,HCDR3,N,0.0
Transformer-onehot,HCDR3,N,0.0
Transformer-onehot,HCDR3,N,0.0
Transformer-onehot,HCDR3,N,0.0809152647852897
Transformer-onehot,HCDR3,N,0.0446399040520191
Transformer-onehot,HCDR3,N,0.0
Transformer-onehot,HCDR3,N,0.0
Transformer-onehot,HCDR3,N,0.0
Transformer-onehot,HCDR3,N,0.0
Transformer-onehot,HCDR3,N,0.0
Transformer-onehot,HCDR3,N,0.0
Transformer-onehot,HCDR3,N,0.0
Transformer-onehot,HCDR3,N,0.0
Transformer-onehot,HCDR3,N,0.0
Transformer-onehot,HCDR3,N,0.0
Transformer-onehot,HCDR3,N,0.0
Transformer-onehot,HCDR3,N,0.0
Transformer-onehot,HCDR3,N,0.0
Transformer-onehot,HCDR3,N,0.0
Transformer-onehot,HCDR3,N,0.0
Transformer-onehot,HCDR3,N,0.0
Transformer-onehot,HCDR3,N,0.0
Transformer-onehot,HCDR3,N,0.0
Transformer-onehot,HCDR3,N,0.0
Transformer-onehot,HCDR3,N,0.0
Transformer-onehot,HCDR3,N,0.0
Transformer-onehot,HCDR3,N,0.0920216888189315
Transformer-onehot,HCDR3,N,0.0
Transformer-onehot,HCDR3,N,0.0
Transformer-onehot,HCDR3,N,0.0
Transformer-onehot,HCDR3,N,0.0581778176128864
Transformer-onehot,HCDR3,N,0.0
Transformer-onehot,HCDR3,N,0.0
Transformer-onehot,HCDR3,N,0.0
Transformer-onehot,HCDR3,N,0.0
Transformer-onehot,HCDR3,N,0.0
Transformer-onehot,HCDR3,N,0.0
Transformer-onehot,HCDR3,N,0.0
Transformer-onehot,HCDR3,N,0.0
Transformer-onehot,HCDR3,N,0.1074933037161827
Transformer-onehot,HCDR3,N,0.0
Transformer-onehot,HCDR3,N,0.0
Transformer-onehot,HCDR3,N,0.0
Transformer-onehot,HCDR3,N,0.0
Transformer-onehot,HCDR3,N,0.0
Transformer-onehot,HCDR3,N,0.0
Transformer-onehot,HCDR3,N,0.0
Transformer-onehot,HCDR3,N,0.0
Transformer-onehot,HCDR3,N,0.0
Transformer-onehot,HCDR3,N,0.0
Transformer-onehot,HCDR3,N,0.0
Transformer-onehot,HCDR3,N,0.0697028040885925
Transformer-onehot,HCDR3,N,0.0
Transformer-onehot,HCDR3,N,0.0
Transformer-onehot,HCDR3,N,0.0
Transformer-onehot,HCDR3,N,0.0
Transformer-onehot,HCDR3,N,0.0
Transformer-onehot,HCDR3,N,0.0
Transformer-onehot,HCDR3,N,0.0
Transformer-onehot,HCDR3,N,0.0920077115297317
Transformer-onehot,HCDR3,N,0.0
Transformer-onehot,HCDR3,N,0.0
Transformer-onehot,HCDR3,N,0.0
Transformer-onehot,HCDR3,N,0.0
Transformer-onehot,HCDR3,N,0.0
Transformer-onehot,HCDR3,N,0.0
Transformer-onehot,HCDR3,N,0.0
Transformer-onehot,HCDR3,N,0.0
Transformer-onehot,HCDR3,N,0.0
Transformer-onehot,HCDR3,N,0.0
Transformer-onehot,HCDR3,N,0.0
Transformer-onehot,HCDR3,N,0.0
Transformer-onehot,HCDR3,N,0.0
Transformer-onehot,HCDR3,N,0.0
Transformer-onehot,HCDR3,N,0.0
Transformer-onehot,HCDR3,N,0.0
Transformer-onehot,HCDR3,N,0.0
Transformer-onehot,HCDR3,N,0.0
Transformer-onehot,HCDR3,N,0.0
Transformer-onehot,HCDR3,N,0.0
Transformer-onehot,HCDR3,N,0.0
Transformer-onehot,HCDR3,N,0.0
Transformer-onehot,HCDR3,N,0.0
Transformer-onehot,HCDR3,N,0.0
Transformer-onehot,HCDR3,N,0.0
Transformer-onehot,HCDR3,N,0.0
Transformer-onehot,HCDR3,N,0.0
Transformer-onehot,HCDR3,N,0.0
Transformer-onehot,HCDR3,N,0.1229234561324119
Transformer-onehot,HCDR3,N,0.0
Transformer-onehot,HCDR3,N,0.0
Transformer-onehot,HCDR3,N,0.0
Transformer-onehot,HCDR3,N,0.0
Transformer-onehot,HCDR3,N,0.0
Transformer-onehot,HCDR3,N,0.0
Transformer-onehot,HCDR3,N,0.0796571001410484
Transformer-onehot,HCDR3,N,0.0
Transformer-onehot,HCDR3,N,0.0
Transformer-onehot,HCDR3,N,0.0
Transformer-onehot,HCDR3,N,0.0869879424571991
Transformer-onehot,HCDR3,N,0.0
Transformer-onehot,HCDR3,N,0.0
Transformer-onehot,HCDR3,N,0.0
Transformer-onehot,HCDR3,N,0.0
Transformer-onehot,HCDR3,N,0.1595133543014526
Transformer-onehot,HCDR3,N,0.0
Transformer-onehot,HCDR3,N,0.0
Transformer-onehot,HCDR3,N,0.0
Transformer-onehot,HCDR3,N,0.0
Transformer-onehot,HCDR3,N,0.0
Transformer-onehot,HCDR3,N,0.0
Transformer-onehot,HCDR3,N,0.0
Transformer-onehot,HCDR3,N,0.0
Transformer-onehot,HCDR3,N,0.0
Transformer-onehot,HCDR3,N,0.0
Transformer-onehot,HCDR3,N,0.0
Transformer-onehot,HCDR3,N,0.0
Transformer-onehot,HCDR3,N,0.0
Transformer-onehot,HCDR3,N,0.0
Transformer-onehot,HCDR3,N,0.0
Transformer-onehot,HCDR3,N,0.0
Transformer-onehot,HCDR3,N,0.0
Transformer-onehot,HCDR3,N,0.0
Transformer-onehot,HCDR3,N,0.0
Transformer-onehot,HCDR3,N,0.0506633780896663
Transformer-onehot,HCDR3,N,0.0
Transformer-onehot,HCDR3,N,0.0
Transformer-onehot,HCDR3,N,0.0
Transformer-onehot,HCDR3,N,0.0
Transformer-onehot,HCDR3,N,0.0
Transformer-onehot,HCDR3,N,0.0
Transformer-onehot,HCDR3,N,0.0
Transformer-onehot,HCDR3,N,0.0
Transformer-onehot,HCDR3,N,0.0020481331739574
Transformer-onehot,HCDR3,N,0.0
Transformer-onehot,HCDR3,N,0.0
Transformer-onehot,HCDR3,N,0.0
Transformer-onehot,HCDR3,N,0.0
Transformer-onehot,HCDR3,N,0.0
Transformer-onehot,HCDR3,N,0.0
Transformer-onehot,HCDR3,N,0.0
Transformer-onehot,HCDR3,N,0.0204007588326931
Transformer-onehot,HCDR3,N,0.0069531332701444
Transformer-onehot,HCDR3,N,0.0
Transformer-onehot,HCDR3,N,0.0
Transformer-onehot,HCDR3,N,0.0
Transformer-onehot,HCDR3,N,0.0
Transformer-onehot,HCDR3,N,0.0026248090434819
Transformer-onehot,HCDR3,N,0.0
Transformer-onehot,HCDR3,N,0.0
Transformer-onehot,HCDR3,N,0.0
Transformer-onehot,HCDR3,N,0.0
Transformer-onehot,HCDR3,N,0.0
Transformer-onehot,HCDR3,N,0.0
Transformer-onehot,HCDR3,N,0.0286089722067117
Transformer-onehot,HCDR3,N,0.0
Transformer-onehot,HCDR3,N,0.0
Transformer-onehot,HCDR3,N,0.0
Transformer-onehot,HCDR3,N,0.0
Transformer-onehot,HCDR3,N,0.1200908869504928
Transformer-onehot,HCDR3,N,0.0
Transformer-onehot,HCDR3,N,0.0
Transformer-onehot,HCDR3,N,0.0
Transformer-onehot,HCDR3,N,0.0
Transformer-onehot,HCDR3,N,0.0
Transformer-onehot,HCDR3,N,0.0
Transformer-onehot,HCDR3,N,0.0
Transformer-onehot,HCDR3,N,0.0
Transformer-onehot,HCDR3,N,0.0
Transformer-onehot,HCDR3,N,0.0
Transformer-onehot,HCDR3,N,0.044161383062601
Transformer-onehot,HCDR3,N,0.0
Transformer-onehot,HCDR3,N,0.0
Transformer-onehot,HCDR3,N,0.0
Transformer-onehot,HCDR3,N,0.0
Transformer-onehot,HCDR3,N,0.0
Transformer-onehot,HCDR3,N,0.0
Transformer-onehot,HCDR3,N,0.0
Transformer-onehot,HCDR3,N,0.0
Transformer-onehot,HCDR3,N,0.0
Transformer-onehot,HCDR3,N,0.0
Transformer-onehot,HCDR3,N,0.0654067546129226
Transformer-onehot,HCDR3,N,0.1911460906267166
Transformer-onehot,HCDR3,N,0.0946867242455482
Transformer-onehot,HCDR3,N,0.0
Transformer-onehot,HCDR3,N,0.0
Transformer-onehot,HCDR3,N,0.0
Transformer-onehot,HCDR3,N,0.2337836027145385
Transformer-onehot,HCDR3,N,0.0
Transformer-onehot,HCDR3,N,0.1747765988111496
Transformer-onehot,HCDR3,N,0.0
Transformer-onehot,HCDR3,N,0.054770104587078
Transformer-onehot,HCDR3,N,0.0
Transformer-onehot,HCDR3,N,0.0
Transformer-onehot,HCDR3,N,0.0
Transformer-onehot,HCDR3,N,0.0
Transformer-onehot,HCDR3,N,0.0
Transformer-onehot,HCDR3,N,0.0
Transformer-onehot,HCDR3,N,0.0
Transformer-onehot,HCDR3,N,0.0
Transformer-onehot,HCDR3,N,0.0
Transformer-onehot,HCDR3,N,0.0720631778240203
Transformer-onehot,HCDR3,N,0.0
Transformer-onehot,HCDR3,N,0.0
Transformer-onehot,HCDR3,N,0.0
Transformer-onehot,HCDR3,N,0.0
Transformer-onehot,HCDR3,N,0.0
Transformer-onehot,HCDR3,N,0.0
Transformer-onehot,HCDR3,N,0.0023908936418592
Transformer-onehot,HCDR3,N,0.0
Transformer-onehot,HCDR3,N,0.0197826474905014
Transformer-onehot,HCDR3,N,0.0
Transformer-onehot,HCDR3,N,0.0
Transformer-onehot,HCDR3,N,0.2314330637454986
Transformer-onehot,HCDR3,N,0.0964520797133445
Transformer-onehot,HCDR3,N,0.0
Transformer-onehot,HCDR3,N,0.0
Transformer-onehot,HCDR3,N,0.0
Transformer-onehot,HCDR3,P,0.1071289330720901
Transformer-onehot,HCDR3,P,0.0221823658794164
Transformer-onehot,HCDR3,P,0.0
Transformer-onehot,HCDR3,P,0.1420883536338806
Transformer-onehot,HCDR3,P,0.1219033002853393
Transformer-onehot,HCDR3,P,0.2891770899295807
Transformer-onehot,HCDR3,P,0.0560045354068279
Transformer-onehot,HCDR3,P,0.196200355887413
Transformer-onehot,HCDR3,P,0.0124247539788484
Transformer-onehot,HCDR3,P,0.0
Transformer-onehot,HCDR3,P,0.0184700563549995
Transformer-onehot,HCDR3,P,0.0555385500192642
Transformer-onehot,HCDR3,P,0.0309157744050025
Transformer-onehot,HCDR3,P,0.0
Transformer-onehot,HCDR3,P,0.0970147848129272
Transformer-onehot,HCDR3,P,0.0245943460613489
Transformer-onehot,HCDR3,P,0.0
Transformer-onehot,HCDR3,P,0.0741026252508163
Transformer-onehot,HCDR3,P,0.0934409946203231
Transformer-onehot,HCDR3,P,0.0369074158370494
Transformer-onehot,HCDR3,P,0.0
Transformer-onehot,HCDR3,P,0.2791834473609924
Transformer-onehot,HCDR3,P,0.0
Transformer-onehot,HCDR3,P,0.3269693255424499
Transformer-onehot,HCDR3,P,0.3719891309738159
Transformer-onehot,HCDR3,P,0.0
Transformer-onehot,HCDR3,P,0.2520470023155212
Transformer-onehot,HCDR3,P,0.0148722734302282
Transformer-onehot,HCDR3,P,0.0
Transformer-onehot,HCDR3,P,0.0
Transformer-onehot,HCDR3,P,0.0394437573850154
Transformer-onehot,HCDR3,P,0.0130003429949283
Transformer-onehot,HCDR3,P,0.0
Transformer-onehot,HCDR3,P,0.0
Transformer-onehot,HCDR3,P,0.0154536729678511
Transformer-onehot,HCDR3,P,0.0323373600840568
Transformer-onehot,HCDR3,P,0.1939661502838134
Transformer-onehot,HCDR3,P,0.0326024778187274
Transformer-onehot,HCDR3,P,0.0
Transformer-onehot,HCDR3,P,0.0
Transformer-onehot,HCDR3,P,0.0072292857803404
Transformer-onehot,HCDR3,P,0.0
Transformer-onehot,HCDR3,P,0.0
Transformer-onehot,HCDR3,P,0.4445021450519562
Transformer-onehot,HCDR3,P,0.0
Transformer-onehot,HCDR3,P,0.0
Transformer-onehot,HCDR3,P,0.0
Transformer-onehot,HCDR3,P,0.0
Transformer-onehot,HCDR3,P,0.0
Transformer-onehot,HCDR3,P,0.0
Transformer-onehot,HCDR3,P,0.0930155217647552
Transformer-onehot,HCDR3,P,0.0917594730854034
Transformer-onehot,HCDR3,P,0.4116371273994446
Transformer-onehot,HCDR3,P,0.2829811871051788
Transformer-onehot,HCDR3,P,0.0
Transformer-onehot,HCDR3,P,0.0366610027849674
Transformer-onehot,HCDR3,P,0.0
Transformer-onehot,HCDR3,P,0.0
Transformer-onehot,HCDR3,P,0.0
Transformer-onehot,HCDR3,P,0.0
Transformer-onehot,HCDR3,P,0.3644630014896393
Transformer-onehot,HCDR3,P,0.0
Transformer-onehot,HCDR3,P,0.0
Transformer-onehot,HCDR3,P,0.0359359718859195
Transformer-onehot,HCDR3,P,0.082244224846363
Transformer-onehot,HCDR3,P,0.2525110244750976
Transformer-onehot,HCDR3,P,0.3542359471321106
Transformer-onehot,HCDR3,P,0.0
Transformer-onehot,HCDR3,P,0.0
Transformer-onehot,HCDR3,P,0.0
Transformer-onehot,HCDR3,P,0.0
Transformer-onehot,HCDR3,P,0.0
Transformer-onehot,HCDR3,P,0.0
Transformer-onehot,HCDR3,P,0.026758499443531
Transformer-onehot,HCDR3,P,0.269797146320343
Transformer-onehot,HCDR3,P,0.2020488977432251
Transformer-onehot,HCDR3,P,0.0
Transformer-onehot,HCDR3,P,0.4015823602676391
Transformer-onehot,HCDR3,P,0.0
Transformer-onehot,HCDR3,P,0.0
Transformer-onehot,HCDR3,P,0.0269968435168266
Transformer-onehot,HCDR3,P,0.0
Transformer-onehot,HCDR3,P,0.0
Transformer-onehot,HCDR3,P,0.0385930947959423
Transformer-onehot,HCDR3,P,0.0
Transformer-onehot,HCDR3,P,0.0121844746172428
Transformer-onehot,HCDR3,P,0.0
Transformer-onehot,HCDR3,P,0.0226397011429071
Transformer-onehot,HCDR3,P,0.0
Transformer-onehot,HCDR3,P,0.4758339822292328
Transformer-onehot,HCDR3,P,0.0
Transformer-onehot,HCDR3,P,0.1530936360359192
Transformer-onehot,HCDR3,P,0.0
Transformer-onehot,HCDR3,P,0.0
Transformer-onehot,HCDR3,P,0.0
Transformer-onehot,HCDR3,P,0.020001795142889
Transformer-onehot,HCDR3,P,0.2149711698293686
Transformer-onehot,HCDR3,P,0.0
Transformer-onehot,HCDR3,P,0.0178666170686483
Transformer-onehot,HCDR3,P,0.0
Transformer-onehot,HCDR3,P,0.0139074651524424
Transformer-onehot,HCDR3,P,0.0
Transformer-onehot,HCDR3,P,0.0
Transformer-onehot,HCDR3,P,0.0
Transformer-onehot,HCDR3,P,0.0
Transformer-onehot,HCDR3,P,0.0234579667448997
Transformer-onehot,HCDR3,P,0.320034921169281
Transformer-onehot,HCDR3,P,0.4044065475463867
Transformer-onehot,HCDR3,P,0.0
Transformer-onehot,HCDR3,P,0.0
Transformer-onehot,HCDR3,P,0.0705007091164588
Transformer-onehot,HCDR3,P,0.0
Transformer-onehot,HCDR3,P,0.0
Transformer-onehot,HCDR3,P,0.0
Transformer-onehot,HCDR3,P,0.0
Transformer-onehot,HCDR3,P,0.026603577658534
Transformer-onehot,HCDR3,P,0.0
Transformer-onehot,HCDR3,P,0.0
Transformer-onehot,HCDR3,P,0.1067194566130638
Transformer-onehot,HCDR3,P,0.007115566637367
Transformer-onehot,HCDR3,P,0.1078013777732849
Transformer-onehot,HCDR3,P,0.0
Transformer-onehot,HCDR3,P,0.0
Transformer-onehot,HCDR3,P,0.0156681053340435
Transformer-onehot,HCDR3,P,0.0
Transformer-onehot,HCDR3,P,0.1387722492218017
Transformer-onehot,HCDR3,P,0.0122022554278373
Transformer-onehot,HCDR3,P,0.1456862390041351
Transformer-onehot,HCDR3,P,0.0
Transformer-onehot,HCDR3,P,0.0
Transformer-onehot,HCDR3,P,0.1422158181667328
Transformer-onehot,HCDR3,P,0.0928203538060188
Transformer-onehot,HCDR3,P,0.0
Transformer-onehot,HCDR3,P,0.1325266063213348
Transformer-onehot,HCDR3,P,0.0096593545749783
Transformer-onehot,HCDR3,P,0.0
Transformer-onehot,HCDR3,P,0.608674168586731
Transformer-onehot,HCDR3,P,0.0169142112135887
Transformer-onehot,HCDR3,P,0.0362978167831897
Transformer-onehot,HCDR3,P,0.1144039556384086
Transformer-onehot,HCDR3,P,0.2303033322095871
Transformer-onehot,HCDR3,P,0.0264081060886383
Transformer-onehot,HCDR3,P,0.0
Transformer-onehot,HCDR3,P,0.0
Transformer-onehot,HCDR3,P,0.0
Transformer-onehot,HCDR3,P,0.0
Transformer-onehot,HCDR3,P,0.0
Transformer-onehot,HCDR3,P,0.0
Transformer-onehot,HCDR3,P,0.4519729316234588
Transformer-onehot,HCDR3,P,0.2386979162693023
Transformer-onehot,HCDR3,P,0.0
Transformer-onehot,HCDR3,P,0.0
Transformer-onehot,HCDR3,P,0.0252868980169296
Transformer-onehot,HCDR3,P,0.0973720848560333
Transformer-onehot,HCDR3,P,0.0129984617233276
Transformer-onehot,HCDR3,P,0.1657262593507766
Transformer-onehot,HCDR3,P,0.100123330950737
Transformer-onehot,HCDR3,P,0.0
Transformer-onehot,HCDR3,P,0.0947819352149963
Transformer-onehot,HCDR3,P,0.2589240968227386
Transformer-onehot,HCDR3,P,0.0
Transformer-onehot,HCDR3,P,0.0889189466834068
Transformer-onehot,HCDR3,P,0.0
Transformer-onehot,HCDR3,P,0.5482159852981567
Transformer-onehot,HCDR3,P,0.2769790291786194
Transformer-onehot,HCDR3,P,0.0
Transformer-onehot,HCDR3,P,0.0271255541592836
Transformer-onehot,HCDR3,P,0.0
Transformer-onehot,HCDR3,P,0.0156484618782997
Transformer-onehot,HCDR3,P,0.1537186652421951
Transformer-onehot,HCDR3,P,0.6859328150749207
Transformer-onehot,HCDR3,P,0.031972412019968
Transformer-onehot,HCDR3,P,0.1114353984594345
Transformer-onehot,HCDR3,P,0.0
Transformer-onehot,HCDR3,P,0.0
Transformer-onehot,HCDR3,P,0.0
Transformer-onehot,HCDR3,P,0.0
Transformer-onehot,HCDR3,P,0.3525147438049316
Transformer-onehot,HCDR3,P,0.0056362017057836
Transformer-onehot,HCDR3,P,0.0
Transformer-onehot,HCDR3,P,0.0114327035844326
Transformer-onehot,HCDR3,P,0.0
Transformer-onehot,HCDR3,P,0.451267659664154
Transformer-onehot,HCDR3,P,0.0
Transformer-onehot,HCDR3,P,0.0
Transformer-onehot,HCDR3,P,0.0
Transformer-onehot,HCDR3,P,0.2770655155181885
Transformer-onehot,HCDR3,P,0.0139843737706542
Transformer-onehot,HCDR3,P,0.0
Transformer-onehot,HCDR3,P,0.0262227430939674
Transformer-onehot,HCDR3,P,0.0233269501477479
Transformer-onehot,HCDR3,P,0.3483015596866607
Transformer-onehot,HCDR3,P,0.1219832748174667
Transformer-onehot,HCDR3,P,0.0251265913248062
Transformer-onehot,HCDR3,P,0.0
Transformer-onehot,HCDR3,P,0.0385355353355407
Transformer-onehot,HCDR3,P,0.0
Transformer-onehot,HCDR3,P,0.0
Transformer-onehot,HCDR3,P,0.0
Transformer-onehot,HCDR3,P,0.0843419507145881
Transformer-onehot,HCDR3,P,0.0
Transformer-onehot,HCDR3,P,0.235691949725151
Transformer-onehot,HCDR3,P,0.4518021643161773
Transformer-onehot,HCDR3,P,0.1974955946207046
Transformer-onehot,HCDR3,P,0.2629022598266601
Transformer-onehot,HCDR3,P,0.0
Transformer-onehot,HCDR3,P,0.0
Transformer-onehot,HCDR3,P,0.0151080386713147
Transformer-onehot,HCDR3,P,0.1420096457004547
Transformer-onehot,HCDR3,P,0.0
Transformer-onehot,HCDR3,P,0.0
Transformer-onehot,HCDR3,P,0.3518946468830108
Transformer-onehot,HCDR3,P,0.2940244674682617
Transformer-onehot,HCDR3,P,0.0
Transformer-onehot,HCDR3,P,0.0
Transformer-onehot,HCDR3,P,0.0
Transformer-onehot,HCDR3,P,0.0202126260846853
Transformer-onehot,HCDR3,P,0.2672553360462188
Transformer-onehot,HCDR3,P,0.0
Transformer-onehot,HCDR3,P,0.1545653641223907
Transformer-onehot,HCDR3,P,0.0
Transformer-onehot,HCDR3,P,0.0139499623328447
Transformer-onehot,HCDR3,P,0.0469337739050388
Transformer-onehot,HCDR3,P,0.0
Transformer-onehot,HCDR3,P,0.0
Transformer-onehot,HCDR3,P,0.0
Transformer-onehot,HCDR3,P,0.358445942401886
Transformer-onehot,HCDR3,P,0.2781178951263428
Transformer-onehot,HCDR3,P,0.0
Transformer-onehot,HCDR3,P,0.0227236114442348
Transformer-onehot,HCDR3,P,0.2526127398014068
Transformer-onehot,HCDR3,P,0.0730182379484176
Transformer-onehot,HCDR3,P,0.0
Transformer-onehot,HCDR3,P,0.0175326783210039
Transformer-onehot,HCDR3,P,0.0361836962401866
Transformer-onehot,HCDR3,P,0.0
Transformer-onehot,HCDR3,P,0.0
Transformer-onehot,HCDR3,P,0.0
Transformer-onehot,HCDR3,P,0.009897238574922
Transformer-onehot,HCDR3,P,0.0
Transformer-onehot,HCDR3,P,0.0
Transformer-onehot,HCDR3,P,0.0
Transformer-onehot,HCDR3,P,0.0138577185571193
Transformer-onehot,HCDR3,P,0.0
Transformer-onehot,HCDR3,P,0.0
Transformer-onehot,HCDR3,P,0.0321907363831996
Transformer-onehot,HCDR3,P,0.0820121318101883
Transformer-onehot,HCDR3,P,0.2767512202262878
Transformer-onehot,HCDR3,P,0.1655028760433197
Transformer-onehot,HCDR3,P,0.0
Transformer-onehot,HCDR3,P,0.0
Transformer-onehot,HCDR3,P,0.053408246487379
Transformer-onehot,HCDR3,P,0.1154464110732078
Transformer-onehot,HCDR3,P,0.0414193011820316
Transformer-onehot,HCDR3,P,0.0320231243968009
Transformer-onehot,HCDR3,P,0.0
Transformer-onehot,HCDR3,P,0.0122355371713638
Transformer-onehot,HCDR3,P,0.0412069633603096
Transformer-onehot,HCDR3,P,0.0
Transformer-onehot,HCDR3,P,0.0996720120310783
Transformer-onehot,HCDR3,P,0.0291438698768615
Transformer-onehot,HCDR3,P,0.0
Transformer-onehot,HCDR3,P,0.1925690174102783
Transformer-onehot,HCDR3,P,0.0683840662240982
Transformer-onehot,HCDR3,P,0.1521004438400268
Transformer-onehot,HCDR3,P,0.0
Transformer-onehot,HCDR3,P,0.0450290404260158
Transformer-onehot,HCDR3,P,0.0287049151957035
Transformer-onehot,HCDR3,P,0.0
Transformer-onehot,HCDR3,P,0.0332374796271324
Transformer-onehot,HCDR3,P,0.0
Transformer-onehot,HCDR3,P,0.0
Transformer-onehot,HCDR3,P,0.0
Transformer-onehot,HCDR3,P,0.0
Transformer-onehot,HCDR3,P,0.0279682353138923
Transformer-onehot,HCDR3,P,0.0506628789007663
Transformer-onehot,HCDR3,P,0.0392069108784198
Transformer-onehot,HCDR3,P,0.0
Transformer-onehot,HCDR3,P,0.0
Transformer-onehot,HCDR3,P,0.0260320082306861
Transformer-onehot,HCDR3,P,0.0148414596915245
Transformer-onehot,HCDR3,P,0.0
Transformer-onehot,HCDR3,P,0.0451370738446712
Transformer-onehot,HCDR3,P,0.0
Transformer-onehot,HCDR3,P,0.0088849915191531
Transformer-onehot,HCDR3,P,0.0
Transformer-onehot,HCDR3,P,0.0
Transformer-onehot,HCDR3,P,0.1045913472771644
Transformer-onehot,HCDR3,P,0.0162480473518371
Transformer-onehot,HCDR3,P,0.0
Transformer-onehot,HCDR3,P,0.0
Transformer-onehot,HCDR3,P,0.0
Transformer-onehot,HCDR3,P,0.0
Transformer-onehot,HCDR3,P,0.0
Transformer-onehot,HCDR3,P,0.0
Transformer-onehot,HCDR3,P,0.0
Transformer-onehot,HCDR3,P,0.1029170826077461
Transformer-onehot,HCDR3,P,0.0
Transformer-onehot,HCDR3,P,0.0
Transformer-onehot,HCDR3,P,0.0
Transformer-onehot,HCDR3,P,0.136559247970581
Transformer-onehot,HCDR3,P,0.0
Transformer-onehot,HCDR3,P,0.1152149587869644
Transformer-onehot,HCDR3,P,0.0285125840455293
Transformer-onehot,HCDR3,P,0.0100576477125287
Transformer-onehot,HCDR3,P,0.094624638557434
Transformer-onehot,HCDR3,P,0.2317107617855072
Transformer-onehot,HCDR3,P,0.0
Transformer-onehot,HCDR3,P,0.0
Transformer-onehot,HCDR3,P,0.0387828163802623
Transformer-onehot,HCDR3,P,0.0510080903768539
Transformer-onehot,HCDR3,P,0.0
Transformer-onehot,HCDR3,P,0.0
Transformer-onehot,HCDR3,P,0.0
Transformer-onehot,HCDR3,P,0.0181935876607894
Transformer-onehot,HCDR3,P,0.0
Transformer-onehot,HCDR3,P,0.0
Transformer-onehot,HCDR3,P,0.0
Transformer-onehot,HCDR3,P,0.0715360939502716
Transformer-onehot,HCDR3,P,0.3170925378799438
Transformer-onehot,HCDR3,P,0.0
Transformer-onehot,HCDR3,P,0.017790500074625
Transformer-onehot,HCDR3,P,0.0823484808206558
Transformer-onehot,HCDR3,P,0.102867767214775
Transformer-onehot,HCDR3,P,0.0
Transformer-onehot,HCDR3,P,0.083001010119915
Transformer-onehot,HCDR3,P,0.0
Transformer-onehot,HCDR3,P,0.0649203509092331
Transformer-onehot,HCDR3,P,0.0261170230805873
Transformer-onehot,HCDR3,P,0.1949967890977859
Transformer-onehot,HCDR3,P,0.0
Transformer-onehot,HCDR3,P,0.0
Transformer-onehot,HCDR3,P,0.121159128844738
Transformer-onehot,HCDR3,P,0.0396277233958244
Transformer-onehot,HCDR3,P,0.0033275033347308
Transformer-onehot,HCDR3,P,0.081715241074562
Transformer-onehot,HCDR3,P,0.014682182110846
Transformer-onehot,HCDR3,P,0.0021539162844419
Transformer-onehot,HCDR3,P,0.0058243428356945
Transformer-onehot,HCDR3,P,0.0
Transformer-onehot,HCDR3,P,0.0
Transformer-onehot,HCDR3,P,0.0958092659711837
Transformer-onehot,HCDR3,P,0.0
Transformer-onehot,HCDR3,P,0.0208121258765459
Transformer-onehot,HCDR3,P,0.0
Transformer-onehot,HCDR3,P,0.0782763138413429
Transformer-onehot,HCDR3,P,0.0618039220571517
Transformer-onehot,HCDR3,P,0.1537994295358657
Transformer-onehot,HCDR3,P,0.0
Transformer-onehot,HCDR3,P,0.0586871355772018
Transformer-onehot,HCDR3,P,0.0
Transformer-onehot,HCDR3,P,0.0
Transformer-onehot,HCDR3,P,0.0184592008590698
Transformer-onehot,HCDR3,P,0.072120577096939
Transformer-onehot,HCDR3,P,0.0
Transformer-onehot,HCDR3,P,0.0
Transformer-onehot,HCDR3,P,0.0771680995821952
Transformer-onehot,HCDR3,P,0.0199893061071634
Transformer-onehot,HCDR3,P,0.0100580649450421
Transformer-onehot,HCDR3,P,0.0
Transformer-onehot,HCDR3,P,0.0340268984436988
Transformer-onehot,HCDR3,P,0.106410764157772
Transformer-onehot,HCDR3,P,0.0
Transformer-onehot,HCDR3,P,0.0145033942535519
Transformer-onehot,HCDR3,P,0.0145539510995149
Transformer-onehot,HCDR3,P,0.0
Transformer-onehot,HCDR3,P,0.0
Transformer-onehot,HCDR3,P,0.123916357755661
Transformer-onehot,HCDR3,P,0.0
Transformer-onehot,HCDR3,P,0.0
Transformer-onehot,HCDR3,P,0.1353852152824401
Transformer-onehot,HCDR3,P,0.0
Transformer-onehot,HCDR3,P,0.0
Transformer-onehot,HCDR3,P,0.008817933499813
Transformer-onehot,HCDR3,P,0.0
Transformer-onehot,HCDR3,P,0.0
Transformer-onehot,HCDR3,P,0.0889457240700721
Transformer-onehot,HCDR3,P,0.100392185151577
Transformer-onehot,HCDR3,P,0.0436761230230331
Transformer-onehot,HCDR3,P,0.0
Transformer-onehot,HCDR3,P,0.0
Transformer-onehot,HCDR3,P,0.0528403148055076
Transformer-onehot,HCDR3,P,0.0431999079883098
Transformer-onehot,HCDR3,P,0.0
Transformer-onehot,HCDR3,P,0.0730814635753631
Transformer-onehot,HCDR3,P,0.0
Transformer-onehot,HCDR3,P,0.0732741206884384
Transformer-onehot,HCDR3,P,0.0171094238758087
Transformer-onehot,HCDR3,P,0.2366922944784164
Transformer-onehot,HCDR3,P,0.0
Transformer-onehot,HCDR3,P,0.0
Transformer-onehot,HCDR3,P,0.052540298551321
Transformer-onehot,HCDR3,P,0.0688469782471656
Transformer-onehot,HCDR3,P,0.0
Transformer-onehot,HCDR3,P,0.0
Transformer-onehot,HCDR3,P,0.1089977324008941
Transformer-onehot,HCDR3,P,0.0428062826395034
Transformer-onehot,HCDR3,P,0.0
Transformer-onehot,HCDR3,P,0.0
Transformer-onehot,HCDR3,P,0.1624855995178222
Transformer-onehot,HCDR3,P,0.0
Transformer-onehot,HCDR3,P,0.0779667869210243
Transformer-onehot,HCDR3,P,0.0
Transformer-onehot,HCDR3,P,0.1705200225114822
Transformer-onehot,HCDR3,P,0.0973255410790443
Transformer-onehot,HCDR3,P,0.0264165829867124
Transformer-onehot,HCDR3,P,0.0665608346462249
Transformer-onehot,HCDR3,P,0.0
Transformer-onehot,HCDR3,P,0.0095256119966506
Transformer-onehot,HCDR3,P,0.0
Transformer-onehot,HCDR3,P,0.0
Transformer-onehot,HCDR3,P,0.0
Transformer-onehot,HCDR3,P,0.0408384054899215
Transformer-onehot,HCDR3,P,0.0505367517471313
Transformer-onehot,HCDR3,P,0.0
Transformer-onehot,HCDR3,P,0.0
Transformer-onehot,HCDR3,P,0.0
Transformer-onehot,HCDR3,P,0.0
Transformer-onehot,HCDR3,P,0.0
Transformer-onehot,HCDR3,P,0.1454781144857406
Transformer-onehot,HCDR3,P,0.0514894761145114
Transformer-onehot,HCDR3,P,0.0331462621688842
Transformer-onehot,HCDR3,P,0.0
Transformer-onehot,HCDR3,P,0.1806938499212265
Transformer-onehot,HCDR3,P,0.0597179010510444
Transformer-onehot,HCDR3,P,0.0134351952001452
Transformer-onehot,HCDR3,P,0.0207787025719881
Transformer-onehot,HCDR3,P,0.0715197846293449
Transformer-onehot,HCDR3,P,0.0
Transformer-onehot,HCDR3,P,0.0528405420482158
Transformer-onehot,HCDR3,P,0.0
Transformer-onehot,HCDR3,P,0.1550486087799072
Transformer-onehot,HCDR3,P,0.0
Transformer-onehot,HCDR3,P,0.0666877850890159
Transformer-onehot,HCDR3,P,0.0
Transformer-onehot,HCDR3,P,0.0440702959895134
Transformer-onehot,HCDR3,P,0.0
Transformer-onehot,HCDR3,P,0.0
Transformer-onehot,HCDR3,P,0.0
Transformer-onehot,HCDR3,P,0.0149031607434153
Transformer-onehot,HCDR3,P,0.0
Transformer-onehot,HCDR3,P,0.0
Transformer-onehot,HCDR3,P,0.0408699735999107
Transformer-onehot,HCDR3,P,0.0
Transformer-onehot,HCDR3,P,0.0
Transformer-onehot,HCDR3,P,0.0
Transformer-onehot,HCDR3,P,0.0188912209123373
Transformer-onehot,HCDR3,P,0.0347513742744922
Transformer-onehot,HCDR3,P,0.0
Transformer-onehot,HCDR3,P,0.1196729689836502
Transformer-onehot,HCDR3,P,0.0170034319162368
Transformer-onehot,HCDR3,P,0.0
Transformer-onehot,HCDR3,P,0.0
Transformer-onehot,HCDR3,P,0.1520033031702041
Transformer-onehot,HCDR3,P,0.1966375708580017
Transformer-onehot,HCDR3,P,0.0
Transformer-onehot,HCDR3,P,0.0314196869730949
Transformer-onehot,HCDR3,P,0.0266284123063087
Transformer-onehot,HCDR3,P,0.025305850431323
Transformer-onehot,HCDR3,P,0.0189244374632835
Transformer-onehot,HCDR3,P,0.0
Transformer-onehot,HCDR3,P,0.0
Transformer-onehot,HCDR3,P,0.0
Transformer-onehot,HCDR3,P,0.0724613517522811
Transformer-onehot,HCDR3,P,0.0
Transformer-onehot,HCDR3,P,0.0
Transformer-onehot,HCDR3,P,0.0956965610384941
Transformer-onehot,HCDR3,P,0.0
Transformer-onehot,HCDR3,P,0.0
Transformer-onehot,HCDR3,P,0.0
Transformer-onehot,HCDR3,P,0.0
Transformer-onehot,HCDR3,P,0.1215088590979576
Transformer-onehot,HCDR3,P,0.0
Transformer-onehot,HCDR3,P,0.0874903500080108
Transformer-onehot,HCDR3,P,0.0667493715882301
Transformer-onehot,HCDR3,P,0.0
Transformer-onehot,HCDR3,P,0.0442218892276287
Transformer-onehot,HCDR3,P,0.0
Transformer-onehot,HCDR3,P,0.024102296680212
Transformer-onehot,HCDR3,P,0.0
Transformer-onehot,HCDR3,P,0.0
Transformer-onehot,HCDR3,P,0.1444440186023712
Transformer-onehot,HCDR3,P,0.0724588111042976
Transformer-onehot,HCDR3,P,0.0611487738788127
Transformer-onehot,HCDR3,P,0.0
Transformer-onehot,HCDR3,P,0.0553399249911308
Transformer-onehot,HCDR3,P,0.0649932250380516
Transformer-onehot,HCDR3,P,0.0
Transformer-onehot,HCDR3,P,0.0396450832486152
Transformer-onehot,HCDR3,P,0.0
Transformer-onehot,HCDR3,P,0.0298332516103982
Transformer-onehot,HCDR3,P,0.0
Transformer-onehot,HCDR3,P,0.0101535832509398
Transformer-onehot,HCDR3,P,0.0368025079369545
Transformer-onehot,HCDR3,P,0.0
Transformer-onehot,HCDR3,P,0.0
Transformer-onehot,HCDR3,P,0.0789265185594558
Transformer-onehot,HCDR3,P,0.1420214176177978
Transformer-onehot,HCDR3,P,0.0
Transformer-onehot,HCDR3,P,0.0270198453217744
Transformer-onehot,HCDR3,Q,0.0
Transformer-onehot,HCDR3,Q,0.0
Transformer-onehot,HCDR3,Q,0.0
Transformer-onehot,HCDR3,Q,0.0
Transformer-onehot,HCDR3,Q,0.0
Transformer-onehot,HCDR3,Q,0.0
Transformer-onehot,HCDR3,Q,0.0
Transformer-onehot,HCDR3,Q,0.0
Transformer-onehot,HCDR3,Q,0.0
Transformer-onehot,HCDR3,Q,0.0
Transformer-onehot,HCDR3,Q,0.0
Transformer-onehot,HCDR3,Q,0.0
Transformer-onehot,HCDR3,Q,0.0
Transformer-onehot,HCDR3,Q,0.0
Transformer-onehot,HCDR3,Q,0.0
Transformer-onehot,HCDR3,Q,0.0
Transformer-onehot,HCDR3,Q,0.0
Transformer-onehot,HCDR3,Q,0.0
Transformer-onehot,HCDR3,Q,0.0435134172439575
Transformer-onehot,HCDR3,Q,0.0
Transformer-onehot,HCDR3,Q,0.0431756116449832
Transformer-onehot,HCDR3,Q,0.0
Transformer-onehot,HCDR3,Q,0.0
Transformer-onehot,HCDR3,Q,0.0
Transformer-onehot,HCDR3,Q,0.0
Transformer-onehot,HCDR3,Q,0.0
Transformer-onehot,HCDR3,Q,0.0
Transformer-onehot,HCDR3,Q,0.0
Transformer-onehot,HCDR3,Q,0.0
Transformer-onehot,HCDR3,Q,0.0
Transformer-onehot,HCDR3,Q,0.0
Transformer-onehot,HCDR3,Q,0.0
Transformer-onehot,HCDR3,Q,0.0
Transformer-onehot,HCDR3,Q,0.0
Transformer-onehot,HCDR3,Q,0.1284691542387008
Transformer-onehot,HCDR3,Q,0.0
Transformer-onehot,HCDR3,Q,0.0
Transformer-onehot,HCDR3,Q,0.0
Transformer-onehot,HCDR3,Q,0.0
Transformer-onehot,HCDR3,Q,0.0
Transformer-onehot,HCDR3,Q,0.0
Transformer-onehot,HCDR3,Q,0.0
Transformer-onehot,HCDR3,Q,0.0
Transformer-onehot,HCDR3,Q,0.1718685328960418
Transformer-onehot,HCDR3,Q,0.0
Transformer-onehot,HCDR3,Q,0.0
Transformer-onehot,HCDR3,Q,0.0
Transformer-onehot,HCDR3,Q,0.0
Transformer-onehot,HCDR3,Q,0.0
Transformer-onehot,HCDR3,Q,0.0
Transformer-onehot,HCDR3,Q,0.0
Transformer-onehot,HCDR3,Q,0.0
Transformer-onehot,HCDR3,Q,0.0
Transformer-onehot,HCDR3,Q,0.1509706676006317
Transformer-onehot,HCDR3,Q,0.0
Transformer-onehot,HCDR3,Q,0.0
Transformer-onehot,HCDR3,Q,0.0
Transformer-onehot,HCDR3,Q,0.125564843416214
Transformer-onehot,HCDR3,Q,0.0
Transformer-onehot,HCDR3,Q,0.0
Transformer-onehot,HCDR3,Q,0.0
Transformer-onehot,HCDR3,Q,0.0
Transformer-onehot,HCDR3,Q,0.0
Transformer-onehot,HCDR3,Q,0.0
Transformer-onehot,HCDR3,Q,0.0
Transformer-onehot,HCDR3,Q,0.0
Transformer-onehot,HCDR3,Q,0.0
Transformer-onehot,HCDR3,Q,0.1953291445970535
Transformer-onehot,HCDR3,Q,0.0
Transformer-onehot,HCDR3,Q,0.0341399125754833
Transformer-onehot,HCDR3,Q,0.0
Transformer-onehot,HCDR3,Q,0.0
Transformer-onehot,HCDR3,Q,0.0
Transformer-onehot,HCDR3,Q,0.0
Transformer-onehot,HCDR3,Q,0.0
Transformer-onehot,HCDR3,Q,0.2752202451229095
Transformer-onehot,HCDR3,Q,0.0
Transformer-onehot,HCDR3,Q,0.0
Transformer-onehot,HCDR3,Q,0.1296430379152298
Transformer-onehot,HCDR3,Q,0.0
Transformer-onehot,HCDR3,Q,0.0
Transformer-onehot,HCDR3,Q,0.0
Transformer-onehot,HCDR3,Q,0.0
Transformer-onehot,HCDR3,Q,0.0
Transformer-onehot,HCDR3,Q,0.0
Transformer-onehot,HCDR3,Q,0.0
Transformer-onehot,HCDR3,Q,0.0
Transformer-onehot,HCDR3,Q,0.0
Transformer-onehot,HCDR3,Q,0.0
Transformer-onehot,HCDR3,Q,0.0
Transformer-onehot,HCDR3,Q,0.0
Transformer-onehot,HCDR3,Q,0.2786535322666168
Transformer-onehot,HCDR3,Q,0.0
Transformer-onehot,HCDR3,Q,0.0
Transformer-onehot,HCDR3,Q,0.0866808667778968
Transformer-onehot,HCDR3,Q,0.0
Transformer-onehot,HCDR3,Q,0.0
Transformer-onehot,HCDR3,Q,0.0
Transformer-onehot,HCDR3,Q,0.0
Transformer-onehot,HCDR3,Q,0.0
Transformer-onehot,HCDR3,Q,0.0
Transformer-onehot,HCDR3,Q,0.0
Transformer-onehot,HCDR3,Q,0.0
Transformer-onehot,HCDR3,Q,0.0
Transformer-onehot,HCDR3,Q,0.0
Transformer-onehot,HCDR3,Q,0.0
Transformer-onehot,HCDR3,Q,0.0
Transformer-onehot,HCDR3,Q,0.0
Transformer-onehot,HCDR3,Q,0.0
Transformer-onehot,HCDR3,Q,0.0
Transformer-onehot,HCDR3,Q,0.0
Transformer-onehot,HCDR3,Q,0.0
Transformer-onehot,HCDR3,Q,0.0
Transformer-onehot,HCDR3,Q,0.0
Transformer-onehot,HCDR3,Q,0.0
Transformer-onehot,HCDR3,Q,0.0
Transformer-onehot,HCDR3,Q,0.0382163263857364
Transformer-onehot,HCDR3,Q,0.0
Transformer-onehot,HCDR3,Q,0.0
Transformer-onehot,HCDR3,Q,0.0
Transformer-onehot,HCDR3,Q,0.0
Transformer-onehot,HCDR3,Q,0.0
Transformer-onehot,HCDR3,Q,0.0
Transformer-onehot,HCDR3,Q,0.0
Transformer-onehot,HCDR3,Q,0.0
Transformer-onehot,HCDR3,Q,0.0
Transformer-onehot,HCDR3,Q,0.0
Transformer-onehot,HCDR3,Q,0.0
Transformer-onehot,HCDR3,Q,0.0
Transformer-onehot,HCDR3,Q,0.0
Transformer-onehot,HCDR3,Q,0.0
Transformer-onehot,HCDR3,Q,0.0
Transformer-onehot,HCDR3,Q,0.0
Transformer-onehot,HCDR3,Q,0.0
Transformer-onehot,HCDR3,Q,0.0
Transformer-onehot,HCDR3,Q,0.0
Transformer-onehot,HCDR3,Q,0.1997187584638595
Transformer-onehot,HCDR3,Q,0.0
Transformer-onehot,HCDR3,Q,0.0
Transformer-onehot,HCDR3,Q,0.0
Transformer-onehot,HCDR3,Q,0.0
Transformer-onehot,HCDR3,Q,0.0
Transformer-onehot,HCDR3,Q,0.0
Transformer-onehot,HCDR3,Q,0.0
Transformer-onehot,HCDR3,Q,0.0
Transformer-onehot,HCDR3,Q,0.0
Transformer-onehot,HCDR3,Q,0.0
Transformer-onehot,HCDR3,Q,0.0
Transformer-onehot,HCDR3,Q,0.272930234670639
Transformer-onehot,HCDR3,Q,0.0
Transformer-onehot,HCDR3,Q,0.0
Transformer-onehot,HCDR3,Q,0.1023518815636634
Transformer-onehot,HCDR3,Q,0.0
Transformer-onehot,HCDR3,Q,0.0
Transformer-onehot,HCDR3,Q,0.0
Transformer-onehot,HCDR3,Q,0.0
Transformer-onehot,HCDR3,Q,0.0
Transformer-onehot,HCDR3,Q,0.0
Transformer-onehot,HCDR3,Q,0.0
Transformer-onehot,HCDR3,Q,0.0
Transformer-onehot,HCDR3,Q,0.0
Transformer-onehot,HCDR3,Q,0.0070384079590439
Transformer-onehot,HCDR3,Q,0.0
Transformer-onehot,HCDR3,Q,0.0
Transformer-onehot,HCDR3,Q,0.0
Transformer-onehot,HCDR3,Q,0.0
Transformer-onehot,HCDR3,Q,0.0
Transformer-onehot,HCDR3,Q,0.0
Transformer-onehot,HCDR3,Q,0.0
Transformer-onehot,HCDR3,Q,0.0
Transformer-onehot,HCDR3,Q,0.0
Transformer-onehot,HCDR3,Q,0.0937878638505935
Transformer-onehot,HCDR3,Q,0.0
Transformer-onehot,HCDR3,Q,0.0
Transformer-onehot,HCDR3,Q,0.0
Transformer-onehot,HCDR3,Q,0.0
Transformer-onehot,HCDR3,Q,0.0
Transformer-onehot,HCDR3,Q,0.0
Transformer-onehot,HCDR3,Q,0.0
Transformer-onehot,HCDR3,Q,0.0
Transformer-onehot,HCDR3,Q,0.0
Transformer-onehot,HCDR3,Q,0.0
Transformer-onehot,HCDR3,Q,0.0355042777955532
Transformer-onehot,HCDR3,Q,0.0
Transformer-onehot,HCDR3,Q,0.0
Transformer-onehot,HCDR3,Q,0.0
Transformer-onehot,HCDR3,Q,0.0
Transformer-onehot,HCDR3,Q,0.0
Transformer-onehot,HCDR3,Q,0.0
Transformer-onehot,HCDR3,Q,0.0140090333297848
Transformer-onehot,HCDR3,Q,0.0
Transformer-onehot,HCDR3,Q,0.0789747536182403
Transformer-onehot,HCDR3,Q,0.0
Transformer-onehot,HCDR3,Q,0.1866673529148101
Transformer-onehot,HCDR3,Q,0.0
Transformer-onehot,HCDR3,Q,0.0
Transformer-onehot,HCDR3,Q,0.0
Transformer-onehot,HCDR3,Q,0.0
Transformer-onehot,HCDR3,Q,0.0
Transformer-onehot,HCDR3,Q,0.0
Transformer-onehot,HCDR3,Q,0.0
Transformer-onehot,HCDR3,Q,0.0
Transformer-onehot,HCDR3,Q,0.0
Transformer-onehot,HCDR3,Q,0.0
Transformer-onehot,HCDR3,Q,0.0
Transformer-onehot,HCDR3,Q,0.0443062223494052
Transformer-onehot,HCDR3,Q,0.0
Transformer-onehot,HCDR3,Q,0.0
Transformer-onehot,HCDR3,Q,0.0
Transformer-onehot,HCDR3,Q,0.0421809069812297
Transformer-onehot,HCDR3,Q,0.0
Transformer-onehot,HCDR3,Q,0.0
Transformer-onehot,HCDR3,Q,0.0
Transformer-onehot,HCDR3,Q,0.0
Transformer-onehot,HCDR3,Q,0.0
Transformer-onehot,HCDR3,Q,0.0
Transformer-onehot,HCDR3,Q,0.0
Transformer-onehot,HCDR3,Q,0.0
Transformer-onehot,HCDR3,Q,0.0
Transformer-onehot,HCDR3,Q,0.0
Transformer-onehot,HCDR3,Q,0.0
Transformer-onehot,HCDR3,Q,0.0
Transformer-onehot,HCDR3,Q,0.0
Transformer-onehot,HCDR3,Q,0.0
Transformer-onehot,HCDR3,Q,0.0
Transformer-onehot,HCDR3,Q,0.0724926143884658
Transformer-onehot,HCDR3,Q,0.0
Transformer-onehot,HCDR3,Q,0.0
Transformer-onehot,HCDR3,Q,0.0
Transformer-onehot,HCDR3,Q,0.0
Transformer-onehot,HCDR3,Q,0.0
Transformer-onehot,HCDR3,Q,0.0
Transformer-onehot,HCDR3,Q,0.2593937218189239
Transformer-onehot,HCDR3,Q,0.0
Transformer-onehot,HCDR3,Q,0.0
Transformer-onehot,HCDR3,Q,0.0
Transformer-onehot,HCDR3,Q,0.0
Transformer-onehot,HCDR3,Q,0.0
Transformer-onehot,HCDR3,Q,0.0
Transformer-onehot,HCDR3,Q,0.0
Transformer-onehot,HCDR3,Q,0.0
Transformer-onehot,HCDR3,Q,0.0
Transformer-onehot,HCDR3,Q,0.0
Transformer-onehot,HCDR3,Q,0.0
Transformer-onehot,HCDR3,Q,0.0
Transformer-onehot,HCDR3,Q,0.0
Transformer-onehot,HCDR3,Q,0.0
Transformer-onehot,HCDR3,Q,0.0
Transformer-onehot,HCDR3,Q,0.0
Transformer-onehot,HCDR3,Q,0.0
Transformer-onehot,HCDR3,Q,0.0
Transformer-onehot,HCDR3,Q,0.0
Transformer-onehot,HCDR3,Q,0.0
Transformer-onehot,HCDR3,Q,0.0
Transformer-onehot,HCDR3,Q,0.0
Transformer-onehot,HCDR3,Q,0.0
Transformer-onehot,HCDR3,Q,0.0
Transformer-onehot,HCDR3,Q,0.0
Transformer-onehot,HCDR3,Q,0.0
Transformer-onehot,HCDR3,Q,0.0
Transformer-onehot,HCDR3,Q,0.0
Transformer-onehot,HCDR3,Q,0.0
Transformer-onehot,HCDR3,Q,0.0
Transformer-onehot,HCDR3,Q,0.0
Transformer-onehot,HCDR3,Q,0.0
Transformer-onehot,HCDR3,Q,0.0
Transformer-onehot,HCDR3,Q,0.0
Transformer-onehot,HCDR3,Q,0.0
Transformer-onehot,HCDR3,Q,0.0564826019108295
Transformer-onehot,HCDR3,Q,0.0
Transformer-onehot,HCDR3,Q,0.0057130116038024
Transformer-onehot,HCDR3,Q,0.0169458650052547
Transformer-onehot,HCDR3,Q,0.0468588769435882
Transformer-onehot,HCDR3,Q,0.0
Transformer-onehot,HCDR3,Q,0.0
Transformer-onehot,HCDR3,Q,0.0
Transformer-onehot,HCDR3,Q,0.0
Transformer-onehot,HCDR3,Q,0.0
Transformer-onehot,HCDR3,Q,0.0043351133354008
Transformer-onehot,HCDR3,Q,0.0643543303012847
Transformer-onehot,HCDR3,Q,0.0
Transformer-onehot,HCDR3,Q,0.0
Transformer-onehot,HCDR3,Q,0.0
Transformer-onehot,HCDR3,Q,0.0
Transformer-onehot,HCDR3,Q,0.0
Transformer-onehot,HCDR3,Q,0.0
Transformer-onehot,HCDR3,Q,0.0
Transformer-onehot,HCDR3,Q,0.0
Transformer-onehot,HCDR3,Q,0.0
Transformer-onehot,HCDR3,Q,0.0
Transformer-onehot,HCDR3,Q,0.0165700037032365
Transformer-onehot,HCDR3,Q,0.0650989040732383
Transformer-onehot,HCDR3,Q,0.0
Transformer-onehot,HCDR3,Q,0.0
Transformer-onehot,HCDR3,Q,0.0
Transformer-onehot,HCDR3,Q,0.042522981762886
Transformer-onehot,HCDR3,Q,0.0
Transformer-onehot,HCDR3,Q,0.0
Transformer-onehot,HCDR3,Q,0.0
Transformer-onehot,HCDR3,Q,0.0
Transformer-onehot,HCDR3,Q,0.0
Transformer-onehot,HCDR3,Q,0.0
Transformer-onehot,HCDR3,Q,0.0
Transformer-onehot,HCDR3,Q,0.0
Transformer-onehot,HCDR3,Q,0.0
Transformer-onehot,HCDR3,Q,0.0
Transformer-onehot,HCDR3,Q,0.0
Transformer-onehot,HCDR3,Q,0.0
Transformer-onehot,HCDR3,Q,0.0
Transformer-onehot,HCDR3,Q,0.0
Transformer-onehot,HCDR3,Q,0.0
Transformer-onehot,HCDR3,Q,0.0
Transformer-onehot,HCDR3,Q,0.0
Transformer-onehot,HCDR3,Q,0.0
Transformer-onehot,HCDR3,Q,0.0233680941164493
Transformer-onehot,HCDR3,Q,0.0
Transformer-onehot,HCDR3,Q,0.0
Transformer-onehot,HCDR3,Q,0.0
Transformer-onehot,HCDR3,Q,0.0
Transformer-onehot,HCDR3,Q,0.0
Transformer-onehot,HCDR3,Q,0.0213504675775766
Transformer-onehot,HCDR3,Q,0.0
Transformer-onehot,HCDR3,Q,0.0
Transformer-onehot,HCDR3,Q,0.0
Transformer-onehot,HCDR3,Q,0.0
Transformer-onehot,HCDR3,Q,0.0
Transformer-onehot,HCDR3,Q,0.0
Transformer-onehot,HCDR3,Q,0.0
Transformer-onehot,HCDR3,Q,0.0
Transformer-onehot,HCDR3,Q,0.0
Transformer-onehot,HCDR3,Q,0.0
Transformer-onehot,HCDR3,Q,0.0
Transformer-onehot,HCDR3,Q,0.0
Transformer-onehot,HCDR3,Q,0.0
Transformer-onehot,HCDR3,Q,0.0
Transformer-onehot,HCDR3,Q,0.0
Transformer-onehot,HCDR3,Q,0.0
Transformer-onehot,HCDR3,Q,0.0
Transformer-onehot,HCDR3,Q,0.0
Transformer-onehot,HCDR3,Q,0.008419849909842
Transformer-onehot,HCDR3,Q,0.0
Transformer-onehot,HCDR3,Q,0.0
Transformer-onehot,HCDR3,Q,0.0
Transformer-onehot,HCDR3,Q,0.0
Transformer-onehot,HCDR3,Q,0.0
Transformer-onehot,HCDR3,Q,0.0
Transformer-onehot,HCDR3,Q,0.0
Transformer-onehot,HCDR3,Q,0.0
Transformer-onehot,HCDR3,Q,0.0
Transformer-onehot,HCDR3,Q,0.0
Transformer-onehot,HCDR3,Q,0.0
Transformer-onehot,HCDR3,Q,0.0141795380041003
Transformer-onehot,HCDR3,Q,0.0
Transformer-onehot,HCDR3,Q,0.0
Transformer-onehot,HCDR3,Q,0.0
Transformer-onehot,HCDR3,Q,0.0
Transformer-onehot,HCDR3,Q,0.0062404670752584
Transformer-onehot,HCDR3,Q,0.0
Transformer-onehot,HCDR3,Q,0.0
Transformer-onehot,HCDR3,Q,0.0
Transformer-onehot,HCDR3,Q,0.0
Transformer-onehot,HCDR3,Q,0.0
Transformer-onehot,HCDR3,Q,0.0
Transformer-onehot,HCDR3,Q,0.0
Transformer-onehot,HCDR3,Q,0.0
Transformer-onehot,HCDR3,Q,0.0
Transformer-onehot,HCDR3,Q,0.0
Transformer-onehot,HCDR3,Q,0.0
Transformer-onehot,HCDR3,Q,0.0
Transformer-onehot,HCDR3,Q,0.0
Transformer-onehot,HCDR3,Q,0.0468095690011978
Transformer-onehot,HCDR3,Q,0.0
Transformer-onehot,HCDR3,Q,0.0
Transformer-onehot,HCDR3,Q,0.0055399173870682
Transformer-onehot,HCDR3,Q,0.0
Transformer-onehot,HCDR3,Q,0.0
Transformer-onehot,HCDR3,Q,0.0
Transformer-onehot,HCDR3,Q,0.0
Transformer-onehot,HCDR3,Q,0.0
Transformer-onehot,HCDR3,Q,0.0
Transformer-onehot,HCDR3,Q,0.0
Transformer-onehot,HCDR3,Q,0.0131126129999756
Transformer-onehot,HCDR3,Q,0.0
Transformer-onehot,HCDR3,Q,0.0
Transformer-onehot,HCDR3,Q,0.0
Transformer-onehot,HCDR3,Q,0.0
Transformer-onehot,HCDR3,Q,0.0
Transformer-onehot,HCDR3,Q,0.0
Transformer-onehot,HCDR3,Q,0.0
Transformer-onehot,HCDR3,Q,0.0
Transformer-onehot,HCDR3,Q,0.0
Transformer-onehot,HCDR3,Q,0.0
Transformer-onehot,HCDR3,Q,0.0
Transformer-onehot,HCDR3,Q,0.0
Transformer-onehot,HCDR3,Q,0.0
Transformer-onehot,HCDR3,Q,0.0
Transformer-onehot,HCDR3,Q,0.0
Transformer-onehot,HCDR3,Q,0.0
Transformer-onehot,HCDR3,Q,0.0
Transformer-onehot,HCDR3,Q,0.0
Transformer-onehot,HCDR3,Q,0.0
Transformer-onehot,HCDR3,Q,0.0
Transformer-onehot,HCDR3,Q,0.0
Transformer-onehot,HCDR3,Q,0.0
Transformer-onehot,HCDR3,Q,0.0
Transformer-onehot,HCDR3,Q,0.0
Transformer-onehot,HCDR3,Q,0.0
Transformer-onehot,HCDR3,Q,0.0
Transformer-onehot,HCDR3,Q,0.0177582837641239
Transformer-onehot,HCDR3,Q,0.0717214345932006
Transformer-onehot,HCDR3,Q,0.0915435627102851
Transformer-onehot,HCDR3,Q,0.0
Transformer-onehot,HCDR3,Q,0.0289465393871068
Transformer-onehot,HCDR3,Q,0.0
Transformer-onehot,HCDR3,Q,0.0
Transformer-onehot,HCDR3,Q,0.0057027526199817
Transformer-onehot,HCDR3,Q,0.0
Transformer-onehot,HCDR3,Q,0.0
Transformer-onehot,HCDR3,Q,0.0
Transformer-onehot,HCDR3,Q,0.0
Transformer-onehot,HCDR3,Q,0.0
Transformer-onehot,HCDR3,Q,0.0197964496910572
Transformer-onehot,HCDR3,Q,0.0
Transformer-onehot,HCDR3,Q,0.0433046519756317
Transformer-onehot,HCDR3,Q,0.0
Transformer-onehot,HCDR3,Q,0.0
Transformer-onehot,HCDR3,Q,0.0032397652976214
Transformer-onehot,HCDR3,Q,0.0
Transformer-onehot,HCDR3,Q,0.0
Transformer-onehot,HCDR3,Q,0.0
Transformer-onehot,HCDR3,Q,0.0
Transformer-onehot,HCDR3,Q,0.0
Transformer-onehot,HCDR3,Q,0.0
Transformer-onehot,HCDR3,Q,0.0
Transformer-onehot,HCDR3,Q,0.0
Transformer-onehot,HCDR3,Q,0.0
Transformer-onehot,HCDR3,Q,0.0
Transformer-onehot,HCDR3,Q,0.0137377139180898
Transformer-onehot,HCDR3,Q,0.0
Transformer-onehot,HCDR3,Q,0.0
Transformer-onehot,HCDR3,Q,0.0
Transformer-onehot,HCDR3,Q,0.0
Transformer-onehot,HCDR3,Q,0.0
Transformer-onehot,HCDR3,Q,0.0105482870712876
Transformer-onehot,HCDR3,Q,0.0
Transformer-onehot,HCDR3,Q,0.0
Transformer-onehot,HCDR3,Q,0.0
Transformer-onehot,HCDR3,Q,0.0
Transformer-onehot,HCDR3,Q,0.0
Transformer-onehot,HCDR3,Q,0.0
Transformer-onehot,HCDR3,Q,0.0
Transformer-onehot,HCDR3,Q,0.0
Transformer-onehot,HCDR3,Q,0.0
Transformer-onehot,HCDR3,Q,0.0104962643235921
Transformer-onehot,HCDR3,Q,0.0
Transformer-onehot,HCDR3,Q,0.0
Transformer-onehot,HCDR3,Q,0.0
Transformer-onehot,HCDR3,Q,0.0
Transformer-onehot,HCDR3,Q,0.0227349456399679
Transformer-onehot,HCDR3,Q,0.0
Transformer-onehot,HCDR3,Q,0.0
Transformer-onehot,HCDR3,Q,0.1242653280496597
Transformer-onehot,HCDR3,Q,0.0
Transformer-onehot,HCDR3,Q,0.0
Transformer-onehot,HCDR3,Q,0.0
Transformer-onehot,HCDR3,Q,0.0
Transformer-onehot,HCDR3,Q,0.0
Transformer-onehot,HCDR3,Q,0.0142064746469259
Transformer-onehot,HCDR3,Q,0.0176783390343189
Transformer-onehot,HCDR3,Q,0.0
Transformer-onehot,HCDR3,Q,0.0
Transformer-onehot,HCDR3,Q,0.0
Transformer-onehot,HCDR3,Q,0.0568988993763923
Transformer-onehot,HCDR3,Q,0.0
Transformer-onehot,HCDR3,Q,0.0416865013539791
Transformer-onehot,HCDR3,Q,0.0
Transformer-onehot,HCDR3,Q,0.0045671970583498
Transformer-onehot,HCDR3,Q,0.0
Transformer-onehot,HCDR3,Q,0.0
Transformer-onehot,HCDR3,Q,0.0
Transformer-onehot,HCDR3,Q,0.0
Transformer-onehot,HCDR3,Q,0.011019168421626
Transformer-onehot,HCDR3,Q,0.0
Transformer-onehot,HCDR3,Q,0.0
Transformer-onehot,HCDR3,Q,0.0
Transformer-onehot,HCDR3,Q,0.0
Transformer-onehot,HCDR3,Q,0.0
Transformer-onehot,HCDR3,Q,0.0
Transformer-onehot,HCDR3,Q,0.0
Transformer-onehot,HCDR3,Q,0.0
Transformer-onehot,HCDR3,Q,0.0
Transformer-onehot,HCDR3,Q,0.0
Transformer-onehot,HCDR3,Q,0.028474848717451
Transformer-onehot,HCDR3,Q,0.0
Transformer-onehot,HCDR3,Q,0.0
Transformer-onehot,HCDR3,Q,0.0
Transformer-onehot,HCDR3,Q,0.0
Transformer-onehot,HCDR3,Q,0.0
Transformer-onehot,HCDR3,Q,0.0
Transformer-onehot,HCDR3,Q,0.0
Transformer-onehot,HCDR3,R,-3.950432300567627
Transformer-onehot,HCDR3,R,-3.145073652267456
Transformer-onehot,HCDR3,R,-3.707603454589844
Transformer-onehot,HCDR3,R,-3.342419147491455
Transformer-onehot,HCDR3,R,-0.6697410941123962
Transformer-onehot,HCDR3,R,-3.94580602645874
Transformer-onehot,HCDR3,R,-0.637021541595459
Transformer-onehot,HCDR3,R,-2.6484994888305664
Transformer-onehot,HCDR3,R,-0.8159326314926147
Transformer-onehot,HCDR3,R,-1.5570851564407349
Transformer-onehot,HCDR3,R,-2.776301383972168
Transformer-onehot,HCDR3,R,-0.3677309155464172
Transformer-onehot,HCDR3,R,-4.036503314971924
Transformer-onehot,HCDR3,R,-2.1581666469573975
Transformer-onehot,HCDR3,R,-3.747744083404541
Transformer-onehot,HCDR3,R,-4.083580017089844
Transformer-onehot,HCDR3,R,-4.353645324707031
Transformer-onehot,HCDR3,R,-3.9493930339813232
Transformer-onehot,HCDR3,R,-4.756640434265137
Transformer-onehot,HCDR3,R,-3.073530435562134
Transformer-onehot,HCDR3,R,-3.1283655166625977
Transformer-onehot,HCDR3,R,-2.1188578605651855
Transformer-onehot,HCDR3,R,-0.3179578483104706
Transformer-onehot,HCDR3,R,-3.0678179264068604
Transformer-onehot,HCDR3,R,-3.725369453430176
Transformer-onehot,HCDR3,R,-3.7518467903137207
Transformer-onehot,HCDR3,R,-1.2583528757095337
Transformer-onehot,HCDR3,R,-3.6754443645477295
Transformer-onehot,HCDR3,R,-3.06334924697876
Transformer-onehot,HCDR3,R,-4.232539176940918
Transformer-onehot,HCDR3,R,-2.1197171211242676
Transformer-onehot,HCDR3,R,-2.8812246322631836
Transformer-onehot,HCDR3,R,-2.8807873725891113
Transformer-onehot,HCDR3,R,-3.4655842781066895
Transformer-onehot,HCDR3,R,-4.429172039031982
Transformer-onehot,HCDR3,R,-1.2114286422729492
Transformer-onehot,HCDR3,R,-3.3804678916931152
Transformer-onehot,HCDR3,R,-3.090259075164795
Transformer-onehot,HCDR3,R,-2.357069253921509
Transformer-onehot,HCDR3,R,-1.5521684885025024
Transformer-onehot,HCDR3,R,-0.1011414304375648
Transformer-onehot,HCDR3,R,-3.614567279815674
Transformer-onehot,HCDR3,R,-3.1988255977630615
Transformer-onehot,HCDR3,R,-3.2009429931640625
Transformer-onehot,HCDR3,R,-2.733790397644043
Transformer-onehot,HCDR3,R,-2.812509059906006
Transformer-onehot,HCDR3,R,-2.8841304779052734
Transformer-onehot,HCDR3,R,-3.853482484817505
Transformer-onehot,HCDR3,R,-4.694797515869141
Transformer-onehot,HCDR3,R,-3.73842716217041
Transformer-onehot,HCDR3,R,-0.2669430673122406
Transformer-onehot,HCDR3,R,-0.5649200677871704
Transformer-onehot,HCDR3,R,-3.725419044494629
Transformer-onehot,HCDR3,R,-4.9129180908203125
Transformer-onehot,HCDR3,R,-1.791316032409668
Transformer-onehot,HCDR3,R,-4.888500690460205
Transformer-onehot,HCDR3,R,-0.1970260888338089
Transformer-onehot,HCDR3,R,-3.3915810585021973
Transformer-onehot,HCDR3,R,-2.8985798358917236
Transformer-onehot,HCDR3,R,-3.5118980407714844
Transformer-onehot,HCDR3,R,-4.260519027709961
Transformer-onehot,HCDR3,R,-4.464867115020752
Transformer-onehot,HCDR3,R,-3.5840353965759277
Transformer-onehot,HCDR3,R,-3.002983808517456
Transformer-onehot,HCDR3,R,-2.99652099609375
Transformer-onehot,HCDR3,R,-4.216200828552246
Transformer-onehot,HCDR3,R,-3.030348300933838
Transformer-onehot,HCDR3,R,-4.732851982116699
Transformer-onehot,HCDR3,R,-3.628606081008911
Transformer-onehot,HCDR3,R,-3.990325450897217
Transformer-onehot,HCDR3,R,-3.3954758644104004
Transformer-onehot,HCDR3,R,-0.3089355826377868
Transformer-onehot,HCDR3,R,-1.6318974494934082
Transformer-onehot,HCDR3,R,-4.422154426574707
Transformer-onehot,HCDR3,R,-2.427423000335694
Transformer-onehot,HCDR3,R,-2.2787225246429443
Transformer-onehot,HCDR3,R,-4.06431245803833
Transformer-onehot,HCDR3,R,-4.525005340576172
Transformer-onehot,HCDR3,R,-4.3044939041137695
Transformer-onehot,HCDR3,R,-3.070315361022949
Transformer-onehot,HCDR3,R,-4.2244486808776855
Transformer-onehot,HCDR3,R,-3.547677993774414
Transformer-onehot,HCDR3,R,-3.585444927215576
Transformer-onehot,HCDR3,R,-3.474956512451172
Transformer-onehot,HCDR3,R,-3.8402819633483887
Transformer-onehot,HCDR3,R,-3.0361099243164062
Transformer-onehot,HCDR3,R,-4.0876078605651855
Transformer-onehot,HCDR3,R,-3.4344630241394043
Transformer-onehot,HCDR3,R,-3.9214158058166504
Transformer-onehot,HCDR3,R,-0.7644684910774231
Transformer-onehot,HCDR3,R,-0.1173843741416931
Transformer-onehot,HCDR3,R,-2.560150384902954
Transformer-onehot,HCDR3,R,-2.4976139068603516
Transformer-onehot,HCDR3,R,-2.0731780529022217
Transformer-onehot,HCDR3,R,-2.203946113586426
Transformer-onehot,HCDR3,R,-1.6608974933624268
Transformer-onehot,HCDR3,R,-0.3693893551826477
Transformer-onehot,HCDR3,R,-3.3745546340942383
Transformer-onehot,HCDR3,R,-3.603286266326904
Transformer-onehot,HCDR3,R,-1.8677315711975095
Transformer-onehot,HCDR3,R,-3.3331220149993896
Transformer-onehot,HCDR3,R,-0.898989200592041
Transformer-onehot,HCDR3,R,-3.7899651527404785
Transformer-onehot,HCDR3,R,-3.1850738525390625
Transformer-onehot,HCDR3,R,-4.490096092224121
Transformer-onehot,HCDR3,R,-2.924983024597168
Transformer-onehot,HCDR3,R,-3.819769859313965
Transformer-onehot,HCDR3,R,-3.8991966247558594
Transformer-onehot,HCDR3,R,-3.993264198303222
Transformer-onehot,HCDR3,R,-2.0728907585144043
Transformer-onehot,HCDR3,R,-0.2350371479988098
Transformer-onehot,HCDR3,R,-0.1583441197872162
Transformer-onehot,HCDR3,R,-2.8715875148773193
Transformer-onehot,HCDR3,R,-2.8676657676696777
Transformer-onehot,HCDR3,R,-4.389459133148193
Transformer-onehot,HCDR3,R,-2.142791509628296
Transformer-onehot,HCDR3,R,-4.44495964050293
Transformer-onehot,HCDR3,R,-3.5547008514404297
Transformer-onehot,HCDR3,R,-4.762990951538086
Transformer-onehot,HCDR3,R,-0.5511553883552551
Transformer-onehot,HCDR3,R,-0.2421808838844299
Transformer-onehot,HCDR3,R,-4.359372138977051
Transformer-onehot,HCDR3,R,-3.5598666667938232
Transformer-onehot,HCDR3,R,-2.8276116847991943
Transformer-onehot,HCDR3,R,-4.13651180267334
Transformer-onehot,HCDR3,R,-0.7639026045799255
Transformer-onehot,HCDR3,R,-3.5833845138549805
Transformer-onehot,HCDR3,R,-0.8718888163566589
Transformer-onehot,HCDR3,R,-2.495605945587158
Transformer-onehot,HCDR3,R,-3.54095458984375
Transformer-onehot,HCDR3,R,-4.771702766418457
Transformer-onehot,HCDR3,R,-3.1037964820861816
Transformer-onehot,HCDR3,R,-2.524104118347168
Transformer-onehot,HCDR3,R,-3.621668100357056
Transformer-onehot,HCDR3,R,-2.673609733581543
Transformer-onehot,HCDR3,R,-2.9807965755462646
Transformer-onehot,HCDR3,R,-3.904964685440063
Transformer-onehot,HCDR3,R,-3.2513949871063232
Transformer-onehot,HCDR3,R,-4.057958602905273
Transformer-onehot,HCDR3,R,-4.274226188659668
Transformer-onehot,HCDR3,R,-4.7551140785217285
Transformer-onehot,HCDR3,R,-3.0065531730651855
Transformer-onehot,HCDR3,R,-2.7174224853515625
Transformer-onehot,HCDR3,R,-2.7628061771392822
Transformer-onehot,HCDR3,R,-4.105649948120117
Transformer-onehot,HCDR3,R,-2.28909683227539
Transformer-onehot,HCDR3,R,-4.157491683959961
Transformer-onehot,HCDR3,R,-0.3137255609035492
Transformer-onehot,HCDR3,R,-3.8980441093444824
Transformer-onehot,HCDR3,R,-1.901522517204285
Transformer-onehot,HCDR3,R,-1.9964194297790527
Transformer-onehot,HCDR3,R,-4.728435516357422
Transformer-onehot,HCDR3,R,-3.1046624183654785
Transformer-onehot,HCDR3,R,-3.966104030609131
Transformer-onehot,HCDR3,R,-3.068021774291992
Transformer-onehot,HCDR3,R,-1.1068947315216064
Transformer-onehot,HCDR3,R,-0.1515941619873047
Transformer-onehot,HCDR3,R,-4.036206245422363
Transformer-onehot,HCDR3,R,-3.269669532775879
Transformer-onehot,HCDR3,R,-3.1476569175720215
Transformer-onehot,HCDR3,R,-2.542643785476685
Transformer-onehot,HCDR3,R,-0.11776864528656
Transformer-onehot,HCDR3,R,-4.9655961990356445
Transformer-onehot,HCDR3,R,-5.4339189529418945
Transformer-onehot,HCDR3,R,-3.662122011184693
Transformer-onehot,HCDR3,R,-0.9450079202651978
Transformer-onehot,HCDR3,R,-3.3187131881713867
Transformer-onehot,HCDR3,R,-2.9628167152404785
Transformer-onehot,HCDR3,R,-3.1033942699432373
Transformer-onehot,HCDR3,R,-0.8609095811843872
Transformer-onehot,HCDR3,R,-3.5482561588287354
Transformer-onehot,HCDR3,R,-2.665971040725708
Transformer-onehot,HCDR3,R,-0.6480311751365662
Transformer-onehot,HCDR3,R,-3.356630563735962
Transformer-onehot,HCDR3,R,-5.095607280731201
Transformer-onehot,HCDR3,R,-3.2528820037841797
Transformer-onehot,HCDR3,R,-2.490710735321045
Transformer-onehot,HCDR3,R,-4.217895984649658
Transformer-onehot,HCDR3,R,-3.5241637229919434
Transformer-onehot,HCDR3,R,-2.962325096130371
Transformer-onehot,HCDR3,R,-3.8713958263397217
Transformer-onehot,HCDR3,R,-2.071807384490967
Transformer-onehot,HCDR3,R,-3.7141852378845215
Transformer-onehot,HCDR3,R,-3.1290650367736816
Transformer-onehot,HCDR3,R,-4.174825191497803
Transformer-onehot,HCDR3,R,-4.19691801071167
Transformer-onehot,HCDR3,R,-1.4658327102661133
Transformer-onehot,HCDR3,R,-0.1156763732433319
Transformer-onehot,HCDR3,R,-3.057408332824707
Transformer-onehot,HCDR3,R,-0.1864966303110122
Transformer-onehot,HCDR3,R,-3.327526569366455
Transformer-onehot,HCDR3,R,-3.889700412750244
Transformer-onehot,HCDR3,R,-0.6147561073303223
Transformer-onehot,HCDR3,R,-2.213017225265503
Transformer-onehot,HCDR3,R,-2.940528154373169
Transformer-onehot,HCDR3,R,-3.2594661712646484
Transformer-onehot,HCDR3,R,-2.704185962677002
Transformer-onehot,HCDR3,R,-1.943498969078064
Transformer-onehot,HCDR3,R,-3.7726454734802246
Transformer-onehot,HCDR3,R,-3.1646788120269775
Transformer-onehot,HCDR3,R,-3.139977216720581
Transformer-onehot,HCDR3,R,-2.9197916984558105
Transformer-onehot,HCDR3,R,-3.875826120376587
Transformer-onehot,HCDR3,R,-3.341475009918213
Transformer-onehot,HCDR3,R,-1.2961417436599731
Transformer-onehot,HCDR3,R,-3.223438262939453
Transformer-onehot,HCDR3,R,-0.1214706227183342
Transformer-onehot,HCDR3,R,-3.617395639419556
Transformer-onehot,HCDR3,R,-0.8034436702728271
Transformer-onehot,HCDR3,R,-1.1676803827285769
Transformer-onehot,HCDR3,R,-4.120923042297363
Transformer-onehot,HCDR3,R,-4.522353172302246
Transformer-onehot,HCDR3,R,-4.191639423370361
Transformer-onehot,HCDR3,R,-3.419881820678711
Transformer-onehot,HCDR3,R,-3.596954345703125
Transformer-onehot,HCDR3,R,-3.842732191085815
Transformer-onehot,HCDR3,R,-1.8278381824493408
Transformer-onehot,HCDR3,R,-1.4645278453826904
Transformer-onehot,HCDR3,R,-3.621727466583252
Transformer-onehot,HCDR3,R,-4.70277738571167
Transformer-onehot,HCDR3,R,-3.180501937866211
Transformer-onehot,HCDR3,R,-3.356919288635254
Transformer-onehot,HCDR3,R,-3.7183661460876465
Transformer-onehot,HCDR3,R,-3.142947196960449
Transformer-onehot,HCDR3,R,-4.4479875564575195
Transformer-onehot,HCDR3,R,-3.492914915084839
Transformer-onehot,HCDR3,R,-3.6337649822235103
Transformer-onehot,HCDR3,R,-3.334038734436035
Transformer-onehot,HCDR3,R,-3.73651671409607
Transformer-onehot,HCDR3,R,-3.0219693183898926
Transformer-onehot,HCDR3,R,-3.5778844356536865
Transformer-onehot,HCDR3,R,-2.8861865997314453
Transformer-onehot,HCDR3,R,-3.3527331352233887
Transformer-onehot,HCDR3,R,-3.175570487976074
Transformer-onehot,HCDR3,R,-2.1974730491638184
Transformer-onehot,HCDR3,R,-3.2729010581970215
Transformer-onehot,HCDR3,R,-5.694027900695801
Transformer-onehot,HCDR3,R,-3.90399169921875
Transformer-onehot,HCDR3,R,-0.8654388189315796
Transformer-onehot,HCDR3,R,-1.8817250728607176
Transformer-onehot,HCDR3,R,-3.2378604412078857
Transformer-onehot,HCDR3,R,-3.877540111541748
Transformer-onehot,HCDR3,R,-3.44758677482605
Transformer-onehot,HCDR3,R,-4.962162971496582
Transformer-onehot,HCDR3,R,-0.9737898111343384
Transformer-onehot,HCDR3,R,-3.082483291625977
Transformer-onehot,HCDR3,R,-2.471646308898926
Transformer-onehot,HCDR3,R,-3.169077157974243
Transformer-onehot,HCDR3,R,-4.16684627532959
Transformer-onehot,HCDR3,R,-1.9434175491333008
Transformer-onehot,HCDR3,R,-0.1507997214794159
Transformer-onehot,HCDR3,R,-0.2379080951213836
Transformer-onehot,HCDR3,R,-0.989991009235382
Transformer-onehot,HCDR3,R,-0.1479587107896804
Transformer-onehot,HCDR3,R,-0.068071998655796
Transformer-onehot,HCDR3,R,-0.91932475566864
Transformer-onehot,HCDR3,R,-0.5584099888801575
Transformer-onehot,HCDR3,R,-0.0918911099433898
Transformer-onehot,HCDR3,R,-0.2602938413619995
Transformer-onehot,HCDR3,R,-0.6363351345062256
Transformer-onehot,HCDR3,R,-0.1036994233727455
Transformer-onehot,HCDR3,R,-1.3332769870758057
Transformer-onehot,HCDR3,R,-0.2036914676427841
Transformer-onehot,HCDR3,R,-0.1644754707813263
Transformer-onehot,HCDR3,R,-0.1401195079088211
Transformer-onehot,HCDR3,R,-0.0600623898208141
Transformer-onehot,HCDR3,R,-0.100125715136528
Transformer-onehot,HCDR3,R,-0.1007040441036224
Transformer-onehot,HCDR3,R,-0.8067123889923096
Transformer-onehot,HCDR3,R,-0.0642711743712425
Transformer-onehot,HCDR3,R,-0.186370387673378
Transformer-onehot,HCDR3,R,-0.0700920447707176
Transformer-onehot,HCDR3,R,-0.5150750875473022
Transformer-onehot,HCDR3,R,-0.3756418824195862
Transformer-onehot,HCDR3,R,-0.0657666400074958
Transformer-onehot,HCDR3,R,-0.1127504333853721
Transformer-onehot,HCDR3,R,-0.3228611946105957
Transformer-onehot,HCDR3,R,-0.1108201295137405
Transformer-onehot,HCDR3,R,-0.059172261506319
Transformer-onehot,HCDR3,R,-0.7678791284561157
Transformer-onehot,HCDR3,R,-0.2365420907735824
Transformer-onehot,HCDR3,R,-1.0161478519439695
Transformer-onehot,HCDR3,R,-0.7911233901977539
Transformer-onehot,HCDR3,R,-0.9740015268325806
Transformer-onehot,HCDR3,R,-0.2146981060504913
Transformer-onehot,HCDR3,R,-0.4969214200973511
Transformer-onehot,HCDR3,R,-0.0822619125247001
Transformer-onehot,HCDR3,R,-0.2652972638607025
Transformer-onehot,HCDR3,R,-0.0751682594418525
Transformer-onehot,HCDR3,R,-0.8900505304336548
Transformer-onehot,HCDR3,R,-0.2010869830846786
Transformer-onehot,HCDR3,R,-0.9377110004425048
Transformer-onehot,HCDR3,R,-0.5771971940994263
Transformer-onehot,HCDR3,R,-0.4865069985389709
Transformer-onehot,HCDR3,R,-0.0819309800863266
Transformer-onehot,HCDR3,R,-0.1831943690776825
Transformer-onehot,HCDR3,R,-0.1116247996687889
Transformer-onehot,HCDR3,R,-0.1298421621322631
Transformer-onehot,HCDR3,R,-0.1180699691176414
Transformer-onehot,HCDR3,R,-0.7654427289962769
Transformer-onehot,HCDR3,R,-0.1659827977418899
Transformer-onehot,HCDR3,R,-0.0861538723111152
Transformer-onehot,HCDR3,R,-0.1307549774646759
Transformer-onehot,HCDR3,R,-0.114523097872734
Transformer-onehot,HCDR3,R,-0.1492227166891098
Transformer-onehot,HCDR3,R,-0.1033208668231964
Transformer-onehot,HCDR3,R,-0.5267844200134277
Transformer-onehot,HCDR3,R,-0.0341665744781494
Transformer-onehot,HCDR3,R,-0.0876180380582809
Transformer-onehot,HCDR3,R,-0.4067520499229431
Transformer-onehot,HCDR3,R,-0.1066742315888404
Transformer-onehot,HCDR3,R,-0.1229581534862518
Transformer-onehot,HCDR3,R,-0.1948060989379882
Transformer-onehot,HCDR3,R,-0.2489604353904724
Transformer-onehot,HCDR3,R,-0.1328533738851547
Transformer-onehot,HCDR3,R,-0.7579310536384583
Transformer-onehot,HCDR3,R,-0.2742967903614044
Transformer-onehot,HCDR3,R,-0.6357648968696594
Transformer-onehot,HCDR3,R,-0.9057355523109436
Transformer-onehot,HCDR3,R,-1.030364990234375
Transformer-onehot,HCDR3,R,-0.1371486186981201
Transformer-onehot,HCDR3,R,-0.4612932205200195
Transformer-onehot,HCDR3,R,-0.1689942181110382
Transformer-onehot,HCDR3,R,-0.948192059993744
Transformer-onehot,HCDR3,R,-0.6090532541275024
Transformer-onehot,HCDR3,R,-0.1648440808057785
Transformer-onehot,HCDR3,R,-0.0764113217592239
Transformer-onehot,HCDR3,R,-1.2343173027038574
Transformer-onehot,HCDR3,R,-0.0963140353560447
Transformer-onehot,HCDR3,R,-0.3394879996776581
Transformer-onehot,HCDR3,R,-0.166768878698349
Transformer-onehot,HCDR3,R,-0.0891508981585502
Transformer-onehot,HCDR3,R,-1.0892561674118042
Transformer-onehot,HCDR3,R,-0.3372328877449035
Transformer-onehot,HCDR3,R,-0.081624686717987
Transformer-onehot,HCDR3,R,-0.7936580777168274
Transformer-onehot,HCDR3,R,-0.1529645770788192
Transformer-onehot,HCDR3,R,-0.0815352797508239
Transformer-onehot,HCDR3,R,-0.2759933471679687
Transformer-onehot,HCDR3,R,-0.0618027821183204
Transformer-onehot,HCDR3,R,-1.025606632232666
Transformer-onehot,HCDR3,R,-0.1409507840871811
Transformer-onehot,HCDR3,R,-0.1234646961092948
Transformer-onehot,HCDR3,R,-0.1611217111349105
Transformer-onehot,HCDR3,R,-0.6856563687324524
Transformer-onehot,HCDR3,R,-0.5202710628509521
Transformer-onehot,HCDR3,R,-0.116551399230957
Transformer-onehot,HCDR3,R,-0.9206722378730774
Transformer-onehot,HCDR3,R,-0.0742454901337623
Transformer-onehot,HCDR3,R,-0.4569783806800842
Transformer-onehot,HCDR3,R,-0.7981451749801636
Transformer-onehot,HCDR3,R,-0.0801460891962051
Transformer-onehot,HCDR3,R,-0.0818697586655616
Transformer-onehot,HCDR3,R,-0.0850451588630676
Transformer-onehot,HCDR3,R,-0.1199529021978378
Transformer-onehot,HCDR3,R,-0.8251255750656128
Transformer-onehot,HCDR3,R,-0.2329143732786178
Transformer-onehot,HCDR3,R,-0.4839832186698913
Transformer-onehot,HCDR3,R,-0.1603155583143234
Transformer-onehot,HCDR3,R,-0.1129881367087364
Transformer-onehot,HCDR3,R,-1.7985851764678955
Transformer-onehot,HCDR3,R,-0.1246743723750114
Transformer-onehot,HCDR3,R,-0.104735754430294
Transformer-onehot,HCDR3,R,-0.1504324376583099
Transformer-onehot,HCDR3,R,-0.1036417558789253
Transformer-onehot,HCDR3,R,-0.1340628117322921
Transformer-onehot,HCDR3,R,-0.1111217886209487
Transformer-onehot,HCDR3,R,0.0
Transformer-onehot,HCDR3,R,-0.6948201060295105
Transformer-onehot,HCDR3,R,-0.1299436390399933
Transformer-onehot,HCDR3,R,-0.5773453712463379
Transformer-onehot,HCDR3,R,-0.7242012023925781
Transformer-onehot,HCDR3,R,-0.1022903621196746
Transformer-onehot,HCDR3,R,-0.1855156570672989
Transformer-onehot,HCDR3,R,-0.0961021184921264
Transformer-onehot,HCDR3,R,-0.4902612566947937
Transformer-onehot,HCDR3,R,-0.1298605501651764
Transformer-onehot,HCDR3,R,-0.148031085729599
Transformer-onehot,HCDR3,R,-0.3761894702911377
Transformer-onehot,HCDR3,R,-0.1250148117542266
Transformer-onehot,HCDR3,R,-0.1572905033826828
Transformer-onehot,HCDR3,R,-0.1179949641227722
Transformer-onehot,HCDR3,R,-0.1044455915689468
Transformer-onehot,HCDR3,R,-0.9274513721466064
Transformer-onehot,HCDR3,R,-0.1835814267396927
Transformer-onehot,HCDR3,R,-0.0922873690724372
Transformer-onehot,HCDR3,R,-0.2572267055511474
Transformer-onehot,HCDR3,R,-0.0792484655976295
Transformer-onehot,HCDR3,R,-0.4735687673091888
Transformer-onehot,HCDR3,R,-0.0886593237519264
Transformer-onehot,HCDR3,R,-0.1761105507612228
Transformer-onehot,HCDR3,R,-0.2081602066755294
Transformer-onehot,HCDR3,R,-0.6467819213867188
Transformer-onehot,HCDR3,R,-0.5315953493118286
Transformer-onehot,HCDR3,R,-0.5216994881629944
Transformer-onehot,HCDR3,R,-1.0890288352966309
Transformer-onehot,HCDR3,R,-0.0654148757457733
Transformer-onehot,HCDR3,R,-0.066047266125679
Transformer-onehot,HCDR3,R,-0.1360370814800262
Transformer-onehot,HCDR3,R,-1.107163906097412
Transformer-onehot,HCDR3,R,-0.124132364988327
Transformer-onehot,HCDR3,R,-0.166323646903038
Transformer-onehot,HCDR3,R,-1.1332266330718994
Transformer-onehot,HCDR3,R,-1.0268235206604004
Transformer-onehot,HCDR3,R,-0.1481238752603531
Transformer-onehot,HCDR3,R,-0.1668497622013092
Transformer-onehot,HCDR3,R,-0.2026264071464538
Transformer-onehot,HCDR3,R,-0.19308702647686
Transformer-onehot,HCDR3,R,-0.0859797671437263
Transformer-onehot,HCDR3,R,-0.6770884990692139
Transformer-onehot,HCDR3,R,-1.3182204961776731
Transformer-onehot,HCDR3,R,-1.1347389221191406
Transformer-onehot,HCDR3,R,-0.127410277724266
Transformer-onehot,HCDR3,R,-0.1018869057297706
Transformer-onehot,HCDR3,R,-0.2510340809822082
Transformer-onehot,HCDR3,R,-0.1096339598298072
Transformer-onehot,HCDR3,R,-0.6536823511123657
Transformer-onehot,HCDR3,R,-0.1035091206431388
Transformer-onehot,HCDR3,R,-0.8968292474746704
Transformer-onehot,HCDR3,R,-0.9205316305160522
Transformer-onehot,HCDR3,R,-0.1050080358982086
Transformer-onehot,HCDR3,R,-0.1290138661861419
Transformer-onehot,HCDR3,R,-0.1225133687257766
Transformer-onehot,HCDR3,R,-0.1877343505620956
Transformer-onehot,HCDR3,R,-0.0843763127923011
Transformer-onehot,HCDR3,R,-0.2416090816259384
Transformer-onehot,HCDR3,R,-0.0967161655426025
Transformer-onehot,HCDR3,R,-0.2318897247314453
Transformer-onehot,HCDR3,R,-0.2975337207317352
Transformer-onehot,HCDR3,R,-0.1131244003772735
Transformer-onehot,HCDR3,R,-0.3623808026313782
Transformer-onehot,HCDR3,R,-0.1838179975748062
Transformer-onehot,HCDR3,R,-0.1459888070821762
Transformer-onehot,HCDR3,R,-0.2092804163694381
Transformer-onehot,HCDR3,R,-0.1669323444366455
Transformer-onehot,HCDR3,R,-0.393437772989273
Transformer-onehot,HCDR3,R,-0.0752113685011863
Transformer-onehot,HCDR3,R,-0.0906444415450096
Transformer-onehot,HCDR3,R,-0.1010026633739471
Transformer-onehot,HCDR3,R,-0.7320054173469543
Transformer-onehot,HCDR3,R,-0.107222743332386
Transformer-onehot,HCDR3,R,-0.1984658241271972
Transformer-onehot,HCDR3,R,-0.0667166784405708
Transformer-onehot,HCDR3,R,-0.1435610651969909
Transformer-onehot,HCDR3,R,-2.0056443214416504
Transformer-onehot,HCDR3,R,-0.0838558599352836
Transformer-onehot,HCDR3,R,-0.081030361354351
Transformer-onehot,HCDR3,R,-0.1217507347464561
Transformer-onehot,HCDR3,R,-0.1800017356872558
Transformer-onehot,HCDR3,R,-0.2034167349338531
Transformer-onehot,HCDR3,R,-0.9678010940551758
Transformer-onehot,HCDR3,R,-0.558792233467102
Transformer-onehot,HCDR3,R,-0.1110210940241813
Transformer-onehot,HCDR3,R,-0.3118888437747955
Transformer-onehot,HCDR3,R,-0.2253900468349456
Transformer-onehot,HCDR3,R,-1.167904496192932
Transformer-onehot,HCDR3,R,-0.2818835079669952
Transformer-onehot,HCDR3,R,-0.0762801393866539
Transformer-onehot,HCDR3,R,-0.1408407092094421
Transformer-onehot,HCDR3,R,-0.0822029858827591
Transformer-onehot,HCDR3,R,-0.1628248691558838
Transformer-onehot,HCDR3,R,-4.445312976837158
Transformer-onehot,HCDR3,R,-0.1021543592214584
Transformer-onehot,HCDR3,R,-0.1525255739688873
Transformer-onehot,HCDR3,R,-0.732434093952179
Transformer-onehot,HCDR3,R,-0.2044504433870315
Transformer-onehot,HCDR3,R,-0.209471508860588
Transformer-onehot,HCDR3,R,-0.1911996304988861
Transformer-onehot,HCDR3,R,-0.1170302927494049
Transformer-onehot,HCDR3,R,-0.3408786058425903
Transformer-onehot,HCDR3,R,-0.0789618045091629
Transformer-onehot,HCDR3,R,-0.2456210255622863
Transformer-onehot,HCDR3,R,-1.0607101917266846
Transformer-onehot,HCDR3,R,-0.1392934471368789
Transformer-onehot,HCDR3,R,-0.161061629652977
Transformer-onehot,HCDR3,R,-0.1723542809486389
Transformer-onehot,HCDR3,R,-0.1358892172574997
Transformer-onehot,HCDR3,R,-0.0907842814922332
Transformer-onehot,HCDR3,R,-0.0947958976030349
Transformer-onehot,HCDR3,R,-0.1280763000249862
Transformer-onehot,HCDR3,R,-0.2072324454784393
Transformer-onehot,HCDR3,R,-0.1846844553947448
Transformer-onehot,HCDR3,R,-0.1462850719690323
Transformer-onehot,HCDR3,R,-0.2098329365253448
Transformer-onehot,HCDR3,R,-0.1192586794495582
Transformer-onehot,HCDR3,R,-0.1091450974345207
Transformer-onehot,HCDR3,R,-0.2200896292924881
Transformer-onehot,HCDR3,R,-0.1581969559192657
Transformer-onehot,HCDR3,R,-0.1604662537574768
Transformer-onehot,HCDR3,R,-0.0763666406273841
Transformer-onehot,HCDR3,R,-0.1066106706857681
Transformer-onehot,HCDR3,R,-1.883772850036621
Transformer-onehot,HCDR3,R,-0.603553295135498
Transformer-onehot,HCDR3,R,-0.0790426209568977
Transformer-onehot,HCDR3,R,-0.0931476503610611
Transformer-onehot,HCDR3,R,-0.2264210730791092
Transformer-onehot,HCDR3,R,-0.1618094146251678
Transformer-onehot,HCDR3,R,-0.8415165543556213
Transformer-onehot,HCDR3,R,-0.0704534351825714
Transformer-onehot,HCDR3,R,-0.0873996391892433
Transformer-onehot,HCDR3,S,0.2658464908599853
Transformer-onehot,HCDR3,S,0.3721230030059814
Transformer-onehot,HCDR3,S,0.0
Transformer-onehot,HCDR3,S,0.2742581069469452
Transformer-onehot,HCDR3,S,0.0
Transformer-onehot,HCDR3,S,0.7908172607421875
Transformer-onehot,HCDR3,S,0.0
Transformer-onehot,HCDR3,S,0.237595796585083
Transformer-onehot,HCDR3,S,0.1101901903748512
Transformer-onehot,HCDR3,S,0.1667873859405517
Transformer-onehot,HCDR3,S,0.1717948019504547
Transformer-onehot,HCDR3,S,0.0389394648373127
Transformer-onehot,HCDR3,S,0.0
Transformer-onehot,HCDR3,S,0.0
Transformer-onehot,HCDR3,S,0.1727735251188278
Transformer-onehot,HCDR3,S,0.0
Transformer-onehot,HCDR3,S,0.0
Transformer-onehot,HCDR3,S,0.1875843405723571
Transformer-onehot,HCDR3,S,0.1419263333082199
Transformer-onehot,HCDR3,S,0.5781464576721191
Transformer-onehot,HCDR3,S,0.1676284819841385
Transformer-onehot,HCDR3,S,0.1450211554765701
Transformer-onehot,HCDR3,S,0.0
Transformer-onehot,HCDR3,S,0.1027467474341392
Transformer-onehot,HCDR3,S,0.2126627415418625
Transformer-onehot,HCDR3,S,0.0
Transformer-onehot,HCDR3,S,0.1188621297478675
Transformer-onehot,HCDR3,S,0.3038329184055328
Transformer-onehot,HCDR3,S,0.5297982692718506
Transformer-onehot,HCDR3,S,0.0
Transformer-onehot,HCDR3,S,0.0
Transformer-onehot,HCDR3,S,0.0
Transformer-onehot,HCDR3,S,0.0
Transformer-onehot,HCDR3,S,0.0
Transformer-onehot,HCDR3,S,0.0
Transformer-onehot,HCDR3,S,0.0951446071267128
Transformer-onehot,HCDR3,S,0.1816474050283432
Transformer-onehot,HCDR3,S,0.1520852148532867
Transformer-onehot,HCDR3,S,0.1407274156808853
Transformer-onehot,HCDR3,S,0.0
Transformer-onehot,HCDR3,S,0.0
Transformer-onehot,HCDR3,S,0.1091304570436477
Transformer-onehot,HCDR3,S,0.176540344953537
Transformer-onehot,HCDR3,S,0.0
Transformer-onehot,HCDR3,S,0.2878690958023071
Transformer-onehot,HCDR3,S,0.3307458162307739
Transformer-onehot,HCDR3,S,0.0
Transformer-onehot,HCDR3,S,0.0
Transformer-onehot,HCDR3,S,0.1605177521705627
Transformer-onehot,HCDR3,S,0.2167456895112991
Transformer-onehot,HCDR3,S,0.0
Transformer-onehot,HCDR3,S,0.0581706538796424
Transformer-onehot,HCDR3,S,0.4380015730857849
Transformer-onehot,HCDR3,S,0.2307255417108535
Transformer-onehot,HCDR3,S,0.2086005061864853
Transformer-onehot,HCDR3,S,0.4403197467327118
Transformer-onehot,HCDR3,S,0.0668574944138526
Transformer-onehot,HCDR3,S,0.1778793931007385
Transformer-onehot,HCDR3,S,0.0
Transformer-onehot,HCDR3,S,0.0
Transformer-onehot,HCDR3,S,0.0
Transformer-onehot,HCDR3,S,0.4686166644096374
Transformer-onehot,HCDR3,S,0.0
Transformer-onehot,HCDR3,S,0.0
Transformer-onehot,HCDR3,S,0.0
Transformer-onehot,HCDR3,S,0.1925815641880035
Transformer-onehot,HCDR3,S,0.0
Transformer-onehot,HCDR3,S,0.0
Transformer-onehot,HCDR3,S,0.321037232875824
Transformer-onehot,HCDR3,S,0.1634861230850219
Transformer-onehot,HCDR3,S,0.2057314217090606
Transformer-onehot,HCDR3,S,0.1711760461330413
Transformer-onehot,HCDR3,S,0.0
Transformer-onehot,HCDR3,S,0.3837840557098388
Transformer-onehot,HCDR3,S,0.0
Transformer-onehot,HCDR3,S,0.3640549778938293
Transformer-onehot,HCDR3,S,0.3382236063480377
Transformer-onehot,HCDR3,S,0.6525980234146118
Transformer-onehot,HCDR3,S,0.3822169303894043
Transformer-onehot,HCDR3,S,0.0
Transformer-onehot,HCDR3,S,0.2883626818656921
Transformer-onehot,HCDR3,S,0.0
Transformer-onehot,HCDR3,S,0.4557743668556213
Transformer-onehot,HCDR3,S,0.4006940126419067
Transformer-onehot,HCDR3,S,0.5490449070930481
Transformer-onehot,HCDR3,S,0.0
Transformer-onehot,HCDR3,S,0.1049840375781059
Transformer-onehot,HCDR3,S,0.2552101612091064
Transformer-onehot,HCDR3,S,0.0
Transformer-onehot,HCDR3,S,0.0
Transformer-onehot,HCDR3,S,0.0940402448177337
Transformer-onehot,HCDR3,S,0.0
Transformer-onehot,HCDR3,S,0.1197012439370155
Transformer-onehot,HCDR3,S,0.1074032112956047
Transformer-onehot,HCDR3,S,0.0
Transformer-onehot,HCDR3,S,0.1484069377183914
Transformer-onehot,HCDR3,S,0.2109763324260711
Transformer-onehot,HCDR3,S,0.0
Transformer-onehot,HCDR3,S,0.1693254113197326
Transformer-onehot,HCDR3,S,0.3177367746829986
Transformer-onehot,HCDR3,S,0.1247953549027443
Transformer-onehot,HCDR3,S,0.0
Transformer-onehot,HCDR3,S,0.0
Transformer-onehot,HCDR3,S,0.0
Transformer-onehot,HCDR3,S,0.7864218950271606
Transformer-onehot,HCDR3,S,0.0
Transformer-onehot,HCDR3,S,0.0
Transformer-onehot,HCDR3,S,0.0
Transformer-onehot,HCDR3,S,0.0
Transformer-onehot,HCDR3,S,0.0
Transformer-onehot,HCDR3,S,0.0615282692015171
Transformer-onehot,HCDR3,S,0.0
Transformer-onehot,HCDR3,S,0.0
Transformer-onehot,HCDR3,S,0.0
Transformer-onehot,HCDR3,S,0.4604510068893432
Transformer-onehot,HCDR3,S,0.2291578501462936
Transformer-onehot,HCDR3,S,0.0
Transformer-onehot,HCDR3,S,0.2004905641078949
Transformer-onehot,HCDR3,S,0.146561712026596
Transformer-onehot,HCDR3,S,0.0631959289312362
Transformer-onehot,HCDR3,S,0.0837241262197494
Transformer-onehot,HCDR3,S,0.5748071670532227
Transformer-onehot,HCDR3,S,0.0
Transformer-onehot,HCDR3,S,0.0
Transformer-onehot,HCDR3,S,0.1884311437606811
Transformer-onehot,HCDR3,S,0.0
Transformer-onehot,HCDR3,S,0.0
Transformer-onehot,HCDR3,S,0.0
Transformer-onehot,HCDR3,S,0.3121196627616882
Transformer-onehot,HCDR3,S,0.4309918284416199
Transformer-onehot,HCDR3,S,0.1459118872880935
Transformer-onehot,HCDR3,S,0.0
Transformer-onehot,HCDR3,S,0.0
Transformer-onehot,HCDR3,S,0.2141579240560531
Transformer-onehot,HCDR3,S,0.1116916686296463
Transformer-onehot,HCDR3,S,0.2400481402873993
Transformer-onehot,HCDR3,S,0.0
Transformer-onehot,HCDR3,S,0.2214588373899459
Transformer-onehot,HCDR3,S,0.1338184922933578
Transformer-onehot,HCDR3,S,0.0
Transformer-onehot,HCDR3,S,0.3805728852748871
Transformer-onehot,HCDR3,S,0.0
Transformer-onehot,HCDR3,S,0.3748288154602051
Transformer-onehot,HCDR3,S,0.0
Transformer-onehot,HCDR3,S,0.1240104511380195
Transformer-onehot,HCDR3,S,0.218871608376503
Transformer-onehot,HCDR3,S,0.2213818132877349
Transformer-onehot,HCDR3,S,0.0798182934522628
Transformer-onehot,HCDR3,S,0.0
Transformer-onehot,HCDR3,S,0.1791712492704391
Transformer-onehot,HCDR3,S,0.2545261681079864
Transformer-onehot,HCDR3,S,0.3759430050849914
Transformer-onehot,HCDR3,S,0.0
Transformer-onehot,HCDR3,S,0.0
Transformer-onehot,HCDR3,S,0.1371695697307586
Transformer-onehot,HCDR3,S,0.3158938884735107
Transformer-onehot,HCDR3,S,0.0389660708606243
Transformer-onehot,HCDR3,S,0.1907419115304947
Transformer-onehot,HCDR3,S,0.0
Transformer-onehot,HCDR3,S,0.0
Transformer-onehot,HCDR3,S,0.0
Transformer-onehot,HCDR3,S,0.0436331592500209
Transformer-onehot,HCDR3,S,0.4968583285808563
Transformer-onehot,HCDR3,S,0.4261603653430938
Transformer-onehot,HCDR3,S,0.4521761834621429
Transformer-onehot,HCDR3,S,0.0865022391080856
Transformer-onehot,HCDR3,S,0.111340120434761
Transformer-onehot,HCDR3,S,0.0
Transformer-onehot,HCDR3,S,0.0
Transformer-onehot,HCDR3,S,0.0
Transformer-onehot,HCDR3,S,0.0
Transformer-onehot,HCDR3,S,0.0
Transformer-onehot,HCDR3,S,0.0
Transformer-onehot,HCDR3,S,0.110824353992939
Transformer-onehot,HCDR3,S,0.0
Transformer-onehot,HCDR3,S,0.0
Transformer-onehot,HCDR3,S,0.0
Transformer-onehot,HCDR3,S,0.1128993332386016
Transformer-onehot,HCDR3,S,0.0
Transformer-onehot,HCDR3,S,0.0
Transformer-onehot,HCDR3,S,0.0
Transformer-onehot,HCDR3,S,0.1945584416389465
Transformer-onehot,HCDR3,S,0.0
Transformer-onehot,HCDR3,S,0.0
Transformer-onehot,HCDR3,S,0.0
Transformer-onehot,HCDR3,S,0.0
Transformer-onehot,HCDR3,S,0.0
Transformer-onehot,HCDR3,S,0.0258041564375162
Transformer-onehot,HCDR3,S,0.0
Transformer-onehot,HCDR3,S,0.0
Transformer-onehot,HCDR3,S,0.3613491654396057
Transformer-onehot,HCDR3,S,0.0
Transformer-onehot,HCDR3,S,0.1904215663671493
Transformer-onehot,HCDR3,S,0.0
Transformer-onehot,HCDR3,S,0.0
Transformer-onehot,HCDR3,S,0.1640859395265579
Transformer-onehot,HCDR3,S,0.5019978880882263
Transformer-onehot,HCDR3,S,0.2080256044864654
Transformer-onehot,HCDR3,S,0.0
Transformer-onehot,HCDR3,S,0.0
Transformer-onehot,HCDR3,S,0.0
Transformer-onehot,HCDR3,S,0.4705952703952789
Transformer-onehot,HCDR3,S,0.0
Transformer-onehot,HCDR3,S,0.0
Transformer-onehot,HCDR3,S,0.0
Transformer-onehot,HCDR3,S,0.1730634868144989
Transformer-onehot,HCDR3,S,0.0
Transformer-onehot,HCDR3,S,0.1412808746099472
Transformer-onehot,HCDR3,S,0.094239741563797
Transformer-onehot,HCDR3,S,0.0859850868582725
Transformer-onehot,HCDR3,S,0.0
Transformer-onehot,HCDR3,S,0.184276282787323
Transformer-onehot,HCDR3,S,0.0
Transformer-onehot,HCDR3,S,0.0
Transformer-onehot,HCDR3,S,0.3275388479232788
Transformer-onehot,HCDR3,S,0.1882296651601791
Transformer-onehot,HCDR3,S,0.1862498968839645
Transformer-onehot,HCDR3,S,0.0
Transformer-onehot,HCDR3,S,0.190010979771614
Transformer-onehot,HCDR3,S,0.0
Transformer-onehot,HCDR3,S,0.2695370614528656
Transformer-onehot,HCDR3,S,0.0
Transformer-onehot,HCDR3,S,0.2448740005493164
Transformer-onehot,HCDR3,S,0.0
Transformer-onehot,HCDR3,S,0.5650431513786316
Transformer-onehot,HCDR3,S,0.2547647058963775
Transformer-onehot,HCDR3,S,0.2454804927110672
Transformer-onehot,HCDR3,S,0.2008635401725769
Transformer-onehot,HCDR3,S,0.1565171927213668
Transformer-onehot,HCDR3,S,0.0
Transformer-onehot,HCDR3,S,0.2963797450065613
Transformer-onehot,HCDR3,S,0.1336008012294769
Transformer-onehot,HCDR3,S,0.0
Transformer-onehot,HCDR3,S,0.0
Transformer-onehot,HCDR3,S,0.0
Transformer-onehot,HCDR3,S,0.1841238737106323
Transformer-onehot,HCDR3,S,0.2427702397108078
Transformer-onehot,HCDR3,S,0.0
Transformer-onehot,HCDR3,S,0.1572289168834686
Transformer-onehot,HCDR3,S,0.0950766578316688
Transformer-onehot,HCDR3,S,0.3828404545783996
Transformer-onehot,HCDR3,S,0.2413063198328018
Transformer-onehot,HCDR3,S,0.1942431032657623
Transformer-onehot,HCDR3,S,0.4293426275253296
Transformer-onehot,HCDR3,S,0.0813973620533943
Transformer-onehot,HCDR3,S,0.1795814484357834
Transformer-onehot,HCDR3,S,0.1208234131336212
Transformer-onehot,HCDR3,S,0.0
Transformer-onehot,HCDR3,S,0.4101556539535522
Transformer-onehot,HCDR3,S,0.0
Transformer-onehot,HCDR3,S,0.0
Transformer-onehot,HCDR3,S,0.0324086472392082
Transformer-onehot,HCDR3,S,0.0
Transformer-onehot,HCDR3,S,0.0975782796740531
Transformer-onehot,HCDR3,S,0.0
Transformer-onehot,HCDR3,S,0.2234814316034317
Transformer-onehot,HCDR3,S,0.0683936327695846
Transformer-onehot,HCDR3,S,0.0291918683797121
Transformer-onehot,HCDR3,S,0.0
Transformer-onehot,HCDR3,S,0.1194028779864311
Transformer-onehot,HCDR3,S,0.0667630583047866
Transformer-onehot,HCDR3,S,0.1701996922492981
Transformer-onehot,HCDR3,S,0.060855533927679
Transformer-onehot,HCDR3,S,0.0
Transformer-onehot,HCDR3,S,0.0
Transformer-onehot,HCDR3,S,0.0176809690892696
Transformer-onehot,HCDR3,S,0.0
Transformer-onehot,HCDR3,S,0.0
Transformer-onehot,HCDR3,S,0.0
Transformer-onehot,HCDR3,S,0.0330166704952716
Transformer-onehot,HCDR3,S,0.0
Transformer-onehot,HCDR3,S,0.0223918128758668
Transformer-onehot,HCDR3,S,0.0
Transformer-onehot,HCDR3,S,0.0
Transformer-onehot,HCDR3,S,0.0298519004136323
Transformer-onehot,HCDR3,S,0.0499928928911685
Transformer-onehot,HCDR3,S,0.0
Transformer-onehot,HCDR3,S,0.0
Transformer-onehot,HCDR3,S,0.0171426218003034
Transformer-onehot,HCDR3,S,0.0
Transformer-onehot,HCDR3,S,0.1354305297136306
Transformer-onehot,HCDR3,S,0.0
Transformer-onehot,HCDR3,S,0.2358963787555694
Transformer-onehot,HCDR3,S,0.1016098335385322
Transformer-onehot,HCDR3,S,0.0
Transformer-onehot,HCDR3,S,0.0
Transformer-onehot,HCDR3,S,0.0
Transformer-onehot,HCDR3,S,0.0548124983906745
Transformer-onehot,HCDR3,S,0.0267774667590856
Transformer-onehot,HCDR3,S,0.11795224994421
Transformer-onehot,HCDR3,S,0.0655692145228385
Transformer-onehot,HCDR3,S,0.0
Transformer-onehot,HCDR3,S,0.0
Transformer-onehot,HCDR3,S,0.0491202846169471
Transformer-onehot,HCDR3,S,0.0
Transformer-onehot,HCDR3,S,0.1280097663402557
Transformer-onehot,HCDR3,S,0.0811844989657402
Transformer-onehot,HCDR3,S,0.0897663831710815
Transformer-onehot,HCDR3,S,0.1020951196551323
Transformer-onehot,HCDR3,S,0.0
Transformer-onehot,HCDR3,S,0.0
Transformer-onehot,HCDR3,S,0.0
Transformer-onehot,HCDR3,S,0.0
Transformer-onehot,HCDR3,S,0.0452867224812507
Transformer-onehot,HCDR3,S,0.0341569557785987
Transformer-onehot,HCDR3,S,0.036443006247282
Transformer-onehot,HCDR3,S,0.0
Transformer-onehot,HCDR3,S,0.0
Transformer-onehot,HCDR3,S,0.0
Transformer-onehot,HCDR3,S,0.0
Transformer-onehot,HCDR3,S,0.0260282810777425
Transformer-onehot,HCDR3,S,0.0309910718351602
Transformer-onehot,HCDR3,S,0.1246752887964248
Transformer-onehot,HCDR3,S,0.0745403468608856
Transformer-onehot,HCDR3,S,0.0391045920550823
Transformer-onehot,HCDR3,S,0.0682161226868629
Transformer-onehot,HCDR3,S,0.1056132689118385
Transformer-onehot,HCDR3,S,0.1225351467728614
Transformer-onehot,HCDR3,S,0.1985461860895156
Transformer-onehot,HCDR3,S,0.2402670085430145
Transformer-onehot,HCDR3,S,0.0607548877596855
Transformer-onehot,HCDR3,S,0.0
Transformer-onehot,HCDR3,S,0.0542152263224124
Transformer-onehot,HCDR3,S,0.1554227322340011
Transformer-onehot,HCDR3,S,0.0496730618178844
Transformer-onehot,HCDR3,S,0.0
Transformer-onehot,HCDR3,S,0.0
Transformer-onehot,HCDR3,S,0.0
Transformer-onehot,HCDR3,S,0.0249542854726314
Transformer-onehot,HCDR3,S,0.0
Transformer-onehot,HCDR3,S,0.0452675074338912
Transformer-onehot,HCDR3,S,0.0
Transformer-onehot,HCDR3,S,0.1011998280882835
Transformer-onehot,HCDR3,S,0.0
Transformer-onehot,HCDR3,S,0.0446454025804996
Transformer-onehot,HCDR3,S,0.1168930232524871
Transformer-onehot,HCDR3,S,0.0
Transformer-onehot,HCDR3,S,0.0258825607597827
Transformer-onehot,HCDR3,S,0.0
Transformer-onehot,HCDR3,S,0.0
Transformer-onehot,HCDR3,S,0.0
Transformer-onehot,HCDR3,S,0.0530013442039489
Transformer-onehot,HCDR3,S,0.0555440932512283
Transformer-onehot,HCDR3,S,0.0484067313373088
Transformer-onehot,HCDR3,S,0.1564900577068328
Transformer-onehot,HCDR3,S,0.0
Transformer-onehot,HCDR3,S,0.0
Transformer-onehot,HCDR3,S,0.0830820500850677
Transformer-onehot,HCDR3,S,0.0
Transformer-onehot,HCDR3,S,0.0
Transformer-onehot,HCDR3,S,0.0
Transformer-onehot,HCDR3,S,0.0
Transformer-onehot,HCDR3,S,0.0
Transformer-onehot,HCDR3,S,0.0
Transformer-onehot,HCDR3,S,0.0490711070597171
Transformer-onehot,HCDR3,S,0.1176502555608749
Transformer-onehot,HCDR3,S,0.0
Transformer-onehot,HCDR3,S,0.1297765672206878
Transformer-onehot,HCDR3,S,0.1968152225017547
Transformer-onehot,HCDR3,S,0.0
Transformer-onehot,HCDR3,S,0.0
Transformer-onehot,HCDR3,S,0.0
Transformer-onehot,HCDR3,S,0.0
Transformer-onehot,HCDR3,S,0.0863946378231048
Transformer-onehot,HCDR3,S,0.0680344998836517
Transformer-onehot,HCDR3,S,0.0529432892799377
Transformer-onehot,HCDR3,S,0.0
Transformer-onehot,HCDR3,S,0.0
Transformer-onehot,HCDR3,S,0.1684448421001434
Transformer-onehot,HCDR3,S,0.0418706163763999
Transformer-onehot,HCDR3,S,0.0
Transformer-onehot,HCDR3,S,0.1366226226091385
Transformer-onehot,HCDR3,S,0.0
Transformer-onehot,HCDR3,S,0.0
Transformer-onehot,HCDR3,S,0.0
Transformer-onehot,HCDR3,S,0.0561680868268013
Transformer-onehot,HCDR3,S,0.0
Transformer-onehot,HCDR3,S,0.0
Transformer-onehot,HCDR3,S,0.0
Transformer-onehot,HCDR3,S,0.0
Transformer-onehot,HCDR3,S,0.0
Transformer-onehot,HCDR3,S,0.0
Transformer-onehot,HCDR3,S,0.0
Transformer-onehot,HCDR3,S,0.0
Transformer-onehot,HCDR3,S,0.0741676613688469
Transformer-onehot,HCDR3,S,0.0222895015031099
Transformer-onehot,HCDR3,S,0.0
Transformer-onehot,HCDR3,S,0.0
Transformer-onehot,HCDR3,S,0.0
Transformer-onehot,HCDR3,S,0.0
Transformer-onehot,HCDR3,S,0.0592678040266037
Transformer-onehot,HCDR3,S,0.0
Transformer-onehot,HCDR3,S,0.1182985603809356
Transformer-onehot,HCDR3,S,0.0
Transformer-onehot,HCDR3,S,0.0688559487462043
Transformer-onehot,HCDR3,S,0.12836354970932
Transformer-onehot,HCDR3,S,0.0
Transformer-onehot,HCDR3,S,0.0247008427977561
Transformer-onehot,HCDR3,S,0.0608392283320426
Transformer-onehot,HCDR3,S,0.2998466491699219
Transformer-onehot,HCDR3,S,0.0389708690345287
Transformer-onehot,HCDR3,S,0.0
Transformer-onehot,HCDR3,S,0.0968867540359497
Transformer-onehot,HCDR3,S,0.0
Transformer-onehot,HCDR3,S,0.0
Transformer-onehot,HCDR3,S,0.0946348011493682
Transformer-onehot,HCDR3,S,0.0536120422184467
Transformer-onehot,HCDR3,S,0.0461218357086181
Transformer-onehot,HCDR3,S,0.0
Transformer-onehot,HCDR3,S,0.2259321212768554
Transformer-onehot,HCDR3,S,0.0
Transformer-onehot,HCDR3,S,0.0
Transformer-onehot,HCDR3,S,0.0983853712677955
Transformer-onehot,HCDR3,S,0.0
Transformer-onehot,HCDR3,S,0.0229798033833503
Transformer-onehot,HCDR3,S,0.0
Transformer-onehot,HCDR3,S,0.0
Transformer-onehot,HCDR3,S,0.0468615479767322
Transformer-onehot,HCDR3,S,0.1182313486933708
Transformer-onehot,HCDR3,S,0.0985828563570976
Transformer-onehot,HCDR3,S,0.0727668106555938
Transformer-onehot,HCDR3,S,0.0576353259384632
Transformer-onehot,HCDR3,S,0.0
Transformer-onehot,HCDR3,S,0.0
Transformer-onehot,HCDR3,S,0.0535224303603172
Transformer-onehot,HCDR3,S,0.138218492269516
Transformer-onehot,HCDR3,S,0.0
Transformer-onehot,HCDR3,S,0.1436691731214523
Transformer-onehot,HCDR3,S,0.0864385440945625
Transformer-onehot,HCDR3,S,0.0
Transformer-onehot,HCDR3,S,0.0
Transformer-onehot,HCDR3,S,0.0
Transformer-onehot,HCDR3,S,0.1368955671787262
Transformer-onehot,HCDR3,S,0.1228801012039184
Transformer-onehot,HCDR3,S,0.0478482693433761
Transformer-onehot,HCDR3,S,0.0
Transformer-onehot,HCDR3,S,0.0
Transformer-onehot,HCDR3,S,0.0307534486055374
Transformer-onehot,HCDR3,S,0.0
Transformer-onehot,HCDR3,S,0.1637752652168274
Transformer-onehot,HCDR3,S,0.0283296350389719
Transformer-onehot,HCDR3,S,0.0
Transformer-onehot,HCDR3,S,0.0
Transformer-onehot,HCDR3,S,0.0
Transformer-onehot,HCDR3,S,0.1695648431777954
Transformer-onehot,HCDR3,S,0.0
Transformer-onehot,HCDR3,S,0.0
Transformer-onehot,HCDR3,S,0.0
Transformer-onehot,HCDR3,S,0.0
Transformer-onehot,HCDR3,S,0.074317418038845
Transformer-onehot,HCDR3,S,0.1920002698898315
Transformer-onehot,HCDR3,S,0.0
Transformer-onehot,HCDR3,S,0.0
Transformer-onehot,HCDR3,S,0.0468382611870765
Transformer-onehot,HCDR3,S,0.077813059091568
Transformer-onehot,HCDR3,S,0.0
Transformer-onehot,HCDR3,S,0.0
Transformer-onehot,HCDR3,S,0.0
Transformer-onehot,HCDR3,S,0.0
Transformer-onehot,HCDR3,S,0.0
Transformer-onehot,HCDR3,S,0.0991835445165634
Transformer-onehot,HCDR3,S,0.181526243686676
Transformer-onehot,HCDR3,S,0.0
Transformer-onehot,HCDR3,S,0.0
Transformer-onehot,HCDR3,S,0.0
Transformer-onehot,HCDR3,S,0.0
Transformer-onehot,HCDR3,S,0.0798180401325225
Transformer-onehot,HCDR3,S,0.0
Transformer-onehot,HCDR3,S,0.0
Transformer-onehot,HCDR3,S,0.0
Transformer-onehot,HCDR3,S,0.0
Transformer-onehot,HCDR3,S,0.0684856176376342
Transformer-onehot,HCDR3,S,0.1183531284332275
Transformer-onehot,HCDR3,S,0.0
Transformer-onehot,HCDR3,S,0.0
Transformer-onehot,HCDR3,S,0.0
Transformer-onehot,HCDR3,S,0.0
Transformer-onehot,HCDR3,S,0.0304935630410909
Transformer-onehot,HCDR3,S,0.0
Transformer-onehot,HCDR3,S,0.0432704165577888
Transformer-onehot,HCDR3,S,0.1777968406677246
Transformer-onehot,HCDR3,S,0.0588684976100921
Transformer-onehot,HCDR3,S,0.0
Transformer-onehot,HCDR3,S,0.0
Transformer-onehot,HCDR3,S,0.0
Transformer-onehot,HCDR3,S,0.0364349596202373
Transformer-onehot,HCDR3,S,0.0606896504759788
Transformer-onehot,HCDR3,S,0.0
Transformer-onehot,HCDR3,S,0.1004280224442482
Transformer-onehot,HCDR3,S,0.0
Transformer-onehot,HCDR3,S,0.0325829274952411
Transformer-onehot,HCDR3,S,0.1637276262044906
Transformer-onehot,HCDR3,S,0.071299135684967
Transformer-onehot,HCDR3,S,0.0236541628837585
Transformer-onehot,HCDR3,S,0.0787249729037284
Transformer-onehot,HCDR3,S,0.0
Transformer-onehot,HCDR3,S,0.0652157738804817
Transformer-onehot,HCDR3,S,0.0
Transformer-onehot,HCDR3,S,0.0277623049914836
Transformer-onehot,HCDR3,S,0.0325083099305629
Transformer-onehot,HCDR3,T,0.0
Transformer-onehot,HCDR3,T,0.0854814350605011
Transformer-onehot,HCDR3,T,0.0
Transformer-onehot,HCDR3,T,0.0660168230533599
Transformer-onehot,HCDR3,T,0.0
Transformer-onehot,HCDR3,T,0.0
Transformer-onehot,HCDR3,T,0.0198088660836219
Transformer-onehot,HCDR3,T,0.0
Transformer-onehot,HCDR3,T,0.0103557864204049
Transformer-onehot,HCDR3,T,0.075057104229927
Transformer-onehot,HCDR3,T,0.0
Transformer-onehot,HCDR3,T,0.0
Transformer-onehot,HCDR3,T,0.1600654274225235
Transformer-onehot,HCDR3,T,0.2606317698955536
Transformer-onehot,HCDR3,T,0.0
Transformer-onehot,HCDR3,T,0.0
Transformer-onehot,HCDR3,T,0.0
Transformer-onehot,HCDR3,T,0.0120644913986325
Transformer-onehot,HCDR3,T,0.0
Transformer-onehot,HCDR3,T,0.0
Transformer-onehot,HCDR3,T,0.0
Transformer-onehot,HCDR3,T,0.0
Transformer-onehot,HCDR3,T,0.0
Transformer-onehot,HCDR3,T,0.0
Transformer-onehot,HCDR3,T,0.0
Transformer-onehot,HCDR3,T,0.062781237065792
Transformer-onehot,HCDR3,T,0.0112106977030634
Transformer-onehot,HCDR3,T,0.0
Transformer-onehot,HCDR3,T,0.0
Transformer-onehot,HCDR3,T,0.0
Transformer-onehot,HCDR3,T,0.0
Transformer-onehot,HCDR3,T,0.0664880573749542
Transformer-onehot,HCDR3,T,0.0
Transformer-onehot,HCDR3,T,0.0
Transformer-onehot,HCDR3,T,0.181323304772377
Transformer-onehot,HCDR3,T,0.0
Transformer-onehot,HCDR3,T,0.0
Transformer-onehot,HCDR3,T,0.0
Transformer-onehot,HCDR3,T,0.0815706625580787
Transformer-onehot,HCDR3,T,0.0
Transformer-onehot,HCDR3,T,0.0132891051471233
Transformer-onehot,HCDR3,T,0.0
Transformer-onehot,HCDR3,T,0.0
Transformer-onehot,HCDR3,T,0.0
Transformer-onehot,HCDR3,T,0.0
Transformer-onehot,HCDR3,T,0.0
Transformer-onehot,HCDR3,T,0.0518072172999382
Transformer-onehot,HCDR3,T,0.0
Transformer-onehot,HCDR3,T,0.0770874843001365
Transformer-onehot,HCDR3,T,0.0
Transformer-onehot,HCDR3,T,0.0
Transformer-onehot,HCDR3,T,0.0030994254630059
Transformer-onehot,HCDR3,T,0.0
Transformer-onehot,HCDR3,T,0.0
Transformer-onehot,HCDR3,T,0.2051828801631927
Transformer-onehot,HCDR3,T,0.1478935480117797
Transformer-onehot,HCDR3,T,0.0200519617646932
Transformer-onehot,HCDR3,T,0.0644289627671241
Transformer-onehot,HCDR3,T,0.0
Transformer-onehot,HCDR3,T,0.0
Transformer-onehot,HCDR3,T,0.0
Transformer-onehot,HCDR3,T,0.0
Transformer-onehot,HCDR3,T,0.0
Transformer-onehot,HCDR3,T,0.13285593688488
Transformer-onehot,HCDR3,T,0.0
Transformer-onehot,HCDR3,T,0.0
Transformer-onehot,HCDR3,T,0.0
Transformer-onehot,HCDR3,T,0.0
Transformer-onehot,HCDR3,T,0.0
Transformer-onehot,HCDR3,T,0.0
Transformer-onehot,HCDR3,T,0.0
Transformer-onehot,HCDR3,T,0.0301893409341573
Transformer-onehot,HCDR3,T,0.0
Transformer-onehot,HCDR3,T,0.0
Transformer-onehot,HCDR3,T,0.0
Transformer-onehot,HCDR3,T,0.0
Transformer-onehot,HCDR3,T,0.0
Transformer-onehot,HCDR3,T,0.0
Transformer-onehot,HCDR3,T,0.1063191592693328
Transformer-onehot,HCDR3,T,0.0
Transformer-onehot,HCDR3,T,0.0
Transformer-onehot,HCDR3,T,0.0
Transformer-onehot,HCDR3,T,0.0
Transformer-onehot,HCDR3,T,0.0
Transformer-onehot,HCDR3,T,0.0
Transformer-onehot,HCDR3,T,0.0583690144121646
Transformer-onehot,HCDR3,T,0.0
Transformer-onehot,HCDR3,T,0.0
Transformer-onehot,HCDR3,T,0.0
Transformer-onehot,HCDR3,T,0.0
Transformer-onehot,HCDR3,T,0.0
Transformer-onehot,HCDR3,T,0.0
Transformer-onehot,HCDR3,T,0.0
Transformer-onehot,HCDR3,T,0.0
Transformer-onehot,HCDR3,T,0.1026795729994773
Transformer-onehot,HCDR3,T,0.0638631284236908
Transformer-onehot,HCDR3,T,0.0
Transformer-onehot,HCDR3,T,0.0
Transformer-onehot,HCDR3,T,0.0
Transformer-onehot,HCDR3,T,0.0725115910172462
Transformer-onehot,HCDR3,T,0.0635566860437393
Transformer-onehot,HCDR3,T,0.1903181672096252
Transformer-onehot,HCDR3,T,0.0
Transformer-onehot,HCDR3,T,0.0248664990067482
Transformer-onehot,HCDR3,T,0.0
Transformer-onehot,HCDR3,T,0.0
Transformer-onehot,HCDR3,T,0.0
Transformer-onehot,HCDR3,T,0.2401159852743148
Transformer-onehot,HCDR3,T,0.0
Transformer-onehot,HCDR3,T,0.0
Transformer-onehot,HCDR3,T,0.0
Transformer-onehot,HCDR3,T,0.0312522426247596
Transformer-onehot,HCDR3,T,0.0
Transformer-onehot,HCDR3,T,0.0
Transformer-onehot,HCDR3,T,0.0
Transformer-onehot,HCDR3,T,0.0
Transformer-onehot,HCDR3,T,0.0
Transformer-onehot,HCDR3,T,0.0
Transformer-onehot,HCDR3,T,0.0
Transformer-onehot,HCDR3,T,0.0541535019874572
Transformer-onehot,HCDR3,T,0.009354499168694
Transformer-onehot,HCDR3,T,0.0
Transformer-onehot,HCDR3,T,0.0
Transformer-onehot,HCDR3,T,0.0
Transformer-onehot,HCDR3,T,0.0
Transformer-onehot,HCDR3,T,0.0
Transformer-onehot,HCDR3,T,0.0
Transformer-onehot,HCDR3,T,0.0
Transformer-onehot,HCDR3,T,0.172169342637062
Transformer-onehot,HCDR3,T,0.0
Transformer-onehot,HCDR3,T,0.0
Transformer-onehot,HCDR3,T,0.0
Transformer-onehot,HCDR3,T,0.0
Transformer-onehot,HCDR3,T,0.0
Transformer-onehot,HCDR3,T,0.0
Transformer-onehot,HCDR3,T,0.1160192787647247
Transformer-onehot,HCDR3,T,0.0092541668564081
Transformer-onehot,HCDR3,T,0.2087245136499405
Transformer-onehot,HCDR3,T,0.0
Transformer-onehot,HCDR3,T,0.1283708363771438
Transformer-onehot,HCDR3,T,0.0
Transformer-onehot,HCDR3,T,0.0
Transformer-onehot,HCDR3,T,0.0562371835112571
Transformer-onehot,HCDR3,T,0.0
Transformer-onehot,HCDR3,T,0.1457341313362121
Transformer-onehot,HCDR3,T,0.0
Transformer-onehot,HCDR3,T,0.0
Transformer-onehot,HCDR3,T,0.0
Transformer-onehot,HCDR3,T,0.0850012302398681
Transformer-onehot,HCDR3,T,0.0
Transformer-onehot,HCDR3,T,0.0
Transformer-onehot,HCDR3,T,0.0
Transformer-onehot,HCDR3,T,0.0
Transformer-onehot,HCDR3,T,0.0
Transformer-onehot,HCDR3,T,0.1137625351548194
Transformer-onehot,HCDR3,T,0.0
Transformer-onehot,HCDR3,T,0.0329313762485981
Transformer-onehot,HCDR3,T,0.0
Transformer-onehot,HCDR3,T,0.0
Transformer-onehot,HCDR3,T,0.0
Transformer-onehot,HCDR3,T,0.0
Transformer-onehot,HCDR3,T,0.0
Transformer-onehot,HCDR3,T,0.2156654745340347
Transformer-onehot,HCDR3,T,0.0
Transformer-onehot,HCDR3,T,0.0
Transformer-onehot,HCDR3,T,0.0
Transformer-onehot,HCDR3,T,0.0
Transformer-onehot,HCDR3,T,0.0
Transformer-onehot,HCDR3,T,0.1925602257251739
Transformer-onehot,HCDR3,T,0.0
Transformer-onehot,HCDR3,T,0.0756141617894172
Transformer-onehot,HCDR3,T,0.0
Transformer-onehot,HCDR3,T,0.0
Transformer-onehot,HCDR3,T,0.0188100356608629
Transformer-onehot,HCDR3,T,0.0
Transformer-onehot,HCDR3,T,0.0
Transformer-onehot,HCDR3,T,0.1964168399572372
Transformer-onehot,HCDR3,T,0.0
Transformer-onehot,HCDR3,T,0.0450977534055709
Transformer-onehot,HCDR3,T,0.0
Transformer-onehot,HCDR3,T,0.1602146029472351
Transformer-onehot,HCDR3,T,0.0265537891536951
Transformer-onehot,HCDR3,T,0.1042772307991981
Transformer-onehot,HCDR3,T,0.0
Transformer-onehot,HCDR3,T,0.0
Transformer-onehot,HCDR3,T,0.0
Transformer-onehot,HCDR3,T,0.0905675962567329
Transformer-onehot,HCDR3,T,0.0139361312612891
Transformer-onehot,HCDR3,T,0.0
Transformer-onehot,HCDR3,T,0.0
Transformer-onehot,HCDR3,T,0.0
Transformer-onehot,HCDR3,T,0.0
Transformer-onehot,HCDR3,T,0.0
Transformer-onehot,HCDR3,T,0.0
Transformer-onehot,HCDR3,T,0.0
Transformer-onehot,HCDR3,T,0.0
Transformer-onehot,HCDR3,T,0.0
Transformer-onehot,HCDR3,T,0.0
Transformer-onehot,HCDR3,T,0.0
Transformer-onehot,HCDR3,T,0.0724759623408317
Transformer-onehot,HCDR3,T,0.0
Transformer-onehot,HCDR3,T,0.0
Transformer-onehot,HCDR3,T,0.0
Transformer-onehot,HCDR3,T,0.142502099275589
Transformer-onehot,HCDR3,T,0.0446786507964134
Transformer-onehot,HCDR3,T,0.0
Transformer-onehot,HCDR3,T,0.0226090140640735
Transformer-onehot,HCDR3,T,0.0
Transformer-onehot,HCDR3,T,0.0
Transformer-onehot,HCDR3,T,0.0
Transformer-onehot,HCDR3,T,0.0
Transformer-onehot,HCDR3,T,0.0
Transformer-onehot,HCDR3,T,0.0
Transformer-onehot,HCDR3,T,0.0099936360493302
Transformer-onehot,HCDR3,T,0.0583785362541675
Transformer-onehot,HCDR3,T,0.0
Transformer-onehot,HCDR3,T,0.0674252361059188
Transformer-onehot,HCDR3,T,0.0410309210419654
Transformer-onehot,HCDR3,T,0.0
Transformer-onehot,HCDR3,T,0.0
Transformer-onehot,HCDR3,T,0.0
Transformer-onehot,HCDR3,T,0.0
Transformer-onehot,HCDR3,T,0.0
Transformer-onehot,HCDR3,T,0.0
Transformer-onehot,HCDR3,T,0.0
Transformer-onehot,HCDR3,T,0.0
Transformer-onehot,HCDR3,T,0.0
Transformer-onehot,HCDR3,T,0.0
Transformer-onehot,HCDR3,T,0.0
Transformer-onehot,HCDR3,T,0.0190535504370927
Transformer-onehot,HCDR3,T,0.0
Transformer-onehot,HCDR3,T,0.0
Transformer-onehot,HCDR3,T,0.0
Transformer-onehot,HCDR3,T,0.0
Transformer-onehot,HCDR3,T,0.1228144019842147
Transformer-onehot,HCDR3,T,0.0
Transformer-onehot,HCDR3,T,0.0
Transformer-onehot,HCDR3,T,0.1483801901340484
Transformer-onehot,HCDR3,T,0.0077832979150116
Transformer-onehot,HCDR3,T,0.0332796908915042
Transformer-onehot,HCDR3,T,0.2855308651924133
Transformer-onehot,HCDR3,T,0.1199460923671722
Transformer-onehot,HCDR3,T,0.1745791882276535
Transformer-onehot,HCDR3,T,0.0
Transformer-onehot,HCDR3,T,0.1798038482666015
Transformer-onehot,HCDR3,T,0.0
Transformer-onehot,HCDR3,T,0.0599659085273742
Transformer-onehot,HCDR3,T,0.1911008059978485
Transformer-onehot,HCDR3,T,0.1683284193277359
Transformer-onehot,HCDR3,T,0.0
Transformer-onehot,HCDR3,T,0.0262587014585733
Transformer-onehot,HCDR3,T,0.0
Transformer-onehot,HCDR3,T,0.0
Transformer-onehot,HCDR3,T,0.0
Transformer-onehot,HCDR3,T,0.0375774763524532
Transformer-onehot,HCDR3,T,0.0553646869957447
Transformer-onehot,HCDR3,T,0.0
Transformer-onehot,HCDR3,T,0.0
Transformer-onehot,HCDR3,T,0.0
Transformer-onehot,HCDR3,T,0.0
Transformer-onehot,HCDR3,T,0.0
Transformer-onehot,HCDR3,T,0.0
Transformer-onehot,HCDR3,T,0.0
Transformer-onehot,HCDR3,T,0.0
Transformer-onehot,HCDR3,T,0.0
Transformer-onehot,HCDR3,T,0.0
Transformer-onehot,HCDR3,T,0.0
Transformer-onehot,HCDR3,T,0.0216461829841136
Transformer-onehot,HCDR3,T,0.0
Transformer-onehot,HCDR3,T,0.0012117105070501
Transformer-onehot,HCDR3,T,0.0
Transformer-onehot,HCDR3,T,0.0
Transformer-onehot,HCDR3,T,0.0477881878614425
Transformer-onehot,HCDR3,T,0.0007629455649293
Transformer-onehot,HCDR3,T,0.0
Transformer-onehot,HCDR3,T,0.0
Transformer-onehot,HCDR3,T,0.0
Transformer-onehot,HCDR3,T,0.0
Transformer-onehot,HCDR3,T,0.0
Transformer-onehot,HCDR3,T,0.0
Transformer-onehot,HCDR3,T,0.018715376034379
Transformer-onehot,HCDR3,T,0.0694461539387703
Transformer-onehot,HCDR3,T,0.0712568908929824
Transformer-onehot,HCDR3,T,0.0537772588431835
Transformer-onehot,HCDR3,T,0.0
Transformer-onehot,HCDR3,T,0.0
Transformer-onehot,HCDR3,T,0.0
Transformer-onehot,HCDR3,T,0.0156354811042547
Transformer-onehot,HCDR3,T,0.0
Transformer-onehot,HCDR3,T,0.0745966807007789
Transformer-onehot,HCDR3,T,0.0
Transformer-onehot,HCDR3,T,0.0325598642230033
Transformer-onehot,HCDR3,T,0.0
Transformer-onehot,HCDR3,T,0.0
Transformer-onehot,HCDR3,T,0.0
Transformer-onehot,HCDR3,T,0.0
Transformer-onehot,HCDR3,T,0.0
Transformer-onehot,HCDR3,T,0.0
Transformer-onehot,HCDR3,T,0.0
Transformer-onehot,HCDR3,T,0.1271672844886779
Transformer-onehot,HCDR3,T,0.0
Transformer-onehot,HCDR3,T,0.0146099431440234
Transformer-onehot,HCDR3,T,0.0018867469625547
Transformer-onehot,HCDR3,T,0.0
Transformer-onehot,HCDR3,T,0.0
Transformer-onehot,HCDR3,T,0.0198661722242832
Transformer-onehot,HCDR3,T,0.0711824223399162
Transformer-onehot,HCDR3,T,0.0
Transformer-onehot,HCDR3,T,0.0
Transformer-onehot,HCDR3,T,0.0
Transformer-onehot,HCDR3,T,0.0
Transformer-onehot,HCDR3,T,0.0012676932383328
Transformer-onehot,HCDR3,T,0.0
Transformer-onehot,HCDR3,T,0.0
Transformer-onehot,HCDR3,T,0.0
Transformer-onehot,HCDR3,T,0.0609495900571346
Transformer-onehot,HCDR3,T,0.0
Transformer-onehot,HCDR3,T,0.0
Transformer-onehot,HCDR3,T,0.0
Transformer-onehot,HCDR3,T,0.0
Transformer-onehot,HCDR3,T,0.024109698832035
Transformer-onehot,HCDR3,T,0.0
Transformer-onehot,HCDR3,T,0.0326467715203762
Transformer-onehot,HCDR3,T,0.0
Transformer-onehot,HCDR3,T,0.0194104053080081
Transformer-onehot,HCDR3,T,0.0568280667066574
Transformer-onehot,HCDR3,T,0.0
Transformer-onehot,HCDR3,T,0.0
Transformer-onehot,HCDR3,T,0.0171841233968734
Transformer-onehot,HCDR3,T,0.0
Transformer-onehot,HCDR3,T,0.042382538318634
Transformer-onehot,HCDR3,T,0.0
Transformer-onehot,HCDR3,T,0.083268903195858
Transformer-onehot,HCDR3,T,0.011051763780415
Transformer-onehot,HCDR3,T,0.0
Transformer-onehot,HCDR3,T,0.0
Transformer-onehot,HCDR3,T,0.0
Transformer-onehot,HCDR3,T,0.0156970899552106
Transformer-onehot,HCDR3,T,0.0278158076107502
Transformer-onehot,HCDR3,T,0.0
Transformer-onehot,HCDR3,T,0.0
Transformer-onehot,HCDR3,T,0.0
Transformer-onehot,HCDR3,T,0.0
Transformer-onehot,HCDR3,T,0.0
Transformer-onehot,HCDR3,T,0.0
Transformer-onehot,HCDR3,T,0.0
Transformer-onehot,HCDR3,T,0.0199725497514009
Transformer-onehot,HCDR3,T,0.0254022236913442
Transformer-onehot,HCDR3,T,0.0243317745625972
Transformer-onehot,HCDR3,T,0.0
Transformer-onehot,HCDR3,T,0.0935931056737899
Transformer-onehot,HCDR3,T,0.0188780389726161
Transformer-onehot,HCDR3,T,0.0332415401935577
Transformer-onehot,HCDR3,T,0.0
Transformer-onehot,HCDR3,T,0.0451076254248619
Transformer-onehot,HCDR3,T,0.0
Transformer-onehot,HCDR3,T,0.0
Transformer-onehot,HCDR3,T,0.0810537114739418
Transformer-onehot,HCDR3,T,0.0
Transformer-onehot,HCDR3,T,0.0229491088539361
Transformer-onehot,HCDR3,T,0.0136799691244959
Transformer-onehot,HCDR3,T,0.0342843607068061
Transformer-onehot,HCDR3,T,0.0
Transformer-onehot,HCDR3,T,0.039615724235773
Transformer-onehot,HCDR3,T,0.0
Transformer-onehot,HCDR3,T,0.0
Transformer-onehot,HCDR3,T,0.0
Transformer-onehot,HCDR3,T,0.0045718210749328
Transformer-onehot,HCDR3,T,0.0
Transformer-onehot,HCDR3,T,0.0
Transformer-onehot,HCDR3,T,0.0
Transformer-onehot,HCDR3,T,0.0
Transformer-onehot,HCDR3,T,0.0
Transformer-onehot,HCDR3,T,0.0256857629865407
Transformer-onehot,HCDR3,T,0.0101055912673473
Transformer-onehot,HCDR3,T,0.0
Transformer-onehot,HCDR3,T,0.042743444442749
Transformer-onehot,HCDR3,T,0.0
Transformer-onehot,HCDR3,T,0.0
Transformer-onehot,HCDR3,T,0.0
Transformer-onehot,HCDR3,T,0.0
Transformer-onehot,HCDR3,T,0.0
Transformer-onehot,HCDR3,T,0.0
Transformer-onehot,HCDR3,T,0.1217305064201355
Transformer-onehot,HCDR3,T,0.0
Transformer-onehot,HCDR3,T,0.0
Transformer-onehot,HCDR3,T,0.0
Transformer-onehot,HCDR3,T,0.0059826113283634
Transformer-onehot,HCDR3,T,0.1037351936101913
Transformer-onehot,HCDR3,T,0.0
Transformer-onehot,HCDR3,T,0.0
Transformer-onehot,HCDR3,T,0.0
Transformer-onehot,HCDR3,T,0.0407956279814243
Transformer-onehot,HCDR3,T,0.0
Transformer-onehot,HCDR3,T,0.0301774106919765
Transformer-onehot,HCDR3,T,0.0476792715489864
Transformer-onehot,HCDR3,T,0.0
Transformer-onehot,HCDR3,T,0.00837058480829
Transformer-onehot,HCDR3,T,0.0196789670735597
Transformer-onehot,HCDR3,T,0.0
Transformer-onehot,HCDR3,T,0.0
Transformer-onehot,HCDR3,T,0.0743477195501327
Transformer-onehot,HCDR3,T,0.0
Transformer-onehot,HCDR3,T,0.048299852758646
Transformer-onehot,HCDR3,T,0.0014167180052027
Transformer-onehot,HCDR3,T,0.0327529944479465
Transformer-onehot,HCDR3,T,0.0
Transformer-onehot,HCDR3,T,0.0
Transformer-onehot,HCDR3,T,0.0
Transformer-onehot,HCDR3,T,0.0
Transformer-onehot,HCDR3,T,0.0099272085353732
Transformer-onehot,HCDR3,T,0.0965482890605926
Transformer-onehot,HCDR3,T,0.0
Transformer-onehot,HCDR3,T,0.0
Transformer-onehot,HCDR3,T,0.0
Transformer-onehot,HCDR3,T,0.0
Transformer-onehot,HCDR3,T,0.0
Transformer-onehot,HCDR3,T,0.018621178343892
Transformer-onehot,HCDR3,T,0.0
Transformer-onehot,HCDR3,T,0.1325210034847259
Transformer-onehot,HCDR3,T,0.0
Transformer-onehot,HCDR3,T,0.013235256075859
Transformer-onehot,HCDR3,T,0.0
Transformer-onehot,HCDR3,T,0.0
Transformer-onehot,HCDR3,T,0.0
Transformer-onehot,HCDR3,T,0.0
Transformer-onehot,HCDR3,T,0.0279114060103893
Transformer-onehot,HCDR3,T,0.0178632270544767
Transformer-onehot,HCDR3,T,0.0784966945648193
Transformer-onehot,HCDR3,T,0.0
Transformer-onehot,HCDR3,T,0.0
Transformer-onehot,HCDR3,T,0.0
Transformer-onehot,HCDR3,T,0.0
Transformer-onehot,HCDR3,T,0.0
Transformer-onehot,HCDR3,T,0.0316084250807762
Transformer-onehot,HCDR3,T,0.0
Transformer-onehot,HCDR3,T,0.0
Transformer-onehot,HCDR3,T,0.0
Transformer-onehot,HCDR3,T,0.0279430765658617
Transformer-onehot,HCDR3,T,0.0699286311864852
Transformer-onehot,HCDR3,T,0.0
Transformer-onehot,HCDR3,T,0.0
Transformer-onehot,HCDR3,T,0.0168212112039327
Transformer-onehot,HCDR3,T,0.0
Transformer-onehot,HCDR3,T,0.0
Transformer-onehot,HCDR3,T,0.0266213491559028
Transformer-onehot,HCDR3,T,0.0
Transformer-onehot,HCDR3,T,0.0245317891240119
Transformer-onehot,HCDR3,T,0.0
Transformer-onehot,HCDR3,T,0.0
Transformer-onehot,HCDR3,T,0.0704225003719329
Transformer-onehot,HCDR3,T,0.0
Transformer-onehot,HCDR3,T,0.0
Transformer-onehot,HCDR3,T,0.0004422501369845
Transformer-onehot,HCDR3,T,0.0
Transformer-onehot,HCDR3,T,0.0523364767432212
Transformer-onehot,HCDR3,T,0.0
Transformer-onehot,HCDR3,T,0.0
Transformer-onehot,HCDR3,T,0.0
Transformer-onehot,HCDR3,T,0.0
Transformer-onehot,HCDR3,T,0.0
Transformer-onehot,HCDR3,T,0.0
Transformer-onehot,HCDR3,T,0.0
Transformer-onehot,HCDR3,T,0.020989729091525
Transformer-onehot,HCDR3,T,0.0049898601137101
Transformer-onehot,HCDR3,T,0.0
Transformer-onehot,HCDR3,T,0.0557891763746738
Transformer-onehot,HCDR3,T,0.0
Transformer-onehot,HCDR3,T,0.0315321572124958
Transformer-onehot,HCDR3,T,0.0310522615909576
Transformer-onehot,HCDR3,T,0.0
Transformer-onehot,HCDR3,T,0.0
Transformer-onehot,HCDR3,T,0.0
Transformer-onehot,HCDR3,T,0.0
Transformer-onehot,HCDR3,T,0.0
Transformer-onehot,HCDR3,T,0.0271251164376735
Transformer-onehot,HCDR3,T,0.0
Transformer-onehot,HCDR3,T,0.0
Transformer-onehot,HCDR3,T,0.0
Transformer-onehot,HCDR3,T,0.0
Transformer-onehot,HCDR3,T,0.0
Transformer-onehot,HCDR3,T,0.0
Transformer-onehot,HCDR3,T,0.0
Transformer-onehot,HCDR3,T,0.0
Transformer-onehot,HCDR3,T,0.0313839167356491
Transformer-onehot,HCDR3,T,0.0
Transformer-onehot,HCDR3,T,0.0
Transformer-onehot,HCDR3,T,0.0059325867332518
Transformer-onehot,HCDR3,T,0.0
Transformer-onehot,HCDR3,T,0.0
Transformer-onehot,HCDR3,T,0.0006623325170949
Transformer-onehot,HCDR3,T,0.0
Transformer-onehot,HCDR3,T,0.0
Transformer-onehot,HCDR3,T,0.0
Transformer-onehot,HCDR3,T,0.0
Transformer-onehot,HCDR3,T,0.0
Transformer-onehot,HCDR3,T,0.0
Transformer-onehot,HCDR3,T,0.0
Transformer-onehot,HCDR3,T,0.0256930198520421
Transformer-onehot,HCDR3,T,0.0
Transformer-onehot,HCDR3,V,0.0
Transformer-onehot,HCDR3,V,0.0987996384501457
Transformer-onehot,HCDR3,V,0.0795668885111808
Transformer-onehot,HCDR3,V,0.110968217253685
Transformer-onehot,HCDR3,V,0.0330516099929809
Transformer-onehot,HCDR3,V,0.0
Transformer-onehot,HCDR3,V,0.0
Transformer-onehot,HCDR3,V,0.0684610828757286
Transformer-onehot,HCDR3,V,0.0448641553521156
Transformer-onehot,HCDR3,V,0.0320648215711116
Transformer-onehot,HCDR3,V,0.0867322832345962
Transformer-onehot,HCDR3,V,0.0
Transformer-onehot,HCDR3,V,0.0
Transformer-onehot,HCDR3,V,0.0
Transformer-onehot,HCDR3,V,0.0
Transformer-onehot,HCDR3,V,0.0
Transformer-onehot,HCDR3,V,0.0
Transformer-onehot,HCDR3,V,0.0
Transformer-onehot,HCDR3,V,0.1324283331632614
Transformer-onehot,HCDR3,V,0.0
Transformer-onehot,HCDR3,V,0.0
Transformer-onehot,HCDR3,V,0.0
Transformer-onehot,HCDR3,V,0.0
Transformer-onehot,HCDR3,V,0.0
Transformer-onehot,HCDR3,V,0.0
Transformer-onehot,HCDR3,V,0.0
Transformer-onehot,HCDR3,V,0.0
Transformer-onehot,HCDR3,V,0.0
Transformer-onehot,HCDR3,V,0.0
Transformer-onehot,HCDR3,V,0.0915349572896957
Transformer-onehot,HCDR3,V,0.1159348711371421
Transformer-onehot,HCDR3,V,0.0
Transformer-onehot,HCDR3,V,0.0
Transformer-onehot,HCDR3,V,0.0
Transformer-onehot,HCDR3,V,0.0
Transformer-onehot,HCDR3,V,0.0822914987802505
Transformer-onehot,HCDR3,V,0.0
Transformer-onehot,HCDR3,V,0.0
Transformer-onehot,HCDR3,V,0.0
Transformer-onehot,HCDR3,V,0.0
Transformer-onehot,HCDR3,V,0.0
Transformer-onehot,HCDR3,V,0.0
Transformer-onehot,HCDR3,V,0.0
Transformer-onehot,HCDR3,V,0.0
Transformer-onehot,HCDR3,V,0.0
Transformer-onehot,HCDR3,V,0.0
Transformer-onehot,HCDR3,V,0.0587721429765224
Transformer-onehot,HCDR3,V,0.0
Transformer-onehot,HCDR3,V,0.0
Transformer-onehot,HCDR3,V,0.0
Transformer-onehot,HCDR3,V,0.0210579056292772
Transformer-onehot,HCDR3,V,0.0
Transformer-onehot,HCDR3,V,0.0
Transformer-onehot,HCDR3,V,0.0
Transformer-onehot,HCDR3,V,0.0
Transformer-onehot,HCDR3,V,0.0
Transformer-onehot,HCDR3,V,0.0
Transformer-onehot,HCDR3,V,0.0
Transformer-onehot,HCDR3,V,0.0
Transformer-onehot,HCDR3,V,0.0618684962391853
Transformer-onehot,HCDR3,V,0.0
Transformer-onehot,HCDR3,V,0.0
Transformer-onehot,HCDR3,V,0.0
Transformer-onehot,HCDR3,V,0.1342305243015289
Transformer-onehot,HCDR3,V,0.0
Transformer-onehot,HCDR3,V,0.0
Transformer-onehot,HCDR3,V,0.0849099084734916
Transformer-onehot,HCDR3,V,0.0
Transformer-onehot,HCDR3,V,0.0
Transformer-onehot,HCDR3,V,0.0
Transformer-onehot,HCDR3,V,0.0
Transformer-onehot,HCDR3,V,0.0314303748309612
Transformer-onehot,HCDR3,V,0.0
Transformer-onehot,HCDR3,V,0.0
Transformer-onehot,HCDR3,V,0.0
Transformer-onehot,HCDR3,V,0.0
Transformer-onehot,HCDR3,V,0.1647813767194748
Transformer-onehot,HCDR3,V,0.0
Transformer-onehot,HCDR3,V,0.0
Transformer-onehot,HCDR3,V,0.0857359915971756
Transformer-onehot,HCDR3,V,0.0756984651088714
Transformer-onehot,HCDR3,V,0.0
Transformer-onehot,HCDR3,V,0.0
Transformer-onehot,HCDR3,V,0.0
Transformer-onehot,HCDR3,V,0.0
Transformer-onehot,HCDR3,V,0.0
Transformer-onehot,HCDR3,V,0.0
Transformer-onehot,HCDR3,V,0.1269302070140838
Transformer-onehot,HCDR3,V,0.0
Transformer-onehot,HCDR3,V,0.1024228632450103
Transformer-onehot,HCDR3,V,0.0
Transformer-onehot,HCDR3,V,0.0
Transformer-onehot,HCDR3,V,0.0
Transformer-onehot,HCDR3,V,0.035366516560316
Transformer-onehot,HCDR3,V,0.0
Transformer-onehot,HCDR3,V,0.0
Transformer-onehot,HCDR3,V,0.0
Transformer-onehot,HCDR3,V,0.0
Transformer-onehot,HCDR3,V,0.0
Transformer-onehot,HCDR3,V,0.0
Transformer-onehot,HCDR3,V,0.0
Transformer-onehot,HCDR3,V,0.0
Transformer-onehot,HCDR3,V,0.0
Transformer-onehot,HCDR3,V,0.0673264265060424
Transformer-onehot,HCDR3,V,0.0
Transformer-onehot,HCDR3,V,0.0
Transformer-onehot,HCDR3,V,0.1116763353347778
Transformer-onehot,HCDR3,V,0.0
Transformer-onehot,HCDR3,V,0.0
Transformer-onehot,HCDR3,V,0.0872151330113411
Transformer-onehot,HCDR3,V,0.0
Transformer-onehot,HCDR3,V,0.0101597076281905
Transformer-onehot,HCDR3,V,0.1634832769632339
Transformer-onehot,HCDR3,V,0.0
Transformer-onehot,HCDR3,V,0.0
Transformer-onehot,HCDR3,V,0.0945023000240325
Transformer-onehot,HCDR3,V,0.0
Transformer-onehot,HCDR3,V,0.0
Transformer-onehot,HCDR3,V,0.0
Transformer-onehot,HCDR3,V,0.017982268705964
Transformer-onehot,HCDR3,V,0.0
Transformer-onehot,HCDR3,V,0.0
Transformer-onehot,HCDR3,V,0.0
Transformer-onehot,HCDR3,V,0.0
Transformer-onehot,HCDR3,V,0.0
Transformer-onehot,HCDR3,V,0.0
Transformer-onehot,HCDR3,V,0.0
Transformer-onehot,HCDR3,V,0.0210291389375925
Transformer-onehot,HCDR3,V,0.0
Transformer-onehot,HCDR3,V,0.0
Transformer-onehot,HCDR3,V,0.089470200240612
Transformer-onehot,HCDR3,V,0.0
Transformer-onehot,HCDR3,V,0.0
Transformer-onehot,HCDR3,V,0.0
Transformer-onehot,HCDR3,V,0.0
Transformer-onehot,HCDR3,V,0.0
Transformer-onehot,HCDR3,V,0.0
Transformer-onehot,HCDR3,V,0.0
Transformer-onehot,HCDR3,V,0.0
Transformer-onehot,HCDR3,V,0.0
Transformer-onehot,HCDR3,V,0.0
Transformer-onehot,HCDR3,V,0.0
Transformer-onehot,HCDR3,V,0.0
Transformer-onehot,HCDR3,V,0.0756809264421463
Transformer-onehot,HCDR3,V,0.0
Transformer-onehot,HCDR3,V,0.0
Transformer-onehot,HCDR3,V,0.0
Transformer-onehot,HCDR3,V,0.0
Transformer-onehot,HCDR3,V,0.0
Transformer-onehot,HCDR3,V,0.0777294188737869
Transformer-onehot,HCDR3,V,0.0835896879434585
Transformer-onehot,HCDR3,V,0.0
Transformer-onehot,HCDR3,V,0.0916771367192268
Transformer-onehot,HCDR3,V,0.0
Transformer-onehot,HCDR3,V,0.0
Transformer-onehot,HCDR3,V,0.0
Transformer-onehot,HCDR3,V,0.0213568769395351
Transformer-onehot,HCDR3,V,0.0
Transformer-onehot,HCDR3,V,0.0613830052316188
Transformer-onehot,HCDR3,V,0.0
Transformer-onehot,HCDR3,V,0.0340547040104866
Transformer-onehot,HCDR3,V,0.0
Transformer-onehot,HCDR3,V,0.1068195477128028
Transformer-onehot,HCDR3,V,0.0
Transformer-onehot,HCDR3,V,0.0
Transformer-onehot,HCDR3,V,0.0163803566247224
Transformer-onehot,HCDR3,V,0.0
Transformer-onehot,HCDR3,V,0.0
Transformer-onehot,HCDR3,V,0.0
Transformer-onehot,HCDR3,V,0.0
Transformer-onehot,HCDR3,V,0.0
Transformer-onehot,HCDR3,V,0.0
Transformer-onehot,HCDR3,V,0.0
Transformer-onehot,HCDR3,V,0.0
Transformer-onehot,HCDR3,V,0.1294983774423599
Transformer-onehot,HCDR3,V,0.0
Transformer-onehot,HCDR3,V,0.0
Transformer-onehot,HCDR3,V,0.1124591007828712
Transformer-onehot,HCDR3,V,0.0
Transformer-onehot,HCDR3,V,0.0
Transformer-onehot,HCDR3,V,0.0
Transformer-onehot,HCDR3,V,0.0
Transformer-onehot,HCDR3,V,0.0
Transformer-onehot,HCDR3,V,0.0
Transformer-onehot,HCDR3,V,0.0
Transformer-onehot,HCDR3,V,0.0
Transformer-onehot,HCDR3,V,0.0
Transformer-onehot,HCDR3,V,0.0092585952952504
Transformer-onehot,HCDR3,V,0.0
Transformer-onehot,HCDR3,V,0.0
Transformer-onehot,HCDR3,V,0.0
Transformer-onehot,HCDR3,V,0.0
Transformer-onehot,HCDR3,V,0.0
Transformer-onehot,HCDR3,V,0.0
Transformer-onehot,HCDR3,V,0.0
Transformer-onehot,HCDR3,V,0.0
Transformer-onehot,HCDR3,V,0.0
Transformer-onehot,HCDR3,V,0.0
Transformer-onehot,HCDR3,V,0.0641064941883087
Transformer-onehot,HCDR3,V,0.0
Transformer-onehot,HCDR3,V,0.0666974186897277
Transformer-onehot,HCDR3,V,0.0674891769886016
Transformer-onehot,HCDR3,V,0.0
Transformer-onehot,HCDR3,V,0.0
Transformer-onehot,HCDR3,V,0.0
Transformer-onehot,HCDR3,V,0.0
Transformer-onehot,HCDR3,V,0.00656961183995
Transformer-onehot,HCDR3,V,0.0
Transformer-onehot,HCDR3,V,0.024520918726921
Transformer-onehot,HCDR3,V,0.017017176374793
Transformer-onehot,HCDR3,V,0.1457399725914001
Transformer-onehot,HCDR3,V,0.0651299804449081
Transformer-onehot,HCDR3,V,0.0
Transformer-onehot,HCDR3,V,0.0
Transformer-onehot,HCDR3,V,0.0
Transformer-onehot,HCDR3,V,0.0
Transformer-onehot,HCDR3,V,0.0
Transformer-onehot,HCDR3,V,0.0
Transformer-onehot,HCDR3,V,0.0
Transformer-onehot,HCDR3,V,0.1032365411520004
Transformer-onehot,HCDR3,V,0.0
Transformer-onehot,HCDR3,V,0.0
Transformer-onehot,HCDR3,V,0.1037236005067825
Transformer-onehot,HCDR3,V,0.0
Transformer-onehot,HCDR3,V,0.0
Transformer-onehot,HCDR3,V,0.0888684391975402
Transformer-onehot,HCDR3,V,0.0
Transformer-onehot,HCDR3,V,0.0
Transformer-onehot,HCDR3,V,0.0
Transformer-onehot,HCDR3,V,0.0
Transformer-onehot,HCDR3,V,0.0
Transformer-onehot,HCDR3,V,0.069000743329525
Transformer-onehot,HCDR3,V,0.0
Transformer-onehot,HCDR3,V,0.0
Transformer-onehot,HCDR3,V,0.0
Transformer-onehot,HCDR3,V,0.0
Transformer-onehot,HCDR3,V,0.0
Transformer-onehot,HCDR3,V,0.0953545048832893
Transformer-onehot,HCDR3,V,0.0
Transformer-onehot,HCDR3,V,0.0
Transformer-onehot,HCDR3,V,0.0
Transformer-onehot,HCDR3,V,0.0
Transformer-onehot,HCDR3,V,0.0
Transformer-onehot,HCDR3,V,0.141003280878067
Transformer-onehot,HCDR3,V,0.0147246066480875
Transformer-onehot,HCDR3,V,0.0901407971978187
Transformer-onehot,HCDR3,V,0.0
Transformer-onehot,HCDR3,V,0.0
Transformer-onehot,HCDR3,V,0.0
Transformer-onehot,HCDR3,V,0.0
Transformer-onehot,HCDR3,V,0.006483003962785
Transformer-onehot,HCDR3,V,0.0058244015090167
Transformer-onehot,HCDR3,V,0.0348740927875041
Transformer-onehot,HCDR3,V,0.0
Transformer-onehot,HCDR3,V,0.0
Transformer-onehot,HCDR3,V,0.0
Transformer-onehot,HCDR3,V,0.0
Transformer-onehot,HCDR3,V,0.0
Transformer-onehot,HCDR3,V,0.0
Transformer-onehot,HCDR3,V,0.0168158076703548
Transformer-onehot,HCDR3,V,0.0
Transformer-onehot,HCDR3,V,0.0457795225083828
Transformer-onehot,HCDR3,V,0.0
Transformer-onehot,HCDR3,V,0.0108329141512513
Transformer-onehot,HCDR3,V,0.0
Transformer-onehot,HCDR3,V,0.0
Transformer-onehot,HCDR3,V,0.0
Transformer-onehot,HCDR3,V,0.005620286334306
Transformer-onehot,HCDR3,V,0.0
Transformer-onehot,HCDR3,V,0.0048122955486178
Transformer-onehot,HCDR3,V,0.003421229077503
Transformer-onehot,HCDR3,V,0.0016799486475065
Transformer-onehot,HCDR3,V,0.0245992708951234
Transformer-onehot,HCDR3,V,0.0058237616904079
Transformer-onehot,HCDR3,V,0.0
Transformer-onehot,HCDR3,V,0.0
Transformer-onehot,HCDR3,V,0.0011745603987947
Transformer-onehot,HCDR3,V,0.0
Transformer-onehot,HCDR3,V,0.0
Transformer-onehot,HCDR3,V,0.0
Transformer-onehot,HCDR3,V,0.0194853711873292
Transformer-onehot,HCDR3,V,0.0
Transformer-onehot,HCDR3,V,0.0119368992745876
Transformer-onehot,HCDR3,V,0.0
Transformer-onehot,HCDR3,V,0.019660422578454
Transformer-onehot,HCDR3,V,0.0
Transformer-onehot,HCDR3,V,0.0
Transformer-onehot,HCDR3,V,0.0
Transformer-onehot,HCDR3,V,0.0
Transformer-onehot,HCDR3,V,0.0154719473794102
Transformer-onehot,HCDR3,V,0.0
Transformer-onehot,HCDR3,V,0.0290432032197713
Transformer-onehot,HCDR3,V,0.0
Transformer-onehot,HCDR3,V,0.0064863213337957
Transformer-onehot,HCDR3,V,0.0
Transformer-onehot,HCDR3,V,0.0
Transformer-onehot,HCDR3,V,0.0
Transformer-onehot,HCDR3,V,0.0
Transformer-onehot,HCDR3,V,0.0
Transformer-onehot,HCDR3,V,0.0
Transformer-onehot,HCDR3,V,0.0068810083903372
Transformer-onehot,HCDR3,V,0.0042435219511389
Transformer-onehot,HCDR3,V,0.0
Transformer-onehot,HCDR3,V,0.0
Transformer-onehot,HCDR3,V,0.0
Transformer-onehot,HCDR3,V,-0.0070153153501451
Transformer-onehot,HCDR3,V,0.080372430384159
Transformer-onehot,HCDR3,V,0.0
Transformer-onehot,HCDR3,V,0.0051629622466862
Transformer-onehot,HCDR3,V,0.0151261622086167
Transformer-onehot,HCDR3,V,0.0
Transformer-onehot,HCDR3,V,0.0064328578300774
Transformer-onehot,HCDR3,V,0.0
Transformer-onehot,HCDR3,V,0.0062915221787989
Transformer-onehot,HCDR3,V,0.0101722292602062
Transformer-onehot,HCDR3,V,0.0213670525699853
Transformer-onehot,HCDR3,V,0.0
Transformer-onehot,HCDR3,V,0.016328090801835
Transformer-onehot,HCDR3,V,0.0
Transformer-onehot,HCDR3,V,0.0
Transformer-onehot,HCDR3,V,0.0
Transformer-onehot,HCDR3,V,0.0
Transformer-onehot,HCDR3,V,0.0
Transformer-onehot,HCDR3,V,0.0
Transformer-onehot,HCDR3,V,0.0
Transformer-onehot,HCDR3,V,0.0
Transformer-onehot,HCDR3,V,0.0050433655269443
Transformer-onehot,HCDR3,V,0.0
Transformer-onehot,HCDR3,V,0.0074683115817606
Transformer-onehot,HCDR3,V,0.0
Transformer-onehot,HCDR3,V,0.0
Transformer-onehot,HCDR3,V,0.0045051495544612
Transformer-onehot,HCDR3,V,0.0361242145299911
Transformer-onehot,HCDR3,V,0.0141324969008564
Transformer-onehot,HCDR3,V,0.0056641842238605
Transformer-onehot,HCDR3,V,0.0
Transformer-onehot,HCDR3,V,0.0125135611742734
Transformer-onehot,HCDR3,V,0.0
Transformer-onehot,HCDR3,V,0.0056865490041673
Transformer-onehot,HCDR3,V,0.0
Transformer-onehot,HCDR3,V,0.0
Transformer-onehot,HCDR3,V,0.0
Transformer-onehot,HCDR3,V,0.0
Transformer-onehot,HCDR3,V,0.0
Transformer-onehot,HCDR3,V,0.0124977063387632
Transformer-onehot,HCDR3,V,0.0
Transformer-onehot,HCDR3,V,0.0065205795690417
Transformer-onehot,HCDR3,V,0.0
Transformer-onehot,HCDR3,V,0.006484935991466
Transformer-onehot,HCDR3,V,0.0124069433659315
Transformer-onehot,HCDR3,V,0.0
Transformer-onehot,HCDR3,V,0.0
Transformer-onehot,HCDR3,V,0.0
Transformer-onehot,HCDR3,V,0.0
Transformer-onehot,HCDR3,V,0.0
Transformer-onehot,HCDR3,V,0.0
Transformer-onehot,HCDR3,V,0.0
Transformer-onehot,HCDR3,V,0.0545336380600929
Transformer-onehot,HCDR3,V,0.0
Transformer-onehot,HCDR3,V,0.0
Transformer-onehot,HCDR3,V,0.0598391778767108
Transformer-onehot,HCDR3,V,0.0070987730287015
Transformer-onehot,HCDR3,V,0.0
Transformer-onehot,HCDR3,V,0.0
Transformer-onehot,HCDR3,V,0.0071785901673138
Transformer-onehot,HCDR3,V,0.0087181366980075
Transformer-onehot,HCDR3,V,0.0
Transformer-onehot,HCDR3,V,0.0104479733854532
Transformer-onehot,HCDR3,V,0.0
Transformer-onehot,HCDR3,V,0.0078373607248067
Transformer-onehot,HCDR3,V,0.0400512963533401
Transformer-onehot,HCDR3,V,0.0178477056324481
Transformer-onehot,HCDR3,V,0.0
Transformer-onehot,HCDR3,V,0.0
Transformer-onehot,HCDR3,V,0.0
Transformer-onehot,HCDR3,V,0.0106276534497737
Transformer-onehot,HCDR3,V,0.0099386349320411
Transformer-onehot,HCDR3,V,0.0
Transformer-onehot,HCDR3,V,0.0
Transformer-onehot,HCDR3,V,0.0
Transformer-onehot,HCDR3,V,0.0118103791028261
Transformer-onehot,HCDR3,V,0.0014806374674662
Transformer-onehot,HCDR3,V,0.0
Transformer-onehot,HCDR3,V,0.0277684777975082
Transformer-onehot,HCDR3,V,0.0125466659665107
Transformer-onehot,HCDR3,V,0.0077364677563309
Transformer-onehot,HCDR3,V,0.0
Transformer-onehot,HCDR3,V,0.0
Transformer-onehot,HCDR3,V,0.0520105026662349
Transformer-onehot,HCDR3,V,0.0
Transformer-onehot,HCDR3,V,0.0105738556012511
Transformer-onehot,HCDR3,V,0.0093493675813078
Transformer-onehot,HCDR3,V,0.0152116352692246
Transformer-onehot,HCDR3,V,0.0
Transformer-onehot,HCDR3,V,0.0
Transformer-onehot,HCDR3,V,0.0
Transformer-onehot,HCDR3,V,0.0
Transformer-onehot,HCDR3,V,0.0033657625317573
Transformer-onehot,HCDR3,V,0.0193584859371185
Transformer-onehot,HCDR3,V,0.0566613413393497
Transformer-onehot,HCDR3,V,0.0
Transformer-onehot,HCDR3,V,0.0
Transformer-onehot,HCDR3,V,0.0332022532820701
Transformer-onehot,HCDR3,V,0.0
Transformer-onehot,HCDR3,V,0.0090813124552369
Transformer-onehot,HCDR3,V,0.010722036473453
Transformer-onehot,HCDR3,V,0.0094761094078421
Transformer-onehot,HCDR3,V,0.0129518909379839
Transformer-onehot,HCDR3,V,0.0
Transformer-onehot,HCDR3,V,0.0
Transformer-onehot,HCDR3,V,0.0
Transformer-onehot,HCDR3,V,0.0
Transformer-onehot,HCDR3,V,0.0
Transformer-onehot,HCDR3,V,0.0059914002195
Transformer-onehot,HCDR3,V,-0.0006748001324012
Transformer-onehot,HCDR3,V,0.0072884308174252
Transformer-onehot,HCDR3,V,0.0
Transformer-onehot,HCDR3,V,0.009237396530807
Transformer-onehot,HCDR3,V,0.0
Transformer-onehot,HCDR3,V,0.0343689136207103
Transformer-onehot,HCDR3,V,0.0
Transformer-onehot,HCDR3,V,0.0
Transformer-onehot,HCDR3,V,0.0
Transformer-onehot,HCDR3,V,0.0
Transformer-onehot,HCDR3,V,0.010801101103425
Transformer-onehot,HCDR3,V,0.0
Transformer-onehot,HCDR3,V,0.0
Transformer-onehot,HCDR3,V,0.0
Transformer-onehot,HCDR3,V,0.0268298368901014
Transformer-onehot,HCDR3,V,0.0084878234192729
Transformer-onehot,HCDR3,V,0.0
Transformer-onehot,HCDR3,V,0.0089346272870898
Transformer-onehot,HCDR3,V,0.0
Transformer-onehot,HCDR3,V,0.0
Transformer-onehot,HCDR3,V,0.0
Transformer-onehot,HCDR3,V,0.003441542154178
Transformer-onehot,HCDR3,V,0.003926440142095
Transformer-onehot,HCDR3,V,0.0
Transformer-onehot,HCDR3,V,0.0
Transformer-onehot,HCDR3,V,0.0
Transformer-onehot,HCDR3,V,0.0064414166845381
Transformer-onehot,HCDR3,V,0.0
Transformer-onehot,HCDR3,V,0.0
Transformer-onehot,HCDR3,V,0.0116456244140863
Transformer-onehot,HCDR3,V,0.0447529181838035
Transformer-onehot,HCDR3,V,0.0
Transformer-onehot,HCDR3,V,0.0
Transformer-onehot,HCDR3,V,0.0072766630910336
Transformer-onehot,HCDR3,V,0.0127564286813139
Transformer-onehot,HCDR3,V,0.0133102415129542
Transformer-onehot,HCDR3,V,0.0187511779367923
Transformer-onehot,HCDR3,V,0.0136044779792428
Transformer-onehot,HCDR3,V,0.0
Transformer-onehot,HCDR3,V,0.0
Transformer-onehot,HCDR3,V,0.0106484340503811
Transformer-onehot,HCDR3,V,0.0
Transformer-onehot,HCDR3,V,0.0
Transformer-onehot,HCDR3,V,0.0102882394567132
Transformer-onehot,HCDR3,V,0.0
Transformer-onehot,HCDR3,V,0.0
Transformer-onehot,HCDR3,V,0.0009604908991605
Transformer-onehot,HCDR3,V,0.18621626496315
Transformer-onehot,HCDR3,V,0.0
Transformer-onehot,HCDR3,V,0.0
Transformer-onehot,HCDR3,V,0.0
Transformer-onehot,HCDR3,V,0.0
Transformer-onehot,HCDR3,V,0.0
Transformer-onehot,HCDR3,V,0.0
Transformer-onehot,HCDR3,V,0.0
Transformer-onehot,HCDR3,V,0.0
Transformer-onehot,HCDR3,V,-4.203046773909591e-05
Transformer-onehot,HCDR3,V,0.0069479327648878
Transformer-onehot,HCDR3,V,0.0
Transformer-onehot,HCDR3,V,0.0
Transformer-onehot,HCDR3,V,0.0113700618967413
Transformer-onehot,HCDR3,V,0.0
Transformer-onehot,HCDR3,V,0.0
Transformer-onehot,HCDR3,V,-0.0016281768912449
Transformer-onehot,HCDR3,V,0.0067992191761732
Transformer-onehot,HCDR3,V,0.0100310305133461
Transformer-onehot,HCDR3,V,0.0
Transformer-onehot,HCDR3,V,0.0091123953461647
Transformer-onehot,HCDR3,V,0.0093718273565173
Transformer-onehot,HCDR3,V,0.0141720846295356
Transformer-onehot,HCDR3,V,0.0
Transformer-onehot,HCDR3,V,0.0085048107430338
Transformer-onehot,HCDR3,V,0.0
Transformer-onehot,HCDR3,V,0.0
Transformer-onehot,HCDR3,V,0.0
Transformer-onehot,HCDR3,V,0.0
Transformer-onehot,HCDR3,V,0.0
Transformer-onehot,HCDR3,V,0.0524578727781772
Transformer-onehot,HCDR3,V,0.0289678443223238
Transformer-onehot,HCDR3,V,0.0
Transformer-onehot,HCDR3,V,0.0
Transformer-onehot,HCDR3,V,0.0
Transformer-onehot,HCDR3,V,0.0
Transformer-onehot,HCDR3,V,0.0071754837408661
Transformer-onehot,HCDR3,V,0.0
Transformer-onehot,HCDR3,V,0.0
Transformer-onehot,HCDR3,W,-0.3338649570941925
Transformer-onehot,HCDR3,W,0.0
Transformer-onehot,HCDR3,W,-0.2416697740554809
Transformer-onehot,HCDR3,W,0.0
Transformer-onehot,HCDR3,W,0.0
Transformer-onehot,HCDR3,W,0.0
Transformer-onehot,HCDR3,W,0.0
Transformer-onehot,HCDR3,W,0.0
Transformer-onehot,HCDR3,W,-0.7695186138153076
Transformer-onehot,HCDR3,W,-0.2988184988498688
Transformer-onehot,HCDR3,W,-0.5254314541816711
Transformer-onehot,HCDR3,W,0.0
Transformer-onehot,HCDR3,W,0.0
Transformer-onehot,HCDR3,W,-1.272222876548767
Transformer-onehot,HCDR3,W,0.0
Transformer-onehot,HCDR3,W,0.0
Transformer-onehot,HCDR3,W,0.0
Transformer-onehot,HCDR3,W,-0.470448225736618
Transformer-onehot,HCDR3,W,0.0
Transformer-onehot,HCDR3,W,-0.6780816316604614
Transformer-onehot,HCDR3,W,-0.3946301341056824
Transformer-onehot,HCDR3,W,-0.2063223421573639
Transformer-onehot,HCDR3,W,-0.3035973012447357
Transformer-onehot,HCDR3,W,-0.5194189548492432
Transformer-onehot,HCDR3,W,-0.7847012877464294
Transformer-onehot,HCDR3,W,0.0
Transformer-onehot,HCDR3,W,-0.5718468427658081
Transformer-onehot,HCDR3,W,0.0
Transformer-onehot,HCDR3,W,-0.2776035070419311
Transformer-onehot,HCDR3,W,-0.598150372505188
Transformer-onehot,HCDR3,W,0.0
Transformer-onehot,HCDR3,W,0.0
Transformer-onehot,HCDR3,W,0.0
Transformer-onehot,HCDR3,W,0.0
Transformer-onehot,HCDR3,W,0.0
Transformer-onehot,HCDR3,W,-0.4620958268642425
Transformer-onehot,HCDR3,W,-0.5401454567909241
Transformer-onehot,HCDR3,W,0.0
Transformer-onehot,HCDR3,W,-0.5310571193695068
Transformer-onehot,HCDR3,W,-0.2709462344646454
Transformer-onehot,HCDR3,W,0.0
Transformer-onehot,HCDR3,W,-0.3122455775737762
Transformer-onehot,HCDR3,W,-1.1248722076416016
Transformer-onehot,HCDR3,W,-0.2865863740444183
Transformer-onehot,HCDR3,W,-0.4781395494937897
Transformer-onehot,HCDR3,W,-0.5692117214202881
Transformer-onehot,HCDR3,W,-0.7243592739105225
Transformer-onehot,HCDR3,W,0.0
Transformer-onehot,HCDR3,W,0.0
Transformer-onehot,HCDR3,W,-0.2115924209356308
Transformer-onehot,HCDR3,W,-0.1771678030490875
Transformer-onehot,HCDR3,W,0.0
Transformer-onehot,HCDR3,W,-0.801588237285614
Transformer-onehot,HCDR3,W,-0.5448718667030334
Transformer-onehot,HCDR3,W,-0.5699970126152039
Transformer-onehot,HCDR3,W,-0.1975279301404953
Transformer-onehot,HCDR3,W,-0.1957537084817886
Transformer-onehot,HCDR3,W,0.0
Transformer-onehot,HCDR3,W,0.0
Transformer-onehot,HCDR3,W,0.0
Transformer-onehot,HCDR3,W,-0.6100631356239319
Transformer-onehot,HCDR3,W,0.0
Transformer-onehot,HCDR3,W,0.0
Transformer-onehot,HCDR3,W,0.0
Transformer-onehot,HCDR3,W,0.0
Transformer-onehot,HCDR3,W,0.0
Transformer-onehot,HCDR3,W,-0.3972264528274536
Transformer-onehot,HCDR3,W,0.0
Transformer-onehot,HCDR3,W,-0.3087592124938965
Transformer-onehot,HCDR3,W,-0.3987253904342651
Transformer-onehot,HCDR3,W,-0.6819413900375366
Transformer-onehot,HCDR3,W,-0.3099032342433929
Transformer-onehot,HCDR3,W,-0.5374879240989685
Transformer-onehot,HCDR3,W,-0.3719883561134338
Transformer-onehot,HCDR3,W,0.0
Transformer-onehot,HCDR3,W,-0.7254275679588318
Transformer-onehot,HCDR3,W,-0.8301284909248352
Transformer-onehot,HCDR3,W,0.0
Transformer-onehot,HCDR3,W,-0.7335116863250732
Transformer-onehot,HCDR3,W,0.0
Transformer-onehot,HCDR3,W,0.0
Transformer-onehot,HCDR3,W,-0.6634669303894043
Transformer-onehot,HCDR3,W,0.0
Transformer-onehot,HCDR3,W,-0.506087601184845
Transformer-onehot,HCDR3,W,0.0
Transformer-onehot,HCDR3,W,-0.3050006628036499
Transformer-onehot,HCDR3,W,-0.3057335019111633
Transformer-onehot,HCDR3,W,-0.6745365262031555
Transformer-onehot,HCDR3,W,0.0
Transformer-onehot,HCDR3,W,-0.5288679599761963
Transformer-onehot,HCDR3,W,-0.0276643615216016
Transformer-onehot,HCDR3,W,-0.725132167339325
Transformer-onehot,HCDR3,W,-0.4275048077106476
Transformer-onehot,HCDR3,W,-0.5332779288291931
Transformer-onehot,HCDR3,W,-0.2215277105569839
Transformer-onehot,HCDR3,W,-0.4100929498672485
Transformer-onehot,HCDR3,W,-0.6868783235549927
Transformer-onehot,HCDR3,W,0.0
Transformer-onehot,HCDR3,W,-0.5035313367843628
Transformer-onehot,HCDR3,W,-0.1979835927486419
Transformer-onehot,HCDR3,W,-0.1729452610015869
Transformer-onehot,HCDR3,W,-0.2678485214710235
Transformer-onehot,HCDR3,W,0.0
Transformer-onehot,HCDR3,W,-0.339018851518631
Transformer-onehot,HCDR3,W,0.0
Transformer-onehot,HCDR3,W,-0.498865008354187
Transformer-onehot,HCDR3,W,-0.7828518748283386
Transformer-onehot,HCDR3,W,-0.7024223208427429
Transformer-onehot,HCDR3,W,-0.7097616195678711
Transformer-onehot,HCDR3,W,-1.0574252605438232
Transformer-onehot,HCDR3,W,0.0
Transformer-onehot,HCDR3,W,0.0
Transformer-onehot,HCDR3,W,-0.9375933408737184
Transformer-onehot,HCDR3,W,-0.3476569354534149
Transformer-onehot,HCDR3,W,0.0
Transformer-onehot,HCDR3,W,-0.6849207282066345
Transformer-onehot,HCDR3,W,-0.5143150091171265
Transformer-onehot,HCDR3,W,-0.6258871555328369
Transformer-onehot,HCDR3,W,0.0
Transformer-onehot,HCDR3,W,0.0
Transformer-onehot,HCDR3,W,-0.1775508224964141
Transformer-onehot,HCDR3,W,0.0
Transformer-onehot,HCDR3,W,-0.5327047109603882
Transformer-onehot,HCDR3,W,0.0
Transformer-onehot,HCDR3,W,-0.6244561076164246
Transformer-onehot,HCDR3,W,-0.2398135662078857
Transformer-onehot,HCDR3,W,-0.0940024778246879
Transformer-onehot,HCDR3,W,0.0
Transformer-onehot,HCDR3,W,-0.7927015423774719
Transformer-onehot,HCDR3,W,0.0
Transformer-onehot,HCDR3,W,0.0
Transformer-onehot,HCDR3,W,0.0
Transformer-onehot,HCDR3,W,-0.7629131078720093
Transformer-onehot,HCDR3,W,-0.478768914937973
Transformer-onehot,HCDR3,W,-0.4735350608825683
Transformer-onehot,HCDR3,W,0.0
Transformer-onehot,HCDR3,W,0.0
Transformer-onehot,HCDR3,W,-0.1218748092651367
Transformer-onehot,HCDR3,W,-0.6405155658721924
Transformer-onehot,HCDR3,W,0.0
Transformer-onehot,HCDR3,W,0.0
Transformer-onehot,HCDR3,W,-0.530314564704895
Transformer-onehot,HCDR3,W,0.0
Transformer-onehot,HCDR3,W,-0.2488710284233093
Transformer-onehot,HCDR3,W,0.0
Transformer-onehot,HCDR3,W,-0.3954644501209259
Transformer-onehot,HCDR3,W,0.0
Transformer-onehot,HCDR3,W,-0.3395597338676452
Transformer-onehot,HCDR3,W,-0.8102319836616516
Transformer-onehot,HCDR3,W,-0.4908656477928161
Transformer-onehot,HCDR3,W,0.0
Transformer-onehot,HCDR3,W,0.0
Transformer-onehot,HCDR3,W,0.0
Transformer-onehot,HCDR3,W,-0.4852886199951172
Transformer-onehot,HCDR3,W,-0.088434986770153
Transformer-onehot,HCDR3,W,-0.2840594947338104
Transformer-onehot,HCDR3,W,0.0
Transformer-onehot,HCDR3,W,0.0
Transformer-onehot,HCDR3,W,0.0
Transformer-onehot,HCDR3,W,-0.9843619465827942
Transformer-onehot,HCDR3,W,-0.8841910362243652
Transformer-onehot,HCDR3,W,0.0
Transformer-onehot,HCDR3,W,0.0
Transformer-onehot,HCDR3,W,0.0
Transformer-onehot,HCDR3,W,0.0
Transformer-onehot,HCDR3,W,0.0
Transformer-onehot,HCDR3,W,-0.525708794593811
Transformer-onehot,HCDR3,W,-0.4546663165092468
Transformer-onehot,HCDR3,W,-0.216282770037651
Transformer-onehot,HCDR3,W,0.0
Transformer-onehot,HCDR3,W,-0.7724190354347229
Transformer-onehot,HCDR3,W,-0.9319041967391968
Transformer-onehot,HCDR3,W,0.0
Transformer-onehot,HCDR3,W,-0.3728709816932678
Transformer-onehot,HCDR3,W,-0.4632833302021026
Transformer-onehot,HCDR3,W,-0.3576700389385223
Transformer-onehot,HCDR3,W,-0.5739163160324097
Transformer-onehot,HCDR3,W,0.0
Transformer-onehot,HCDR3,W,0.0
Transformer-onehot,HCDR3,W,-0.3730842769145965
Transformer-onehot,HCDR3,W,0.0
Transformer-onehot,HCDR3,W,-0.6481662392616272
Transformer-onehot,HCDR3,W,-1.092168211936951
Transformer-onehot,HCDR3,W,-0.3251188397407532
Transformer-onehot,HCDR3,W,0.0
Transformer-onehot,HCDR3,W,0.0
Transformer-onehot,HCDR3,W,-0.2288583666086197
Transformer-onehot,HCDR3,W,0.0
Transformer-onehot,HCDR3,W,-1.060060739517212
Transformer-onehot,HCDR3,W,-0.1449888497591018
Transformer-onehot,HCDR3,W,-0.6666058897972107
Transformer-onehot,HCDR3,W,0.0
Transformer-onehot,HCDR3,W,-0.0473542064428329
Transformer-onehot,HCDR3,W,0.0
Transformer-onehot,HCDR3,W,-0.9182517528533936
Transformer-onehot,HCDR3,W,-1.0274749994277954
Transformer-onehot,HCDR3,W,0.0
Transformer-onehot,HCDR3,W,-0.6065067648887634
Transformer-onehot,HCDR3,W,0.0
Transformer-onehot,HCDR3,W,0.0
Transformer-onehot,HCDR3,W,-0.483986884355545
Transformer-onehot,HCDR3,W,-0.1160558238625526
Transformer-onehot,HCDR3,W,0.0
Transformer-onehot,HCDR3,W,0.0
Transformer-onehot,HCDR3,W,-0.4284320175647735
Transformer-onehot,HCDR3,W,-0.4062186181545257
Transformer-onehot,HCDR3,W,0.0
Transformer-onehot,HCDR3,W,0.0
Transformer-onehot,HCDR3,W,0.0
Transformer-onehot,HCDR3,W,0.0
Transformer-onehot,HCDR3,W,-0.7412316203117371
Transformer-onehot,HCDR3,W,0.0
Transformer-onehot,HCDR3,W,0.0
Transformer-onehot,HCDR3,W,0.0
Transformer-onehot,HCDR3,W,-0.6494536995887756
Transformer-onehot,HCDR3,W,-0.6744500398635864
Transformer-onehot,HCDR3,W,-0.5099900960922241
Transformer-onehot,HCDR3,W,-0.2074424475431442
Transformer-onehot,HCDR3,W,-0.8106530904769897
Transformer-onehot,HCDR3,W,-0.1324885487556457
Transformer-onehot,HCDR3,W,-0.3551242351531982
Transformer-onehot,HCDR3,W,0.0
Transformer-onehot,HCDR3,W,0.0
Transformer-onehot,HCDR3,W,0.0
Transformer-onehot,HCDR3,W,-0.1859834790229797
Transformer-onehot,HCDR3,W,-0.471933364868164
Transformer-onehot,HCDR3,W,-0.6633984446525574
Transformer-onehot,HCDR3,W,0.0
Transformer-onehot,HCDR3,W,0.0
Transformer-onehot,HCDR3,W,-1.0012109279632568
Transformer-onehot,HCDR3,W,-0.616499125957489
Transformer-onehot,HCDR3,W,0.0
Transformer-onehot,HCDR3,W,-0.7066166400909424
Transformer-onehot,HCDR3,W,-0.425696462392807
Transformer-onehot,HCDR3,W,-0.3272231221199035
Transformer-onehot,HCDR3,W,0.0
Transformer-onehot,HCDR3,W,0.0
Transformer-onehot,HCDR3,W,-0.3591976761817932
Transformer-onehot,HCDR3,W,-0.2290452122688293
Transformer-onehot,HCDR3,W,0.0
Transformer-onehot,HCDR3,W,-0.5016208291053772
Transformer-onehot,HCDR3,W,-0.5763980746269226
Transformer-onehot,HCDR3,W,-0.1067263931035995
Transformer-onehot,HCDR3,W,0.0
Transformer-onehot,HCDR3,W,0.0
Transformer-onehot,HCDR3,W,0.0
Transformer-onehot,HCDR3,W,-0.4411081373691559
Transformer-onehot,HCDR3,W,-0.4858343005180359
Transformer-onehot,HCDR3,W,-0.4999274611473083
Transformer-onehot,HCDR3,W,-0.3591251969337463
Transformer-onehot,HCDR3,W,0.0
Transformer-onehot,HCDR3,W,0.0
Transformer-onehot,HCDR3,W,-0.137748122215271
Transformer-onehot,HCDR3,W,0.0
Transformer-onehot,HCDR3,W,0.0
Transformer-onehot,HCDR3,W,0.0
Transformer-onehot,HCDR3,W,-0.1952788978815078
Transformer-onehot,HCDR3,W,-0.0681885257363319
Transformer-onehot,HCDR3,W,-0.2356457114219665
Transformer-onehot,HCDR3,W,0.0
Transformer-onehot,HCDR3,W,0.0
Transformer-onehot,HCDR3,W,-0.4722177386283874
Transformer-onehot,HCDR3,W,-0.1013035029172897
Transformer-onehot,HCDR3,W,-0.1826201230287552
Transformer-onehot,HCDR3,W,0.0
Transformer-onehot,HCDR3,W,0.0
Transformer-onehot,HCDR3,W,0.0
Transformer-onehot,HCDR3,W,0.0
Transformer-onehot,HCDR3,W,-0.0757110491394996
Transformer-onehot,HCDR3,W,0.0
Transformer-onehot,HCDR3,W,-0.217096745967865
Transformer-onehot,HCDR3,W,0.0
Transformer-onehot,HCDR3,W,0.0
Transformer-onehot,HCDR3,W,-0.1066611856222152
Transformer-onehot,HCDR3,W,-0.0335319899022579
Transformer-onehot,HCDR3,W,0.0
Transformer-onehot,HCDR3,W,0.0
Transformer-onehot,HCDR3,W,-0.1168403699994087
Transformer-onehot,HCDR3,W,0.0
Transformer-onehot,HCDR3,W,-0.1103928908705711
Transformer-onehot,HCDR3,W,-0.2458474487066269
Transformer-onehot,HCDR3,W,-0.1939523369073867
Transformer-onehot,HCDR3,W,-0.2181045562028885
Transformer-onehot,HCDR3,W,-0.1940253376960754
Transformer-onehot,HCDR3,W,-0.2193782925605774
Transformer-onehot,HCDR3,W,0.0
Transformer-onehot,HCDR3,W,-0.0468627735972404
Transformer-onehot,HCDR3,W,0.0
Transformer-onehot,HCDR3,W,0.0
Transformer-onehot,HCDR3,W,0.0
Transformer-onehot,HCDR3,W,-0.1678296625614166
Transformer-onehot,HCDR3,W,0.0
Transformer-onehot,HCDR3,W,0.0
Transformer-onehot,HCDR3,W,-0.157350406050682
Transformer-onehot,HCDR3,W,-0.0525859296321868
Transformer-onehot,HCDR3,W,-0.0899000093340873
Transformer-onehot,HCDR3,W,-0.0628786534070968
Transformer-onehot,HCDR3,W,0.0
Transformer-onehot,HCDR3,W,0.0
Transformer-onehot,HCDR3,W,0.0
Transformer-onehot,HCDR3,W,-0.1839023828506469
Transformer-onehot,HCDR3,W,0.0
Transformer-onehot,HCDR3,W,-0.1047123149037361
Transformer-onehot,HCDR3,W,-0.0539002306759357
Transformer-onehot,HCDR3,W,-0.2197248935699463
Transformer-onehot,HCDR3,W,0.0
Transformer-onehot,HCDR3,W,-0.5157787799835205
Transformer-onehot,HCDR3,W,0.0
Transformer-onehot,HCDR3,W,0.0
Transformer-onehot,HCDR3,W,0.0
Transformer-onehot,HCDR3,W,-0.1110925301909446
Transformer-onehot,HCDR3,W,0.0
Transformer-onehot,HCDR3,W,-0.1954668462276458
Transformer-onehot,HCDR3,W,-0.1429861187934875
Transformer-onehot,HCDR3,W,0.0
Transformer-onehot,HCDR3,W,-0.2203842997550964
Transformer-onehot,HCDR3,W,-0.1849162578582763
Transformer-onehot,HCDR3,W,0.0
Transformer-onehot,HCDR3,W,0.0
Transformer-onehot,HCDR3,W,0.0
Transformer-onehot,HCDR3,W,-0.1435553878545761
Transformer-onehot,HCDR3,W,0.0
Transformer-onehot,HCDR3,W,-0.1089579537510871
Transformer-onehot,HCDR3,W,-0.388060986995697
Transformer-onehot,HCDR3,W,-0.100756250321865
Transformer-onehot,HCDR3,W,0.0
Transformer-onehot,HCDR3,W,-0.0799978449940681
Transformer-onehot,HCDR3,W,0.0
Transformer-onehot,HCDR3,W,0.0
Transformer-onehot,HCDR3,W,-0.3673132658004761
Transformer-onehot,HCDR3,W,-0.1552002876996994
Transformer-onehot,HCDR3,W,0.0
Transformer-onehot,HCDR3,W,0.0
Transformer-onehot,HCDR3,W,-0.1679780185222625
Transformer-onehot,HCDR3,W,0.0
Transformer-onehot,HCDR3,W,0.0
Transformer-onehot,HCDR3,W,0.0
Transformer-onehot,HCDR3,W,-0.0196090340614318
Transformer-onehot,HCDR3,W,0.0
Transformer-onehot,HCDR3,W,0.0
Transformer-onehot,HCDR3,W,-0.3241639733314514
Transformer-onehot,HCDR3,W,0.0
Transformer-onehot,HCDR3,W,-0.1123247370123863
Transformer-onehot,HCDR3,W,-0.1165210306644439
Transformer-onehot,HCDR3,W,0.0
Transformer-onehot,HCDR3,W,0.0
Transformer-onehot,HCDR3,W,0.0
Transformer-onehot,HCDR3,W,0.0
Transformer-onehot,HCDR3,W,0.0
Transformer-onehot,HCDR3,W,0.0
Transformer-onehot,HCDR3,W,-0.202771708369255
Transformer-onehot,HCDR3,W,-0.0564578659832477
Transformer-onehot,HCDR3,W,0.0
Transformer-onehot,HCDR3,W,0.0
Transformer-onehot,HCDR3,W,0.0
Transformer-onehot,HCDR3,W,0.0
Transformer-onehot,HCDR3,W,-0.2387304455041885
Transformer-onehot,HCDR3,W,-0.7528208494186401
Transformer-onehot,HCDR3,W,0.0
Transformer-onehot,HCDR3,W,0.0
Transformer-onehot,HCDR3,W,0.0
Transformer-onehot,HCDR3,W,0.0
Transformer-onehot,HCDR3,W,0.0
Transformer-onehot,HCDR3,W,0.0
Transformer-onehot,HCDR3,W,0.0
Transformer-onehot,HCDR3,W,-0.1377770602703094
Transformer-onehot,HCDR3,W,0.0
Transformer-onehot,HCDR3,W,0.0
Transformer-onehot,HCDR3,W,-0.1942294836044311
Transformer-onehot,HCDR3,W,-0.1478496640920639
Transformer-onehot,HCDR3,W,-0.1032798513770103
Transformer-onehot,HCDR3,W,0.0
Transformer-onehot,HCDR3,W,0.0
Transformer-onehot,HCDR3,W,-0.0842970535159111
Transformer-onehot,HCDR3,W,0.0
Transformer-onehot,HCDR3,W,0.0
Transformer-onehot,HCDR3,W,0.0
Transformer-onehot,HCDR3,W,-0.1504898220300674
Transformer-onehot,HCDR3,W,-0.1352673321962356
Transformer-onehot,HCDR3,W,-0.2071626335382461
Transformer-onehot,HCDR3,W,-0.0804037004709243
Transformer-onehot,HCDR3,W,-0.129233568906784
Transformer-onehot,HCDR3,W,0.0
Transformer-onehot,HCDR3,W,0.0
Transformer-onehot,HCDR3,W,0.0
Transformer-onehot,HCDR3,W,-0.0963305830955505
Transformer-onehot,HCDR3,W,-0.2512752115726471
Transformer-onehot,HCDR3,W,-0.1503980755805969
Transformer-onehot,HCDR3,W,-0.4248006343841553
Transformer-onehot,HCDR3,W,-0.0615162812173366
Transformer-onehot,HCDR3,W,-0.1837492287158966
Transformer-onehot,HCDR3,W,-0.1508096158504486
Transformer-onehot,HCDR3,W,0.0
Transformer-onehot,HCDR3,W,-0.2826986908912658
Transformer-onehot,HCDR3,W,0.0
Transformer-onehot,HCDR3,W,0.0
Transformer-onehot,HCDR3,W,0.0
Transformer-onehot,HCDR3,W,0.0
Transformer-onehot,HCDR3,W,-0.1241571754217147
Transformer-onehot,HCDR3,W,0.0
Transformer-onehot,HCDR3,W,-0.1284211426973343
Transformer-onehot,HCDR3,W,-0.1727529615163803
Transformer-onehot,HCDR3,W,0.0
Transformer-onehot,HCDR3,W,-0.2396465688943863
Transformer-onehot,HCDR3,W,0.0
Transformer-onehot,HCDR3,W,0.0
Transformer-onehot,HCDR3,W,-0.0606156326830387
Transformer-onehot,HCDR3,W,-0.1934689134359359
Transformer-onehot,HCDR3,W,-0.0761792361736297
Transformer-onehot,HCDR3,W,-0.2384527027606964
Transformer-onehot,HCDR3,W,-0.5666064023971558
Transformer-onehot,HCDR3,W,-0.368334412574768
Transformer-onehot,HCDR3,W,0.0
Transformer-onehot,HCDR3,W,0.0
Transformer-onehot,HCDR3,W,-0.0276381019502878
Transformer-onehot,HCDR3,W,-0.1209352165460586
Transformer-onehot,HCDR3,W,0.0
Transformer-onehot,HCDR3,W,0.0
Transformer-onehot,HCDR3,W,0.0
Transformer-onehot,HCDR3,W,0.0
Transformer-onehot,HCDR3,W,0.0
Transformer-onehot,HCDR3,W,0.0
Transformer-onehot,HCDR3,W,-0.2471814453601837
Transformer-onehot,HCDR3,W,0.0
Transformer-onehot,HCDR3,W,0.0
Transformer-onehot,HCDR3,W,-0.3266528844833374
Transformer-onehot,HCDR3,W,-0.0804936736822128
Transformer-onehot,HCDR3,W,0.0
Transformer-onehot,HCDR3,W,-0.149752601981163
Transformer-onehot,HCDR3,W,-0.2214921414852142
Transformer-onehot,HCDR3,W,0.0
Transformer-onehot,HCDR3,W,-0.2035494148731231
Transformer-onehot,HCDR3,W,0.0
Transformer-onehot,HCDR3,W,-0.2421221584081649
Transformer-onehot,HCDR3,W,0.0
Transformer-onehot,HCDR3,W,-0.1630789637565612
Transformer-onehot,HCDR3,W,0.0
Transformer-onehot,HCDR3,W,-0.1019232720136642
Transformer-onehot,HCDR3,W,0.0
Transformer-onehot,HCDR3,W,0.0
Transformer-onehot,HCDR3,W,-0.1142458990216255
Transformer-onehot,HCDR3,W,-0.1502089202404022
Transformer-onehot,HCDR3,W,0.0
Transformer-onehot,HCDR3,W,0.0
Transformer-onehot,HCDR3,W,0.0
Transformer-onehot,HCDR3,W,0.0
Transformer-onehot,HCDR3,W,-0.0979192852973938
Transformer-onehot,HCDR3,W,0.0
Transformer-onehot,HCDR3,W,-0.1436779052019119
Transformer-onehot,HCDR3,W,-0.3110271096229553
Transformer-onehot,HCDR3,W,-0.2802529036998749
Transformer-onehot,HCDR3,W,0.0
Transformer-onehot,HCDR3,W,-0.2043212950229644
Transformer-onehot,HCDR3,W,-0.1062214523553848
Transformer-onehot,HCDR3,W,-0.2245548218488693
Transformer-onehot,HCDR3,W,-0.3539481163024902
Transformer-onehot,HCDR3,W,0.0
Transformer-onehot,HCDR3,W,0.0
Transformer-onehot,HCDR3,W,0.0
Transformer-onehot,HCDR3,W,0.0
Transformer-onehot,HCDR3,W,0.0
Transformer-onehot,HCDR3,W,-0.6583990454673767
Transformer-onehot,HCDR3,W,-0.0539617426693439
Transformer-onehot,HCDR3,W,-0.1494490653276443
Transformer-onehot,HCDR3,W,-0.2601178288459778
Transformer-onehot,HCDR3,W,0.0
Transformer-onehot,HCDR3,W,-0.1001686677336692
Transformer-onehot,HCDR3,W,0.0
Transformer-onehot,HCDR3,W,0.0
Transformer-onehot,HCDR3,W,0.0
Transformer-onehot,HCDR3,W,-0.0816291943192482
Transformer-onehot,HCDR3,W,0.0
Transformer-onehot,HCDR3,W,-0.2553448379039764
Transformer-onehot,HCDR3,W,-0.1242465376853942
Transformer-onehot,HCDR3,W,-0.135471224784851
Transformer-onehot,HCDR3,W,-0.1513356119394302
Transformer-onehot,HCDR3,W,0.0
Transformer-onehot,HCDR3,W,-0.074027344584465
Transformer-onehot,HCDR3,W,0.0
Transformer-onehot,HCDR3,W,-0.1301362514495849
Transformer-onehot,HCDR3,W,-0.3056731224060058
Transformer-onehot,HCDR3,W,0.0
Transformer-onehot,HCDR3,W,0.0
Transformer-onehot,HCDR3,W,0.0
Transformer-onehot,HCDR3,W,0.0
Transformer-onehot,HCDR3,W,-0.0956860482692718
Transformer-onehot,HCDR3,W,-0.2418649047613144
Transformer-onehot,HCDR3,W,-0.1637468785047531
Transformer-onehot,HCDR3,W,-0.1085236594080925
Transformer-onehot,HCDR3,W,0.0
Transformer-onehot,HCDR3,W,-0.1480383276939392
Transformer-onehot,HCDR3,W,0.0
Transformer-onehot,HCDR3,W,0.0
Transformer-onehot,HCDR3,W,-0.1140715032815933
Transformer-onehot,HCDR3,W,-0.1751058101654052
Transformer-onehot,HCDR3,W,-0.1719492375850677
Transformer-onehot,HCDR3,W,0.0
Transformer-onehot,HCDR3,W,0.0
Transformer-onehot,HCDR3,W,0.0
Transformer-onehot,HCDR3,W,-0.0478108264505863
Transformer-onehot,HCDR3,Y,0.0
Transformer-onehot,HCDR3,Y,0.0
Transformer-onehot,HCDR3,Y,-0.0112577378749847
Transformer-onehot,HCDR3,Y,-0.076592743396759
Transformer-onehot,HCDR3,Y,0.0407910123467445
Transformer-onehot,HCDR3,Y,-0.1153187900781631
Transformer-onehot,HCDR3,Y,0.0177827421575784
Transformer-onehot,HCDR3,Y,-0.0330978445708751
Transformer-onehot,HCDR3,Y,-0.0216371081769466
Transformer-onehot,HCDR3,Y,-0.012485321611166
Transformer-onehot,HCDR3,Y,-0.0997253432869911
Transformer-onehot,HCDR3,Y,0.0093158893287181
Transformer-onehot,HCDR3,Y,-0.1315807700157165
Transformer-onehot,HCDR3,Y,0.0962338596582412
Transformer-onehot,HCDR3,Y,-0.1668457984924316
Transformer-onehot,HCDR3,Y,-0.0944640263915062
Transformer-onehot,HCDR3,Y,-0.0130284950137138
Transformer-onehot,HCDR3,Y,-0.0549469515681266
Transformer-onehot,HCDR3,Y,-0.0803654417395591
Transformer-onehot,HCDR3,Y,-0.1375143229961395
Transformer-onehot,HCDR3,Y,0.0434754341840744
Transformer-onehot,HCDR3,Y,-0.1288335919380188
Transformer-onehot,HCDR3,Y,0.0202859248965978
Transformer-onehot,HCDR3,Y,0.018647177144885
Transformer-onehot,HCDR3,Y,0.1439605057239532
Transformer-onehot,HCDR3,Y,-0.0022035688161849
Transformer-onehot,HCDR3,Y,0.0555284693837165
Transformer-onehot,HCDR3,Y,0.0208795201033353
Transformer-onehot,HCDR3,Y,0.0487587675452232
Transformer-onehot,HCDR3,Y,0.0818340927362442
Transformer-onehot,HCDR3,Y,-0.2080348432064056
Transformer-onehot,HCDR3,Y,-0.202890008687973
Transformer-onehot,HCDR3,Y,-0.0920234397053718
Transformer-onehot,HCDR3,Y,-0.1099360585212707
Transformer-onehot,HCDR3,Y,-0.0562466830015182
Transformer-onehot,HCDR3,Y,0.0680263414978981
Transformer-onehot,HCDR3,Y,0.0979088991880416
Transformer-onehot,HCDR3,Y,-0.1303116083145141
Transformer-onehot,HCDR3,Y,-0.0781500041484832
Transformer-onehot,HCDR3,Y,-0.1931767463684082
Transformer-onehot,HCDR3,Y,-0.0179302096366882
Transformer-onehot,HCDR3,Y,0.0
Transformer-onehot,HCDR3,Y,0.1170826181769371
Transformer-onehot,HCDR3,Y,-0.1503238976001739
Transformer-onehot,HCDR3,Y,0.1096249967813491
Transformer-onehot,HCDR3,Y,0.1472047865390777
Transformer-onehot,HCDR3,Y,-0.0204621851444244
Transformer-onehot,HCDR3,Y,-0.0475803166627883
Transformer-onehot,HCDR3,Y,0.1168215125799179
Transformer-onehot,HCDR3,Y,-0.129246324300766
Transformer-onehot,HCDR3,Y,0.0115550151094794
Transformer-onehot,HCDR3,Y,-0.0160554088652133
Transformer-onehot,HCDR3,Y,-0.0181934088468551
Transformer-onehot,HCDR3,Y,0.031033607199788
Transformer-onehot,HCDR3,Y,0.0972007289528846
Transformer-onehot,HCDR3,Y,0.0169904399663209
Transformer-onehot,HCDR3,Y,-0.0171792022883892
Transformer-onehot,HCDR3,Y,-0.1474494636058807
Transformer-onehot,HCDR3,Y,-0.0202815402299165
Transformer-onehot,HCDR3,Y,-0.0848455727100372
Transformer-onehot,HCDR3,Y,0.1139554679393768
Transformer-onehot,HCDR3,Y,-0.0191023219376802
Transformer-onehot,HCDR3,Y,-0.1236468330025672
Transformer-onehot,HCDR3,Y,-0.2351795583963394
Transformer-onehot,HCDR3,Y,-0.1197184920310974
Transformer-onehot,HCDR3,Y,-0.0170260444283485
Transformer-onehot,HCDR3,Y,0.0217277631163597
Transformer-onehot,HCDR3,Y,-0.0362233594059944
Transformer-onehot,HCDR3,Y,-0.0301462709903717
Transformer-onehot,HCDR3,Y,-0.0385940335690975
Transformer-onehot,HCDR3,Y,-0.088516741991043
Transformer-onehot,HCDR3,Y,-0.019576508551836
Transformer-onehot,HCDR3,Y,-0.018131248652935
Transformer-onehot,HCDR3,Y,-0.1499144583940506
Transformer-onehot,HCDR3,Y,-0.0650398358702659
Transformer-onehot,HCDR3,Y,0.0
Transformer-onehot,HCDR3,Y,-0.0779654756188392
Transformer-onehot,HCDR3,Y,-0.2659072577953338
Transformer-onehot,HCDR3,Y,0.1465216875076294
Transformer-onehot,HCDR3,Y,-0.015022475272417
Transformer-onehot,HCDR3,Y,0.0274335090070962
Transformer-onehot,HCDR3,Y,0.1445285528898239
Transformer-onehot,HCDR3,Y,-0.0274622812867164
Transformer-onehot,HCDR3,Y,-0.0043691834434866
Transformer-onehot,HCDR3,Y,0.0362510718405246
Transformer-onehot,HCDR3,Y,-0.1824480146169662
Transformer-onehot,HCDR3,Y,0.0
Transformer-onehot,HCDR3,Y,0.0957627668976783
Transformer-onehot,HCDR3,Y,-0.1555629819631576
Transformer-onehot,HCDR3,Y,-0.024802291765809
Transformer-onehot,HCDR3,Y,0.0
Transformer-onehot,HCDR3,Y,0.1311014294624328
Transformer-onehot,HCDR3,Y,-0.0823475420475006
Transformer-onehot,HCDR3,Y,0.0276155695319175
Transformer-onehot,HCDR3,Y,-0.0889852419495582
Transformer-onehot,HCDR3,Y,0.0308574624359607
Transformer-onehot,HCDR3,Y,0.0896698161959648
Transformer-onehot,HCDR3,Y,-0.0182404816150665
Transformer-onehot,HCDR3,Y,-0.1529508680105209
Transformer-onehot,HCDR3,Y,-0.0055550867691636
Transformer-onehot,HCDR3,Y,-0.1756361871957779
Transformer-onehot,HCDR3,Y,0.0111126489937305
Transformer-onehot,HCDR3,Y,-0.0176692306995391
Transformer-onehot,HCDR3,Y,-0.0696140825748443
Transformer-onehot,HCDR3,Y,-0.0325477346777915
Transformer-onehot,HCDR3,Y,0.0158735960721969
Transformer-onehot,HCDR3,Y,0.1049403101205825
Transformer-onehot,HCDR3,Y,0.0802843123674392
Transformer-onehot,HCDR3,Y,0.120779700577259
Transformer-onehot,HCDR3,Y,-0.094347558915615
Transformer-onehot,HCDR3,Y,0.0312725715339183
Transformer-onehot,HCDR3,Y,0.0265849214047193
Transformer-onehot,HCDR3,Y,-0.0536195710301399
Transformer-onehot,HCDR3,Y,0.0626702308654785
Transformer-onehot,HCDR3,Y,-0.0185634642839431
Transformer-onehot,HCDR3,Y,-0.0212715119123458
Transformer-onehot,HCDR3,Y,-0.0307887867093086
Transformer-onehot,HCDR3,Y,0.074797622859478
Transformer-onehot,HCDR3,Y,-0.0950102359056472
Transformer-onehot,HCDR3,Y,-0.0246561020612716
Transformer-onehot,HCDR3,Y,-0.0204514525830745
Transformer-onehot,HCDR3,Y,0.1169517263770103
Transformer-onehot,HCDR3,Y,0.0147216580808162
Transformer-onehot,HCDR3,Y,-0.1649144887924194
Transformer-onehot,HCDR3,Y,-0.2777217626571655
Transformer-onehot,HCDR3,Y,0.0085857324302196
Transformer-onehot,HCDR3,Y,-0.2220057249069214
Transformer-onehot,HCDR3,Y,0.0266087837517261
Transformer-onehot,HCDR3,Y,-0.0884759500622749
Transformer-onehot,HCDR3,Y,0.1299704313278198
Transformer-onehot,HCDR3,Y,-0.1121646538376808
Transformer-onehot,HCDR3,Y,-0.0287278667092323
Transformer-onehot,HCDR3,Y,-0.0117370337247848
Transformer-onehot,HCDR3,Y,-0.1527765393257141
Transformer-onehot,HCDR3,Y,-0.1016036868095398
Transformer-onehot,HCDR3,Y,-0.1334507763385772
Transformer-onehot,HCDR3,Y,0.0
Transformer-onehot,HCDR3,Y,-0.0937227681279182
Transformer-onehot,HCDR3,Y,-0.1697362065315246
Transformer-onehot,HCDR3,Y,0.1095444709062576
Transformer-onehot,HCDR3,Y,-0.1504001021385193
Transformer-onehot,HCDR3,Y,-0.1371048241853714
Transformer-onehot,HCDR3,Y,0.0756743028759956
Transformer-onehot,HCDR3,Y,-0.0541657283902168
Transformer-onehot,HCDR3,Y,0.0517773814499378
Transformer-onehot,HCDR3,Y,0.0030649360269308
Transformer-onehot,HCDR3,Y,0.1356565952301025
Transformer-onehot,HCDR3,Y,0.0304120201617479
Transformer-onehot,HCDR3,Y,-0.0023475214838981
Transformer-onehot,HCDR3,Y,0.0
Transformer-onehot,HCDR3,Y,0.0579893328249454
Transformer-onehot,HCDR3,Y,0.0356809236109256
Transformer-onehot,HCDR3,Y,-0.1070630550384521
Transformer-onehot,HCDR3,Y,-0.0697001963853836
Transformer-onehot,HCDR3,Y,-0.1022301092743873
Transformer-onehot,HCDR3,Y,-0.0473629012703895
Transformer-onehot,HCDR3,Y,-0.0376867726445198
Transformer-onehot,HCDR3,Y,-0.1025380417704582
Transformer-onehot,HCDR3,Y,-0.0649852082133293
Transformer-onehot,HCDR3,Y,-0.0981672927737236
Transformer-onehot,HCDR3,Y,-0.028016373515129
Transformer-onehot,HCDR3,Y,0.0166134443134069
Transformer-onehot,HCDR3,Y,0.1167076006531715
Transformer-onehot,HCDR3,Y,-0.2019065469503402
Transformer-onehot,HCDR3,Y,0.1208471581339836
Transformer-onehot,HCDR3,Y,-0.0301439519971609
Transformer-onehot,HCDR3,Y,0.0301745887845754
Transformer-onehot,HCDR3,Y,-0.0393237695097923
Transformer-onehot,HCDR3,Y,0.0501381456851959
Transformer-onehot,HCDR3,Y,-0.0671885460615158
Transformer-onehot,HCDR3,Y,0.1325983256101608
Transformer-onehot,HCDR3,Y,-0.1235595270991325
Transformer-onehot,HCDR3,Y,-0.0096901198849082
Transformer-onehot,HCDR3,Y,0.0882298648357391
Transformer-onehot,HCDR3,Y,0.1043766289949417
Transformer-onehot,HCDR3,Y,-0.1180751696228981
Transformer-onehot,HCDR3,Y,0.1300903707742691
Transformer-onehot,HCDR3,Y,-0.0153775066137313
Transformer-onehot,HCDR3,Y,-0.0928513929247856
Transformer-onehot,HCDR3,Y,-0.0385656580328941
Transformer-onehot,HCDR3,Y,-0.0420536696910858
Transformer-onehot,HCDR3,Y,0.0434960164129734
Transformer-onehot,HCDR3,Y,0.0496881492435932
Transformer-onehot,HCDR3,Y,-0.0880528837442398
Transformer-onehot,HCDR3,Y,-0.1064590141177177
Transformer-onehot,HCDR3,Y,-0.0160282477736473
Transformer-onehot,HCDR3,Y,-0.0405818298459053
Transformer-onehot,HCDR3,Y,0.0149317709729075
Transformer-onehot,HCDR3,Y,0.0613289289176464
Transformer-onehot,HCDR3,Y,0.0270356610417366
Transformer-onehot,HCDR3,Y,-0.1516162455081939
Transformer-onehot,HCDR3,Y,-0.0472878254950046
Transformer-onehot,HCDR3,Y,0.0138148227706551
Transformer-onehot,HCDR3,Y,-0.1275680363178253
Transformer-onehot,HCDR3,Y,0.0668223798274993
Transformer-onehot,HCDR3,Y,0.0164655148983001
Transformer-onehot,HCDR3,Y,0.1029594540596008
Transformer-onehot,HCDR3,Y,0.1018551811575889
Transformer-onehot,HCDR3,Y,-0.0174299329519271
Transformer-onehot,HCDR3,Y,-0.0431251153349876
Transformer-onehot,HCDR3,Y,0.0874035954475402
Transformer-onehot,HCDR3,Y,-0.1831647008657455
Transformer-onehot,HCDR3,Y,0.0502975769340992
Transformer-onehot,HCDR3,Y,-0.0235502291470766
Transformer-onehot,HCDR3,Y,0.0
Transformer-onehot,HCDR3,Y,0.0445115081965923
Transformer-onehot,HCDR3,Y,0.0131016317754983
Transformer-onehot,HCDR3,Y,-0.0754451379179954
Transformer-onehot,HCDR3,Y,-0.0233965013176202
Transformer-onehot,HCDR3,Y,0.0
Transformer-onehot,HCDR3,Y,0.0576705262064933
Transformer-onehot,HCDR3,Y,-0.0381327979266643
Transformer-onehot,HCDR3,Y,-0.0738147050142288
Transformer-onehot,HCDR3,Y,-0.0437670014798641
Transformer-onehot,HCDR3,Y,0.1011059060692787
Transformer-onehot,HCDR3,Y,0.0258655436336994
Transformer-onehot,HCDR3,Y,0.0200681053102016
Transformer-onehot,HCDR3,Y,0.0887681618332862
Transformer-onehot,HCDR3,Y,-0.0110480040311813
Transformer-onehot,HCDR3,Y,0.1353055387735366
Transformer-onehot,HCDR3,Y,0.0210566874593496
Transformer-onehot,HCDR3,Y,-0.0283630583435297
Transformer-onehot,HCDR3,Y,-0.2496117204427719
Transformer-onehot,HCDR3,Y,-0.1123009771108627
Transformer-onehot,HCDR3,Y,-0.0871898680925369
Transformer-onehot,HCDR3,Y,0.0315608270466327
Transformer-onehot,HCDR3,Y,0.0506436675786972
Transformer-onehot,HCDR3,Y,-0.128125250339508
Transformer-onehot,HCDR3,Y,-0.1452992111444473
Transformer-onehot,HCDR3,Y,-0.2429035753011703
Transformer-onehot,HCDR3,Y,0.0457091517746448
Transformer-onehot,HCDR3,Y,0.0763639211654663
Transformer-onehot,HCDR3,Y,-0.1279558837413787
Transformer-onehot,HCDR3,Y,-0.1311016231775283
Transformer-onehot,HCDR3,Y,-0.0237650722265243
Transformer-onehot,HCDR3,Y,-0.0586539730429649
Transformer-onehot,HCDR3,Y,0.0639707893133163
Transformer-onehot,HCDR3,Y,0.1018301248550415
Transformer-onehot,HCDR3,Y,0.0249779373407363
Transformer-onehot,HCDR3,Y,-0.0202405080199241
Transformer-onehot,HCDR3,Y,0.1322687417268753
Transformer-onehot,HCDR3,Y,0.051326934248209
Transformer-onehot,HCDR3,Y,-0.180958941578865
Transformer-onehot,HCDR3,Y,-0.0732051208615303
Transformer-onehot,HCDR3,Y,0.0488910749554634
Transformer-onehot,HCDR3,Y,-0.1311585754156112
Transformer-onehot,HCDR3,Y,-0.034971572458744
Transformer-onehot,HCDR3,Y,-0.1289035081863403
Transformer-onehot,HCDR3,Y,-0.1538054198026657
Transformer-onehot,HCDR3,Y,0.0021648705005645
Transformer-onehot,HCDR3,Y,0.0026198159903287
Transformer-onehot,HCDR3,Y,0.0050836689770221
Transformer-onehot,HCDR3,Y,0.0256820432841777
Transformer-onehot,HCDR3,Y,0.0093264635652303
Transformer-onehot,HCDR3,Y,-0.0035783881321549
Transformer-onehot,HCDR3,Y,0.0376712307333946
Transformer-onehot,HCDR3,Y,-0.0251577980816364
Transformer-onehot,HCDR3,Y,0.0124879898503422
Transformer-onehot,HCDR3,Y,0.0259297620505094
Transformer-onehot,HCDR3,Y,0.0097614582628011
Transformer-onehot,HCDR3,Y,0.0
Transformer-onehot,HCDR3,Y,0.0242405422031879
Transformer-onehot,HCDR3,Y,0.0315516628324985
Transformer-onehot,HCDR3,Y,0.0239982008934021
Transformer-onehot,HCDR3,Y,0.0195218827575445
Transformer-onehot,HCDR3,Y,0.0014393092133104
Transformer-onehot,HCDR3,Y,0.0011581517755985
Transformer-onehot,HCDR3,Y,-0.0041805529035627
Transformer-onehot,HCDR3,Y,0.003724074922502
Transformer-onehot,HCDR3,Y,0.0117275547236204
Transformer-onehot,HCDR3,Y,-0.0520267970860004
Transformer-onehot,HCDR3,Y,0.0032458724454045
Transformer-onehot,HCDR3,Y,-0.0239163115620613
Transformer-onehot,HCDR3,Y,-0.011176923289895
Transformer-onehot,HCDR3,Y,-0.0039105638861656
Transformer-onehot,HCDR3,Y,0.0106244944036006
Transformer-onehot,HCDR3,Y,0.0185134299099445
Transformer-onehot,HCDR3,Y,0.0096710743382573
Transformer-onehot,HCDR3,Y,0.0111767025664448
Transformer-onehot,HCDR3,Y,-0.0260917469859123
Transformer-onehot,HCDR3,Y,0.0
Transformer-onehot,HCDR3,Y,0.0619557462632656
Transformer-onehot,HCDR3,Y,0.0448485575616359
Transformer-onehot,HCDR3,Y,0.02202969789505
Transformer-onehot,HCDR3,Y,0.0085056647658348
Transformer-onehot,HCDR3,Y,0.0063903285190463
Transformer-onehot,HCDR3,Y,0.0038523077964782
Transformer-onehot,HCDR3,Y,-0.1238232403993606
Transformer-onehot,HCDR3,Y,0.0167793948203325
Transformer-onehot,HCDR3,Y,0.0512304678559303
Transformer-onehot,HCDR3,Y,0.0196203496307134
Transformer-onehot,HCDR3,Y,0.0435657799243927
Transformer-onehot,HCDR3,Y,0.0254355613142251
Transformer-onehot,HCDR3,Y,0.0279072411358356
Transformer-onehot,HCDR3,Y,0.0125463847070932
Transformer-onehot,HCDR3,Y,0.0162867605686187
Transformer-onehot,HCDR3,Y,0.0198943950235843
Transformer-onehot,HCDR3,Y,0.0118620665743947
Transformer-onehot,HCDR3,Y,-0.0078380331397056
Transformer-onehot,HCDR3,Y,0.0068184603005647
Transformer-onehot,HCDR3,Y,0.0239956900477409
Transformer-onehot,HCDR3,Y,-0.0228615570813417
Transformer-onehot,HCDR3,Y,-0.0094436919316649
Transformer-onehot,HCDR3,Y,0.0112005220726132
Transformer-onehot,HCDR3,Y,-0.0294834990054368
Transformer-onehot,HCDR3,Y,-0.0076386565342545
Transformer-onehot,HCDR3,Y,-0.0604176521301269
Transformer-onehot,HCDR3,Y,0.0035436523612588
Transformer-onehot,HCDR3,Y,-0.0010353960096836
Transformer-onehot,HCDR3,Y,-0.0048035383224487
Transformer-onehot,HCDR3,Y,-0.0023913718760013
Transformer-onehot,HCDR3,Y,0.0235998462885618
Transformer-onehot,HCDR3,Y,0.0262183491140604
Transformer-onehot,HCDR3,Y,0.0225310456007719
Transformer-onehot,HCDR3,Y,0.008712132461369
Transformer-onehot,HCDR3,Y,0.020911619067192
Transformer-onehot,HCDR3,Y,0.0081533500924706
Transformer-onehot,HCDR3,Y,-0.0159411914646625
Transformer-onehot,HCDR3,Y,-0.0891516581177711
Transformer-onehot,HCDR3,Y,0.0450546853244304
Transformer-onehot,HCDR3,Y,0.0106049003079533
Transformer-onehot,HCDR3,Y,-0.0341805107891559
Transformer-onehot,HCDR3,Y,-0.0119593255221843
Transformer-onehot,HCDR3,Y,0.0066081695258617
Transformer-onehot,HCDR3,Y,0.0265844874083995
Transformer-onehot,HCDR3,Y,0.0019265823066234
Transformer-onehot,HCDR3,Y,0.0139208929613232
Transformer-onehot,HCDR3,Y,0.0174010898917913
Transformer-onehot,HCDR3,Y,0.0005227886140346
Transformer-onehot,HCDR3,Y,0.0896476581692695
Transformer-onehot,HCDR3,Y,0.0177598353475332
Transformer-onehot,HCDR3,Y,0.0156637113541364
Transformer-onehot,HCDR3,Y,-0.0113006895408034
Transformer-onehot,HCDR3,Y,-0.020023250952363
Transformer-onehot,HCDR3,Y,-0.0167113281786441
Transformer-onehot,HCDR3,Y,-0.0143241919577121
Transformer-onehot,HCDR3,Y,-0.039642684161663
Transformer-onehot,HCDR3,Y,-0.0217281300574541
Transformer-onehot,HCDR3,Y,0.0
Transformer-onehot,HCDR3,Y,0.01435380987823
Transformer-onehot,HCDR3,Y,-0.0294422153383493
Transformer-onehot,HCDR3,Y,0.0097451023757457
Transformer-onehot,HCDR3,Y,0.0099296206608414
Transformer-onehot,HCDR3,Y,0.0031944662332534
Transformer-onehot,HCDR3,Y,-0.0067357458174228
Transformer-onehot,HCDR3,Y,0.0141201065853238
Transformer-onehot,HCDR3,Y,0.0113175809383392
Transformer-onehot,HCDR3,Y,0.0150902029126882
Transformer-onehot,HCDR3,Y,0.0066566625609993
Transformer-onehot,HCDR3,Y,-0.0172681026160717
Transformer-onehot,HCDR3,Y,0.0201478507369756
Transformer-onehot,HCDR3,Y,0.0169536750763654
Transformer-onehot,HCDR3,Y,0.0028824200853705
Transformer-onehot,HCDR3,Y,-0.0024353712797164
Transformer-onehot,HCDR3,Y,0.0224102772772312
Transformer-onehot,HCDR3,Y,0.0181678552180528
Transformer-onehot,HCDR3,Y,-0.0338823460042476
Transformer-onehot,HCDR3,Y,0.0227321293205022
Transformer-onehot,HCDR3,Y,-0.0515966042876243
Transformer-onehot,HCDR3,Y,0.0027175014838576
Transformer-onehot,HCDR3,Y,-0.0625510960817337
Transformer-onehot,HCDR3,Y,0.0020607085898518
Transformer-onehot,HCDR3,Y,0.0155787346884608
Transformer-onehot,HCDR3,Y,-0.0018845275044441
Transformer-onehot,HCDR3,Y,-0.0194022096693515
Transformer-onehot,HCDR3,Y,0.0287866666913032
Transformer-onehot,HCDR3,Y,-0.0077886674553155
Transformer-onehot,HCDR3,Y,-0.0064627807587385
Transformer-onehot,HCDR3,Y,-0.012686975300312
Transformer-onehot,HCDR3,Y,0.0185892097651958
Transformer-onehot,HCDR3,Y,0.0343402996659278
Transformer-onehot,HCDR3,Y,-0.0111001906916499
Transformer-onehot,HCDR3,Y,0.0135603575035929
Transformer-onehot,HCDR3,Y,-0.0749804452061653
Transformer-onehot,HCDR3,Y,0.0078264726325869
Transformer-onehot,HCDR3,Y,-0.0406634733080863
Transformer-onehot,HCDR3,Y,-0.0270751826465129
Transformer-onehot,HCDR3,Y,0.013734315522015
Transformer-onehot,HCDR3,Y,0.0196036770939826
Transformer-onehot,HCDR3,Y,0.0110701927915215
Transformer-onehot,HCDR3,Y,0.0226652678102254
Transformer-onehot,HCDR3,Y,-0.0055441837757825
Transformer-onehot,HCDR3,Y,-0.0033688377588987
Transformer-onehot,HCDR3,Y,-0.0295548271387815
Transformer-onehot,HCDR3,Y,-0.0039540044963359
Transformer-onehot,HCDR3,Y,0.0166986305266618
Transformer-onehot,HCDR3,Y,0.035223864018917
Transformer-onehot,HCDR3,Y,0.0145526332780718
Transformer-onehot,HCDR3,Y,0.0634019076824188
Transformer-onehot,HCDR3,Y,-0.0047242539003491
Transformer-onehot,HCDR3,Y,-0.0415796935558319
Transformer-onehot,HCDR3,Y,0.0045458320528268
Transformer-onehot,HCDR3,Y,0.0109357284381985
Transformer-onehot,HCDR3,Y,0.0345788598060607
Transformer-onehot,HCDR3,Y,-0.0150755234062671
Transformer-onehot,HCDR3,Y,-0.0278933942317962
Transformer-onehot,HCDR3,Y,-1.6168225556612015e-05
Transformer-onehot,HCDR3,Y,0.0
Transformer-onehot,HCDR3,Y,0.0108334338292479
Transformer-onehot,HCDR3,Y,-0.0101622594520449
Transformer-onehot,HCDR3,Y,0.0
Transformer-onehot,HCDR3,Y,-0.0053767897188663
Transformer-onehot,HCDR3,Y,-0.0442590527236461
Transformer-onehot,HCDR3,Y,0.0440447255969047
Transformer-onehot,HCDR3,Y,-0.0108813792467117
Transformer-onehot,HCDR3,Y,-0.03777926415205
Transformer-onehot,HCDR3,Y,-0.0381034687161445
Transformer-onehot,HCDR3,Y,-0.0110955294221639
Transformer-onehot,HCDR3,Y,0.000594837591052
Transformer-onehot,HCDR3,Y,-0.0068719908595085
Transformer-onehot,HCDR3,Y,0.0768075585365295
Transformer-onehot,HCDR3,Y,-0.0330163314938545
Transformer-onehot,HCDR3,Y,-0.0226604454219341
Transformer-onehot,HCDR3,Y,0.0031360583379864
Transformer-onehot,HCDR3,Y,0.0123396096751093
Transformer-onehot,HCDR3,Y,0.0039675943553447
Transformer-onehot,HCDR3,Y,0.0455874353647232
Transformer-onehot,HCDR3,Y,-0.007978806272149
Transformer-onehot,HCDR3,Y,-0.0558278486132621
Transformer-onehot,HCDR3,Y,0.0123869329690933
Transformer-onehot,HCDR3,Y,0.0184592995792627
Transformer-onehot,HCDR3,Y,-0.0104733202606439
Transformer-onehot,HCDR3,Y,0.0110011361539363
Transformer-onehot,HCDR3,Y,-0.0142313074320554
Transformer-onehot,HCDR3,Y,0.0151296705007553
Transformer-onehot,HCDR3,Y,0.0
Transformer-onehot,HCDR3,Y,-0.0007320363074541
Transformer-onehot,HCDR3,Y,-0.048192873597145
Transformer-onehot,HCDR3,Y,0.0396050177514553
Transformer-onehot,HCDR3,Y,0.0196968168020248
Transformer-onehot,HCDR3,Y,0.0097969975322484
Transformer-onehot,HCDR3,Y,0.0265057459473609
Transformer-onehot,HCDR3,Y,0.0005787182599306
Transformer-onehot,HCDR3,Y,0.0277975089848041
Transformer-onehot,HCDR3,Y,0.0101746143773198
Transformer-onehot,HCDR3,Y,0.0229614749550819
Transformer-onehot,HCDR3,Y,0.0073577435687184
Transformer-onehot,HCDR3,Y,0.0207034517079591
Transformer-onehot,HCDR3,Y,0.0193081405013799
Transformer-onehot,HCDR3,Y,-0.0122785838320851
Transformer-onehot,HCDR3,Y,0.0191050339490175
Transformer-onehot,HCDR3,Y,0.0292207170277833
Transformer-onehot,HCDR3,Y,-0.0026907892897725
Transformer-onehot,HCDR3,Y,-0.0234482567757368
Transformer-onehot,HCDR3,Y,0.0353206656873226
Transformer-onehot,HCDR3,Y,0.0084000714123249
Transformer-onehot,HCDR3,Y,0.0151259386911988
Transformer-onehot,HCDR3,Y,-0.0600107200443744
Transformer-onehot,HCDR3,Y,0.0143441706895828
Transformer-onehot,HCDR3,Y,0.0312406718730926
Transformer-onehot,HCDR3,Y,-0.1363139599561691
Transformer-onehot,HCDR3,Y,0.020803302526474
Transformer-onehot,HCDR3,Y,0.0162552930414676
Transformer-onehot,HCDR3,Y,-0.0306261498481035
Transformer-onehot,HCDR3,Y,-0.0228699073195457
Transformer-onehot,HCDR3,Y,0.0161475166678428
Transformer-onehot,HCDR3,Y,-0.0120704043656587
Transformer-onehot,HCDR3,Y,0.0173583477735519
Transformer-onehot,HCDR3,Y,0.0
Transformer-onehot,HCDR3,Y,0.0026334808208048
Transformer-onehot,HCDR3,Y,-0.0267786048352718
Transformer-onehot,HCDR3,Y,0.1056154444813728
Transformer-onehot,HCDR3,Y,0.0028855018317699
Transformer-onehot,HCDR3,Y,-0.0027745249681174
Transformer-onehot,HCDR3,Y,0.0013394579291343
Transformer-onehot,HCDR3,Y,-0.0100693898275494
Transformer-onehot,HCDR3,Y,-0.0024967840872704
Transformer-onehot,HCDR3,Y,0.0026107337325811
Transformer-onehot,HCDR3,Y,-0.0235014203935861
Transformer-onehot,HCDR3,Y,0.067240223288536
Transformer-onehot,HCDR3,Y,0.0121177677065134
Transformer-onehot,HCDR3,Y,-0.0087012946605682
Transformer-onehot,HCDR3,Y,-0.0137791372835636
Transformer-onehot,HCDR3,Y,0.0129115507006645
Transformer-onehot,HCDR3,Y,-0.0058472389355301
Transformer-onehot,HCDR3,Y,-0.0034290049225091
Transformer-onehot,HCDR3,Y,-0.0129704251885414
Transformer-onehot,HCDR3,Y,-0.0062786298803985
Transformer-onehot,HCDR3,Y,0.0188687276095151
Transformer-onehot,HCDR3,Y,0.0089605497196316
Transformer-onehot,HCDR3,Y,0.0358389616012573
Transformer-onehot,HCDR3,Y,-0.0183183513581752
Transformer-onehot,HCDR3,Y,0.0218844562768936
Transformer-onehot,HCDR3,Y,0.0
Transformer-onehot,HCDR3,Y,-0.0010680947452783
Transformer-onehot,HCDR3,Y,0.0351475328207016
Transformer-onehot,HCDR3,Y,0.0017659924924373
Transformer-onehot,HCDR3,Y,-0.0150749515742063
Transformer-onehot,HCDR3,Y,0.0086575765162706
Transformer-onehot,HCDR3,Y,-0.0063961241394281
Transformer-onehot,HCDR3,Y,-0.0279882661998271
Transformer-onehot,HCDR3,Y,-0.0427895300090312
Transformer-onehot,HCDR3,Y,-0.1002591252326965
Transformer-onehot,HCDR3,Y,0.0145324654877185
Transformer-onehot,HCDR3,Y,0.002809518482536
Transformer-onehot,HCDR3,Y,-0.0056039812043309
Transformer-onehot,HCDR3,Y,-0.0143726980313658
Transformer-onehot,HCDR3,Y,-0.059749536216259
Transformer-onehot,HCDR3,Y,-0.0032088737934827
Transformer-onehot,HCDR3,Y,0.0158725921064615
Transformer-onehot,VH_framework,A,0.0
Transformer-onehot,VH_framework,A,0.0
Transformer-onehot,VH_framework,A,0.0
Transformer-onehot,VH_framework,A,0.0
Transformer-onehot,VH_framework,A,0.0
Transformer-onehot,VH_framework,A,0.0
Transformer-onehot,VH_framework,A,-0.0078067979775369
Transformer-onehot,VH_framework,A,0.0
Transformer-onehot,VH_framework,A,0.0
Transformer-onehot,VH_framework,A,-0.0113917868584394
Transformer-onehot,VH_framework,A,0.0
Transformer-onehot,VH_framework,A,-0.0076137138530611
Transformer-onehot,VH_framework,A,0.0
Transformer-onehot,VH_framework,A,0.0
Transformer-onehot,VH_framework,A,0.0
Transformer-onehot,VH_framework,A,-0.0078551173210144
Transformer-onehot,VH_framework,A,0.0
Transformer-onehot,VH_framework,A,0.0
Transformer-onehot,VH_framework,A,0.0
Transformer-onehot,VH_framework,A,0.0
Transformer-onehot,VH_framework,A,0.0
Transformer-onehot,VH_framework,A,0.0
Transformer-onehot,VH_framework,A,0.0
Transformer-onehot,VH_framework,A,0.0
Transformer-onehot,VH_framework,A,0.0
Transformer-onehot,VH_framework,A,0.0
Transformer-onehot,VH_framework,A,-0.0102527691051363
Transformer-onehot,VH_framework,A,0.0
Transformer-onehot,VH_framework,A,0.0
Transformer-onehot,VH_framework,A,0.0
Transformer-onehot,VH_framework,A,0.0
Transformer-onehot,VH_framework,A,0.0
Transformer-onehot,VH_framework,A,0.0
Transformer-onehot,VH_framework,A,0.0
Transformer-onehot,VH_framework,A,0.0
Transformer-onehot,VH_framework,A,0.0
Transformer-onehot,VH_framework,A,0.0
Transformer-onehot,VH_framework,A,0.0
Transformer-onehot,VH_framework,A,0.0
Transformer-onehot,VH_framework,A,-0.1410577893257141
Transformer-onehot,VH_framework,A,0.0
Transformer-onehot,VH_framework,A,0.0
Transformer-onehot,VH_framework,A,0.0
Transformer-onehot,VH_framework,A,-0.0106320334598422
Transformer-onehot,VH_framework,A,0.0
Transformer-onehot,VH_framework,A,0.0
Transformer-onehot,VH_framework,A,0.0
Transformer-onehot,VH_framework,A,0.0
Transformer-onehot,VH_framework,A,-0.0092095658183097
Transformer-onehot,VH_framework,A,0.0
Transformer-onehot,VH_framework,A,0.0
Transformer-onehot,VH_framework,A,0.0
Transformer-onehot,VH_framework,A,0.0
Transformer-onehot,VH_framework,A,0.0
Transformer-onehot,VH_framework,A,0.0
Transformer-onehot,VH_framework,A,0.0
Transformer-onehot,VH_framework,A,0.0
Transformer-onehot,VH_framework,A,0.0
Transformer-onehot,VH_framework,A,0.0
Transformer-onehot,VH_framework,A,0.0
Transformer-onehot,VH_framework,A,0.0
Transformer-onehot,VH_framework,A,0.0
Transformer-onehot,VH_framework,A,0.0
Transformer-onehot,VH_framework,A,0.0
Transformer-onehot,VH_framework,A,0.0
Transformer-onehot,VH_framework,A,0.0
Transformer-onehot,VH_framework,A,0.0
Transformer-onehot,VH_framework,A,0.0
Transformer-onehot,VH_framework,A,0.0
Transformer-onehot,VH_framework,A,-0.0085016954690217
Transformer-onehot,VH_framework,A,0.0
Transformer-onehot,VH_framework,A,0.0
Transformer-onehot,VH_framework,A,0.0
Transformer-onehot,VH_framework,A,0.0
Transformer-onehot,VH_framework,A,0.0
Transformer-onehot,VH_framework,A,0.0
Transformer-onehot,VH_framework,A,0.0
Transformer-onehot,VH_framework,A,0.0
Transformer-onehot,VH_framework,A,0.0
Transformer-onehot,VH_framework,A,0.0
Transformer-onehot,VH_framework,A,0.0
Transformer-onehot,VH_framework,A,0.0
Transformer-onehot,VH_framework,A,0.0
Transformer-onehot,VH_framework,A,0.0
Transformer-onehot,VH_framework,A,0.0
Transformer-onehot,VH_framework,A,0.0
Transformer-onehot,VH_framework,A,0.0
Transformer-onehot,VH_framework,A,0.0
Transformer-onehot,VH_framework,A,-0.0100585222244262
Transformer-onehot,VH_framework,A,-0.0104887364432215
Transformer-onehot,VH_framework,A,0.0
Transformer-onehot,VH_framework,A,0.0
Transformer-onehot,VH_framework,A,0.0
Transformer-onehot,VH_framework,A,0.0
Transformer-onehot,VH_framework,A,0.0
Transformer-onehot,VH_framework,A,0.0
Transformer-onehot,VH_framework,A,-0.00976821500808
Transformer-onehot,VH_framework,A,-0.0075282244943082
Transformer-onehot,VH_framework,A,-0.0091936038807034
Transformer-onehot,VH_framework,A,-0.0104921786114573
Transformer-onehot,VH_framework,A,0.0
Transformer-onehot,VH_framework,A,0.0
Transformer-onehot,VH_framework,A,0.0
Transformer-onehot,VH_framework,A,0.0
Transformer-onehot,VH_framework,A,0.0
Transformer-onehot,VH_framework,A,0.0
Transformer-onehot,VH_framework,A,0.0
Transformer-onehot,VH_framework,A,0.0
Transformer-onehot,VH_framework,A,0.0
Transformer-onehot,VH_framework,A,0.0
Transformer-onehot,VH_framework,A,0.0
Transformer-onehot,VH_framework,A,0.0
Transformer-onehot,VH_framework,A,0.0
Transformer-onehot,VH_framework,A,0.0
Transformer-onehot,VH_framework,A,0.0
Transformer-onehot,VH_framework,A,0.0
Transformer-onehot,VH_framework,A,0.0
Transformer-onehot,VH_framework,A,0.0
Transformer-onehot,VH_framework,A,0.0
Transformer-onehot,VH_framework,A,0.0
Transformer-onehot,VH_framework,A,0.0
Transformer-onehot,VH_framework,A,0.0
Transformer-onehot,VH_framework,A,-0.0082163838669657
Transformer-onehot,VH_framework,A,0.0
Transformer-onehot,VH_framework,A,0.0
Transformer-onehot,VH_framework,A,0.0
Transformer-onehot,VH_framework,A,0.0
Transformer-onehot,VH_framework,A,-0.0083694662898778
Transformer-onehot,VH_framework,A,0.0
Transformer-onehot,VH_framework,A,0.0
Transformer-onehot,VH_framework,A,0.0
Transformer-onehot,VH_framework,A,0.0
Transformer-onehot,VH_framework,A,0.0
Transformer-onehot,VH_framework,A,0.0
Transformer-onehot,VH_framework,A,0.0
Transformer-onehot,VH_framework,A,0.0
Transformer-onehot,VH_framework,A,-0.0105679277330636
Transformer-onehot,VH_framework,A,0.0
Transformer-onehot,VH_framework,A,0.0
Transformer-onehot,VH_framework,A,-0.1291615813970565
Transformer-onehot,VH_framework,A,0.0
Transformer-onehot,VH_framework,A,0.0
Transformer-onehot,VH_framework,A,-0.1236758753657341
Transformer-onehot,VH_framework,A,-0.0083064325153827
Transformer-onehot,VH_framework,A,0.0
Transformer-onehot,VH_framework,A,0.0
Transformer-onehot,VH_framework,A,0.0
Transformer-onehot,VH_framework,A,-0.0090137422084808
Transformer-onehot,VH_framework,A,-0.010428749024868
Transformer-onehot,VH_framework,A,0.0
Transformer-onehot,VH_framework,A,0.0
Transformer-onehot,VH_framework,A,0.0
Transformer-onehot,VH_framework,A,0.0
Transformer-onehot,VH_framework,A,0.0
Transformer-onehot,VH_framework,A,0.0
Transformer-onehot,VH_framework,A,0.0
Transformer-onehot,VH_framework,A,0.0
Transformer-onehot,VH_framework,A,0.0
Transformer-onehot,VH_framework,A,0.0
Transformer-onehot,VH_framework,A,0.0
Transformer-onehot,VH_framework,A,0.0
Transformer-onehot,VH_framework,A,0.0
Transformer-onehot,VH_framework,A,-0.1336598694324493
Transformer-onehot,VH_framework,A,0.0
Transformer-onehot,VH_framework,A,0.0
Transformer-onehot,VH_framework,A,0.0
Transformer-onehot,VH_framework,A,0.0
Transformer-onehot,VH_framework,A,0.0
Transformer-onehot,VH_framework,A,0.0
Transformer-onehot,VH_framework,A,-0.0084739029407501
Transformer-onehot,VH_framework,A,0.0
Transformer-onehot,VH_framework,A,0.0
Transformer-onehot,VH_framework,A,0.0
Transformer-onehot,VH_framework,A,0.0
Transformer-onehot,VH_framework,A,0.0
Transformer-onehot,VH_framework,A,0.0
Transformer-onehot,VH_framework,A,0.0
Transformer-onehot,VH_framework,A,0.0
Transformer-onehot,VH_framework,A,0.0
Transformer-onehot,VH_framework,A,0.0
Transformer-onehot,VH_framework,A,0.0
Transformer-onehot,VH_framework,A,0.0
Transformer-onehot,VH_framework,A,0.0
Transformer-onehot,VH_framework,A,0.0
Transformer-onehot,VH_framework,A,0.0
Transformer-onehot,VH_framework,A,0.0
Transformer-onehot,VH_framework,A,0.0
Transformer-onehot,VH_framework,A,0.0
Transformer-onehot,VH_framework,A,0.0
Transformer-onehot,VH_framework,A,0.0
Transformer-onehot,VH_framework,A,0.0
Transformer-onehot,VH_framework,A,0.0
Transformer-onehot,VH_framework,A,0.0
Transformer-onehot,VH_framework,A,-0.0080539537593722
Transformer-onehot,VH_framework,A,0.0
Transformer-onehot,VH_framework,A,0.0
Transformer-onehot,VH_framework,A,0.0
Transformer-onehot,VH_framework,A,0.0
Transformer-onehot,VH_framework,A,0.0
Transformer-onehot,VH_framework,A,0.0
Transformer-onehot,VH_framework,A,-0.0077892490662634
Transformer-onehot,VH_framework,A,0.0
Transformer-onehot,VH_framework,A,0.0
Transformer-onehot,VH_framework,A,0.0
Transformer-onehot,VH_framework,A,0.0
Transformer-onehot,VH_framework,A,0.0
Transformer-onehot,VH_framework,A,0.0
Transformer-onehot,VH_framework,A,0.0
Transformer-onehot,VH_framework,A,0.0
Transformer-onehot,VH_framework,A,0.0
Transformer-onehot,VH_framework,A,-0.0112138278782367
Transformer-onehot,VH_framework,A,0.0
Transformer-onehot,VH_framework,A,0.0
Transformer-onehot,VH_framework,A,0.0
Transformer-onehot,VH_framework,A,0.0
Transformer-onehot,VH_framework,A,0.0
Transformer-onehot,VH_framework,A,0.0
Transformer-onehot,VH_framework,A,0.0
Transformer-onehot,VH_framework,A,0.0
Transformer-onehot,VH_framework,A,0.0
Transformer-onehot,VH_framework,A,0.0
Transformer-onehot,VH_framework,A,0.0
Transformer-onehot,VH_framework,A,0.0
Transformer-onehot,VH_framework,A,0.0
Transformer-onehot,VH_framework,A,0.0
Transformer-onehot,VH_framework,A,0.0
Transformer-onehot,VH_framework,A,0.0
Transformer-onehot,VH_framework,A,-0.0094443429261446
Transformer-onehot,VH_framework,A,0.0
Transformer-onehot,VH_framework,A,0.0
Transformer-onehot,VH_framework,A,0.0
Transformer-onehot,VH_framework,A,0.0
Transformer-onehot,VH_framework,A,0.0
Transformer-onehot,VH_framework,A,0.0
Transformer-onehot,VH_framework,A,0.0
Transformer-onehot,VH_framework,A,0.0
Transformer-onehot,VH_framework,A,0.0
Transformer-onehot,VH_framework,A,0.0
Transformer-onehot,VH_framework,A,0.0
Transformer-onehot,VH_framework,A,-0.0091194072738289
Transformer-onehot,VH_framework,A,0.0
Transformer-onehot,VH_framework,A,0.0
Transformer-onehot,VH_framework,A,0.0
Transformer-onehot,VH_framework,A,0.0
Transformer-onehot,VH_framework,A,0.0
Transformer-onehot,VH_framework,A,0.0
Transformer-onehot,VH_framework,A,0.0
Transformer-onehot,VH_framework,A,0.0
Transformer-onehot,VH_framework,A,0.0
Transformer-onehot,VH_framework,A,0.0
Transformer-onehot,VH_framework,A,0.0
Transformer-onehot,VH_framework,A,0.0
Transformer-onehot,VH_framework,A,0.0
Transformer-onehot,VH_framework,A,0.0
Transformer-onehot,VH_framework,A,0.0
Transformer-onehot,VH_framework,A,-0.0088917817920446
Transformer-onehot,VH_framework,A,0.0
Transformer-onehot,VH_framework,A,0.0
Transformer-onehot,VH_framework,A,0.0
Transformer-onehot,VH_framework,A,0.0
Transformer-onehot,VH_framework,A,0.0
Transformer-onehot,VH_framework,A,0.0
Transformer-onehot,VH_framework,A,0.0
Transformer-onehot,VH_framework,A,0.0
Transformer-onehot,VH_framework,A,0.0
Transformer-onehot,VH_framework,A,0.0
Transformer-onehot,VH_framework,A,0.0
Transformer-onehot,VH_framework,A,0.0
Transformer-onehot,VH_framework,A,0.0
Transformer-onehot,VH_framework,A,0.0
Transformer-onehot,VH_framework,A,0.0
Transformer-onehot,VH_framework,A,0.0
Transformer-onehot,VH_framework,A,0.0
Transformer-onehot,VH_framework,A,0.0
Transformer-onehot,VH_framework,A,-0.0967448949813842
Transformer-onehot,VH_framework,A,0.0
Transformer-onehot,VH_framework,A,0.0
Transformer-onehot,VH_framework,A,0.0
Transformer-onehot,VH_framework,A,0.0
Transformer-onehot,VH_framework,A,0.0
Transformer-onehot,VH_framework,A,0.0
Transformer-onehot,VH_framework,A,0.0
Transformer-onehot,VH_framework,A,0.0
Transformer-onehot,VH_framework,A,0.0
Transformer-onehot,VH_framework,A,0.0
Transformer-onehot,VH_framework,A,0.0
Transformer-onehot,VH_framework,A,0.0
Transformer-onehot,VH_framework,A,0.0
Transformer-onehot,VH_framework,A,0.0
Transformer-onehot,VH_framework,A,0.0
Transformer-onehot,VH_framework,A,0.0
Transformer-onehot,VH_framework,A,0.0
Transformer-onehot,VH_framework,A,-0.0078750401735305
Transformer-onehot,VH_framework,A,0.0
Transformer-onehot,VH_framework,A,0.0
Transformer-onehot,VH_framework,A,0.0
Transformer-onehot,VH_framework,A,0.0
Transformer-onehot,VH_framework,A,0.0
Transformer-onehot,VH_framework,A,0.0
Transformer-onehot,VH_framework,A,0.0
Transformer-onehot,VH_framework,A,-0.0074442345649003
Transformer-onehot,VH_framework,A,0.0
Transformer-onehot,VH_framework,A,0.0
Transformer-onehot,VH_framework,A,0.0
Transformer-onehot,VH_framework,A,0.0
Transformer-onehot,VH_framework,A,0.0
Transformer-onehot,VH_framework,A,0.0
Transformer-onehot,VH_framework,A,0.0
Transformer-onehot,VH_framework,A,0.0
Transformer-onehot,VH_framework,A,0.0
Transformer-onehot,VH_framework,A,0.0
Transformer-onehot,VH_framework,A,0.0
Transformer-onehot,VH_framework,A,0.0
Transformer-onehot,VH_framework,A,0.0
Transformer-onehot,VH_framework,A,0.0
Transformer-onehot,VH_framework,A,-0.0083065629005432
Transformer-onehot,VH_framework,A,0.0
Transformer-onehot,VH_framework,A,0.0
Transformer-onehot,VH_framework,A,0.0
Transformer-onehot,VH_framework,A,-0.0094187296926975
Transformer-onehot,VH_framework,A,0.0
Transformer-onehot,VH_framework,A,0.0
Transformer-onehot,VH_framework,A,0.0
Transformer-onehot,VH_framework,A,-0.0093764420598745
Transformer-onehot,VH_framework,A,0.0
Transformer-onehot,VH_framework,A,0.0
Transformer-onehot,VH_framework,A,-0.0069118607789278
Transformer-onehot,VH_framework,A,0.0
Transformer-onehot,VH_framework,A,-0.0072376234456896
Transformer-onehot,VH_framework,A,-0.0095012942329049
Transformer-onehot,VH_framework,A,-0.0076889512129127
Transformer-onehot,VH_framework,A,-0.0072305835783481
Transformer-onehot,VH_framework,A,0.0
Transformer-onehot,VH_framework,A,-0.008107803761959
Transformer-onehot,VH_framework,A,0.0
Transformer-onehot,VH_framework,A,0.0
Transformer-onehot,VH_framework,A,0.0
Transformer-onehot,VH_framework,A,0.0
Transformer-onehot,VH_framework,A,0.0
Transformer-onehot,VH_framework,A,0.0
Transformer-onehot,VH_framework,A,0.0
Transformer-onehot,VH_framework,A,0.0
Transformer-onehot,VH_framework,A,0.0
Transformer-onehot,VH_framework,A,-0.007560555357486
Transformer-onehot,VH_framework,A,0.0
Transformer-onehot,VH_framework,A,-0.1042188927531242
Transformer-onehot,VH_framework,A,0.0
Transformer-onehot,VH_framework,A,-0.1291688233613968
Transformer-onehot,VH_framework,A,0.0
Transformer-onehot,VH_framework,A,0.0
Transformer-onehot,VH_framework,A,0.0
Transformer-onehot,VH_framework,A,0.0
Transformer-onehot,VH_framework,A,-0.0986710414290428
Transformer-onehot,VH_framework,A,0.0
Transformer-onehot,VH_framework,A,-0.0072859064675867
Transformer-onehot,VH_framework,A,0.0
Transformer-onehot,VH_framework,A,0.0
Transformer-onehot,VH_framework,A,0.0
Transformer-onehot,VH_framework,A,0.0
Transformer-onehot,VH_framework,A,0.0
Transformer-onehot,VH_framework,A,0.0
Transformer-onehot,VH_framework,A,0.0
Transformer-onehot,VH_framework,A,0.0
Transformer-onehot,VH_framework,A,0.0
Transformer-onehot,VH_framework,A,-0.0073845135048031
Transformer-onehot,VH_framework,A,0.0
Transformer-onehot,VH_framework,A,0.0
Transformer-onehot,VH_framework,A,0.0
Transformer-onehot,VH_framework,A,0.0
Transformer-onehot,VH_framework,A,0.0
Transformer-onehot,VH_framework,A,0.0
Transformer-onehot,VH_framework,A,-0.0084471059963107
Transformer-onehot,VH_framework,A,-0.0070951022207736
Transformer-onehot,VH_framework,A,0.0
Transformer-onehot,VH_framework,A,0.0
Transformer-onehot,VH_framework,A,0.0
Transformer-onehot,VH_framework,A,0.0
Transformer-onehot,VH_framework,A,0.0
Transformer-onehot,VH_framework,A,0.0
Transformer-onehot,VH_framework,A,0.0
Transformer-onehot,VH_framework,A,0.0
Transformer-onehot,VH_framework,A,-0.1051139533519744
Transformer-onehot,VH_framework,A,0.0
Transformer-onehot,VH_framework,A,0.0
Transformer-onehot,VH_framework,A,0.0
Transformer-onehot,VH_framework,A,0.0
Transformer-onehot,VH_framework,A,0.0
Transformer-onehot,VH_framework,A,0.0
Transformer-onehot,VH_framework,A,0.0
Transformer-onehot,VH_framework,A,0.0
Transformer-onehot,VH_framework,A,-0.0083951698616147
Transformer-onehot,VH_framework,A,0.0
Transformer-onehot,VH_framework,A,0.0
Transformer-onehot,VH_framework,A,-0.0079507185146212
Transformer-onehot,VH_framework,A,0.0
Transformer-onehot,VH_framework,A,0.0
Transformer-onehot,VH_framework,A,0.0
Transformer-onehot,VH_framework,A,0.0
Transformer-onehot,VH_framework,A,0.0
Transformer-onehot,VH_framework,A,0.0
Transformer-onehot,VH_framework,A,0.0
Transformer-onehot,VH_framework,A,0.0
Transformer-onehot,VH_framework,A,0.0
Transformer-onehot,VH_framework,A,0.0
Transformer-onehot,VH_framework,A,0.0
Transformer-onehot,VH_framework,A,0.0
Transformer-onehot,VH_framework,A,0.0
Transformer-onehot,VH_framework,A,0.0
Transformer-onehot,VH_framework,A,0.0
Transformer-onehot,VH_framework,A,0.0
Transformer-onehot,VH_framework,A,0.0
Transformer-onehot,VH_framework,A,0.0
Transformer-onehot,VH_framework,A,0.0
Transformer-onehot,VH_framework,A,0.0
Transformer-onehot,VH_framework,A,0.0
Transformer-onehot,VH_framework,A,0.0
Transformer-onehot,VH_framework,A,0.0
Transformer-onehot,VH_framework,A,0.0
Transformer-onehot,VH_framework,A,0.0
Transformer-onehot,VH_framework,A,0.0
Transformer-onehot,VH_framework,A,0.0
Transformer-onehot,VH_framework,A,0.0
Transformer-onehot,VH_framework,A,0.0
Transformer-onehot,VH_framework,A,0.0
Transformer-onehot,VH_framework,A,0.0
Transformer-onehot,VH_framework,A,-0.0084335058927536
Transformer-onehot,VH_framework,A,0.0
Transformer-onehot,VH_framework,A,0.0
Transformer-onehot,VH_framework,A,0.0
Transformer-onehot,VH_framework,A,0.0
Transformer-onehot,VH_framework,A,0.0
Transformer-onehot,VH_framework,A,-0.0076618953607976
Transformer-onehot,VH_framework,A,-0.0074589410796761
Transformer-onehot,VH_framework,A,0.0
Transformer-onehot,VH_framework,A,0.0
Transformer-onehot,VH_framework,A,-0.0074560157954692
Transformer-onehot,VH_framework,A,-0.0068497522734105
Transformer-onehot,VH_framework,A,0.0
Transformer-onehot,VH_framework,A,0.0
Transformer-onehot,VH_framework,A,0.0
Transformer-onehot,VH_framework,A,-0.0071688587777316
Transformer-onehot,VH_framework,A,0.0
Transformer-onehot,VH_framework,A,0.0
Transformer-onehot,VH_framework,A,-0.0075073298066854
Transformer-onehot,VH_framework,A,0.0
Transformer-onehot,VH_framework,A,0.0
Transformer-onehot,VH_framework,A,0.0
Transformer-onehot,VH_framework,A,0.0
Transformer-onehot,VH_framework,A,0.0
Transformer-onehot,VH_framework,A,-0.0080753182992339
Transformer-onehot,VH_framework,A,0.0
Transformer-onehot,VH_framework,A,0.0
Transformer-onehot,VH_framework,A,0.0
Transformer-onehot,VH_framework,A,-0.1108149588108062
Transformer-onehot,VH_framework,A,-0.0084942262619733
Transformer-onehot,VH_framework,A,0.0
Transformer-onehot,VH_framework,A,-0.0073962314054369
Transformer-onehot,VH_framework,A,0.0
Transformer-onehot,VH_framework,A,-0.0079320613294839
Transformer-onehot,VH_framework,A,-0.0980866700410842
Transformer-onehot,VH_framework,A,-0.0081450138241052
Transformer-onehot,VH_framework,A,0.0
Transformer-onehot,VH_framework,A,0.0
Transformer-onehot,VH_framework,A,0.0
Transformer-onehot,VH_framework,A,0.0
Transformer-onehot,VH_framework,A,0.0
Transformer-onehot,VH_framework,A,0.0
Transformer-onehot,VH_framework,A,0.0
Transformer-onehot,VH_framework,A,0.0
Transformer-onehot,VH_framework,A,-0.0093905422836542
Transformer-onehot,VH_framework,A,0.0
Transformer-onehot,VH_framework,A,-0.0084499679505825
Transformer-onehot,VH_framework,A,0.0
Transformer-onehot,VH_framework,A,0.0
Transformer-onehot,VH_framework,A,0.0
Transformer-onehot,VH_framework,A,0.0
Transformer-onehot,VH_framework,A,0.0
Transformer-onehot,VH_framework,A,0.0
Transformer-onehot,VH_framework,A,0.0
Transformer-onehot,VH_framework,A,0.0
Transformer-onehot,VH_framework,A,0.0
Transformer-onehot,VH_framework,A,0.0
Transformer-onehot,VH_framework,A,0.0
Transformer-onehot,VH_framework,A,0.0
Transformer-onehot,VH_framework,A,0.0
Transformer-onehot,VH_framework,A,0.0
Transformer-onehot,VH_framework,A,0.0
Transformer-onehot,VH_framework,A,0.0
Transformer-onehot,VH_framework,A,0.0
Transformer-onehot,VH_framework,A,0.0
Transformer-onehot,VH_framework,A,0.0
Transformer-onehot,VH_framework,A,0.0
Transformer-onehot,VH_framework,A,0.0
Transformer-onehot,VH_framework,A,0.0
Transformer-onehot,VH_framework,A,0.0
Transformer-onehot,VH_framework,A,0.0
Transformer-onehot,VH_framework,A,0.0
Transformer-onehot,VH_framework,A,0.0
Transformer-onehot,VH_framework,A,0.0
Transformer-onehot,VH_framework,A,0.0
Transformer-onehot,VH_framework,C,0.0
Transformer-onehot,VH_framework,C,0.0
Transformer-onehot,VH_framework,C,0.0
Transformer-onehot,VH_framework,C,0.0
Transformer-onehot,VH_framework,C,0.0
Transformer-onehot,VH_framework,C,0.0
Transformer-onehot,VH_framework,C,0.0
Transformer-onehot,VH_framework,C,0.0
Transformer-onehot,VH_framework,C,0.0
Transformer-onehot,VH_framework,C,0.0
Transformer-onehot,VH_framework,C,0.0
Transformer-onehot,VH_framework,C,0.0
Transformer-onehot,VH_framework,C,0.0
Transformer-onehot,VH_framework,C,0.0
Transformer-onehot,VH_framework,C,0.0
Transformer-onehot,VH_framework,C,0.0
Transformer-onehot,VH_framework,C,0.0
Transformer-onehot,VH_framework,C,0.0
Transformer-onehot,VH_framework,C,0.0
Transformer-onehot,VH_framework,C,0.0
Transformer-onehot,VH_framework,C,0.0
Transformer-onehot,VH_framework,C,0.0
Transformer-onehot,VH_framework,C,0.0
Transformer-onehot,VH_framework,C,0.0
Transformer-onehot,VH_framework,C,0.0
Transformer-onehot,VH_framework,C,0.0
Transformer-onehot,VH_framework,C,0.0
Transformer-onehot,VH_framework,C,0.0
Transformer-onehot,VH_framework,C,0.0
Transformer-onehot,VH_framework,C,0.0
Transformer-onehot,VH_framework,C,0.0
Transformer-onehot,VH_framework,C,0.0
Transformer-onehot,VH_framework,C,0.0
Transformer-onehot,VH_framework,C,0.0
Transformer-onehot,VH_framework,C,0.0
Transformer-onehot,VH_framework,C,0.0
Transformer-onehot,VH_framework,C,0.0
Transformer-onehot,VH_framework,C,0.0
Transformer-onehot,VH_framework,C,0.0
Transformer-onehot,VH_framework,C,0.0
Transformer-onehot,VH_framework,C,0.0
Transformer-onehot,VH_framework,C,0.0
Transformer-onehot,VH_framework,C,0.0
Transformer-onehot,VH_framework,C,0.0
Transformer-onehot,VH_framework,C,0.0
Transformer-onehot,VH_framework,C,0.0
Transformer-onehot,VH_framework,C,0.0
Transformer-onehot,VH_framework,C,0.0
Transformer-onehot,VH_framework,C,0.0
Transformer-onehot,VH_framework,C,0.0
Transformer-onehot,VH_framework,C,0.0
Transformer-onehot,VH_framework,C,0.0
Transformer-onehot,VH_framework,C,0.0
Transformer-onehot,VH_framework,C,0.0
Transformer-onehot,VH_framework,C,0.0
Transformer-onehot,VH_framework,C,0.0
Transformer-onehot,VH_framework,C,0.0
Transformer-onehot,VH_framework,C,0.0
Transformer-onehot,VH_framework,C,0.0
Transformer-onehot,VH_framework,C,0.0
Transformer-onehot,VH_framework,C,0.0
Transformer-onehot,VH_framework,C,0.0
Transformer-onehot,VH_framework,C,0.0
Transformer-onehot,VH_framework,C,0.0
Transformer-onehot,VH_framework,C,0.0
Transformer-onehot,VH_framework,C,0.0
Transformer-onehot,VH_framework,C,0.0
Transformer-onehot,VH_framework,C,0.0
Transformer-onehot,VH_framework,C,0.0
Transformer-onehot,VH_framework,C,0.0
Transformer-onehot,VH_framework,C,0.0
Transformer-onehot,VH_framework,C,0.0
Transformer-onehot,VH_framework,C,0.0
Transformer-onehot,VH_framework,C,0.0
Transformer-onehot,VH_framework,C,0.0
Transformer-onehot,VH_framework,C,0.0
Transformer-onehot,VH_framework,C,0.0
Transformer-onehot,VH_framework,C,0.0
Transformer-onehot,VH_framework,C,0.0
Transformer-onehot,VH_framework,C,0.0
Transformer-onehot,VH_framework,C,0.0
Transformer-onehot,VH_framework,C,0.0
Transformer-onehot,VH_framework,C,0.0
Transformer-onehot,VH_framework,C,0.0
Transformer-onehot,VH_framework,C,0.0
Transformer-onehot,VH_framework,C,0.0
Transformer-onehot,VH_framework,C,0.0
Transformer-onehot,VH_framework,C,0.0
Transformer-onehot,VH_framework,C,0.0
Transformer-onehot,VH_framework,C,0.0
Transformer-onehot,VH_framework,C,0.0
Transformer-onehot,VH_framework,C,0.0
Transformer-onehot,VH_framework,C,0.0
Transformer-onehot,VH_framework,C,0.0
Transformer-onehot,VH_framework,C,0.0
Transformer-onehot,VH_framework,C,0.0
Transformer-onehot,VH_framework,C,0.0
Transformer-onehot,VH_framework,C,0.0
Transformer-onehot,VH_framework,C,0.0
Transformer-onehot,VH_framework,C,0.0
Transformer-onehot,VH_framework,C,0.0
Transformer-onehot,VH_framework,C,0.0
Transformer-onehot,VH_framework,C,0.0
Transformer-onehot,VH_framework,C,0.0
Transformer-onehot,VH_framework,C,0.0
Transformer-onehot,VH_framework,C,0.0
Transformer-onehot,VH_framework,C,0.0
Transformer-onehot,VH_framework,C,0.0
Transformer-onehot,VH_framework,C,0.0
Transformer-onehot,VH_framework,C,0.0
Transformer-onehot,VH_framework,C,0.0
Transformer-onehot,VH_framework,C,0.0
Transformer-onehot,VH_framework,C,0.0
Transformer-onehot,VH_framework,C,0.0
Transformer-onehot,VH_framework,C,0.0
Transformer-onehot,VH_framework,C,0.0
Transformer-onehot,VH_framework,C,0.0
Transformer-onehot,VH_framework,C,0.0
Transformer-onehot,VH_framework,C,0.0
Transformer-onehot,VH_framework,C,0.0
Transformer-onehot,VH_framework,C,0.0
Transformer-onehot,VH_framework,C,0.0
Transformer-onehot,VH_framework,C,0.0
Transformer-onehot,VH_framework,C,0.0
Transformer-onehot,VH_framework,C,0.0
Transformer-onehot,VH_framework,C,0.0
Transformer-onehot,VH_framework,C,0.0
Transformer-onehot,VH_framework,C,0.0
Transformer-onehot,VH_framework,C,0.0
Transformer-onehot,VH_framework,C,0.0
Transformer-onehot,VH_framework,C,0.0
Transformer-onehot,VH_framework,C,0.0
Transformer-onehot,VH_framework,C,0.0
Transformer-onehot,VH_framework,C,0.0
Transformer-onehot,VH_framework,C,0.0
Transformer-onehot,VH_framework,C,0.0
Transformer-onehot,VH_framework,C,0.0
Transformer-onehot,VH_framework,C,0.0
Transformer-onehot,VH_framework,C,0.0
Transformer-onehot,VH_framework,C,0.0
Transformer-onehot,VH_framework,C,0.0
Transformer-onehot,VH_framework,C,0.0
Transformer-onehot,VH_framework,C,0.0
Transformer-onehot,VH_framework,C,0.0
Transformer-onehot,VH_framework,C,0.0
Transformer-onehot,VH_framework,C,0.0
Transformer-onehot,VH_framework,C,0.0
Transformer-onehot,VH_framework,C,0.0
Transformer-onehot,VH_framework,C,0.0
Transformer-onehot,VH_framework,C,0.0
Transformer-onehot,VH_framework,C,0.0
Transformer-onehot,VH_framework,C,0.0
Transformer-onehot,VH_framework,C,0.0
Transformer-onehot,VH_framework,C,0.0
Transformer-onehot,VH_framework,C,0.0
Transformer-onehot,VH_framework,C,0.0
Transformer-onehot,VH_framework,C,0.0
Transformer-onehot,VH_framework,C,0.0
Transformer-onehot,VH_framework,C,0.0
Transformer-onehot,VH_framework,C,0.0
Transformer-onehot,VH_framework,C,0.0
Transformer-onehot,VH_framework,C,0.0
Transformer-onehot,VH_framework,C,0.0
Transformer-onehot,VH_framework,C,0.0
Transformer-onehot,VH_framework,C,0.0
Transformer-onehot,VH_framework,C,0.0
Transformer-onehot,VH_framework,C,0.0
Transformer-onehot,VH_framework,C,0.0
Transformer-onehot,VH_framework,C,0.0
Transformer-onehot,VH_framework,C,0.0
Transformer-onehot,VH_framework,C,0.0
Transformer-onehot,VH_framework,C,0.0
Transformer-onehot,VH_framework,C,0.0
Transformer-onehot,VH_framework,C,0.0
Transformer-onehot,VH_framework,C,0.0
Transformer-onehot,VH_framework,C,0.0
Transformer-onehot,VH_framework,C,0.0
Transformer-onehot,VH_framework,C,0.0
Transformer-onehot,VH_framework,C,0.0
Transformer-onehot,VH_framework,C,0.0
Transformer-onehot,VH_framework,C,0.0
Transformer-onehot,VH_framework,C,0.0
Transformer-onehot,VH_framework,C,0.0
Transformer-onehot,VH_framework,C,0.0
Transformer-onehot,VH_framework,C,0.0
Transformer-onehot,VH_framework,C,0.0
Transformer-onehot,VH_framework,C,0.0
Transformer-onehot,VH_framework,C,0.0
Transformer-onehot,VH_framework,C,0.0
Transformer-onehot,VH_framework,C,0.0
Transformer-onehot,VH_framework,C,0.0
Transformer-onehot,VH_framework,C,0.0
Transformer-onehot,VH_framework,C,0.0
Transformer-onehot,VH_framework,C,0.0
Transformer-onehot,VH_framework,C,0.0
Transformer-onehot,VH_framework,C,0.0
Transformer-onehot,VH_framework,C,0.0
Transformer-onehot,VH_framework,C,0.0
Transformer-onehot,VH_framework,C,0.0
Transformer-onehot,VH_framework,C,0.0
Transformer-onehot,VH_framework,C,0.0
Transformer-onehot,VH_framework,C,0.0
Transformer-onehot,VH_framework,C,0.0
Transformer-onehot,VH_framework,C,0.0
Transformer-onehot,VH_framework,C,0.0
Transformer-onehot,VH_framework,C,0.0
Transformer-onehot,VH_framework,C,0.0
Transformer-onehot,VH_framework,C,0.0
Transformer-onehot,VH_framework,C,0.0
Transformer-onehot,VH_framework,C,0.0
Transformer-onehot,VH_framework,C,0.0
Transformer-onehot,VH_framework,C,0.0
Transformer-onehot,VH_framework,C,0.0
Transformer-onehot,VH_framework,C,0.0
Transformer-onehot,VH_framework,C,0.0
Transformer-onehot,VH_framework,C,0.0
Transformer-onehot,VH_framework,C,0.0
Transformer-onehot,VH_framework,C,0.0
Transformer-onehot,VH_framework,C,0.0
Transformer-onehot,VH_framework,C,0.0
Transformer-onehot,VH_framework,C,0.0
Transformer-onehot,VH_framework,C,0.0
Transformer-onehot,VH_framework,C,0.0
Transformer-onehot,VH_framework,C,0.0
Transformer-onehot,VH_framework,C,0.0
Transformer-onehot,VH_framework,C,0.0
Transformer-onehot,VH_framework,C,0.0
Transformer-onehot,VH_framework,C,0.0
Transformer-onehot,VH_framework,C,0.0
Transformer-onehot,VH_framework,C,0.0
Transformer-onehot,VH_framework,C,0.0
Transformer-onehot,VH_framework,C,0.0
Transformer-onehot,VH_framework,C,0.0
Transformer-onehot,VH_framework,C,0.0
Transformer-onehot,VH_framework,C,0.0
Transformer-onehot,VH_framework,C,0.0
Transformer-onehot,VH_framework,C,0.0
Transformer-onehot,VH_framework,C,0.0
Transformer-onehot,VH_framework,C,0.0
Transformer-onehot,VH_framework,C,0.0
Transformer-onehot,VH_framework,C,0.0
Transformer-onehot,VH_framework,C,0.0
Transformer-onehot,VH_framework,C,0.0
Transformer-onehot,VH_framework,C,0.0
Transformer-onehot,VH_framework,C,0.0
Transformer-onehot,VH_framework,C,0.0
Transformer-onehot,VH_framework,C,0.0
Transformer-onehot,VH_framework,C,0.0
Transformer-onehot,VH_framework,C,0.0
Transformer-onehot,VH_framework,C,0.0
Transformer-onehot,VH_framework,C,0.0
Transformer-onehot,VH_framework,C,0.0
Transformer-onehot,VH_framework,C,0.0
Transformer-onehot,VH_framework,C,0.0
Transformer-onehot,VH_framework,C,0.0
Transformer-onehot,VH_framework,C,0.0
Transformer-onehot,VH_framework,C,0.0
Transformer-onehot,VH_framework,C,0.0
Transformer-onehot,VH_framework,C,0.0
Transformer-onehot,VH_framework,C,0.0
Transformer-onehot,VH_framework,C,0.0
Transformer-onehot,VH_framework,C,0.0
Transformer-onehot,VH_framework,C,0.0
Transformer-onehot,VH_framework,C,0.0
Transformer-onehot,VH_framework,C,0.0
Transformer-onehot,VH_framework,C,0.0
Transformer-onehot,VH_framework,C,0.0
Transformer-onehot,VH_framework,C,0.0
Transformer-onehot,VH_framework,C,0.0
Transformer-onehot,VH_framework,C,0.0
Transformer-onehot,VH_framework,C,0.0
Transformer-onehot,VH_framework,C,0.0
Transformer-onehot,VH_framework,C,0.0
Transformer-onehot,VH_framework,C,0.0
Transformer-onehot,VH_framework,C,0.0
Transformer-onehot,VH_framework,C,0.0
Transformer-onehot,VH_framework,C,0.0
Transformer-onehot,VH_framework,C,0.0
Transformer-onehot,VH_framework,C,0.0
Transformer-onehot,VH_framework,C,0.0
Transformer-onehot,VH_framework,C,0.0
Transformer-onehot,VH_framework,C,0.0
Transformer-onehot,VH_framework,C,0.0
Transformer-onehot,VH_framework,C,0.0
Transformer-onehot,VH_framework,C,0.0
Transformer-onehot,VH_framework,C,0.0
Transformer-onehot,VH_framework,C,0.0
Transformer-onehot,VH_framework,C,0.0
Transformer-onehot,VH_framework,C,0.0
Transformer-onehot,VH_framework,C,0.0
Transformer-onehot,VH_framework,C,0.0
Transformer-onehot,VH_framework,C,0.0
Transformer-onehot,VH_framework,C,0.0
Transformer-onehot,VH_framework,C,0.0
Transformer-onehot,VH_framework,C,0.0
Transformer-onehot,VH_framework,C,0.0
Transformer-onehot,VH_framework,C,0.0
Transformer-onehot,VH_framework,C,0.0
Transformer-onehot,VH_framework,C,0.0
Transformer-onehot,VH_framework,C,0.0
Transformer-onehot,VH_framework,C,0.0
Transformer-onehot,VH_framework,C,0.0
Transformer-onehot,VH_framework,C,0.0
Transformer-onehot,VH_framework,C,0.0
Transformer-onehot,VH_framework,C,0.0
Transformer-onehot,VH_framework,C,0.0
Transformer-onehot,VH_framework,C,0.0
Transformer-onehot,VH_framework,C,0.0
Transformer-onehot,VH_framework,C,0.0
Transformer-onehot,VH_framework,C,0.0
Transformer-onehot,VH_framework,C,0.0
Transformer-onehot,VH_framework,C,0.0
Transformer-onehot,VH_framework,C,0.0
Transformer-onehot,VH_framework,C,0.0
Transformer-onehot,VH_framework,C,0.0
Transformer-onehot,VH_framework,C,0.0
Transformer-onehot,VH_framework,C,0.0
Transformer-onehot,VH_framework,C,0.0
Transformer-onehot,VH_framework,C,0.0
Transformer-onehot,VH_framework,C,0.0
Transformer-onehot,VH_framework,C,0.0
Transformer-onehot,VH_framework,C,0.0
Transformer-onehot,VH_framework,C,0.0
Transformer-onehot,VH_framework,C,0.0
Transformer-onehot,VH_framework,C,0.0
Transformer-onehot,VH_framework,C,0.0
Transformer-onehot,VH_framework,C,0.0
Transformer-onehot,VH_framework,C,0.0
Transformer-onehot,VH_framework,C,0.0
Transformer-onehot,VH_framework,C,0.0
Transformer-onehot,VH_framework,C,0.0
Transformer-onehot,VH_framework,C,0.0
Transformer-onehot,VH_framework,C,0.0
Transformer-onehot,VH_framework,C,0.0
Transformer-onehot,VH_framework,C,0.0
Transformer-onehot,VH_framework,C,0.0
Transformer-onehot,VH_framework,C,0.0
Transformer-onehot,VH_framework,C,0.0
Transformer-onehot,VH_framework,C,0.0
Transformer-onehot,VH_framework,C,0.0
Transformer-onehot,VH_framework,C,0.0
Transformer-onehot,VH_framework,C,0.0
Transformer-onehot,VH_framework,C,0.0
Transformer-onehot,VH_framework,C,0.0
Transformer-onehot,VH_framework,C,0.0
Transformer-onehot,VH_framework,C,0.0
Transformer-onehot,VH_framework,C,0.0
Transformer-onehot,VH_framework,C,0.0
Transformer-onehot,VH_framework,C,0.0
Transformer-onehot,VH_framework,C,0.0
Transformer-onehot,VH_framework,C,0.0001427736860932
Transformer-onehot,VH_framework,C,0.0
Transformer-onehot,VH_framework,C,0.0
Transformer-onehot,VH_framework,C,0.0
Transformer-onehot,VH_framework,C,0.0
Transformer-onehot,VH_framework,C,0.0
Transformer-onehot,VH_framework,C,0.0
Transformer-onehot,VH_framework,C,0.0
Transformer-onehot,VH_framework,C,0.0
Transformer-onehot,VH_framework,C,0.0
Transformer-onehot,VH_framework,C,0.0
Transformer-onehot,VH_framework,C,0.0
Transformer-onehot,VH_framework,C,0.0
Transformer-onehot,VH_framework,C,0.0
Transformer-onehot,VH_framework,C,0.0
Transformer-onehot,VH_framework,C,0.0
Transformer-onehot,VH_framework,C,0.0
Transformer-onehot,VH_framework,C,0.0
Transformer-onehot,VH_framework,C,0.0
Transformer-onehot,VH_framework,C,0.0
Transformer-onehot,VH_framework,C,0.0
Transformer-onehot,VH_framework,C,0.0
Transformer-onehot,VH_framework,C,0.0
Transformer-onehot,VH_framework,C,0.0
Transformer-onehot,VH_framework,C,0.0
Transformer-onehot,VH_framework,C,0.0
Transformer-onehot,VH_framework,C,0.0
Transformer-onehot,VH_framework,C,0.0
Transformer-onehot,VH_framework,C,0.0
Transformer-onehot,VH_framework,C,0.0
Transformer-onehot,VH_framework,C,0.0
Transformer-onehot,VH_framework,C,0.0
Transformer-onehot,VH_framework,C,0.0
Transformer-onehot,VH_framework,C,0.0
Transformer-onehot,VH_framework,C,0.0
Transformer-onehot,VH_framework,C,0.0
Transformer-onehot,VH_framework,C,0.0
Transformer-onehot,VH_framework,C,0.0
Transformer-onehot,VH_framework,C,0.0
Transformer-onehot,VH_framework,C,0.0
Transformer-onehot,VH_framework,C,0.0
Transformer-onehot,VH_framework,C,0.0
Transformer-onehot,VH_framework,C,0.0
Transformer-onehot,VH_framework,C,0.0
Transformer-onehot,VH_framework,C,0.0
Transformer-onehot,VH_framework,C,0.0
Transformer-onehot,VH_framework,C,0.0
Transformer-onehot,VH_framework,C,0.0
Transformer-onehot,VH_framework,C,0.0
Transformer-onehot,VH_framework,C,0.0
Transformer-onehot,VH_framework,C,0.0
Transformer-onehot,VH_framework,C,0.0
Transformer-onehot,VH_framework,C,0.0
Transformer-onehot,VH_framework,C,0.0
Transformer-onehot,VH_framework,C,0.0
Transformer-onehot,VH_framework,C,0.0
Transformer-onehot,VH_framework,C,0.0
Transformer-onehot,VH_framework,C,0.0
Transformer-onehot,VH_framework,C,0.0
Transformer-onehot,VH_framework,C,0.0
Transformer-onehot,VH_framework,C,0.0
Transformer-onehot,VH_framework,C,0.0
Transformer-onehot,VH_framework,C,0.0
Transformer-onehot,VH_framework,C,0.0
Transformer-onehot,VH_framework,C,0.0
Transformer-onehot,VH_framework,C,0.0
Transformer-onehot,VH_framework,C,0.0
Transformer-onehot,VH_framework,C,0.0
Transformer-onehot,VH_framework,C,0.0
Transformer-onehot,VH_framework,C,0.0
Transformer-onehot,VH_framework,C,0.0
Transformer-onehot,VH_framework,C,0.0
Transformer-onehot,VH_framework,C,0.0
Transformer-onehot,VH_framework,C,0.0
Transformer-onehot,VH_framework,C,0.0
Transformer-onehot,VH_framework,C,0.0
Transformer-onehot,VH_framework,C,0.0
Transformer-onehot,VH_framework,C,0.0
Transformer-onehot,VH_framework,C,0.0
Transformer-onehot,VH_framework,C,0.0
Transformer-onehot,VH_framework,C,0.0
Transformer-onehot,VH_framework,C,0.0
Transformer-onehot,VH_framework,C,0.0
Transformer-onehot,VH_framework,C,0.0
Transformer-onehot,VH_framework,C,0.0
Transformer-onehot,VH_framework,C,0.0
Transformer-onehot,VH_framework,C,0.0
Transformer-onehot,VH_framework,C,0.0
Transformer-onehot,VH_framework,C,0.0
Transformer-onehot,VH_framework,C,0.0
Transformer-onehot,VH_framework,C,0.0
Transformer-onehot,VH_framework,C,0.0
Transformer-onehot,VH_framework,C,0.0
Transformer-onehot,VH_framework,C,0.0
Transformer-onehot,VH_framework,C,0.0
Transformer-onehot,VH_framework,C,0.0
Transformer-onehot,VH_framework,C,0.0
Transformer-onehot,VH_framework,C,0.0
Transformer-onehot,VH_framework,C,0.0
Transformer-onehot,VH_framework,C,0.0
Transformer-onehot,VH_framework,C,0.0
Transformer-onehot,VH_framework,C,0.0
Transformer-onehot,VH_framework,C,0.0
Transformer-onehot,VH_framework,C,0.0
Transformer-onehot,VH_framework,C,0.0
Transformer-onehot,VH_framework,C,0.0
Transformer-onehot,VH_framework,C,0.0
Transformer-onehot,VH_framework,C,0.0
Transformer-onehot,VH_framework,C,0.0
Transformer-onehot,VH_framework,C,0.0
Transformer-onehot,VH_framework,C,0.0
Transformer-onehot,VH_framework,C,0.0
Transformer-onehot,VH_framework,C,0.0
Transformer-onehot,VH_framework,C,0.0
Transformer-onehot,VH_framework,C,0.0
Transformer-onehot,VH_framework,C,0.0
Transformer-onehot,VH_framework,C,0.0
Transformer-onehot,VH_framework,C,0.0
Transformer-onehot,VH_framework,C,0.0
Transformer-onehot,VH_framework,C,0.0
Transformer-onehot,VH_framework,C,0.0
Transformer-onehot,VH_framework,C,0.0
Transformer-onehot,VH_framework,C,0.0
Transformer-onehot,VH_framework,C,0.0
Transformer-onehot,VH_framework,C,0.0
Transformer-onehot,VH_framework,C,0.0
Transformer-onehot,VH_framework,C,0.0
Transformer-onehot,VH_framework,C,0.0
Transformer-onehot,VH_framework,C,0.0
Transformer-onehot,VH_framework,C,0.0
Transformer-onehot,VH_framework,C,0.0
Transformer-onehot,VH_framework,C,0.0
Transformer-onehot,VH_framework,C,0.0
Transformer-onehot,VH_framework,C,0.0
Transformer-onehot,VH_framework,C,0.0
Transformer-onehot,VH_framework,C,0.0
Transformer-onehot,VH_framework,C,0.0
Transformer-onehot,VH_framework,C,0.0
Transformer-onehot,VH_framework,C,0.0
Transformer-onehot,VH_framework,C,0.0
Transformer-onehot,VH_framework,C,0.0
Transformer-onehot,VH_framework,C,0.0
Transformer-onehot,VH_framework,C,0.0
Transformer-onehot,VH_framework,C,0.0
Transformer-onehot,VH_framework,C,0.0
Transformer-onehot,VH_framework,C,0.0
Transformer-onehot,VH_framework,C,0.0
Transformer-onehot,VH_framework,C,0.0
Transformer-onehot,VH_framework,C,0.0
Transformer-onehot,VH_framework,C,0.0
Transformer-onehot,VH_framework,D,0.0
Transformer-onehot,VH_framework,D,0.0
Transformer-onehot,VH_framework,D,0.0
Transformer-onehot,VH_framework,D,0.0
Transformer-onehot,VH_framework,D,0.0
Transformer-onehot,VH_framework,D,0.0
Transformer-onehot,VH_framework,D,0.0
Transformer-onehot,VH_framework,D,0.0
Transformer-onehot,VH_framework,D,0.0
Transformer-onehot,VH_framework,D,0.0
Transformer-onehot,VH_framework,D,0.0
Transformer-onehot,VH_framework,D,0.0
Transformer-onehot,VH_framework,D,0.0
Transformer-onehot,VH_framework,D,0.0
Transformer-onehot,VH_framework,D,0.0
Transformer-onehot,VH_framework,D,0.0
Transformer-onehot,VH_framework,D,0.0
Transformer-onehot,VH_framework,D,0.0
Transformer-onehot,VH_framework,D,0.0
Transformer-onehot,VH_framework,D,0.0
Transformer-onehot,VH_framework,D,0.0
Transformer-onehot,VH_framework,D,0.0
Transformer-onehot,VH_framework,D,0.0
Transformer-onehot,VH_framework,D,0.0
Transformer-onehot,VH_framework,D,0.0
Transformer-onehot,VH_framework,D,0.0
Transformer-onehot,VH_framework,D,0.0
Transformer-onehot,VH_framework,D,0.0
Transformer-onehot,VH_framework,D,0.0
Transformer-onehot,VH_framework,D,0.0
Transformer-onehot,VH_framework,D,0.0
Transformer-onehot,VH_framework,D,0.0
Transformer-onehot,VH_framework,D,0.0
Transformer-onehot,VH_framework,D,0.0
Transformer-onehot,VH_framework,D,0.0
Transformer-onehot,VH_framework,D,0.0
Transformer-onehot,VH_framework,D,0.0
Transformer-onehot,VH_framework,D,0.0
Transformer-onehot,VH_framework,D,0.0
Transformer-onehot,VH_framework,D,0.0
Transformer-onehot,VH_framework,D,0.0
Transformer-onehot,VH_framework,D,0.0
Transformer-onehot,VH_framework,D,0.0
Transformer-onehot,VH_framework,D,0.0
Transformer-onehot,VH_framework,D,0.0
Transformer-onehot,VH_framework,D,0.0
Transformer-onehot,VH_framework,D,0.0
Transformer-onehot,VH_framework,D,0.0
Transformer-onehot,VH_framework,D,0.0
Transformer-onehot,VH_framework,D,0.0
Transformer-onehot,VH_framework,D,0.0
Transformer-onehot,VH_framework,D,0.0
Transformer-onehot,VH_framework,D,0.0
Transformer-onehot,VH_framework,D,0.0
Transformer-onehot,VH_framework,D,0.0
Transformer-onehot,VH_framework,D,0.0
Transformer-onehot,VH_framework,D,-0.0057837446220219
Transformer-onehot,VH_framework,D,0.0
Transformer-onehot,VH_framework,D,0.0
Transformer-onehot,VH_framework,D,0.0
Transformer-onehot,VH_framework,D,0.0
Transformer-onehot,VH_framework,D,0.0
Transformer-onehot,VH_framework,D,0.0
Transformer-onehot,VH_framework,D,0.0
Transformer-onehot,VH_framework,D,0.0
Transformer-onehot,VH_framework,D,0.0
Transformer-onehot,VH_framework,D,0.0
Transformer-onehot,VH_framework,D,0.0
Transformer-onehot,VH_framework,D,0.0
Transformer-onehot,VH_framework,D,0.0
Transformer-onehot,VH_framework,D,0.0
Transformer-onehot,VH_framework,D,0.0
Transformer-onehot,VH_framework,D,0.0
Transformer-onehot,VH_framework,D,0.0
Transformer-onehot,VH_framework,D,0.0
Transformer-onehot,VH_framework,D,0.0
Transformer-onehot,VH_framework,D,0.0
Transformer-onehot,VH_framework,D,0.0
Transformer-onehot,VH_framework,D,0.0
Transformer-onehot,VH_framework,D,0.0
Transformer-onehot,VH_framework,D,0.0
Transformer-onehot,VH_framework,D,0.0
Transformer-onehot,VH_framework,D,0.0
Transformer-onehot,VH_framework,D,0.0
Transformer-onehot,VH_framework,D,0.0
Transformer-onehot,VH_framework,D,0.0
Transformer-onehot,VH_framework,D,0.0
Transformer-onehot,VH_framework,D,0.0
Transformer-onehot,VH_framework,D,0.0
Transformer-onehot,VH_framework,D,0.0
Transformer-onehot,VH_framework,D,0.0
Transformer-onehot,VH_framework,D,0.0
Transformer-onehot,VH_framework,D,0.0
Transformer-onehot,VH_framework,D,0.0
Transformer-onehot,VH_framework,D,-0.0029304709751158
Transformer-onehot,VH_framework,D,0.0
Transformer-onehot,VH_framework,D,0.0
Transformer-onehot,VH_framework,D,0.0
Transformer-onehot,VH_framework,D,0.0
Transformer-onehot,VH_framework,D,0.0
Transformer-onehot,VH_framework,D,0.0
Transformer-onehot,VH_framework,D,0.0
Transformer-onehot,VH_framework,D,0.0
Transformer-onehot,VH_framework,D,0.0
Transformer-onehot,VH_framework,D,0.0
Transformer-onehot,VH_framework,D,0.0
Transformer-onehot,VH_framework,D,0.0
Transformer-onehot,VH_framework,D,0.0
Transformer-onehot,VH_framework,D,0.0
Transformer-onehot,VH_framework,D,0.0
Transformer-onehot,VH_framework,D,0.0
Transformer-onehot,VH_framework,D,0.0
Transformer-onehot,VH_framework,D,0.0
Transformer-onehot,VH_framework,D,0.0
Transformer-onehot,VH_framework,D,0.0
Transformer-onehot,VH_framework,D,0.0
Transformer-onehot,VH_framework,D,0.0
Transformer-onehot,VH_framework,D,0.0
Transformer-onehot,VH_framework,D,0.0
Transformer-onehot,VH_framework,D,0.0
Transformer-onehot,VH_framework,D,0.0
Transformer-onehot,VH_framework,D,0.0
Transformer-onehot,VH_framework,D,0.0
Transformer-onehot,VH_framework,D,0.0
Transformer-onehot,VH_framework,D,0.0
Transformer-onehot,VH_framework,D,0.0
Transformer-onehot,VH_framework,D,0.0
Transformer-onehot,VH_framework,D,0.0
Transformer-onehot,VH_framework,D,0.0
Transformer-onehot,VH_framework,D,0.0
Transformer-onehot,VH_framework,D,0.0
Transformer-onehot,VH_framework,D,0.0
Transformer-onehot,VH_framework,D,0.0
Transformer-onehot,VH_framework,D,0.0
Transformer-onehot,VH_framework,D,0.0
Transformer-onehot,VH_framework,D,0.0
Transformer-onehot,VH_framework,D,0.0
Transformer-onehot,VH_framework,D,0.0
Transformer-onehot,VH_framework,D,0.0
Transformer-onehot,VH_framework,D,0.0010584072442725
Transformer-onehot,VH_framework,D,0.0
Transformer-onehot,VH_framework,D,0.0
Transformer-onehot,VH_framework,D,0.0
Transformer-onehot,VH_framework,D,0.0
Transformer-onehot,VH_framework,D,0.0
Transformer-onehot,VH_framework,D,0.0
Transformer-onehot,VH_framework,D,0.0
Transformer-onehot,VH_framework,D,0.0
Transformer-onehot,VH_framework,D,0.0
Transformer-onehot,VH_framework,D,0.0
Transformer-onehot,VH_framework,D,0.0
Transformer-onehot,VH_framework,D,0.0
Transformer-onehot,VH_framework,D,0.0
Transformer-onehot,VH_framework,D,0.0
Transformer-onehot,VH_framework,D,0.0
Transformer-onehot,VH_framework,D,0.0
Transformer-onehot,VH_framework,D,0.0
Transformer-onehot,VH_framework,D,0.0
Transformer-onehot,VH_framework,D,0.0
Transformer-onehot,VH_framework,D,-0.0001465642417315
Transformer-onehot,VH_framework,D,0.0
Transformer-onehot,VH_framework,D,0.0
Transformer-onehot,VH_framework,D,-0.0004602973931469
Transformer-onehot,VH_framework,D,0.0
Transformer-onehot,VH_framework,D,0.0
Transformer-onehot,VH_framework,D,0.0
Transformer-onehot,VH_framework,D,0.0
Transformer-onehot,VH_framework,D,0.0
Transformer-onehot,VH_framework,D,0.0
Transformer-onehot,VH_framework,D,0.0
Transformer-onehot,VH_framework,D,0.0
Transformer-onehot,VH_framework,D,0.0
Transformer-onehot,VH_framework,D,0.0
Transformer-onehot,VH_framework,D,0.0
Transformer-onehot,VH_framework,D,0.0
Transformer-onehot,VH_framework,D,0.0
Transformer-onehot,VH_framework,D,0.0
Transformer-onehot,VH_framework,D,0.0
Transformer-onehot,VH_framework,D,0.0
Transformer-onehot,VH_framework,D,0.0
Transformer-onehot,VH_framework,D,0.0
Transformer-onehot,VH_framework,D,0.0
Transformer-onehot,VH_framework,D,0.0
Transformer-onehot,VH_framework,D,0.0
Transformer-onehot,VH_framework,D,0.0
Transformer-onehot,VH_framework,D,0.0
Transformer-onehot,VH_framework,D,0.0
Transformer-onehot,VH_framework,D,0.0
Transformer-onehot,VH_framework,D,0.0
Transformer-onehot,VH_framework,D,0.0
Transformer-onehot,VH_framework,D,0.0
Transformer-onehot,VH_framework,D,0.0
Transformer-onehot,VH_framework,D,0.0
Transformer-onehot,VH_framework,D,0.0
Transformer-onehot,VH_framework,D,0.0
Transformer-onehot,VH_framework,D,0.0
Transformer-onehot,VH_framework,D,0.0
Transformer-onehot,VH_framework,D,0.0
Transformer-onehot,VH_framework,D,0.0
Transformer-onehot,VH_framework,D,0.0
Transformer-onehot,VH_framework,D,0.0
Transformer-onehot,VH_framework,D,0.0
Transformer-onehot,VH_framework,D,0.0
Transformer-onehot,VH_framework,D,0.0
Transformer-onehot,VH_framework,D,0.0
Transformer-onehot,VH_framework,D,0.0
Transformer-onehot,VH_framework,D,0.0
Transformer-onehot,VH_framework,D,0.0
Transformer-onehot,VH_framework,D,0.0
Transformer-onehot,VH_framework,D,0.0
Transformer-onehot,VH_framework,D,0.0
Transformer-onehot,VH_framework,D,0.0
Transformer-onehot,VH_framework,D,0.0
Transformer-onehot,VH_framework,D,0.0
Transformer-onehot,VH_framework,D,0.0
Transformer-onehot,VH_framework,D,0.0
Transformer-onehot,VH_framework,D,0.0
Transformer-onehot,VH_framework,D,0.0
Transformer-onehot,VH_framework,D,0.0
Transformer-onehot,VH_framework,D,0.0
Transformer-onehot,VH_framework,D,0.0
Transformer-onehot,VH_framework,D,0.0
Transformer-onehot,VH_framework,D,0.0
Transformer-onehot,VH_framework,D,0.0
Transformer-onehot,VH_framework,D,0.0
Transformer-onehot,VH_framework,D,0.0
Transformer-onehot,VH_framework,D,0.0
Transformer-onehot,VH_framework,D,0.0
Transformer-onehot,VH_framework,D,0.0
Transformer-onehot,VH_framework,D,0.0
Transformer-onehot,VH_framework,D,0.0
Transformer-onehot,VH_framework,D,0.0
Transformer-onehot,VH_framework,D,0.0
Transformer-onehot,VH_framework,D,0.0
Transformer-onehot,VH_framework,D,0.0
Transformer-onehot,VH_framework,D,0.0
Transformer-onehot,VH_framework,D,0.0
Transformer-onehot,VH_framework,D,0.001108776545152
Transformer-onehot,VH_framework,D,0.0
Transformer-onehot,VH_framework,D,0.0
Transformer-onehot,VH_framework,D,0.0
Transformer-onehot,VH_framework,D,0.0
Transformer-onehot,VH_framework,D,0.0
Transformer-onehot,VH_framework,D,0.0
Transformer-onehot,VH_framework,D,0.0
Transformer-onehot,VH_framework,D,0.0
Transformer-onehot,VH_framework,D,0.0
Transformer-onehot,VH_framework,D,0.0
Transformer-onehot,VH_framework,D,0.0
Transformer-onehot,VH_framework,D,0.0
Transformer-onehot,VH_framework,D,-0.0059702843427658
Transformer-onehot,VH_framework,D,-0.0061241425573825
Transformer-onehot,VH_framework,D,0.0
Transformer-onehot,VH_framework,D,0.0
Transformer-onehot,VH_framework,D,-0.0070018260739743
Transformer-onehot,VH_framework,D,0.0
Transformer-onehot,VH_framework,D,0.0
Transformer-onehot,VH_framework,D,0.0
Transformer-onehot,VH_framework,D,0.0
Transformer-onehot,VH_framework,D,0.0
Transformer-onehot,VH_framework,D,0.0
Transformer-onehot,VH_framework,D,0.0
Transformer-onehot,VH_framework,D,0.0
Transformer-onehot,VH_framework,D,0.0
Transformer-onehot,VH_framework,D,-0.006218803115189
Transformer-onehot,VH_framework,D,-0.0072928969748318
Transformer-onehot,VH_framework,D,0.0
Transformer-onehot,VH_framework,D,-0.006817621178925
Transformer-onehot,VH_framework,D,0.0
Transformer-onehot,VH_framework,D,-0.0069214752875268
Transformer-onehot,VH_framework,D,0.0
Transformer-onehot,VH_framework,D,0.0
Transformer-onehot,VH_framework,D,0.0
Transformer-onehot,VH_framework,D,0.0
Transformer-onehot,VH_framework,D,-0.0079204011708498
Transformer-onehot,VH_framework,D,0.0
Transformer-onehot,VH_framework,D,-0.0061053740791976
Transformer-onehot,VH_framework,D,0.0
Transformer-onehot,VH_framework,D,-0.007352759130299
Transformer-onehot,VH_framework,D,0.0
Transformer-onehot,VH_framework,D,0.0
Transformer-onehot,VH_framework,D,0.0
Transformer-onehot,VH_framework,D,-0.0047320686280727
Transformer-onehot,VH_framework,D,0.0
Transformer-onehot,VH_framework,D,0.0
Transformer-onehot,VH_framework,D,0.0
Transformer-onehot,VH_framework,D,0.0
Transformer-onehot,VH_framework,D,0.0
Transformer-onehot,VH_framework,D,0.0
Transformer-onehot,VH_framework,D,-0.0046566878445446
Transformer-onehot,VH_framework,D,0.0
Transformer-onehot,VH_framework,D,0.0
Transformer-onehot,VH_framework,D,0.0
Transformer-onehot,VH_framework,D,0.0
Transformer-onehot,VH_framework,D,-0.0066641392186284
Transformer-onehot,VH_framework,D,-0.0057650534436106
Transformer-onehot,VH_framework,D,0.0
Transformer-onehot,VH_framework,D,0.0
Transformer-onehot,VH_framework,D,0.0
Transformer-onehot,VH_framework,D,0.0
Transformer-onehot,VH_framework,D,0.0
Transformer-onehot,VH_framework,D,0.0
Transformer-onehot,VH_framework,D,-0.0053529329597949
Transformer-onehot,VH_framework,D,0.0
Transformer-onehot,VH_framework,D,0.0
Transformer-onehot,VH_framework,D,0.0
Transformer-onehot,VH_framework,D,0.0
Transformer-onehot,VH_framework,D,-0.0080623608082532
Transformer-onehot,VH_framework,D,0.0
Transformer-onehot,VH_framework,D,-0.0058956509456038
Transformer-onehot,VH_framework,D,0.0
Transformer-onehot,VH_framework,D,0.0
Transformer-onehot,VH_framework,D,0.0
Transformer-onehot,VH_framework,D,0.0
Transformer-onehot,VH_framework,D,0.0
Transformer-onehot,VH_framework,D,0.0
Transformer-onehot,VH_framework,D,0.0
Transformer-onehot,VH_framework,D,0.0
Transformer-onehot,VH_framework,D,0.0
Transformer-onehot,VH_framework,D,0.0
Transformer-onehot,VH_framework,D,0.0
Transformer-onehot,VH_framework,D,0.0
Transformer-onehot,VH_framework,D,0.0
Transformer-onehot,VH_framework,D,0.0
Transformer-onehot,VH_framework,D,0.0
Transformer-onehot,VH_framework,D,-0.0061455662362277
Transformer-onehot,VH_framework,D,0.0
Transformer-onehot,VH_framework,D,0.0
Transformer-onehot,VH_framework,D,0.0
Transformer-onehot,VH_framework,D,0.0
Transformer-onehot,VH_framework,D,0.0
Transformer-onehot,VH_framework,D,0.0
Transformer-onehot,VH_framework,D,0.0
Transformer-onehot,VH_framework,D,0.0
Transformer-onehot,VH_framework,D,0.0
Transformer-onehot,VH_framework,D,0.0
Transformer-onehot,VH_framework,D,0.0
Transformer-onehot,VH_framework,D,0.0
Transformer-onehot,VH_framework,D,0.0
Transformer-onehot,VH_framework,D,-0.0072331633418798
Transformer-onehot,VH_framework,D,0.0
Transformer-onehot,VH_framework,D,0.0
Transformer-onehot,VH_framework,D,0.0
Transformer-onehot,VH_framework,D,0.0
Transformer-onehot,VH_framework,D,0.0
Transformer-onehot,VH_framework,D,-0.0061116837896406
Transformer-onehot,VH_framework,D,0.0
Transformer-onehot,VH_framework,D,0.0
Transformer-onehot,VH_framework,D,-0.0078669982030987
Transformer-onehot,VH_framework,D,0.0
Transformer-onehot,VH_framework,D,0.0
Transformer-onehot,VH_framework,D,-0.0066073653288185
Transformer-onehot,VH_framework,D,-0.007491011172533
Transformer-onehot,VH_framework,D,0.0
Transformer-onehot,VH_framework,D,0.0
Transformer-onehot,VH_framework,D,-0.0052546961233019
Transformer-onehot,VH_framework,D,0.0
Transformer-onehot,VH_framework,D,0.0
Transformer-onehot,VH_framework,D,0.0
Transformer-onehot,VH_framework,D,0.0
Transformer-onehot,VH_framework,D,0.0
Transformer-onehot,VH_framework,D,-0.0058714393526315
Transformer-onehot,VH_framework,D,0.0
Transformer-onehot,VH_framework,D,0.0
Transformer-onehot,VH_framework,D,0.0
Transformer-onehot,VH_framework,D,0.0
Transformer-onehot,VH_framework,D,0.0
Transformer-onehot,VH_framework,D,0.0
Transformer-onehot,VH_framework,D,0.0
Transformer-onehot,VH_framework,D,0.0
Transformer-onehot,VH_framework,D,0.0
Transformer-onehot,VH_framework,D,0.0
Transformer-onehot,VH_framework,D,0.0
Transformer-onehot,VH_framework,D,0.0
Transformer-onehot,VH_framework,D,0.0
Transformer-onehot,VH_framework,D,0.0
Transformer-onehot,VH_framework,D,-0.006068767979741
Transformer-onehot,VH_framework,D,0.0
Transformer-onehot,VH_framework,D,0.0
Transformer-onehot,VH_framework,D,0.0
Transformer-onehot,VH_framework,D,-0.0057541774585843
Transformer-onehot,VH_framework,D,-0.0060783321969211
Transformer-onehot,VH_framework,D,0.0
Transformer-onehot,VH_framework,D,0.0
Transformer-onehot,VH_framework,D,0.0
Transformer-onehot,VH_framework,D,0.0
Transformer-onehot,VH_framework,D,0.0
Transformer-onehot,VH_framework,D,-0.006508857011795
Transformer-onehot,VH_framework,D,0.0
Transformer-onehot,VH_framework,D,0.0
Transformer-onehot,VH_framework,D,0.0
Transformer-onehot,VH_framework,D,0.0
Transformer-onehot,VH_framework,D,0.0
Transformer-onehot,VH_framework,D,0.0
Transformer-onehot,VH_framework,D,0.0
Transformer-onehot,VH_framework,D,0.0
Transformer-onehot,VH_framework,D,0.0
Transformer-onehot,VH_framework,D,0.0
Transformer-onehot,VH_framework,D,0.0
Transformer-onehot,VH_framework,D,-0.004128246102482
Transformer-onehot,VH_framework,D,0.0
Transformer-onehot,VH_framework,D,-0.0059291627258062
Transformer-onehot,VH_framework,D,0.0
Transformer-onehot,VH_framework,D,-0.0037605648394674
Transformer-onehot,VH_framework,D,0.0
Transformer-onehot,VH_framework,D,0.0
Transformer-onehot,VH_framework,D,0.0
Transformer-onehot,VH_framework,D,0.0
Transformer-onehot,VH_framework,D,0.0
Transformer-onehot,VH_framework,D,0.0
Transformer-onehot,VH_framework,D,-0.0035059205256402
Transformer-onehot,VH_framework,D,0.0
Transformer-onehot,VH_framework,D,0.0
Transformer-onehot,VH_framework,D,0.0
Transformer-onehot,VH_framework,D,0.0
Transformer-onehot,VH_framework,D,0.0
Transformer-onehot,VH_framework,D,0.0
Transformer-onehot,VH_framework,D,0.0
Transformer-onehot,VH_framework,D,0.0
Transformer-onehot,VH_framework,D,0.0
Transformer-onehot,VH_framework,D,0.0
Transformer-onehot,VH_framework,D,-0.0070357993245124
Transformer-onehot,VH_framework,D,0.0
Transformer-onehot,VH_framework,D,0.0
Transformer-onehot,VH_framework,D,-0.0063572390936315
Transformer-onehot,VH_framework,D,0.0
Transformer-onehot,VH_framework,D,0.0
Transformer-onehot,VH_framework,D,0.0
Transformer-onehot,VH_framework,D,0.0
Transformer-onehot,VH_framework,D,0.0
Transformer-onehot,VH_framework,D,0.0
Transformer-onehot,VH_framework,D,0.0
Transformer-onehot,VH_framework,D,0.0
Transformer-onehot,VH_framework,D,0.0
Transformer-onehot,VH_framework,D,0.0
Transformer-onehot,VH_framework,D,0.0
Transformer-onehot,VH_framework,D,0.0
Transformer-onehot,VH_framework,D,-0.0061527290381491
Transformer-onehot,VH_framework,D,0.0
Transformer-onehot,VH_framework,D,0.0
Transformer-onehot,VH_framework,D,0.0
Transformer-onehot,VH_framework,D,0.0
Transformer-onehot,VH_framework,D,-0.006737686228007
Transformer-onehot,VH_framework,D,0.0
Transformer-onehot,VH_framework,D,-0.0041721737943589
Transformer-onehot,VH_framework,D,-0.0071407128125429
Transformer-onehot,VH_framework,D,-0.0061028199270367
Transformer-onehot,VH_framework,D,0.0
Transformer-onehot,VH_framework,D,0.0
Transformer-onehot,VH_framework,D,0.0
Transformer-onehot,VH_framework,D,0.0
Transformer-onehot,VH_framework,D,0.0
Transformer-onehot,VH_framework,D,0.0
Transformer-onehot,VH_framework,D,-0.005476867314428
Transformer-onehot,VH_framework,D,0.0
Transformer-onehot,VH_framework,D,0.0
Transformer-onehot,VH_framework,D,0.0
Transformer-onehot,VH_framework,D,-0.007153688929975
Transformer-onehot,VH_framework,D,0.0
Transformer-onehot,VH_framework,D,-0.0074986182153224
Transformer-onehot,VH_framework,D,0.0
Transformer-onehot,VH_framework,D,0.0
Transformer-onehot,VH_framework,D,0.0
Transformer-onehot,VH_framework,D,0.0
Transformer-onehot,VH_framework,D,0.0
Transformer-onehot,VH_framework,D,0.0
Transformer-onehot,VH_framework,D,0.0
Transformer-onehot,VH_framework,D,0.0
Transformer-onehot,VH_framework,D,-0.0072951009497046
Transformer-onehot,VH_framework,D,0.0
Transformer-onehot,VH_framework,D,0.0
Transformer-onehot,VH_framework,D,0.0
Transformer-onehot,VH_framework,D,-0.0041549843735992
Transformer-onehot,VH_framework,D,0.0
Transformer-onehot,VH_framework,D,0.0
Transformer-onehot,VH_framework,D,-0.0056211068294942
Transformer-onehot,VH_framework,D,0.0
Transformer-onehot,VH_framework,D,0.0
Transformer-onehot,VH_framework,D,0.0
Transformer-onehot,VH_framework,D,-0.0053639565594494
Transformer-onehot,VH_framework,D,0.0
Transformer-onehot,VH_framework,D,-0.0052568959072232
Transformer-onehot,VH_framework,D,-0.0061979270540177
Transformer-onehot,VH_framework,D,0.0
Transformer-onehot,VH_framework,D,0.0
Transformer-onehot,VH_framework,D,-0.0061516342684626
Transformer-onehot,VH_framework,D,0.0
Transformer-onehot,VH_framework,D,0.0
Transformer-onehot,VH_framework,D,0.0
Transformer-onehot,VH_framework,D,0.0
Transformer-onehot,VH_framework,D,-0.0063285431824624
Transformer-onehot,VH_framework,D,0.0
Transformer-onehot,VH_framework,D,0.0
Transformer-onehot,VH_framework,D,-0.0063364529050886
Transformer-onehot,VH_framework,D,0.0
Transformer-onehot,VH_framework,D,0.0
Transformer-onehot,VH_framework,D,0.0
Transformer-onehot,VH_framework,D,0.0
Transformer-onehot,VH_framework,D,-0.0069954367354512
Transformer-onehot,VH_framework,D,0.0
Transformer-onehot,VH_framework,E,0.0
Transformer-onehot,VH_framework,E,0.0
Transformer-onehot,VH_framework,E,0.0
Transformer-onehot,VH_framework,E,0.0
Transformer-onehot,VH_framework,E,0.0
Transformer-onehot,VH_framework,E,0.0
Transformer-onehot,VH_framework,E,0.0
Transformer-onehot,VH_framework,E,0.0
Transformer-onehot,VH_framework,E,0.0
Transformer-onehot,VH_framework,E,0.0
Transformer-onehot,VH_framework,E,0.0
Transformer-onehot,VH_framework,E,0.0
Transformer-onehot,VH_framework,E,0.0
Transformer-onehot,VH_framework,E,0.0
Transformer-onehot,VH_framework,E,0.0
Transformer-onehot,VH_framework,E,0.0
Transformer-onehot,VH_framework,E,0.0
Transformer-onehot,VH_framework,E,0.0
Transformer-onehot,VH_framework,E,0.0
Transformer-onehot,VH_framework,E,0.0
Transformer-onehot,VH_framework,E,0.0466226860880851
Transformer-onehot,VH_framework,E,0.0464521124958992
Transformer-onehot,VH_framework,E,0.0
Transformer-onehot,VH_framework,E,0.0429883413016796
Transformer-onehot,VH_framework,E,0.0
Transformer-onehot,VH_framework,E,0.0
Transformer-onehot,VH_framework,E,0.0
Transformer-onehot,VH_framework,E,0.0
Transformer-onehot,VH_framework,E,0.0
Transformer-onehot,VH_framework,E,0.0
Transformer-onehot,VH_framework,E,0.0
Transformer-onehot,VH_framework,E,0.0440694652497768
Transformer-onehot,VH_framework,E,0.0
Transformer-onehot,VH_framework,E,0.046631246805191
Transformer-onehot,VH_framework,E,0.0
Transformer-onehot,VH_framework,E,0.0
Transformer-onehot,VH_framework,E,0.0
Transformer-onehot,VH_framework,E,0.0
Transformer-onehot,VH_framework,E,0.0
Transformer-onehot,VH_framework,E,0.0
Transformer-onehot,VH_framework,E,0.0
Transformer-onehot,VH_framework,E,0.0
Transformer-onehot,VH_framework,E,0.0
Transformer-onehot,VH_framework,E,0.0
Transformer-onehot,VH_framework,E,0.0437551215291023
Transformer-onehot,VH_framework,E,0.0
Transformer-onehot,VH_framework,E,0.0437211543321609
Transformer-onehot,VH_framework,E,0.0
Transformer-onehot,VH_framework,E,0.0
Transformer-onehot,VH_framework,E,0.0
Transformer-onehot,VH_framework,E,0.0
Transformer-onehot,VH_framework,E,0.0
Transformer-onehot,VH_framework,E,0.0
Transformer-onehot,VH_framework,E,0.0
Transformer-onehot,VH_framework,E,0.0
Transformer-onehot,VH_framework,E,0.0
Transformer-onehot,VH_framework,E,0.0
Transformer-onehot,VH_framework,E,0.0
Transformer-onehot,VH_framework,E,0.0
Transformer-onehot,VH_framework,E,0.0
Transformer-onehot,VH_framework,E,0.0
Transformer-onehot,VH_framework,E,0.0
Transformer-onehot,VH_framework,E,0.0
Transformer-onehot,VH_framework,E,0.0
Transformer-onehot,VH_framework,E,0.0413678660988807
Transformer-onehot,VH_framework,E,0.0
Transformer-onehot,VH_framework,E,0.0
Transformer-onehot,VH_framework,E,0.0
Transformer-onehot,VH_framework,E,0.0
Transformer-onehot,VH_framework,E,0.0
Transformer-onehot,VH_framework,E,0.0
Transformer-onehot,VH_framework,E,0.0
Transformer-onehot,VH_framework,E,0.0
Transformer-onehot,VH_framework,E,0.0
Transformer-onehot,VH_framework,E,0.0
Transformer-onehot,VH_framework,E,0.0
Transformer-onehot,VH_framework,E,0.0
Transformer-onehot,VH_framework,E,0.0479049794375896
Transformer-onehot,VH_framework,E,0.0
Transformer-onehot,VH_framework,E,0.0
Transformer-onehot,VH_framework,E,0.0
Transformer-onehot,VH_framework,E,0.0
Transformer-onehot,VH_framework,E,0.0
Transformer-onehot,VH_framework,E,0.0
Transformer-onehot,VH_framework,E,0.043127529323101
Transformer-onehot,VH_framework,E,0.0446056388318538
Transformer-onehot,VH_framework,E,0.0412334613502025
Transformer-onehot,VH_framework,E,0.0
Transformer-onehot,VH_framework,E,0.0
Transformer-onehot,VH_framework,E,0.0
Transformer-onehot,VH_framework,E,0.0
Transformer-onehot,VH_framework,E,0.0
Transformer-onehot,VH_framework,E,0.042955458164215
Transformer-onehot,VH_framework,E,0.0416714623570442
Transformer-onehot,VH_framework,E,0.0
Transformer-onehot,VH_framework,E,0.0
Transformer-onehot,VH_framework,E,0.0
Transformer-onehot,VH_framework,E,0.0396145582199096
Transformer-onehot,VH_framework,E,0.0
Transformer-onehot,VH_framework,E,0.0
Transformer-onehot,VH_framework,E,0.0
Transformer-onehot,VH_framework,E,0.0
Transformer-onehot,VH_framework,E,0.0
Transformer-onehot,VH_framework,E,0.0
Transformer-onehot,VH_framework,E,0.0
Transformer-onehot,VH_framework,E,0.0414387993514537
Transformer-onehot,VH_framework,E,0.0
Transformer-onehot,VH_framework,E,0.0
Transformer-onehot,VH_framework,E,0.0
Transformer-onehot,VH_framework,E,0.0
Transformer-onehot,VH_framework,E,0.0423812977969646
Transformer-onehot,VH_framework,E,0.0429589040577411
Transformer-onehot,VH_framework,E,0.0
Transformer-onehot,VH_framework,E,0.0
Transformer-onehot,VH_framework,E,0.0425171367824077
Transformer-onehot,VH_framework,E,0.0
Transformer-onehot,VH_framework,E,0.0
Transformer-onehot,VH_framework,E,0.0
Transformer-onehot,VH_framework,E,0.0
Transformer-onehot,VH_framework,E,0.0
Transformer-onehot,VH_framework,E,0.0
Transformer-onehot,VH_framework,E,0.0
Transformer-onehot,VH_framework,E,0.0
Transformer-onehot,VH_framework,E,0.0
Transformer-onehot,VH_framework,E,0.0
Transformer-onehot,VH_framework,E,0.0
Transformer-onehot,VH_framework,E,0.0
Transformer-onehot,VH_framework,E,0.0
Transformer-onehot,VH_framework,E,0.0
Transformer-onehot,VH_framework,E,0.0
Transformer-onehot,VH_framework,E,0.0
Transformer-onehot,VH_framework,E,0.0
Transformer-onehot,VH_framework,E,0.0
Transformer-onehot,VH_framework,E,0.0
Transformer-onehot,VH_framework,E,0.0
Transformer-onehot,VH_framework,E,0.0
Transformer-onehot,VH_framework,E,0.0
Transformer-onehot,VH_framework,E,0.0
Transformer-onehot,VH_framework,E,0.0
Transformer-onehot,VH_framework,E,0.0
Transformer-onehot,VH_framework,E,0.0
Transformer-onehot,VH_framework,E,0.0
Transformer-onehot,VH_framework,E,0.0
Transformer-onehot,VH_framework,E,0.0
Transformer-onehot,VH_framework,E,0.0
Transformer-onehot,VH_framework,E,0.0
Transformer-onehot,VH_framework,E,0.0
Transformer-onehot,VH_framework,E,0.0
Transformer-onehot,VH_framework,E,0.0
Transformer-onehot,VH_framework,E,0.0
Transformer-onehot,VH_framework,E,0.0
Transformer-onehot,VH_framework,E,0.043951392173767
Transformer-onehot,VH_framework,E,0.0
Transformer-onehot,VH_framework,E,0.0423563942313194
Transformer-onehot,VH_framework,E,0.0
Transformer-onehot,VH_framework,E,0.0
Transformer-onehot,VH_framework,E,0.0
Transformer-onehot,VH_framework,E,0.0
Transformer-onehot,VH_framework,E,0.0
Transformer-onehot,VH_framework,E,0.0
Transformer-onehot,VH_framework,E,0.0
Transformer-onehot,VH_framework,E,0.0
Transformer-onehot,VH_framework,E,0.0
Transformer-onehot,VH_framework,E,0.0
Transformer-onehot,VH_framework,E,0.0
Transformer-onehot,VH_framework,E,0.0
Transformer-onehot,VH_framework,E,0.0
Transformer-onehot,VH_framework,E,0.0
Transformer-onehot,VH_framework,E,0.0423514805734157
Transformer-onehot,VH_framework,E,0.0
Transformer-onehot,VH_framework,E,0.0
Transformer-onehot,VH_framework,E,0.0
Transformer-onehot,VH_framework,E,0.0
Transformer-onehot,VH_framework,E,0.0
Transformer-onehot,VH_framework,E,0.0
Transformer-onehot,VH_framework,E,0.0
Transformer-onehot,VH_framework,E,0.0
Transformer-onehot,VH_framework,E,0.0
Transformer-onehot,VH_framework,E,0.0403398536145687
Transformer-onehot,VH_framework,E,0.0
Transformer-onehot,VH_framework,E,0.0
Transformer-onehot,VH_framework,E,0.0468879230320453
Transformer-onehot,VH_framework,E,0.0
Transformer-onehot,VH_framework,E,0.0415109582245349
Transformer-onehot,VH_framework,E,0.0
Transformer-onehot,VH_framework,E,0.0
Transformer-onehot,VH_framework,E,0.0
Transformer-onehot,VH_framework,E,0.0
Transformer-onehot,VH_framework,E,0.0
Transformer-onehot,VH_framework,E,0.0
Transformer-onehot,VH_framework,E,0.0
Transformer-onehot,VH_framework,E,0.0
Transformer-onehot,VH_framework,E,0.0
Transformer-onehot,VH_framework,E,0.0
Transformer-onehot,VH_framework,E,0.0
Transformer-onehot,VH_framework,E,0.0
Transformer-onehot,VH_framework,E,0.0
Transformer-onehot,VH_framework,E,0.0
Transformer-onehot,VH_framework,E,0.0
Transformer-onehot,VH_framework,E,0.0
Transformer-onehot,VH_framework,E,0.0
Transformer-onehot,VH_framework,E,0.0
Transformer-onehot,VH_framework,E,0.0
Transformer-onehot,VH_framework,E,0.0
Transformer-onehot,VH_framework,E,0.0
Transformer-onehot,VH_framework,E,0.0
Transformer-onehot,VH_framework,E,0.0
Transformer-onehot,VH_framework,E,0.0
Transformer-onehot,VH_framework,E,0.0
Transformer-onehot,VH_framework,E,0.0466031767427921
Transformer-onehot,VH_framework,E,0.0
Transformer-onehot,VH_framework,E,0.043809849768877
Transformer-onehot,VH_framework,E,0.0
Transformer-onehot,VH_framework,E,0.0426989756524562
Transformer-onehot,VH_framework,E,0.0
Transformer-onehot,VH_framework,E,0.0
Transformer-onehot,VH_framework,E,0.0449244603514671
Transformer-onehot,VH_framework,E,0.0
Transformer-onehot,VH_framework,E,0.0
Transformer-onehot,VH_framework,E,0.0
Transformer-onehot,VH_framework,E,0.0
Transformer-onehot,VH_framework,E,0.0
Transformer-onehot,VH_framework,E,0.0
Transformer-onehot,VH_framework,E,0.045450959354639
Transformer-onehot,VH_framework,E,0.0
Transformer-onehot,VH_framework,E,0.0
Transformer-onehot,VH_framework,E,0.0
Transformer-onehot,VH_framework,E,0.0
Transformer-onehot,VH_framework,E,0.0
Transformer-onehot,VH_framework,E,0.0
Transformer-onehot,VH_framework,E,0.0
Transformer-onehot,VH_framework,E,0.0
Transformer-onehot,VH_framework,E,0.0
Transformer-onehot,VH_framework,E,0.0
Transformer-onehot,VH_framework,E,0.0418590009212493
Transformer-onehot,VH_framework,E,0.0
Transformer-onehot,VH_framework,E,0.0
Transformer-onehot,VH_framework,E,0.0
Transformer-onehot,VH_framework,E,0.0447320304811
Transformer-onehot,VH_framework,E,0.0
Transformer-onehot,VH_framework,E,0.0
Transformer-onehot,VH_framework,E,0.0
Transformer-onehot,VH_framework,E,0.0
Transformer-onehot,VH_framework,E,0.0459509529173374
Transformer-onehot,VH_framework,E,0.0
Transformer-onehot,VH_framework,E,0.0446967668831348
Transformer-onehot,VH_framework,E,0.0
Transformer-onehot,VH_framework,E,0.0
Transformer-onehot,VH_framework,E,0.0
Transformer-onehot,VH_framework,E,0.0
Transformer-onehot,VH_framework,E,0.0307735688984394
Transformer-onehot,VH_framework,E,0.0
Transformer-onehot,VH_framework,E,0.0
Transformer-onehot,VH_framework,E,0.0403818488121032
Transformer-onehot,VH_framework,E,0.0
Transformer-onehot,VH_framework,E,0.0
Transformer-onehot,VH_framework,E,0.0
Transformer-onehot,VH_framework,E,0.036066573113203
Transformer-onehot,VH_framework,E,0.0
Transformer-onehot,VH_framework,E,0.0
Transformer-onehot,VH_framework,E,0.0357218980789184
Transformer-onehot,VH_framework,E,0.0
Transformer-onehot,VH_framework,E,0.0391982346773147
Transformer-onehot,VH_framework,E,0.0
Transformer-onehot,VH_framework,E,0.0305198691785335
Transformer-onehot,VH_framework,E,0.0
Transformer-onehot,VH_framework,E,0.0406050905585289
Transformer-onehot,VH_framework,E,0.0
Transformer-onehot,VH_framework,E,0.0
Transformer-onehot,VH_framework,E,0.0
Transformer-onehot,VH_framework,E,0.0
Transformer-onehot,VH_framework,E,0.0
Transformer-onehot,VH_framework,E,0.0
Transformer-onehot,VH_framework,E,0.0
Transformer-onehot,VH_framework,E,0.0
Transformer-onehot,VH_framework,E,0.0
Transformer-onehot,VH_framework,E,0.0
Transformer-onehot,VH_framework,E,0.039924070239067
Transformer-onehot,VH_framework,E,0.0288007240742445
Transformer-onehot,VH_framework,E,0.0418444089591503
Transformer-onehot,VH_framework,E,0.0
Transformer-onehot,VH_framework,E,0.0
Transformer-onehot,VH_framework,E,0.0
Transformer-onehot,VH_framework,E,0.0
Transformer-onehot,VH_framework,E,0.0444776341319084
Transformer-onehot,VH_framework,E,0.0
Transformer-onehot,VH_framework,E,0.0
Transformer-onehot,VH_framework,E,0.0427418053150177
Transformer-onehot,VH_framework,E,0.0398200750350952
Transformer-onehot,VH_framework,E,0.0
Transformer-onehot,VH_framework,E,0.0
Transformer-onehot,VH_framework,E,0.0
Transformer-onehot,VH_framework,E,0.0
Transformer-onehot,VH_framework,E,0.0
Transformer-onehot,VH_framework,E,0.0
Transformer-onehot,VH_framework,E,0.0317694582045078
Transformer-onehot,VH_framework,E,0.0
Transformer-onehot,VH_framework,E,0.0
Transformer-onehot,VH_framework,E,0.0
Transformer-onehot,VH_framework,E,0.0403097085654735
Transformer-onehot,VH_framework,E,0.0355634242296218
Transformer-onehot,VH_framework,E,0.0
Transformer-onehot,VH_framework,E,0.0
Transformer-onehot,VH_framework,E,0.0
Transformer-onehot,VH_framework,E,0.0
Transformer-onehot,VH_framework,E,0.0370049588382244
Transformer-onehot,VH_framework,E,0.0
Transformer-onehot,VH_framework,E,0.0
Transformer-onehot,VH_framework,E,0.0341759696602821
Transformer-onehot,VH_framework,E,0.0308140385895967
Transformer-onehot,VH_framework,E,0.0
Transformer-onehot,VH_framework,E,0.0
Transformer-onehot,VH_framework,E,0.0
Transformer-onehot,VH_framework,E,0.0
Transformer-onehot,VH_framework,E,0.0
Transformer-onehot,VH_framework,E,0.0
Transformer-onehot,VH_framework,E,0.0
Transformer-onehot,VH_framework,E,0.0
Transformer-onehot,VH_framework,E,0.0444834753870964
Transformer-onehot,VH_framework,E,0.0
Transformer-onehot,VH_framework,E,0.0
Transformer-onehot,VH_framework,E,0.0395511388778686
Transformer-onehot,VH_framework,E,0.0
Transformer-onehot,VH_framework,E,0.0
Transformer-onehot,VH_framework,E,0.0
Transformer-onehot,VH_framework,E,0.0
Transformer-onehot,VH_framework,E,0.0
Transformer-onehot,VH_framework,E,0.0
Transformer-onehot,VH_framework,E,0.0
Transformer-onehot,VH_framework,E,0.0
Transformer-onehot,VH_framework,E,0.0
Transformer-onehot,VH_framework,E,0.0
Transformer-onehot,VH_framework,E,0.0
Transformer-onehot,VH_framework,E,0.0
Transformer-onehot,VH_framework,E,0.0
Transformer-onehot,VH_framework,E,0.0
Transformer-onehot,VH_framework,E,0.0
Transformer-onehot,VH_framework,E,0.0
Transformer-onehot,VH_framework,E,0.0355587489902973
Transformer-onehot,VH_framework,E,0.0
Transformer-onehot,VH_framework,E,0.0
Transformer-onehot,VH_framework,E,0.0
Transformer-onehot,VH_framework,E,0.0
Transformer-onehot,VH_framework,E,0.0
Transformer-onehot,VH_framework,E,0.0
Transformer-onehot,VH_framework,E,0.0
Transformer-onehot,VH_framework,E,0.0
Transformer-onehot,VH_framework,E,0.0
Transformer-onehot,VH_framework,E,0.0
Transformer-onehot,VH_framework,E,0.0
Transformer-onehot,VH_framework,E,0.0
Transformer-onehot,VH_framework,E,0.0
Transformer-onehot,VH_framework,E,0.0
Transformer-onehot,VH_framework,E,0.0
Transformer-onehot,VH_framework,E,0.0
Transformer-onehot,VH_framework,E,0.0328417457640171
Transformer-onehot,VH_framework,E,0.0
Transformer-onehot,VH_framework,E,0.0
Transformer-onehot,VH_framework,E,0.0
Transformer-onehot,VH_framework,E,0.0
Transformer-onehot,VH_framework,E,0.0469204075634479
Transformer-onehot,VH_framework,E,0.0
Transformer-onehot,VH_framework,E,0.0
Transformer-onehot,VH_framework,E,0.0
Transformer-onehot,VH_framework,E,0.0
Transformer-onehot,VH_framework,E,0.0
Transformer-onehot,VH_framework,E,0.0
Transformer-onehot,VH_framework,E,0.0
Transformer-onehot,VH_framework,E,0.0
Transformer-onehot,VH_framework,E,0.0
Transformer-onehot,VH_framework,E,0.0
Transformer-onehot,VH_framework,E,0.0
Transformer-onehot,VH_framework,E,0.0
Transformer-onehot,VH_framework,E,0.0436212606728076
Transformer-onehot,VH_framework,E,0.0
Transformer-onehot,VH_framework,E,0.0
Transformer-onehot,VH_framework,E,0.0
Transformer-onehot,VH_framework,E,0.0
Transformer-onehot,VH_framework,E,0.0
Transformer-onehot,VH_framework,E,0.0
Transformer-onehot,VH_framework,E,0.0307906400412321
Transformer-onehot,VH_framework,E,0.0
Transformer-onehot,VH_framework,E,0.0
Transformer-onehot,VH_framework,E,0.0
Transformer-onehot,VH_framework,E,0.0
Transformer-onehot,VH_framework,E,0.0
Transformer-onehot,VH_framework,E,0.0
Transformer-onehot,VH_framework,E,0.0
Transformer-onehot,VH_framework,E,0.0
Transformer-onehot,VH_framework,E,0.0
Transformer-onehot,VH_framework,E,0.0
Transformer-onehot,VH_framework,E,0.0
Transformer-onehot,VH_framework,E,0.0
Transformer-onehot,VH_framework,E,0.0
Transformer-onehot,VH_framework,E,0.0
Transformer-onehot,VH_framework,E,0.0
Transformer-onehot,VH_framework,E,0.0
Transformer-onehot,VH_framework,E,0.0
Transformer-onehot,VH_framework,E,0.0
Transformer-onehot,VH_framework,E,0.0
Transformer-onehot,VH_framework,E,0.0408360213041305
Transformer-onehot,VH_framework,E,0.0
Transformer-onehot,VH_framework,E,0.0
Transformer-onehot,VH_framework,E,0.0
Transformer-onehot,VH_framework,E,0.0
Transformer-onehot,VH_framework,E,0.0
Transformer-onehot,VH_framework,E,0.0
Transformer-onehot,VH_framework,E,0.0
Transformer-onehot,VH_framework,E,0.0
Transformer-onehot,VH_framework,E,0.0
Transformer-onehot,VH_framework,E,0.0
Transformer-onehot,VH_framework,E,0.0
Transformer-onehot,VH_framework,E,0.0367026478052139
Transformer-onehot,VH_framework,E,0.0
Transformer-onehot,VH_framework,E,0.0
Transformer-onehot,VH_framework,E,0.0
Transformer-onehot,VH_framework,E,0.0
Transformer-onehot,VH_framework,E,0.0
Transformer-onehot,VH_framework,E,0.0
Transformer-onehot,VH_framework,E,0.0
Transformer-onehot,VH_framework,E,0.0
Transformer-onehot,VH_framework,E,0.0
Transformer-onehot,VH_framework,E,0.0
Transformer-onehot,VH_framework,E,0.0
Transformer-onehot,VH_framework,E,0.0
Transformer-onehot,VH_framework,E,0.0
Transformer-onehot,VH_framework,E,0.0
Transformer-onehot,VH_framework,E,0.0
Transformer-onehot,VH_framework,E,0.0
Transformer-onehot,VH_framework,E,0.0
Transformer-onehot,VH_framework,E,0.0
Transformer-onehot,VH_framework,E,0.0
Transformer-onehot,VH_framework,E,0.0352259837090969
Transformer-onehot,VH_framework,E,0.0
Transformer-onehot,VH_framework,E,0.038547433912754
Transformer-onehot,VH_framework,E,0.0
Transformer-onehot,VH_framework,E,0.0
Transformer-onehot,VH_framework,E,0.0
Transformer-onehot,VH_framework,E,0.0
Transformer-onehot,VH_framework,E,0.0411506034433841
Transformer-onehot,VH_framework,E,0.0
Transformer-onehot,VH_framework,E,0.0
Transformer-onehot,VH_framework,E,0.0
Transformer-onehot,VH_framework,E,0.0
Transformer-onehot,VH_framework,E,0.0
Transformer-onehot,VH_framework,E,0.0
Transformer-onehot,VH_framework,E,0.0
Transformer-onehot,VH_framework,E,0.0400191657245159
Transformer-onehot,VH_framework,E,0.0
Transformer-onehot,VH_framework,E,0.0
Transformer-onehot,VH_framework,E,0.0459035262465477
Transformer-onehot,VH_framework,E,0.0376700907945632
Transformer-onehot,VH_framework,E,0.0
Transformer-onehot,VH_framework,E,0.0
Transformer-onehot,VH_framework,E,0.0
Transformer-onehot,VH_framework,E,0.0
Transformer-onehot,VH_framework,E,0.0
Transformer-onehot,VH_framework,E,0.0285317990928888
Transformer-onehot,VH_framework,E,0.0
Transformer-onehot,VH_framework,E,0.0
Transformer-onehot,VH_framework,E,0.0
Transformer-onehot,VH_framework,E,0.0
Transformer-onehot,VH_framework,E,0.0
Transformer-onehot,VH_framework,E,0.0
Transformer-onehot,VH_framework,E,0.0
Transformer-onehot,VH_framework,E,0.0
Transformer-onehot,VH_framework,E,0.0
Transformer-onehot,VH_framework,E,0.038764763623476
Transformer-onehot,VH_framework,E,0.0
Transformer-onehot,VH_framework,E,0.0
Transformer-onehot,VH_framework,E,0.0
Transformer-onehot,VH_framework,E,0.0
Transformer-onehot,VH_framework,E,0.0
Transformer-onehot,VH_framework,E,0.0
Transformer-onehot,VH_framework,E,0.0
Transformer-onehot,VH_framework,E,0.0
Transformer-onehot,VH_framework,E,0.0
Transformer-onehot,VH_framework,E,0.0
Transformer-onehot,VH_framework,E,0.0
Transformer-onehot,VH_framework,E,0.0
Transformer-onehot,VH_framework,E,0.0
Transformer-onehot,VH_framework,E,0.0
Transformer-onehot,VH_framework,E,0.0304868426173925
Transformer-onehot,VH_framework,E,0.0
Transformer-onehot,VH_framework,E,0.0391263850033283
Transformer-onehot,VH_framework,E,0.0310321915894746
Transformer-onehot,VH_framework,E,0.0
Transformer-onehot,VH_framework,E,0.0
Transformer-onehot,VH_framework,E,0.0
Transformer-onehot,VH_framework,E,0.0
Transformer-onehot,VH_framework,E,0.0
Transformer-onehot,VH_framework,E,0.0
Transformer-onehot,VH_framework,E,0.0
Transformer-onehot,VH_framework,E,0.0
Transformer-onehot,VH_framework,E,0.0
Transformer-onehot,VH_framework,E,0.0
Transformer-onehot,VH_framework,E,0.0
Transformer-onehot,VH_framework,E,0.0453925654292106
Transformer-onehot,VH_framework,E,0.0
Transformer-onehot,VH_framework,E,0.0
Transformer-onehot,VH_framework,F,0.0
Transformer-onehot,VH_framework,F,0.0
Transformer-onehot,VH_framework,F,0.0
Transformer-onehot,VH_framework,F,0.0
Transformer-onehot,VH_framework,F,0.0
Transformer-onehot,VH_framework,F,0.0
Transformer-onehot,VH_framework,F,0.0
Transformer-onehot,VH_framework,F,0.0
Transformer-onehot,VH_framework,F,0.0
Transformer-onehot,VH_framework,F,0.0
Transformer-onehot,VH_framework,F,0.0
Transformer-onehot,VH_framework,F,0.0
Transformer-onehot,VH_framework,F,0.0
Transformer-onehot,VH_framework,F,0.0
Transformer-onehot,VH_framework,F,0.0
Transformer-onehot,VH_framework,F,0.0
Transformer-onehot,VH_framework,F,0.0
Transformer-onehot,VH_framework,F,0.0
Transformer-onehot,VH_framework,F,0.0
Transformer-onehot,VH_framework,F,0.0
Transformer-onehot,VH_framework,F,0.0
Transformer-onehot,VH_framework,F,0.0
Transformer-onehot,VH_framework,F,0.0
Transformer-onehot,VH_framework,F,0.0
Transformer-onehot,VH_framework,F,0.0
Transformer-onehot,VH_framework,F,0.0
Transformer-onehot,VH_framework,F,0.0
Transformer-onehot,VH_framework,F,0.0
Transformer-onehot,VH_framework,F,0.0
Transformer-onehot,VH_framework,F,0.0
Transformer-onehot,VH_framework,F,0.0
Transformer-onehot,VH_framework,F,0.0
Transformer-onehot,VH_framework,F,0.0
Transformer-onehot,VH_framework,F,0.0
Transformer-onehot,VH_framework,F,0.0
Transformer-onehot,VH_framework,F,0.0
Transformer-onehot,VH_framework,F,0.0
Transformer-onehot,VH_framework,F,0.0
Transformer-onehot,VH_framework,F,0.0
Transformer-onehot,VH_framework,F,0.0
Transformer-onehot,VH_framework,F,0.0
Transformer-onehot,VH_framework,F,0.0
Transformer-onehot,VH_framework,F,0.0
Transformer-onehot,VH_framework,F,0.0
Transformer-onehot,VH_framework,F,0.0
Transformer-onehot,VH_framework,F,0.0
Transformer-onehot,VH_framework,F,0.0
Transformer-onehot,VH_framework,F,0.0
Transformer-onehot,VH_framework,F,0.0
Transformer-onehot,VH_framework,F,0.0
Transformer-onehot,VH_framework,F,0.0
Transformer-onehot,VH_framework,F,0.0
Transformer-onehot,VH_framework,F,0.0
Transformer-onehot,VH_framework,F,0.0
Transformer-onehot,VH_framework,F,0.0
Transformer-onehot,VH_framework,F,0.0
Transformer-onehot,VH_framework,F,0.0
Transformer-onehot,VH_framework,F,0.0
Transformer-onehot,VH_framework,F,0.0
Transformer-onehot,VH_framework,F,0.0
Transformer-onehot,VH_framework,F,0.0
Transformer-onehot,VH_framework,F,0.0
Transformer-onehot,VH_framework,F,0.0
Transformer-onehot,VH_framework,F,0.0
Transformer-onehot,VH_framework,F,0.0
Transformer-onehot,VH_framework,F,0.0
Transformer-onehot,VH_framework,F,0.0
Transformer-onehot,VH_framework,F,0.0
Transformer-onehot,VH_framework,F,0.0
Transformer-onehot,VH_framework,F,0.0
Transformer-onehot,VH_framework,F,0.0
Transformer-onehot,VH_framework,F,0.0
Transformer-onehot,VH_framework,F,0.0
Transformer-onehot,VH_framework,F,0.0
Transformer-onehot,VH_framework,F,0.0
Transformer-onehot,VH_framework,F,0.0
Transformer-onehot,VH_framework,F,0.0
Transformer-onehot,VH_framework,F,0.0
Transformer-onehot,VH_framework,F,0.0
Transformer-onehot,VH_framework,F,0.0
Transformer-onehot,VH_framework,F,0.0
Transformer-onehot,VH_framework,F,0.0
Transformer-onehot,VH_framework,F,0.0
Transformer-onehot,VH_framework,F,0.0
Transformer-onehot,VH_framework,F,0.0
Transformer-onehot,VH_framework,F,0.0
Transformer-onehot,VH_framework,F,0.0
Transformer-onehot,VH_framework,F,0.0
Transformer-onehot,VH_framework,F,0.0
Transformer-onehot,VH_framework,F,0.0
Transformer-onehot,VH_framework,F,0.0
Transformer-onehot,VH_framework,F,0.0
Transformer-onehot,VH_framework,F,0.0
Transformer-onehot,VH_framework,F,0.0
Transformer-onehot,VH_framework,F,0.0
Transformer-onehot,VH_framework,F,0.0
Transformer-onehot,VH_framework,F,0.0
Transformer-onehot,VH_framework,F,0.0
Transformer-onehot,VH_framework,F,0.0
Transformer-onehot,VH_framework,F,0.0
Transformer-onehot,VH_framework,F,0.0
Transformer-onehot,VH_framework,F,0.0
Transformer-onehot,VH_framework,F,0.0
Transformer-onehot,VH_framework,F,0.0
Transformer-onehot,VH_framework,F,0.0
Transformer-onehot,VH_framework,F,0.0
Transformer-onehot,VH_framework,F,0.0
Transformer-onehot,VH_framework,F,0.0
Transformer-onehot,VH_framework,F,0.0
Transformer-onehot,VH_framework,F,0.0
Transformer-onehot,VH_framework,F,0.0
Transformer-onehot,VH_framework,F,0.0
Transformer-onehot,VH_framework,F,0.0
Transformer-onehot,VH_framework,F,0.0
Transformer-onehot,VH_framework,F,0.0
Transformer-onehot,VH_framework,F,0.0
Transformer-onehot,VH_framework,F,0.0
Transformer-onehot,VH_framework,F,0.0
Transformer-onehot,VH_framework,F,0.0
Transformer-onehot,VH_framework,F,0.0
Transformer-onehot,VH_framework,F,0.0
Transformer-onehot,VH_framework,F,0.0
Transformer-onehot,VH_framework,F,0.0
Transformer-onehot,VH_framework,F,0.0
Transformer-onehot,VH_framework,F,0.0
Transformer-onehot,VH_framework,F,0.0
Transformer-onehot,VH_framework,F,0.0
Transformer-onehot,VH_framework,F,0.0
Transformer-onehot,VH_framework,F,0.0
Transformer-onehot,VH_framework,F,0.0
Transformer-onehot,VH_framework,F,0.0
Transformer-onehot,VH_framework,F,0.0
Transformer-onehot,VH_framework,F,0.0
Transformer-onehot,VH_framework,F,0.0
Transformer-onehot,VH_framework,F,0.0
Transformer-onehot,VH_framework,F,0.0
Transformer-onehot,VH_framework,F,0.0
Transformer-onehot,VH_framework,F,0.0
Transformer-onehot,VH_framework,F,0.0
Transformer-onehot,VH_framework,F,0.0
Transformer-onehot,VH_framework,F,0.0
Transformer-onehot,VH_framework,F,0.0
Transformer-onehot,VH_framework,F,0.0
Transformer-onehot,VH_framework,F,0.0
Transformer-onehot,VH_framework,F,0.0
Transformer-onehot,VH_framework,F,0.0
Transformer-onehot,VH_framework,F,0.0
Transformer-onehot,VH_framework,F,0.0
Transformer-onehot,VH_framework,F,0.0
Transformer-onehot,VH_framework,F,0.0
Transformer-onehot,VH_framework,F,0.0
Transformer-onehot,VH_framework,F,0.0
Transformer-onehot,VH_framework,F,0.0
Transformer-onehot,VH_framework,F,0.0
Transformer-onehot,VH_framework,F,0.0
Transformer-onehot,VH_framework,F,0.0
Transformer-onehot,VH_framework,F,0.0
Transformer-onehot,VH_framework,F,0.0
Transformer-onehot,VH_framework,F,0.0
Transformer-onehot,VH_framework,F,0.0
Transformer-onehot,VH_framework,F,0.0
Transformer-onehot,VH_framework,F,0.0
Transformer-onehot,VH_framework,F,0.0
Transformer-onehot,VH_framework,F,0.0
Transformer-onehot,VH_framework,F,0.0
Transformer-onehot,VH_framework,F,0.0
Transformer-onehot,VH_framework,F,0.0
Transformer-onehot,VH_framework,F,0.0
Transformer-onehot,VH_framework,F,0.0
Transformer-onehot,VH_framework,F,0.0
Transformer-onehot,VH_framework,F,0.0
Transformer-onehot,VH_framework,F,0.0
Transformer-onehot,VH_framework,F,0.0
Transformer-onehot,VH_framework,F,0.0
Transformer-onehot,VH_framework,F,0.0
Transformer-onehot,VH_framework,F,0.0
Transformer-onehot,VH_framework,F,0.0
Transformer-onehot,VH_framework,F,0.0
Transformer-onehot,VH_framework,F,0.0
Transformer-onehot,VH_framework,F,0.0
Transformer-onehot,VH_framework,F,0.0
Transformer-onehot,VH_framework,F,0.0
Transformer-onehot,VH_framework,F,0.0
Transformer-onehot,VH_framework,F,0.0
Transformer-onehot,VH_framework,F,0.0
Transformer-onehot,VH_framework,F,0.0
Transformer-onehot,VH_framework,F,0.0
Transformer-onehot,VH_framework,F,0.0
Transformer-onehot,VH_framework,F,0.0
Transformer-onehot,VH_framework,F,0.0
Transformer-onehot,VH_framework,F,0.0
Transformer-onehot,VH_framework,F,0.0
Transformer-onehot,VH_framework,F,0.0
Transformer-onehot,VH_framework,F,0.0
Transformer-onehot,VH_framework,F,0.0
Transformer-onehot,VH_framework,F,0.0
Transformer-onehot,VH_framework,F,0.0
Transformer-onehot,VH_framework,F,0.0
Transformer-onehot,VH_framework,F,0.0
Transformer-onehot,VH_framework,F,0.0
Transformer-onehot,VH_framework,F,0.0
Transformer-onehot,VH_framework,F,0.0
Transformer-onehot,VH_framework,F,0.0
Transformer-onehot,VH_framework,F,0.0
Transformer-onehot,VH_framework,F,0.0
Transformer-onehot,VH_framework,F,0.0
Transformer-onehot,VH_framework,F,0.0
Transformer-onehot,VH_framework,F,0.0
Transformer-onehot,VH_framework,F,0.0
Transformer-onehot,VH_framework,F,0.0
Transformer-onehot,VH_framework,F,0.0
Transformer-onehot,VH_framework,F,0.0
Transformer-onehot,VH_framework,F,0.0
Transformer-onehot,VH_framework,F,0.0
Transformer-onehot,VH_framework,F,0.0
Transformer-onehot,VH_framework,F,0.0
Transformer-onehot,VH_framework,F,0.0
Transformer-onehot,VH_framework,F,0.0
Transformer-onehot,VH_framework,F,0.0
Transformer-onehot,VH_framework,F,0.0
Transformer-onehot,VH_framework,F,0.0
Transformer-onehot,VH_framework,F,0.0
Transformer-onehot,VH_framework,F,0.0
Transformer-onehot,VH_framework,F,0.0
Transformer-onehot,VH_framework,F,0.0
Transformer-onehot,VH_framework,F,0.0
Transformer-onehot,VH_framework,F,0.0
Transformer-onehot,VH_framework,F,0.0
Transformer-onehot,VH_framework,F,0.0
Transformer-onehot,VH_framework,F,0.0
Transformer-onehot,VH_framework,F,0.0
Transformer-onehot,VH_framework,F,0.0
Transformer-onehot,VH_framework,F,0.0
Transformer-onehot,VH_framework,F,0.0
Transformer-onehot,VH_framework,F,0.0
Transformer-onehot,VH_framework,F,0.0
Transformer-onehot,VH_framework,F,0.0
Transformer-onehot,VH_framework,F,0.0
Transformer-onehot,VH_framework,F,0.0
Transformer-onehot,VH_framework,F,0.0
Transformer-onehot,VH_framework,F,0.0
Transformer-onehot,VH_framework,F,0.0
Transformer-onehot,VH_framework,F,0.0
Transformer-onehot,VH_framework,F,0.0
Transformer-onehot,VH_framework,F,0.0
Transformer-onehot,VH_framework,F,0.0
Transformer-onehot,VH_framework,F,0.0
Transformer-onehot,VH_framework,F,0.0
Transformer-onehot,VH_framework,F,0.0
Transformer-onehot,VH_framework,F,0.0
Transformer-onehot,VH_framework,F,0.0
Transformer-onehot,VH_framework,F,0.0
Transformer-onehot,VH_framework,F,0.0
Transformer-onehot,VH_framework,F,0.0
Transformer-onehot,VH_framework,F,0.0
Transformer-onehot,VH_framework,F,0.0
Transformer-onehot,VH_framework,F,0.0
Transformer-onehot,VH_framework,F,0.0
Transformer-onehot,VH_framework,F,0.0
Transformer-onehot,VH_framework,F,0.0
Transformer-onehot,VH_framework,F,0.0
Transformer-onehot,VH_framework,F,0.0
Transformer-onehot,VH_framework,F,0.0
Transformer-onehot,VH_framework,F,0.0
Transformer-onehot,VH_framework,F,0.0
Transformer-onehot,VH_framework,F,0.0
Transformer-onehot,VH_framework,F,0.0
Transformer-onehot,VH_framework,F,0.0
Transformer-onehot,VH_framework,F,0.0
Transformer-onehot,VH_framework,F,0.0
Transformer-onehot,VH_framework,F,0.0
Transformer-onehot,VH_framework,F,0.0
Transformer-onehot,VH_framework,F,0.0
Transformer-onehot,VH_framework,F,0.0
Transformer-onehot,VH_framework,F,0.0
Transformer-onehot,VH_framework,F,0.0
Transformer-onehot,VH_framework,F,0.0
Transformer-onehot,VH_framework,F,0.0
Transformer-onehot,VH_framework,F,0.0
Transformer-onehot,VH_framework,F,0.0
Transformer-onehot,VH_framework,F,0.0
Transformer-onehot,VH_framework,F,0.0
Transformer-onehot,VH_framework,F,0.0
Transformer-onehot,VH_framework,F,0.0
Transformer-onehot,VH_framework,F,0.0
Transformer-onehot,VH_framework,F,0.0
Transformer-onehot,VH_framework,F,0.0
Transformer-onehot,VH_framework,F,0.0
Transformer-onehot,VH_framework,F,0.0
Transformer-onehot,VH_framework,F,0.0
Transformer-onehot,VH_framework,F,0.0
Transformer-onehot,VH_framework,F,0.0
Transformer-onehot,VH_framework,F,0.0
Transformer-onehot,VH_framework,F,0.0
Transformer-onehot,VH_framework,F,0.0
Transformer-onehot,VH_framework,F,0.0
Transformer-onehot,VH_framework,F,0.0
Transformer-onehot,VH_framework,F,0.0
Transformer-onehot,VH_framework,F,0.0
Transformer-onehot,VH_framework,F,0.0
Transformer-onehot,VH_framework,F,0.0
Transformer-onehot,VH_framework,F,0.0
Transformer-onehot,VH_framework,F,0.0
Transformer-onehot,VH_framework,F,0.0
Transformer-onehot,VH_framework,F,0.0
Transformer-onehot,VH_framework,F,0.0
Transformer-onehot,VH_framework,F,0.0
Transformer-onehot,VH_framework,F,0.0
Transformer-onehot,VH_framework,F,0.0
Transformer-onehot,VH_framework,F,0.0
Transformer-onehot,VH_framework,F,0.0
Transformer-onehot,VH_framework,F,0.0
Transformer-onehot,VH_framework,F,0.0
Transformer-onehot,VH_framework,F,0.0
Transformer-onehot,VH_framework,F,0.0
Transformer-onehot,VH_framework,F,0.0
Transformer-onehot,VH_framework,F,0.0
Transformer-onehot,VH_framework,F,0.0
Transformer-onehot,VH_framework,F,0.0
Transformer-onehot,VH_framework,F,0.0
Transformer-onehot,VH_framework,F,0.0
Transformer-onehot,VH_framework,F,0.0
Transformer-onehot,VH_framework,F,0.0
Transformer-onehot,VH_framework,F,0.0
Transformer-onehot,VH_framework,F,0.0
Transformer-onehot,VH_framework,F,0.0
Transformer-onehot,VH_framework,F,0.0
Transformer-onehot,VH_framework,F,0.0
Transformer-onehot,VH_framework,F,0.0
Transformer-onehot,VH_framework,F,0.0
Transformer-onehot,VH_framework,F,0.0
Transformer-onehot,VH_framework,F,0.0
Transformer-onehot,VH_framework,F,0.0
Transformer-onehot,VH_framework,F,0.0
Transformer-onehot,VH_framework,F,0.0
Transformer-onehot,VH_framework,F,0.0
Transformer-onehot,VH_framework,F,0.0
Transformer-onehot,VH_framework,F,0.0
Transformer-onehot,VH_framework,F,0.0
Transformer-onehot,VH_framework,F,0.0
Transformer-onehot,VH_framework,F,0.0
Transformer-onehot,VH_framework,F,0.0
Transformer-onehot,VH_framework,F,0.0
Transformer-onehot,VH_framework,F,0.0
Transformer-onehot,VH_framework,F,0.0
Transformer-onehot,VH_framework,F,0.0
Transformer-onehot,VH_framework,F,0.0
Transformer-onehot,VH_framework,F,0.0
Transformer-onehot,VH_framework,F,0.0
Transformer-onehot,VH_framework,F,0.0
Transformer-onehot,VH_framework,F,0.0
Transformer-onehot,VH_framework,F,0.0
Transformer-onehot,VH_framework,F,0.0
Transformer-onehot,VH_framework,F,0.0
Transformer-onehot,VH_framework,F,0.0
Transformer-onehot,VH_framework,F,0.0
Transformer-onehot,VH_framework,F,0.0
Transformer-onehot,VH_framework,F,0.0
Transformer-onehot,VH_framework,F,0.0
Transformer-onehot,VH_framework,F,0.0
Transformer-onehot,VH_framework,F,0.0
Transformer-onehot,VH_framework,F,0.0
Transformer-onehot,VH_framework,F,0.0
Transformer-onehot,VH_framework,F,0.0
Transformer-onehot,VH_framework,F,0.0
Transformer-onehot,VH_framework,F,0.0
Transformer-onehot,VH_framework,F,0.0
Transformer-onehot,VH_framework,F,0.0
Transformer-onehot,VH_framework,F,0.0
Transformer-onehot,VH_framework,F,0.0
Transformer-onehot,VH_framework,F,0.0
Transformer-onehot,VH_framework,F,0.0
Transformer-onehot,VH_framework,F,0.0
Transformer-onehot,VH_framework,F,0.0
Transformer-onehot,VH_framework,F,0.0
Transformer-onehot,VH_framework,F,0.0
Transformer-onehot,VH_framework,F,0.0
Transformer-onehot,VH_framework,F,0.0
Transformer-onehot,VH_framework,F,0.0
Transformer-onehot,VH_framework,F,0.0
Transformer-onehot,VH_framework,F,0.0
Transformer-onehot,VH_framework,F,0.0
Transformer-onehot,VH_framework,F,0.0
Transformer-onehot,VH_framework,F,0.0
Transformer-onehot,VH_framework,F,0.0
Transformer-onehot,VH_framework,F,0.0
Transformer-onehot,VH_framework,F,0.0
Transformer-onehot,VH_framework,F,0.0
Transformer-onehot,VH_framework,F,0.0
Transformer-onehot,VH_framework,F,0.0
Transformer-onehot,VH_framework,F,0.0
Transformer-onehot,VH_framework,F,0.0
Transformer-onehot,VH_framework,F,0.0
Transformer-onehot,VH_framework,F,0.0
Transformer-onehot,VH_framework,F,0.0
Transformer-onehot,VH_framework,F,0.0
Transformer-onehot,VH_framework,F,0.0
Transformer-onehot,VH_framework,F,0.0
Transformer-onehot,VH_framework,F,0.0
Transformer-onehot,VH_framework,F,0.0
Transformer-onehot,VH_framework,F,0.0
Transformer-onehot,VH_framework,F,0.0
Transformer-onehot,VH_framework,F,0.0
Transformer-onehot,VH_framework,F,0.0
Transformer-onehot,VH_framework,F,0.0
Transformer-onehot,VH_framework,F,0.0
Transformer-onehot,VH_framework,F,0.0
Transformer-onehot,VH_framework,F,0.0
Transformer-onehot,VH_framework,F,0.0
Transformer-onehot,VH_framework,F,0.0
Transformer-onehot,VH_framework,F,0.0
Transformer-onehot,VH_framework,F,0.0
Transformer-onehot,VH_framework,F,0.0
Transformer-onehot,VH_framework,F,0.0
Transformer-onehot,VH_framework,F,0.0
Transformer-onehot,VH_framework,F,0.0
Transformer-onehot,VH_framework,F,0.0
Transformer-onehot,VH_framework,F,0.0
Transformer-onehot,VH_framework,F,0.0
Transformer-onehot,VH_framework,F,0.0
Transformer-onehot,VH_framework,F,0.0
Transformer-onehot,VH_framework,F,0.0
Transformer-onehot,VH_framework,F,0.0
Transformer-onehot,VH_framework,F,0.0
Transformer-onehot,VH_framework,F,0.0
Transformer-onehot,VH_framework,F,0.0
Transformer-onehot,VH_framework,F,0.0
Transformer-onehot,VH_framework,F,0.0
Transformer-onehot,VH_framework,F,0.0
Transformer-onehot,VH_framework,F,0.0
Transformer-onehot,VH_framework,F,0.0
Transformer-onehot,VH_framework,F,0.0
Transformer-onehot,VH_framework,F,0.0
Transformer-onehot,VH_framework,F,0.0
Transformer-onehot,VH_framework,F,0.0
Transformer-onehot,VH_framework,F,0.0
Transformer-onehot,VH_framework,F,0.0
Transformer-onehot,VH_framework,F,0.0
Transformer-onehot,VH_framework,F,0.0
Transformer-onehot,VH_framework,F,0.0
Transformer-onehot,VH_framework,F,0.0
Transformer-onehot,VH_framework,F,0.0
Transformer-onehot,VH_framework,F,0.0
Transformer-onehot,VH_framework,F,0.0
Transformer-onehot,VH_framework,F,0.0
Transformer-onehot,VH_framework,F,0.0
Transformer-onehot,VH_framework,F,0.0
Transformer-onehot,VH_framework,F,0.0
Transformer-onehot,VH_framework,F,0.0
Transformer-onehot,VH_framework,F,0.0
Transformer-onehot,VH_framework,F,0.0
Transformer-onehot,VH_framework,F,0.0
Transformer-onehot,VH_framework,F,0.0
Transformer-onehot,VH_framework,F,0.0
Transformer-onehot,VH_framework,F,0.0
Transformer-onehot,VH_framework,F,0.0
Transformer-onehot,VH_framework,F,0.0
Transformer-onehot,VH_framework,F,0.0
Transformer-onehot,VH_framework,F,0.0
Transformer-onehot,VH_framework,F,0.0
Transformer-onehot,VH_framework,F,0.0
Transformer-onehot,VH_framework,F,0.0
Transformer-onehot,VH_framework,F,0.0
Transformer-onehot,VH_framework,F,0.0
Transformer-onehot,VH_framework,F,0.0
Transformer-onehot,VH_framework,F,0.0
Transformer-onehot,VH_framework,F,0.0
Transformer-onehot,VH_framework,F,0.0
Transformer-onehot,VH_framework,F,0.0
Transformer-onehot,VH_framework,F,0.0
Transformer-onehot,VH_framework,F,0.0
Transformer-onehot,VH_framework,F,0.0
Transformer-onehot,VH_framework,F,0.0
Transformer-onehot,VH_framework,F,0.0
Transformer-onehot,VH_framework,F,0.0
Transformer-onehot,VH_framework,F,0.0
Transformer-onehot,VH_framework,F,0.0
Transformer-onehot,VH_framework,F,0.0
Transformer-onehot,VH_framework,F,0.0
Transformer-onehot,VH_framework,F,0.0
Transformer-onehot,VH_framework,F,0.0
Transformer-onehot,VH_framework,F,0.0
Transformer-onehot,VH_framework,F,0.0
Transformer-onehot,VH_framework,F,0.0
Transformer-onehot,VH_framework,F,0.0
Transformer-onehot,VH_framework,F,0.0
Transformer-onehot,VH_framework,F,0.0
Transformer-onehot,VH_framework,F,0.0
Transformer-onehot,VH_framework,F,0.0
Transformer-onehot,VH_framework,F,0.0
Transformer-onehot,VH_framework,F,0.0
Transformer-onehot,VH_framework,F,0.0
Transformer-onehot,VH_framework,F,0.0
Transformer-onehot,VH_framework,F,0.0
Transformer-onehot,VH_framework,F,0.0
Transformer-onehot,VH_framework,F,0.0
Transformer-onehot,VH_framework,F,0.0
Transformer-onehot,VH_framework,F,0.0
Transformer-onehot,VH_framework,F,0.0
Transformer-onehot,VH_framework,F,0.0
Transformer-onehot,VH_framework,G,0.1721285283565521
Transformer-onehot,VH_framework,G,0.3459020853042602
Transformer-onehot,VH_framework,G,0.1840558350086212
Transformer-onehot,VH_framework,G,0.1829862594604492
Transformer-onehot,VH_framework,G,0.0809686258435249
Transformer-onehot,VH_framework,G,0.1899905204772949
Transformer-onehot,VH_framework,G,0.1583017706871032
Transformer-onehot,VH_framework,G,0.3432938158512115
Transformer-onehot,VH_framework,G,0.3380800187587738
Transformer-onehot,VH_framework,G,0.1865820586681366
Transformer-onehot,VH_framework,G,0.1908203065395355
Transformer-onehot,VH_framework,G,0.0750741586089134
Transformer-onehot,VH_framework,G,0.3187636733055115
Transformer-onehot,VH_framework,G,0.0899196043610572
Transformer-onehot,VH_framework,G,0.3186895251274109
Transformer-onehot,VH_framework,G,0.1687745004892349
Transformer-onehot,VH_framework,G,0.3166273236274719
Transformer-onehot,VH_framework,G,0.1841711997985839
Transformer-onehot,VH_framework,G,0.3322494924068451
Transformer-onehot,VH_framework,G,0.3307546973228454
Transformer-onehot,VH_framework,G,0.1411373317241668
Transformer-onehot,VH_framework,G,0.1408533006906509
Transformer-onehot,VH_framework,G,0.1979800760746002
Transformer-onehot,VH_framework,G,0.1304198205471038
Transformer-onehot,VH_framework,G,0.1909101009368896
Transformer-onehot,VH_framework,G,0.3108005225658417
Transformer-onehot,VH_framework,G,0.1780392527580261
Transformer-onehot,VH_framework,G,0.316602349281311
Transformer-onehot,VH_framework,G,0.2039965987205505
Transformer-onehot,VH_framework,G,0.315699428319931
Transformer-onehot,VH_framework,G,0.341252326965332
Transformer-onehot,VH_framework,G,0.1337008774280548
Transformer-onehot,VH_framework,G,0.3391706347465515
Transformer-onehot,VH_framework,G,0.0
Transformer-onehot,VH_framework,G,0.1950835734605789
Transformer-onehot,VH_framework,G,0.0922102183103561
Transformer-onehot,VH_framework,G,0.3148395419120788
Transformer-onehot,VH_framework,G,0.1862881183624267
Transformer-onehot,VH_framework,G,0.3095080852508545
Transformer-onehot,VH_framework,G,0.0895644575357437
Transformer-onehot,VH_framework,G,0.0858157500624656
Transformer-onehot,VH_framework,G,0.1698320508003235
Transformer-onehot,VH_framework,G,0.3240604996681213
Transformer-onehot,VH_framework,G,0.1844964921474456
Transformer-onehot,VH_framework,G,0.1328026801347732
Transformer-onehot,VH_framework,G,0.1844384372234344
Transformer-onehot,VH_framework,G,0.0
Transformer-onehot,VH_framework,G,0.3458309769630432
Transformer-onehot,VH_framework,G,0.1773662865161895
Transformer-onehot,VH_framework,G,0.3435963094234466
Transformer-onehot,VH_framework,G,0.0902775675058364
Transformer-onehot,VH_framework,G,0.1884209811687469
Transformer-onehot,VH_framework,G,0.3452155590057373
Transformer-onehot,VH_framework,G,0.332714170217514
Transformer-onehot,VH_framework,G,0.2046459317207336
Transformer-onehot,VH_framework,G,0.3333299458026886
Transformer-onehot,VH_framework,G,0.1653465926647186
Transformer-onehot,VH_framework,G,0.3230167031288147
Transformer-onehot,VH_framework,G,0.2049060463905334
Transformer-onehot,VH_framework,G,0.1810354143381118
Transformer-onehot,VH_framework,G,0.1867721229791641
Transformer-onehot,VH_framework,G,0.3092362284660339
Transformer-onehot,VH_framework,G,0.1813915967941284
Transformer-onehot,VH_framework,G,0.1907720565795898
Transformer-onehot,VH_framework,G,0.1254253387451172
Transformer-onehot,VH_framework,G,0.3227025270462036
Transformer-onehot,VH_framework,G,0.0815230682492256
Transformer-onehot,VH_framework,G,0.3267330527305603
Transformer-onehot,VH_framework,G,0.3408710658550262
Transformer-onehot,VH_framework,G,0.1732850223779678
Transformer-onehot,VH_framework,G,0.3289399147033691
Transformer-onehot,VH_framework,G,0.0912371799349784
Transformer-onehot,VH_framework,G,0.333146184682846
Transformer-onehot,VH_framework,G,0.1898366659879684
Transformer-onehot,VH_framework,G,0.2307417094707489
Transformer-onehot,VH_framework,G,0.3411363959312439
Transformer-onehot,VH_framework,G,0.0895257294178009
Transformer-onehot,VH_framework,G,0.0
Transformer-onehot,VH_framework,G,0.3259064555168152
Transformer-onehot,VH_framework,G,0.1874464303255081
Transformer-onehot,VH_framework,G,0.3069351017475128
Transformer-onehot,VH_framework,G,0.1893366426229477
Transformer-onehot,VH_framework,G,0.3441519737243652
Transformer-onehot,VH_framework,G,0.1931338161230087
Transformer-onehot,VH_framework,G,0.131227433681488
Transformer-onehot,VH_framework,G,0.0
Transformer-onehot,VH_framework,G,0.1250430047512054
Transformer-onehot,VH_framework,G,0.3425454199314117
Transformer-onehot,VH_framework,G,0.1819957941770553
Transformer-onehot,VH_framework,G,0.1839414536952972
Transformer-onehot,VH_framework,G,0.2947233319282532
Transformer-onehot,VH_framework,G,0.3396142721176147
Transformer-onehot,VH_framework,G,0.1302330642938614
Transformer-onehot,VH_framework,G,0.1263671070337295
Transformer-onehot,VH_framework,G,0.2756766974925995
Transformer-onehot,VH_framework,G,0.34583580493927
Transformer-onehot,VH_framework,G,0.1749733686447143
Transformer-onehot,VH_framework,G,0.0
Transformer-onehot,VH_framework,G,0.178715705871582
Transformer-onehot,VH_framework,G,0.1818430125713348
Transformer-onehot,VH_framework,G,0.3218744397163391
Transformer-onehot,VH_framework,G,0.2361470013856887
Transformer-onehot,VH_framework,G,0.1758425086736679
Transformer-onehot,VH_framework,G,0.3096575438976288
Transformer-onehot,VH_framework,G,0.3309447169303894
Transformer-onehot,VH_framework,G,0.1254445761442184
Transformer-onehot,VH_framework,G,0.3316605985164642
Transformer-onehot,VH_framework,G,0.3455618023872375
Transformer-onehot,VH_framework,G,0.2289563417434692
Transformer-onehot,VH_framework,G,0.0901580527424812
Transformer-onehot,VH_framework,G,0.1340609937906265
Transformer-onehot,VH_framework,G,0.0
Transformer-onehot,VH_framework,G,0.1858780980110168
Transformer-onehot,VH_framework,G,0.3178961873054504
Transformer-onehot,VH_framework,G,0.1293020844459533
Transformer-onehot,VH_framework,G,0.3454508483409881
Transformer-onehot,VH_framework,G,0.3244190812110901
Transformer-onehot,VH_framework,G,0.3087717294692993
Transformer-onehot,VH_framework,G,0.3165325820446014
Transformer-onehot,VH_framework,G,0.0901703312993049
Transformer-onehot,VH_framework,G,0.081554502248764
Transformer-onehot,VH_framework,G,0.3207780122756958
Transformer-onehot,VH_framework,G,0.1714233458042144
Transformer-onehot,VH_framework,G,0.1712254583835601
Transformer-onehot,VH_framework,G,0.3206056654453277
Transformer-onehot,VH_framework,G,0.2978969812393188
Transformer-onehot,VH_framework,G,0.1861964762210846
Transformer-onehot,VH_framework,G,0.1666012108325958
Transformer-onehot,VH_framework,G,0.3445221781730652
Transformer-onehot,VH_framework,G,0.3255112469196319
Transformer-onehot,VH_framework,G,0.1855530440807342
Transformer-onehot,VH_framework,G,0.172515869140625
Transformer-onehot,VH_framework,G,0.3103771507740021
Transformer-onehot,VH_framework,G,0.3374621570110321
Transformer-onehot,VH_framework,G,0.3058992624282837
Transformer-onehot,VH_framework,G,0.2111206650733947
Transformer-onehot,VH_framework,G,0.1859199702739715
Transformer-onehot,VH_framework,G,0.3323129713535309
Transformer-onehot,VH_framework,G,0.1860714852809906
Transformer-onehot,VH_framework,G,0.1942673772573471
Transformer-onehot,VH_framework,G,0.3274886012077331
Transformer-onehot,VH_framework,G,0.3028202652931213
Transformer-onehot,VH_framework,G,0.0807035863399505
Transformer-onehot,VH_framework,G,0.1725032925605774
Transformer-onehot,VH_framework,G,0.178754061460495
Transformer-onehot,VH_framework,G,0.1900045871734619
Transformer-onehot,VH_framework,G,0.343761682510376
Transformer-onehot,VH_framework,G,0.1714313179254531
Transformer-onehot,VH_framework,G,0.1847392469644546
Transformer-onehot,VH_framework,G,0.3206562995910644
Transformer-onehot,VH_framework,G,0.3445776104927063
Transformer-onehot,VH_framework,G,0.1337202936410904
Transformer-onehot,VH_framework,G,0.189407929778099
Transformer-onehot,VH_framework,G,0.1282659173011779
Transformer-onehot,VH_framework,G,0.3064380288124084
Transformer-onehot,VH_framework,G,0.0920234024524688
Transformer-onehot,VH_framework,G,0.0875698179006576
Transformer-onehot,VH_framework,G,0.3211824297904968
Transformer-onehot,VH_framework,G,0.3011205792427063
Transformer-onehot,VH_framework,G,0.2842217683792114
Transformer-onehot,VH_framework,G,0.2063188552856445
Transformer-onehot,VH_framework,G,0.0857397615909576
Transformer-onehot,VH_framework,G,0.1982960700988769
Transformer-onehot,VH_framework,G,0.3398043215274811
Transformer-onehot,VH_framework,G,0.3340225517749786
Transformer-onehot,VH_framework,G,0.3250004351139068
Transformer-onehot,VH_framework,G,0.3091050684452057
Transformer-onehot,VH_framework,G,0.297700822353363
Transformer-onehot,VH_framework,G,0.1283714473247528
Transformer-onehot,VH_framework,G,0.169698566198349
Transformer-onehot,VH_framework,G,0.3369764983654022
Transformer-onehot,VH_framework,G,0.3139559626579284
Transformer-onehot,VH_framework,G,0.0888582617044448
Transformer-onehot,VH_framework,G,0.3131211400032043
Transformer-onehot,VH_framework,G,0.3313895761966705
Transformer-onehot,VH_framework,G,0.1798848658800125
Transformer-onehot,VH_framework,G,0.341162234544754
Transformer-onehot,VH_framework,G,0.1836794316768646
Transformer-onehot,VH_framework,G,0.1225997060537338
Transformer-onehot,VH_framework,G,0.1731105744838714
Transformer-onehot,VH_framework,G,0.1831699758768081
Transformer-onehot,VH_framework,G,0.0
Transformer-onehot,VH_framework,G,0.3450212180614471
Transformer-onehot,VH_framework,G,0.1260191947221756
Transformer-onehot,VH_framework,G,0.310062974691391
Transformer-onehot,VH_framework,G,0.3281465768814087
Transformer-onehot,VH_framework,G,0.3381031155586242
Transformer-onehot,VH_framework,G,0.0862779095768928
Transformer-onehot,VH_framework,G,0.1840551942586898
Transformer-onehot,VH_framework,G,0.189106673002243
Transformer-onehot,VH_framework,G,0.1954578459262848
Transformer-onehot,VH_framework,G,0.3237419724464416
Transformer-onehot,VH_framework,G,0.0825243145227432
Transformer-onehot,VH_framework,G,0.1697620451450348
Transformer-onehot,VH_framework,G,0.1686057895421981
Transformer-onehot,VH_framework,G,0.324930340051651
Transformer-onehot,VH_framework,G,0.3398853540420532
Transformer-onehot,VH_framework,G,0.3433487713336944
Transformer-onehot,VH_framework,G,0.2004332095384597
Transformer-onehot,VH_framework,G,0.3249273598194122
Transformer-onehot,VH_framework,G,0.1681495904922485
Transformer-onehot,VH_framework,G,0.348998486995697
Transformer-onehot,VH_framework,G,0.3314077854156494
Transformer-onehot,VH_framework,G,0.3088487684726715
Transformer-onehot,VH_framework,G,0.2037101089954376
Transformer-onehot,VH_framework,G,0.3381203413009643
Transformer-onehot,VH_framework,G,0.210126906633377
Transformer-onehot,VH_framework,G,0.3234200179576874
Transformer-onehot,VH_framework,G,0.082658365368843
Transformer-onehot,VH_framework,G,0.0
Transformer-onehot,VH_framework,G,0.1856479346752166
Transformer-onehot,VH_framework,G,0.1330599933862686
Transformer-onehot,VH_framework,G,0.3380406200885772
Transformer-onehot,VH_framework,G,0.1296242326498031
Transformer-onehot,VH_framework,G,0.3127828240394592
Transformer-onehot,VH_framework,G,0.0839949920773506
Transformer-onehot,VH_framework,G,0.1363464742898941
Transformer-onehot,VH_framework,G,0.0917693004012107
Transformer-onehot,VH_framework,G,0.3322530388832092
Transformer-onehot,VH_framework,G,0.1932864487171173
Transformer-onehot,VH_framework,G,0.3074781596660614
Transformer-onehot,VH_framework,G,0.1670602560043335
Transformer-onehot,VH_framework,G,0.195254385471344
Transformer-onehot,VH_framework,G,0.1382864117622375
Transformer-onehot,VH_framework,G,0.1907792389392852
Transformer-onehot,VH_framework,G,0.1805180311203003
Transformer-onehot,VH_framework,G,0.1974194645881652
Transformer-onehot,VH_framework,G,0.1798078715801239
Transformer-onehot,VH_framework,G,0.1733451336622238
Transformer-onehot,VH_framework,G,0.3430209159851074
Transformer-onehot,VH_framework,G,0.1858000457286834
Transformer-onehot,VH_framework,G,0.2046247720718383
Transformer-onehot,VH_framework,G,0.3328375816345215
Transformer-onehot,VH_framework,G,0.1827483773231506
Transformer-onehot,VH_framework,G,0.1269669234752655
Transformer-onehot,VH_framework,G,0.1843026578426361
Transformer-onehot,VH_framework,G,0.3428108096122741
Transformer-onehot,VH_framework,G,0.2864408791065216
Transformer-onehot,VH_framework,G,0.1396345496177673
Transformer-onehot,VH_framework,G,0.1754066348075866
Transformer-onehot,VH_framework,G,0.0890568867325782
Transformer-onehot,VH_framework,G,0.1974576115608215
Transformer-onehot,VH_framework,G,0.3225395083427429
Transformer-onehot,VH_framework,G,0.1398826390504837
Transformer-onehot,VH_framework,G,0.0911617502570152
Transformer-onehot,VH_framework,G,0.1354885697364807
Transformer-onehot,VH_framework,G,0.177784115076065
Transformer-onehot,VH_framework,G,0.1859704852104187
Transformer-onehot,VH_framework,G,0.320738673210144
Transformer-onehot,VH_framework,G,0.3428612947463989
Transformer-onehot,VH_framework,G,0.1486242413520813
Transformer-onehot,VH_framework,G,0.2089082300662994
Transformer-onehot,VH_framework,G,0.3263393044471741
Transformer-onehot,VH_framework,G,0.1297259330749511
Transformer-onehot,VH_framework,G,0.2013862282037735
Transformer-onehot,VH_framework,G,0.0810447633266449
Transformer-onehot,VH_framework,G,0.0885128378868103
Transformer-onehot,VH_framework,G,0.0727037340402603
Transformer-onehot,VH_framework,G,0.0883283391594886
Transformer-onehot,VH_framework,G,0.3104183077812195
Transformer-onehot,VH_framework,G,0.0719996765255928
Transformer-onehot,VH_framework,G,0.2338648438453674
Transformer-onehot,VH_framework,G,0.0
Transformer-onehot,VH_framework,G,0.1880038529634475
Transformer-onehot,VH_framework,G,0.1477912813425064
Transformer-onehot,VH_framework,G,0.1973497718572616
Transformer-onehot,VH_framework,G,0.083708643913269
Transformer-onehot,VH_framework,G,0.1533213555812835
Transformer-onehot,VH_framework,G,0.3153934776782989
Transformer-onehot,VH_framework,G,0.1999519765377044
Transformer-onehot,VH_framework,G,0.078642152249813
Transformer-onehot,VH_framework,G,0.1504387855529785
Transformer-onehot,VH_framework,G,0.0815565139055252
Transformer-onehot,VH_framework,G,0.0870702266693115
Transformer-onehot,VH_framework,G,0.1500520706176757
Transformer-onehot,VH_framework,G,0.1787776350975036
Transformer-onehot,VH_framework,G,0.2131127417087555
Transformer-onehot,VH_framework,G,0.0
Transformer-onehot,VH_framework,G,0.1408797204494476
Transformer-onehot,VH_framework,G,0.0814899280667305
Transformer-onehot,VH_framework,G,0.0895922034978866
Transformer-onehot,VH_framework,G,0.331339567899704
Transformer-onehot,VH_framework,G,0.1723612248897552
Transformer-onehot,VH_framework,G,0.2304026335477829
Transformer-onehot,VH_framework,G,0.0
Transformer-onehot,VH_framework,G,0.2901283502578735
Transformer-onehot,VH_framework,G,0.0836752578616142
Transformer-onehot,VH_framework,G,0.082819826900959
Transformer-onehot,VH_framework,G,0.0822185426950454
Transformer-onehot,VH_framework,G,0.1737303882837295
Transformer-onehot,VH_framework,G,0.1936089694499969
Transformer-onehot,VH_framework,G,0.326783537864685
Transformer-onehot,VH_framework,G,0.1608535945415496
Transformer-onehot,VH_framework,G,0.0779942199587822
Transformer-onehot,VH_framework,G,0.2006039321422577
Transformer-onehot,VH_framework,G,0.1525736898183822
Transformer-onehot,VH_framework,G,0.2922175824642181
Transformer-onehot,VH_framework,G,0.1578917801380157
Transformer-onehot,VH_framework,G,0.182943195104599
Transformer-onehot,VH_framework,G,0.0793349966406822
Transformer-onehot,VH_framework,G,0.0
Transformer-onehot,VH_framework,G,0.0737172961235046
Transformer-onehot,VH_framework,G,0.2181206345558166
Transformer-onehot,VH_framework,G,0.1765354573726654
Transformer-onehot,VH_framework,G,0.086974024772644
Transformer-onehot,VH_framework,G,0.0744283720850944
Transformer-onehot,VH_framework,G,0.1813106536865234
Transformer-onehot,VH_framework,G,0.1883680969476699
Transformer-onehot,VH_framework,G,0.0697347596287727
Transformer-onehot,VH_framework,G,0.1482346951961517
Transformer-onehot,VH_framework,G,0.0853065401315689
Transformer-onehot,VH_framework,G,0.0862641856074333
Transformer-onehot,VH_framework,G,0.3071125745773315
Transformer-onehot,VH_framework,G,0.2163624912500381
Transformer-onehot,VH_framework,G,0.2908673584461212
Transformer-onehot,VH_framework,G,0.1651711165904998
Transformer-onehot,VH_framework,G,0.0820384249091148
Transformer-onehot,VH_framework,G,0.1953455954790115
Transformer-onehot,VH_framework,G,0.1387187987565994
Transformer-onehot,VH_framework,G,0.1747164279222488
Transformer-onehot,VH_framework,G,0.2963685393333435
Transformer-onehot,VH_framework,G,0.0779670774936676
Transformer-onehot,VH_framework,G,0.3045642375946045
Transformer-onehot,VH_framework,G,0.1750998198986053
Transformer-onehot,VH_framework,G,0.1602010279893875
Transformer-onehot,VH_framework,G,0.1626945286989212
Transformer-onehot,VH_framework,G,0.1499552875757217
Transformer-onehot,VH_framework,G,0.3278959393501282
Transformer-onehot,VH_framework,G,0.1539855152368545
Transformer-onehot,VH_framework,G,0.1728431582450866
Transformer-onehot,VH_framework,G,0.0757832005620002
Transformer-onehot,VH_framework,G,0.072548471391201
Transformer-onehot,VH_framework,G,0.0914704278111457
Transformer-onehot,VH_framework,G,0.164520725607872
Transformer-onehot,VH_framework,G,0.0844244435429573
Transformer-onehot,VH_framework,G,0.3160684704780578
Transformer-onehot,VH_framework,G,0.1599916815757751
Transformer-onehot,VH_framework,G,0.0847266167402267
Transformer-onehot,VH_framework,G,0.0719640329480171
Transformer-onehot,VH_framework,G,0.1956324577331543
Transformer-onehot,VH_framework,G,0.3280766308307647
Transformer-onehot,VH_framework,G,0.0766473934054374
Transformer-onehot,VH_framework,G,0.2932963669300079
Transformer-onehot,VH_framework,G,0.1591033339500427
Transformer-onehot,VH_framework,G,0.0806206688284874
Transformer-onehot,VH_framework,G,0.1569954305887222
Transformer-onehot,VH_framework,G,0.1503774523735046
Transformer-onehot,VH_framework,G,0.0834407210350036
Transformer-onehot,VH_framework,G,0.1470912247896194
Transformer-onehot,VH_framework,G,0.3096444606781006
Transformer-onehot,VH_framework,G,0.151630163192749
Transformer-onehot,VH_framework,G,0.2044115513563156
Transformer-onehot,VH_framework,G,0.1523316502571106
Transformer-onehot,VH_framework,G,0.2850638926029205
Transformer-onehot,VH_framework,G,0.1557616591453552
Transformer-onehot,VH_framework,G,0.1559322625398636
Transformer-onehot,VH_framework,G,0.0896744430065155
Transformer-onehot,VH_framework,G,0.3394029438495636
Transformer-onehot,VH_framework,G,0.1886383295059204
Transformer-onehot,VH_framework,G,0.0749669596552848
Transformer-onehot,VH_framework,G,0.1435713022947311
Transformer-onehot,VH_framework,G,0.2188050746917724
Transformer-onehot,VH_framework,G,0.1479430496692657
Transformer-onehot,VH_framework,G,0.3019314706325531
Transformer-onehot,VH_framework,G,0.1560125052928924
Transformer-onehot,VH_framework,G,0.0864748880267143
Transformer-onehot,VH_framework,G,0.0749458447098732
Transformer-onehot,VH_framework,G,0.1845088303089141
Transformer-onehot,VH_framework,G,0.316105455160141
Transformer-onehot,VH_framework,G,0.086360678076744
Transformer-onehot,VH_framework,G,0.0814934745430946
Transformer-onehot,VH_framework,G,0.167053073644638
Transformer-onehot,VH_framework,G,0.147174596786499
Transformer-onehot,VH_framework,G,0.0
Transformer-onehot,VH_framework,G,0.1473873108625412
Transformer-onehot,VH_framework,G,0.2174688279628753
Transformer-onehot,VH_framework,G,0.1605211794376373
Transformer-onehot,VH_framework,G,0.2846476435661316
Transformer-onehot,VH_framework,G,0.1597164571285247
Transformer-onehot,VH_framework,G,0.1832562386989593
Transformer-onehot,VH_framework,G,0.1479020416736602
Transformer-onehot,VH_framework,G,0.1590458154678344
Transformer-onehot,VH_framework,G,0.2897858917713165
Transformer-onehot,VH_framework,G,0.3187524080276489
Transformer-onehot,VH_framework,G,0.3060661256313324
Transformer-onehot,VH_framework,G,0.2880974411964416
Transformer-onehot,VH_framework,G,0.3157868683338165
Transformer-onehot,VH_framework,G,0.2012165337800979
Transformer-onehot,VH_framework,G,0.0927927494049072
Transformer-onehot,VH_framework,G,0.0843977183103561
Transformer-onehot,VH_framework,G,0.0790288597345352
Transformer-onehot,VH_framework,G,0.1582168787717819
Transformer-onehot,VH_framework,G,0.3195732533931732
Transformer-onehot,VH_framework,G,0.1616431176662445
Transformer-onehot,VH_framework,G,0.1607193648815155
Transformer-onehot,VH_framework,G,0.2002437561750412
Transformer-onehot,VH_framework,G,0.1413454264402389
Transformer-onehot,VH_framework,G,0.1514914482831955
Transformer-onehot,VH_framework,G,0.2940637171268463
Transformer-onehot,VH_framework,G,0.1818144023418426
Transformer-onehot,VH_framework,G,0.083985336124897
Transformer-onehot,VH_framework,G,0.1611137390136718
Transformer-onehot,VH_framework,G,0.3281087577342987
Transformer-onehot,VH_framework,G,0.2464911639690399
Transformer-onehot,VH_framework,G,0.1874845921993255
Transformer-onehot,VH_framework,G,0.0881064608693122
Transformer-onehot,VH_framework,G,0.3100306093692779
Transformer-onehot,VH_framework,G,0.0789794474840164
Transformer-onehot,VH_framework,G,0.1452127993106842
Transformer-onehot,VH_framework,G,0.0822830349206924
Transformer-onehot,VH_framework,G,0.2466794997453689
Transformer-onehot,VH_framework,G,0.0858511254191398
Transformer-onehot,VH_framework,G,0.0737802237272262
Transformer-onehot,VH_framework,G,0.2877417504787445
Transformer-onehot,VH_framework,G,0.0765700116753578
Transformer-onehot,VH_framework,G,0.0859849005937576
Transformer-onehot,VH_framework,G,0.1677591204643249
Transformer-onehot,VH_framework,G,0.1540927290916443
Transformer-onehot,VH_framework,G,0.0914981365203857
Transformer-onehot,VH_framework,G,0.3205968141555786
Transformer-onehot,VH_framework,G,0.0853673815727233
Transformer-onehot,VH_framework,G,0.1567621231079101
Transformer-onehot,VH_framework,G,0.183550551533699
Transformer-onehot,VH_framework,G,0.0891692861914634
Transformer-onehot,VH_framework,G,0.2015784978866577
Transformer-onehot,VH_framework,G,0.1654393076896667
Transformer-onehot,VH_framework,G,0.1786500662565231
Transformer-onehot,VH_framework,G,0.1704035401344299
Transformer-onehot,VH_framework,G,0.0825519859790802
Transformer-onehot,VH_framework,G,0.1814311742782592
Transformer-onehot,VH_framework,G,0.2944837808609009
Transformer-onehot,VH_framework,G,0.159993290901184
Transformer-onehot,VH_framework,G,0.0
Transformer-onehot,VH_framework,G,0.1689914911985397
Transformer-onehot,VH_framework,G,0.0
Transformer-onehot,VH_framework,G,0.1574999988079071
Transformer-onehot,VH_framework,G,0.1494236886501312
Transformer-onehot,VH_framework,G,0.2053300142288208
Transformer-onehot,VH_framework,G,0.1823631227016449
Transformer-onehot,VH_framework,G,0.0
Transformer-onehot,VH_framework,G,0.153350830078125
Transformer-onehot,VH_framework,G,0.3069165349006653
Transformer-onehot,VH_framework,G,0.2057386189699173
Transformer-onehot,VH_framework,G,0.1584582030773162
Transformer-onehot,VH_framework,G,0.1788548529148101
Transformer-onehot,VH_framework,G,0.1496590673923492
Transformer-onehot,VH_framework,G,0.1995414793491363
Transformer-onehot,VH_framework,G,0.1295688152313232
Transformer-onehot,VH_framework,G,0.1894381940364837
Transformer-onehot,VH_framework,G,0.0773026049137115
Transformer-onehot,VH_framework,G,0.1417035162448883
Transformer-onehot,VH_framework,G,0.0753164440393447
Transformer-onehot,VH_framework,G,0.1544384062290191
Transformer-onehot,VH_framework,G,0.1671311855316162
Transformer-onehot,VH_framework,G,0.0786193758249282
Transformer-onehot,VH_framework,G,0.2017054855823516
Transformer-onehot,VH_framework,G,0.0736169070005416
Transformer-onehot,VH_framework,G,0.139921560883522
Transformer-onehot,VH_framework,G,0.1623806059360504
Transformer-onehot,VH_framework,G,0.1511397957801818
Transformer-onehot,VH_framework,G,0.1641991436481475
Transformer-onehot,VH_framework,G,0.1928860247135162
Transformer-onehot,VH_framework,G,0.1811296045780182
Transformer-onehot,VH_framework,G,0.1550888121128082
Transformer-onehot,VH_framework,G,0.1958943456411361
Transformer-onehot,VH_framework,G,0.079707071185112
Transformer-onehot,VH_framework,G,0.1875108182430267
Transformer-onehot,VH_framework,G,0.0
Transformer-onehot,VH_framework,G,0.1549039185047149
Transformer-onehot,VH_framework,G,0.0821920707821846
Transformer-onehot,VH_framework,G,0.17428819835186
Transformer-onehot,VH_framework,G,0.0792232155799865
Transformer-onehot,VH_framework,G,0.1784231215715408
Transformer-onehot,VH_framework,G,0.1520368903875351
Transformer-onehot,VH_framework,G,0.1863266825675964
Transformer-onehot,VH_framework,G,0.2120524644851684
Transformer-onehot,VH_framework,G,0.3066914081573486
Transformer-onehot,VH_framework,G,0.0741482749581337
Transformer-onehot,VH_framework,G,0.1483037322759628
Transformer-onehot,VH_framework,G,0.219026893377304
Transformer-onehot,VH_framework,G,0.1955523788928985
Transformer-onehot,VH_framework,G,0.1716662645339965
Transformer-onehot,VH_framework,G,0.1474459320306778
Transformer-onehot,VH_framework,G,0.1887194514274597
Transformer-onehot,VH_framework,G,0.1275233477354049
Transformer-onehot,VH_framework,G,0.1493928134441375
Transformer-onehot,VH_framework,G,0.1673747897148132
Transformer-onehot,VH_framework,G,0.0778016000986099
Transformer-onehot,VH_framework,G,0.3021215200424194
Transformer-onehot,VH_framework,G,0.146312415599823
Transformer-onehot,VH_framework,G,0.159368097782135
Transformer-onehot,VH_framework,G,0.1860637962818145
Transformer-onehot,VH_framework,G,0.3288334906101227
Transformer-onehot,VH_framework,G,0.1992554813623428
Transformer-onehot,VH_framework,G,0.0753702670335769
Transformer-onehot,VH_framework,G,0.2200572788715362
Transformer-onehot,VH_framework,G,0.1619341969490051
Transformer-onehot,VH_framework,G,0.0
Transformer-onehot,VH_framework,G,0.1998801678419113
Transformer-onehot,VH_framework,G,0.1487439274787902
Transformer-onehot,VH_framework,H,0.0
Transformer-onehot,VH_framework,H,0.0
Transformer-onehot,VH_framework,H,0.0
Transformer-onehot,VH_framework,H,0.0
Transformer-onehot,VH_framework,H,0.0
Transformer-onehot,VH_framework,H,0.0
Transformer-onehot,VH_framework,H,0.0
Transformer-onehot,VH_framework,H,0.0
Transformer-onehot,VH_framework,H,0.0
Transformer-onehot,VH_framework,H,0.0
Transformer-onehot,VH_framework,H,0.0
Transformer-onehot,VH_framework,H,0.0
Transformer-onehot,VH_framework,H,0.0
Transformer-onehot,VH_framework,H,0.0
Transformer-onehot,VH_framework,H,0.0
Transformer-onehot,VH_framework,H,0.0
Transformer-onehot,VH_framework,H,0.0
Transformer-onehot,VH_framework,H,0.0
Transformer-onehot,VH_framework,H,0.0
Transformer-onehot,VH_framework,H,0.0
Transformer-onehot,VH_framework,H,0.0
Transformer-onehot,VH_framework,H,0.0
Transformer-onehot,VH_framework,H,0.0
Transformer-onehot,VH_framework,H,0.0
Transformer-onehot,VH_framework,H,0.0
Transformer-onehot,VH_framework,H,0.0
Transformer-onehot,VH_framework,H,0.0
Transformer-onehot,VH_framework,H,0.0
Transformer-onehot,VH_framework,H,0.0
Transformer-onehot,VH_framework,H,0.0
Transformer-onehot,VH_framework,H,0.0
Transformer-onehot,VH_framework,H,0.0
Transformer-onehot,VH_framework,H,0.0
Transformer-onehot,VH_framework,H,0.0
Transformer-onehot,VH_framework,H,0.0
Transformer-onehot,VH_framework,H,0.0
Transformer-onehot,VH_framework,H,0.0
Transformer-onehot,VH_framework,H,0.0
Transformer-onehot,VH_framework,H,0.0
Transformer-onehot,VH_framework,H,0.0
Transformer-onehot,VH_framework,H,0.0
Transformer-onehot,VH_framework,H,0.0
Transformer-onehot,VH_framework,H,0.0
Transformer-onehot,VH_framework,H,0.0
Transformer-onehot,VH_framework,H,0.0
Transformer-onehot,VH_framework,H,0.0
Transformer-onehot,VH_framework,H,0.0
Transformer-onehot,VH_framework,H,0.0
Transformer-onehot,VH_framework,H,0.0
Transformer-onehot,VH_framework,H,0.0
Transformer-onehot,VH_framework,H,0.0
Transformer-onehot,VH_framework,H,0.0
Transformer-onehot,VH_framework,H,0.0
Transformer-onehot,VH_framework,H,0.0
Transformer-onehot,VH_framework,H,0.0
Transformer-onehot,VH_framework,H,0.0
Transformer-onehot,VH_framework,H,0.0
Transformer-onehot,VH_framework,H,0.0
Transformer-onehot,VH_framework,H,0.0
Transformer-onehot,VH_framework,H,0.0
Transformer-onehot,VH_framework,H,0.0
Transformer-onehot,VH_framework,H,0.0
Transformer-onehot,VH_framework,H,0.0
Transformer-onehot,VH_framework,H,0.0
Transformer-onehot,VH_framework,H,0.0
Transformer-onehot,VH_framework,H,0.0
Transformer-onehot,VH_framework,H,0.0
Transformer-onehot,VH_framework,H,0.0
Transformer-onehot,VH_framework,H,0.0
Transformer-onehot,VH_framework,H,0.0
Transformer-onehot,VH_framework,H,0.0
Transformer-onehot,VH_framework,H,0.0
Transformer-onehot,VH_framework,H,0.0
Transformer-onehot,VH_framework,H,0.0
Transformer-onehot,VH_framework,H,0.0
Transformer-onehot,VH_framework,H,0.0
Transformer-onehot,VH_framework,H,0.0
Transformer-onehot,VH_framework,H,0.0
Transformer-onehot,VH_framework,H,0.0
Transformer-onehot,VH_framework,H,0.0
Transformer-onehot,VH_framework,H,0.0
Transformer-onehot,VH_framework,H,0.0
Transformer-onehot,VH_framework,H,0.0
Transformer-onehot,VH_framework,H,0.0
Transformer-onehot,VH_framework,H,0.0
Transformer-onehot,VH_framework,H,0.0
Transformer-onehot,VH_framework,H,0.0
Transformer-onehot,VH_framework,H,0.0
Transformer-onehot,VH_framework,H,0.0
Transformer-onehot,VH_framework,H,0.0
Transformer-onehot,VH_framework,H,0.0
Transformer-onehot,VH_framework,H,0.0
Transformer-onehot,VH_framework,H,0.0
Transformer-onehot,VH_framework,H,0.0
Transformer-onehot,VH_framework,H,0.0
Transformer-onehot,VH_framework,H,0.0
Transformer-onehot,VH_framework,H,0.0
Transformer-onehot,VH_framework,H,0.0
Transformer-onehot,VH_framework,H,0.0
Transformer-onehot,VH_framework,H,0.0
Transformer-onehot,VH_framework,H,0.0
Transformer-onehot,VH_framework,H,0.0
Transformer-onehot,VH_framework,H,0.0
Transformer-onehot,VH_framework,H,0.0
Transformer-onehot,VH_framework,H,0.0
Transformer-onehot,VH_framework,H,0.0
Transformer-onehot,VH_framework,H,0.0
Transformer-onehot,VH_framework,H,0.0
Transformer-onehot,VH_framework,H,0.0
Transformer-onehot,VH_framework,H,0.0
Transformer-onehot,VH_framework,H,0.0
Transformer-onehot,VH_framework,H,0.0
Transformer-onehot,VH_framework,H,0.0
Transformer-onehot,VH_framework,H,0.0
Transformer-onehot,VH_framework,H,0.0
Transformer-onehot,VH_framework,H,0.0
Transformer-onehot,VH_framework,H,0.0
Transformer-onehot,VH_framework,H,0.0
Transformer-onehot,VH_framework,H,0.0
Transformer-onehot,VH_framework,H,0.0
Transformer-onehot,VH_framework,H,0.0
Transformer-onehot,VH_framework,H,0.0
Transformer-onehot,VH_framework,H,0.0
Transformer-onehot,VH_framework,H,0.0
Transformer-onehot,VH_framework,H,0.0
Transformer-onehot,VH_framework,H,0.0
Transformer-onehot,VH_framework,H,0.0
Transformer-onehot,VH_framework,H,0.0
Transformer-onehot,VH_framework,H,0.0
Transformer-onehot,VH_framework,H,0.0
Transformer-onehot,VH_framework,H,0.0
Transformer-onehot,VH_framework,H,0.0
Transformer-onehot,VH_framework,H,0.0
Transformer-onehot,VH_framework,H,0.0
Transformer-onehot,VH_framework,H,0.0
Transformer-onehot,VH_framework,H,0.0
Transformer-onehot,VH_framework,H,0.0
Transformer-onehot,VH_framework,H,0.0
Transformer-onehot,VH_framework,H,0.0
Transformer-onehot,VH_framework,H,0.0
Transformer-onehot,VH_framework,H,0.0
Transformer-onehot,VH_framework,H,0.0
Transformer-onehot,VH_framework,H,0.0
Transformer-onehot,VH_framework,H,0.0
Transformer-onehot,VH_framework,H,0.0
Transformer-onehot,VH_framework,H,0.0
Transformer-onehot,VH_framework,H,0.0
Transformer-onehot,VH_framework,H,0.0
Transformer-onehot,VH_framework,H,0.0
Transformer-onehot,VH_framework,H,0.0
Transformer-onehot,VH_framework,H,0.0
Transformer-onehot,VH_framework,H,0.0
Transformer-onehot,VH_framework,H,0.0
Transformer-onehot,VH_framework,H,0.0
Transformer-onehot,VH_framework,H,0.0
Transformer-onehot,VH_framework,H,0.0
Transformer-onehot,VH_framework,H,0.0
Transformer-onehot,VH_framework,H,0.0
Transformer-onehot,VH_framework,H,0.0
Transformer-onehot,VH_framework,H,0.0
Transformer-onehot,VH_framework,H,0.0
Transformer-onehot,VH_framework,H,0.0
Transformer-onehot,VH_framework,H,0.0
Transformer-onehot,VH_framework,H,0.0
Transformer-onehot,VH_framework,H,0.0
Transformer-onehot,VH_framework,H,0.0
Transformer-onehot,VH_framework,H,0.0
Transformer-onehot,VH_framework,H,0.0
Transformer-onehot,VH_framework,H,0.0
Transformer-onehot,VH_framework,H,0.0
Transformer-onehot,VH_framework,H,0.0
Transformer-onehot,VH_framework,H,0.0
Transformer-onehot,VH_framework,H,0.0
Transformer-onehot,VH_framework,H,0.0
Transformer-onehot,VH_framework,H,0.0
Transformer-onehot,VH_framework,H,0.0
Transformer-onehot,VH_framework,H,0.0
Transformer-onehot,VH_framework,H,0.0
Transformer-onehot,VH_framework,H,0.0
Transformer-onehot,VH_framework,H,0.0
Transformer-onehot,VH_framework,H,0.0
Transformer-onehot,VH_framework,H,0.0
Transformer-onehot,VH_framework,H,0.0
Transformer-onehot,VH_framework,H,0.0
Transformer-onehot,VH_framework,H,0.0
Transformer-onehot,VH_framework,H,0.0
Transformer-onehot,VH_framework,H,0.0
Transformer-onehot,VH_framework,H,0.0
Transformer-onehot,VH_framework,H,0.0
Transformer-onehot,VH_framework,H,0.0
Transformer-onehot,VH_framework,H,0.0
Transformer-onehot,VH_framework,H,0.0
Transformer-onehot,VH_framework,H,0.0
Transformer-onehot,VH_framework,H,0.0
Transformer-onehot,VH_framework,H,0.0
Transformer-onehot,VH_framework,H,0.0
Transformer-onehot,VH_framework,H,0.0
Transformer-onehot,VH_framework,H,0.0
Transformer-onehot,VH_framework,H,0.0
Transformer-onehot,VH_framework,H,0.0
Transformer-onehot,VH_framework,H,0.0
Transformer-onehot,VH_framework,H,0.0
Transformer-onehot,VH_framework,H,0.0
Transformer-onehot,VH_framework,H,0.0
Transformer-onehot,VH_framework,H,0.0
Transformer-onehot,VH_framework,H,0.0
Transformer-onehot,VH_framework,H,0.0
Transformer-onehot,VH_framework,H,0.0
Transformer-onehot,VH_framework,H,0.0
Transformer-onehot,VH_framework,H,0.0
Transformer-onehot,VH_framework,H,0.0
Transformer-onehot,VH_framework,H,0.0
Transformer-onehot,VH_framework,H,0.0
Transformer-onehot,VH_framework,H,0.0
Transformer-onehot,VH_framework,H,0.0
Transformer-onehot,VH_framework,H,0.0
Transformer-onehot,VH_framework,H,0.0
Transformer-onehot,VH_framework,H,0.0
Transformer-onehot,VH_framework,H,0.0
Transformer-onehot,VH_framework,H,0.0
Transformer-onehot,VH_framework,H,0.0
Transformer-onehot,VH_framework,H,0.0
Transformer-onehot,VH_framework,H,0.0
Transformer-onehot,VH_framework,H,0.0
Transformer-onehot,VH_framework,H,0.0
Transformer-onehot,VH_framework,H,0.0
Transformer-onehot,VH_framework,H,0.0
Transformer-onehot,VH_framework,H,0.0
Transformer-onehot,VH_framework,H,0.0
Transformer-onehot,VH_framework,H,0.0
Transformer-onehot,VH_framework,H,0.0
Transformer-onehot,VH_framework,H,0.0
Transformer-onehot,VH_framework,H,0.0
Transformer-onehot,VH_framework,H,0.0
Transformer-onehot,VH_framework,H,0.0
Transformer-onehot,VH_framework,H,0.0
Transformer-onehot,VH_framework,H,0.0
Transformer-onehot,VH_framework,H,0.0
Transformer-onehot,VH_framework,H,0.0
Transformer-onehot,VH_framework,H,0.0
Transformer-onehot,VH_framework,H,0.0
Transformer-onehot,VH_framework,H,0.0
Transformer-onehot,VH_framework,H,0.0
Transformer-onehot,VH_framework,H,0.0
Transformer-onehot,VH_framework,H,0.0
Transformer-onehot,VH_framework,H,0.0
Transformer-onehot,VH_framework,H,0.0
Transformer-onehot,VH_framework,H,0.0
Transformer-onehot,VH_framework,H,0.0
Transformer-onehot,VH_framework,H,0.0
Transformer-onehot,VH_framework,H,0.0
Transformer-onehot,VH_framework,H,0.0
Transformer-onehot,VH_framework,H,0.0
Transformer-onehot,VH_framework,H,0.0
Transformer-onehot,VH_framework,H,0.0
Transformer-onehot,VH_framework,H,0.0
Transformer-onehot,VH_framework,H,0.0
Transformer-onehot,VH_framework,H,0.0
Transformer-onehot,VH_framework,H,0.0
Transformer-onehot,VH_framework,H,0.0
Transformer-onehot,VH_framework,H,0.0
Transformer-onehot,VH_framework,H,0.0
Transformer-onehot,VH_framework,H,0.0
Transformer-onehot,VH_framework,H,0.0
Transformer-onehot,VH_framework,H,0.0
Transformer-onehot,VH_framework,H,0.0
Transformer-onehot,VH_framework,H,0.0
Transformer-onehot,VH_framework,H,0.0
Transformer-onehot,VH_framework,H,0.0
Transformer-onehot,VH_framework,H,0.0
Transformer-onehot,VH_framework,H,0.0
Transformer-onehot,VH_framework,H,0.0
Transformer-onehot,VH_framework,H,0.0
Transformer-onehot,VH_framework,H,0.0
Transformer-onehot,VH_framework,H,0.0
Transformer-onehot,VH_framework,H,0.0
Transformer-onehot,VH_framework,H,0.0
Transformer-onehot,VH_framework,H,0.0
Transformer-onehot,VH_framework,H,0.0
Transformer-onehot,VH_framework,H,0.0
Transformer-onehot,VH_framework,H,0.0
Transformer-onehot,VH_framework,H,0.0
Transformer-onehot,VH_framework,H,0.0
Transformer-onehot,VH_framework,H,0.0
Transformer-onehot,VH_framework,H,0.0
Transformer-onehot,VH_framework,H,0.0
Transformer-onehot,VH_framework,H,0.0
Transformer-onehot,VH_framework,H,0.0
Transformer-onehot,VH_framework,H,0.0
Transformer-onehot,VH_framework,H,0.0
Transformer-onehot,VH_framework,H,0.0
Transformer-onehot,VH_framework,H,0.0
Transformer-onehot,VH_framework,H,0.0
Transformer-onehot,VH_framework,H,0.0
Transformer-onehot,VH_framework,H,0.0
Transformer-onehot,VH_framework,H,0.0
Transformer-onehot,VH_framework,H,0.0
Transformer-onehot,VH_framework,H,0.0
Transformer-onehot,VH_framework,H,0.0
Transformer-onehot,VH_framework,H,0.0
Transformer-onehot,VH_framework,H,0.0
Transformer-onehot,VH_framework,H,0.0
Transformer-onehot,VH_framework,H,0.0
Transformer-onehot,VH_framework,H,0.0
Transformer-onehot,VH_framework,H,0.0
Transformer-onehot,VH_framework,H,0.0
Transformer-onehot,VH_framework,H,0.0
Transformer-onehot,VH_framework,H,0.0
Transformer-onehot,VH_framework,H,0.0
Transformer-onehot,VH_framework,H,0.0
Transformer-onehot,VH_framework,H,0.0
Transformer-onehot,VH_framework,H,0.0
Transformer-onehot,VH_framework,H,0.0
Transformer-onehot,VH_framework,H,0.0
Transformer-onehot,VH_framework,H,0.0
Transformer-onehot,VH_framework,H,0.0
Transformer-onehot,VH_framework,H,0.0
Transformer-onehot,VH_framework,H,0.0
Transformer-onehot,VH_framework,H,0.0
Transformer-onehot,VH_framework,H,0.0
Transformer-onehot,VH_framework,H,0.0
Transformer-onehot,VH_framework,H,0.0
Transformer-onehot,VH_framework,H,0.0
Transformer-onehot,VH_framework,H,0.0
Transformer-onehot,VH_framework,H,0.0
Transformer-onehot,VH_framework,H,0.0
Transformer-onehot,VH_framework,H,0.0
Transformer-onehot,VH_framework,H,0.0
Transformer-onehot,VH_framework,H,0.0
Transformer-onehot,VH_framework,H,0.0
Transformer-onehot,VH_framework,H,0.0
Transformer-onehot,VH_framework,H,0.0
Transformer-onehot,VH_framework,H,0.0
Transformer-onehot,VH_framework,H,0.0
Transformer-onehot,VH_framework,H,0.0
Transformer-onehot,VH_framework,H,0.0
Transformer-onehot,VH_framework,H,0.0
Transformer-onehot,VH_framework,H,0.0
Transformer-onehot,VH_framework,H,0.0
Transformer-onehot,VH_framework,H,0.0
Transformer-onehot,VH_framework,H,0.0
Transformer-onehot,VH_framework,H,0.0
Transformer-onehot,VH_framework,H,0.0
Transformer-onehot,VH_framework,H,0.0
Transformer-onehot,VH_framework,H,0.0
Transformer-onehot,VH_framework,H,0.0
Transformer-onehot,VH_framework,H,0.0
Transformer-onehot,VH_framework,H,0.0
Transformer-onehot,VH_framework,H,0.0
Transformer-onehot,VH_framework,H,0.0
Transformer-onehot,VH_framework,H,0.0
Transformer-onehot,VH_framework,H,0.0
Transformer-onehot,VH_framework,H,0.0
Transformer-onehot,VH_framework,H,0.0
Transformer-onehot,VH_framework,H,0.0
Transformer-onehot,VH_framework,H,0.0
Transformer-onehot,VH_framework,H,0.0
Transformer-onehot,VH_framework,H,0.0
Transformer-onehot,VH_framework,H,0.0
Transformer-onehot,VH_framework,H,0.0
Transformer-onehot,VH_framework,H,0.0
Transformer-onehot,VH_framework,H,0.0
Transformer-onehot,VH_framework,H,0.0
Transformer-onehot,VH_framework,H,0.0
Transformer-onehot,VH_framework,H,0.0
Transformer-onehot,VH_framework,H,0.0
Transformer-onehot,VH_framework,H,0.0
Transformer-onehot,VH_framework,H,0.0
Transformer-onehot,VH_framework,H,0.0
Transformer-onehot,VH_framework,H,0.0
Transformer-onehot,VH_framework,H,0.0
Transformer-onehot,VH_framework,H,0.0
Transformer-onehot,VH_framework,H,0.0
Transformer-onehot,VH_framework,H,0.0
Transformer-onehot,VH_framework,H,0.0
Transformer-onehot,VH_framework,H,0.0
Transformer-onehot,VH_framework,H,0.0
Transformer-onehot,VH_framework,H,0.0
Transformer-onehot,VH_framework,H,0.0
Transformer-onehot,VH_framework,H,0.0
Transformer-onehot,VH_framework,H,0.0
Transformer-onehot,VH_framework,H,0.0
Transformer-onehot,VH_framework,H,0.0
Transformer-onehot,VH_framework,H,0.0
Transformer-onehot,VH_framework,H,0.0
Transformer-onehot,VH_framework,H,0.0
Transformer-onehot,VH_framework,H,0.0
Transformer-onehot,VH_framework,H,0.0
Transformer-onehot,VH_framework,H,0.0
Transformer-onehot,VH_framework,H,0.0
Transformer-onehot,VH_framework,H,0.0
Transformer-onehot,VH_framework,H,0.0
Transformer-onehot,VH_framework,H,0.0
Transformer-onehot,VH_framework,H,0.0
Transformer-onehot,VH_framework,H,0.0
Transformer-onehot,VH_framework,H,0.0
Transformer-onehot,VH_framework,H,0.0
Transformer-onehot,VH_framework,H,0.0
Transformer-onehot,VH_framework,H,0.0
Transformer-onehot,VH_framework,H,0.0
Transformer-onehot,VH_framework,H,0.0
Transformer-onehot,VH_framework,H,0.0
Transformer-onehot,VH_framework,H,0.0
Transformer-onehot,VH_framework,H,0.0
Transformer-onehot,VH_framework,H,0.0
Transformer-onehot,VH_framework,H,0.0
Transformer-onehot,VH_framework,H,0.0
Transformer-onehot,VH_framework,H,0.0
Transformer-onehot,VH_framework,H,0.0
Transformer-onehot,VH_framework,H,0.0
Transformer-onehot,VH_framework,H,0.0
Transformer-onehot,VH_framework,H,0.0
Transformer-onehot,VH_framework,H,0.0
Transformer-onehot,VH_framework,H,0.0
Transformer-onehot,VH_framework,H,0.0
Transformer-onehot,VH_framework,H,0.0
Transformer-onehot,VH_framework,H,0.0
Transformer-onehot,VH_framework,H,0.0
Transformer-onehot,VH_framework,H,0.0
Transformer-onehot,VH_framework,H,0.0
Transformer-onehot,VH_framework,H,0.0
Transformer-onehot,VH_framework,H,0.0
Transformer-onehot,VH_framework,H,0.0
Transformer-onehot,VH_framework,H,0.0
Transformer-onehot,VH_framework,H,0.0
Transformer-onehot,VH_framework,H,0.0
Transformer-onehot,VH_framework,H,0.0
Transformer-onehot,VH_framework,H,0.0
Transformer-onehot,VH_framework,H,0.0
Transformer-onehot,VH_framework,H,0.0
Transformer-onehot,VH_framework,H,0.0
Transformer-onehot,VH_framework,H,0.0
Transformer-onehot,VH_framework,H,0.0
Transformer-onehot,VH_framework,H,0.0
Transformer-onehot,VH_framework,H,0.0
Transformer-onehot,VH_framework,H,0.0
Transformer-onehot,VH_framework,H,0.0
Transformer-onehot,VH_framework,H,0.0
Transformer-onehot,VH_framework,H,0.0
Transformer-onehot,VH_framework,H,0.0
Transformer-onehot,VH_framework,H,0.0
Transformer-onehot,VH_framework,H,0.0
Transformer-onehot,VH_framework,H,0.0
Transformer-onehot,VH_framework,H,0.0
Transformer-onehot,VH_framework,H,0.0
Transformer-onehot,VH_framework,H,0.0
Transformer-onehot,VH_framework,H,0.0
Transformer-onehot,VH_framework,H,0.0
Transformer-onehot,VH_framework,H,0.0
Transformer-onehot,VH_framework,H,0.0
Transformer-onehot,VH_framework,H,0.0
Transformer-onehot,VH_framework,H,0.0
Transformer-onehot,VH_framework,H,0.0
Transformer-onehot,VH_framework,H,0.0
Transformer-onehot,VH_framework,H,0.0
Transformer-onehot,VH_framework,H,0.0
Transformer-onehot,VH_framework,H,0.0
Transformer-onehot,VH_framework,H,0.0
Transformer-onehot,VH_framework,H,0.0
Transformer-onehot,VH_framework,H,0.0
Transformer-onehot,VH_framework,H,0.0
Transformer-onehot,VH_framework,H,0.0
Transformer-onehot,VH_framework,H,0.0
Transformer-onehot,VH_framework,H,0.0
Transformer-onehot,VH_framework,H,0.0
Transformer-onehot,VH_framework,H,0.0
Transformer-onehot,VH_framework,H,0.0
Transformer-onehot,VH_framework,H,0.0
Transformer-onehot,VH_framework,H,0.0
Transformer-onehot,VH_framework,H,0.0
Transformer-onehot,VH_framework,H,0.0
Transformer-onehot,VH_framework,H,0.0
Transformer-onehot,VH_framework,H,0.0
Transformer-onehot,VH_framework,H,0.0
Transformer-onehot,VH_framework,H,0.0
Transformer-onehot,VH_framework,H,0.0
Transformer-onehot,VH_framework,H,0.0
Transformer-onehot,VH_framework,H,0.0
Transformer-onehot,VH_framework,H,0.0
Transformer-onehot,VH_framework,H,0.0
Transformer-onehot,VH_framework,H,0.0
Transformer-onehot,VH_framework,H,0.0
Transformer-onehot,VH_framework,H,0.0
Transformer-onehot,VH_framework,H,0.0
Transformer-onehot,VH_framework,H,0.0
Transformer-onehot,VH_framework,H,0.0
Transformer-onehot,VH_framework,H,0.0
Transformer-onehot,VH_framework,H,0.0
Transformer-onehot,VH_framework,H,0.0
Transformer-onehot,VH_framework,H,0.0
Transformer-onehot,VH_framework,H,0.0
Transformer-onehot,VH_framework,H,0.0
Transformer-onehot,VH_framework,H,0.0
Transformer-onehot,VH_framework,H,0.0
Transformer-onehot,VH_framework,H,0.0
Transformer-onehot,VH_framework,H,0.0
Transformer-onehot,VH_framework,H,0.0
Transformer-onehot,VH_framework,H,0.0
Transformer-onehot,VH_framework,H,0.0
Transformer-onehot,VH_framework,H,0.0
Transformer-onehot,VH_framework,I,0.0
Transformer-onehot,VH_framework,I,0.0
Transformer-onehot,VH_framework,I,0.0
Transformer-onehot,VH_framework,I,0.0
Transformer-onehot,VH_framework,I,0.0
Transformer-onehot,VH_framework,I,0.0
Transformer-onehot,VH_framework,I,0.0
Transformer-onehot,VH_framework,I,0.0
Transformer-onehot,VH_framework,I,0.0
Transformer-onehot,VH_framework,I,0.0
Transformer-onehot,VH_framework,I,0.0
Transformer-onehot,VH_framework,I,0.0
Transformer-onehot,VH_framework,I,0.0
Transformer-onehot,VH_framework,I,0.0
Transformer-onehot,VH_framework,I,0.0
Transformer-onehot,VH_framework,I,0.0
Transformer-onehot,VH_framework,I,0.0
Transformer-onehot,VH_framework,I,0.0
Transformer-onehot,VH_framework,I,0.0
Transformer-onehot,VH_framework,I,0.0
Transformer-onehot,VH_framework,I,0.0
Transformer-onehot,VH_framework,I,0.0
Transformer-onehot,VH_framework,I,0.0
Transformer-onehot,VH_framework,I,0.0
Transformer-onehot,VH_framework,I,0.0
Transformer-onehot,VH_framework,I,0.0
Transformer-onehot,VH_framework,I,0.0
Transformer-onehot,VH_framework,I,0.0
Transformer-onehot,VH_framework,I,0.0
Transformer-onehot,VH_framework,I,0.0
Transformer-onehot,VH_framework,I,0.0
Transformer-onehot,VH_framework,I,0.0
Transformer-onehot,VH_framework,I,0.0
Transformer-onehot,VH_framework,I,0.0
Transformer-onehot,VH_framework,I,0.0
Transformer-onehot,VH_framework,I,0.0
Transformer-onehot,VH_framework,I,0.0
Transformer-onehot,VH_framework,I,0.0
Transformer-onehot,VH_framework,I,0.0
Transformer-onehot,VH_framework,I,0.0
Transformer-onehot,VH_framework,I,0.0
Transformer-onehot,VH_framework,I,0.0
Transformer-onehot,VH_framework,I,0.0
Transformer-onehot,VH_framework,I,0.0
Transformer-onehot,VH_framework,I,0.0
Transformer-onehot,VH_framework,I,0.0
Transformer-onehot,VH_framework,I,0.0
Transformer-onehot,VH_framework,I,0.0
Transformer-onehot,VH_framework,I,0.0
Transformer-onehot,VH_framework,I,0.0
Transformer-onehot,VH_framework,I,0.0
Transformer-onehot,VH_framework,I,0.0
Transformer-onehot,VH_framework,I,0.0
Transformer-onehot,VH_framework,I,0.0
Transformer-onehot,VH_framework,I,0.0
Transformer-onehot,VH_framework,I,0.0
Transformer-onehot,VH_framework,I,0.0
Transformer-onehot,VH_framework,I,0.0
Transformer-onehot,VH_framework,I,0.0
Transformer-onehot,VH_framework,I,0.0
Transformer-onehot,VH_framework,I,0.0
Transformer-onehot,VH_framework,I,0.0
Transformer-onehot,VH_framework,I,0.0
Transformer-onehot,VH_framework,I,0.0
Transformer-onehot,VH_framework,I,0.0
Transformer-onehot,VH_framework,I,0.0
Transformer-onehot,VH_framework,I,0.0
Transformer-onehot,VH_framework,I,0.0
Transformer-onehot,VH_framework,I,0.0
Transformer-onehot,VH_framework,I,0.0
Transformer-onehot,VH_framework,I,0.0
Transformer-onehot,VH_framework,I,0.0
Transformer-onehot,VH_framework,I,0.0
Transformer-onehot,VH_framework,I,0.0
Transformer-onehot,VH_framework,I,0.0
Transformer-onehot,VH_framework,I,0.0
Transformer-onehot,VH_framework,I,0.0
Transformer-onehot,VH_framework,I,0.0
Transformer-onehot,VH_framework,I,0.0
Transformer-onehot,VH_framework,I,0.0
Transformer-onehot,VH_framework,I,0.0
Transformer-onehot,VH_framework,I,0.0
Transformer-onehot,VH_framework,I,0.0
Transformer-onehot,VH_framework,I,0.0
Transformer-onehot,VH_framework,I,0.0
Transformer-onehot,VH_framework,I,0.0
Transformer-onehot,VH_framework,I,0.0
Transformer-onehot,VH_framework,I,0.0
Transformer-onehot,VH_framework,I,0.0
Transformer-onehot,VH_framework,I,0.0
Transformer-onehot,VH_framework,I,0.0
Transformer-onehot,VH_framework,I,0.0
Transformer-onehot,VH_framework,I,0.0
Transformer-onehot,VH_framework,I,0.0
Transformer-onehot,VH_framework,I,0.0
Transformer-onehot,VH_framework,I,0.0
Transformer-onehot,VH_framework,I,0.0
Transformer-onehot,VH_framework,I,0.0
Transformer-onehot,VH_framework,I,0.0
Transformer-onehot,VH_framework,I,0.0
Transformer-onehot,VH_framework,I,0.0
Transformer-onehot,VH_framework,I,0.0
Transformer-onehot,VH_framework,I,0.0
Transformer-onehot,VH_framework,I,0.0
Transformer-onehot,VH_framework,I,0.0
Transformer-onehot,VH_framework,I,0.0
Transformer-onehot,VH_framework,I,0.0
Transformer-onehot,VH_framework,I,0.0
Transformer-onehot,VH_framework,I,0.0
Transformer-onehot,VH_framework,I,0.0
Transformer-onehot,VH_framework,I,0.0
Transformer-onehot,VH_framework,I,0.0
Transformer-onehot,VH_framework,I,0.0
Transformer-onehot,VH_framework,I,0.0
Transformer-onehot,VH_framework,I,0.0
Transformer-onehot,VH_framework,I,0.0
Transformer-onehot,VH_framework,I,0.0
Transformer-onehot,VH_framework,I,0.0
Transformer-onehot,VH_framework,I,0.0
Transformer-onehot,VH_framework,I,0.0
Transformer-onehot,VH_framework,I,0.0
Transformer-onehot,VH_framework,I,0.0
Transformer-onehot,VH_framework,I,0.0
Transformer-onehot,VH_framework,I,0.0
Transformer-onehot,VH_framework,I,0.0
Transformer-onehot,VH_framework,I,0.0
Transformer-onehot,VH_framework,I,0.0
Transformer-onehot,VH_framework,I,0.0
Transformer-onehot,VH_framework,I,0.0
Transformer-onehot,VH_framework,I,0.0
Transformer-onehot,VH_framework,I,0.0
Transformer-onehot,VH_framework,I,0.0
Transformer-onehot,VH_framework,I,0.0
Transformer-onehot,VH_framework,I,0.0
Transformer-onehot,VH_framework,I,0.0
Transformer-onehot,VH_framework,I,0.0
Transformer-onehot,VH_framework,I,0.0
Transformer-onehot,VH_framework,I,0.0
Transformer-onehot,VH_framework,I,0.0
Transformer-onehot,VH_framework,I,0.0
Transformer-onehot,VH_framework,I,0.0
Transformer-onehot,VH_framework,I,0.0
Transformer-onehot,VH_framework,I,0.0
Transformer-onehot,VH_framework,I,0.0
Transformer-onehot,VH_framework,I,0.0
Transformer-onehot,VH_framework,I,0.0
Transformer-onehot,VH_framework,I,0.0
Transformer-onehot,VH_framework,I,0.0
Transformer-onehot,VH_framework,I,0.0
Transformer-onehot,VH_framework,I,0.0
Transformer-onehot,VH_framework,I,0.0
Transformer-onehot,VH_framework,I,0.0
Transformer-onehot,VH_framework,I,0.0
Transformer-onehot,VH_framework,I,0.0
Transformer-onehot,VH_framework,I,0.0
Transformer-onehot,VH_framework,I,0.0
Transformer-onehot,VH_framework,I,0.0
Transformer-onehot,VH_framework,I,0.0
Transformer-onehot,VH_framework,I,0.0
Transformer-onehot,VH_framework,I,0.0
Transformer-onehot,VH_framework,I,0.0
Transformer-onehot,VH_framework,I,0.0
Transformer-onehot,VH_framework,I,0.0
Transformer-onehot,VH_framework,I,0.0
Transformer-onehot,VH_framework,I,0.0
Transformer-onehot,VH_framework,I,0.0
Transformer-onehot,VH_framework,I,0.0
Transformer-onehot,VH_framework,I,0.0
Transformer-onehot,VH_framework,I,0.0
Transformer-onehot,VH_framework,I,0.0
Transformer-onehot,VH_framework,I,0.0
Transformer-onehot,VH_framework,I,0.0
Transformer-onehot,VH_framework,I,0.0
Transformer-onehot,VH_framework,I,0.0
Transformer-onehot,VH_framework,I,0.0
Transformer-onehot,VH_framework,I,0.0
Transformer-onehot,VH_framework,I,0.0
Transformer-onehot,VH_framework,I,0.0
Transformer-onehot,VH_framework,I,0.0
Transformer-onehot,VH_framework,I,0.0
Transformer-onehot,VH_framework,I,0.0
Transformer-onehot,VH_framework,I,0.0
Transformer-onehot,VH_framework,I,0.0
Transformer-onehot,VH_framework,I,0.0
Transformer-onehot,VH_framework,I,0.0
Transformer-onehot,VH_framework,I,0.0
Transformer-onehot,VH_framework,I,0.0
Transformer-onehot,VH_framework,I,0.0
Transformer-onehot,VH_framework,I,0.0
Transformer-onehot,VH_framework,I,0.0
Transformer-onehot,VH_framework,I,0.0
Transformer-onehot,VH_framework,I,0.0
Transformer-onehot,VH_framework,I,0.0
Transformer-onehot,VH_framework,I,0.0
Transformer-onehot,VH_framework,I,0.0
Transformer-onehot,VH_framework,I,0.0
Transformer-onehot,VH_framework,I,0.0
Transformer-onehot,VH_framework,I,0.0
Transformer-onehot,VH_framework,I,0.0
Transformer-onehot,VH_framework,I,0.0
Transformer-onehot,VH_framework,I,0.0
Transformer-onehot,VH_framework,I,0.0
Transformer-onehot,VH_framework,I,0.0
Transformer-onehot,VH_framework,I,0.0
Transformer-onehot,VH_framework,I,0.0
Transformer-onehot,VH_framework,I,0.0
Transformer-onehot,VH_framework,I,0.0
Transformer-onehot,VH_framework,I,0.0
Transformer-onehot,VH_framework,I,0.0
Transformer-onehot,VH_framework,I,0.0
Transformer-onehot,VH_framework,I,0.0
Transformer-onehot,VH_framework,I,0.0
Transformer-onehot,VH_framework,I,0.0
Transformer-onehot,VH_framework,I,0.0
Transformer-onehot,VH_framework,I,0.0
Transformer-onehot,VH_framework,I,0.0
Transformer-onehot,VH_framework,I,0.0
Transformer-onehot,VH_framework,I,0.0
Transformer-onehot,VH_framework,I,0.0
Transformer-onehot,VH_framework,I,0.0
Transformer-onehot,VH_framework,I,0.0
Transformer-onehot,VH_framework,I,0.0
Transformer-onehot,VH_framework,I,0.0
Transformer-onehot,VH_framework,I,0.0
Transformer-onehot,VH_framework,I,0.0
Transformer-onehot,VH_framework,I,0.0
Transformer-onehot,VH_framework,I,0.0
Transformer-onehot,VH_framework,I,0.0
Transformer-onehot,VH_framework,I,0.0
Transformer-onehot,VH_framework,I,0.0
Transformer-onehot,VH_framework,I,0.0
Transformer-onehot,VH_framework,I,0.0
Transformer-onehot,VH_framework,I,0.0
Transformer-onehot,VH_framework,I,0.0
Transformer-onehot,VH_framework,I,0.0
Transformer-onehot,VH_framework,I,0.0
Transformer-onehot,VH_framework,I,0.0
Transformer-onehot,VH_framework,I,0.0
Transformer-onehot,VH_framework,I,0.0
Transformer-onehot,VH_framework,I,0.0
Transformer-onehot,VH_framework,I,0.0
Transformer-onehot,VH_framework,I,0.0
Transformer-onehot,VH_framework,I,0.0
Transformer-onehot,VH_framework,I,0.0
Transformer-onehot,VH_framework,I,0.0
Transformer-onehot,VH_framework,I,0.0
Transformer-onehot,VH_framework,I,0.0
Transformer-onehot,VH_framework,I,0.0
Transformer-onehot,VH_framework,I,0.0
Transformer-onehot,VH_framework,I,0.0
Transformer-onehot,VH_framework,I,0.0
Transformer-onehot,VH_framework,I,0.0
Transformer-onehot,VH_framework,I,0.0
Transformer-onehot,VH_framework,I,0.0
Transformer-onehot,VH_framework,I,0.0
Transformer-onehot,VH_framework,I,0.0
Transformer-onehot,VH_framework,I,0.0
Transformer-onehot,VH_framework,I,0.0
Transformer-onehot,VH_framework,I,0.0
Transformer-onehot,VH_framework,I,0.0
Transformer-onehot,VH_framework,I,0.0
Transformer-onehot,VH_framework,I,0.0
Transformer-onehot,VH_framework,I,0.0
Transformer-onehot,VH_framework,I,0.0
Transformer-onehot,VH_framework,I,0.0
Transformer-onehot,VH_framework,I,0.0
Transformer-onehot,VH_framework,I,0.0
Transformer-onehot,VH_framework,I,0.0
Transformer-onehot,VH_framework,I,0.0
Transformer-onehot,VH_framework,I,0.0
Transformer-onehot,VH_framework,I,0.0
Transformer-onehot,VH_framework,I,0.0
Transformer-onehot,VH_framework,I,0.0
Transformer-onehot,VH_framework,I,0.0
Transformer-onehot,VH_framework,I,0.0
Transformer-onehot,VH_framework,I,0.0
Transformer-onehot,VH_framework,I,0.0
Transformer-onehot,VH_framework,I,0.0
Transformer-onehot,VH_framework,I,0.0
Transformer-onehot,VH_framework,I,0.0
Transformer-onehot,VH_framework,I,0.0
Transformer-onehot,VH_framework,I,0.0
Transformer-onehot,VH_framework,I,0.0
Transformer-onehot,VH_framework,I,0.0
Transformer-onehot,VH_framework,I,0.0
Transformer-onehot,VH_framework,I,0.0
Transformer-onehot,VH_framework,I,0.0
Transformer-onehot,VH_framework,I,0.0
Transformer-onehot,VH_framework,I,0.0
Transformer-onehot,VH_framework,I,0.0
Transformer-onehot,VH_framework,I,0.0
Transformer-onehot,VH_framework,I,0.0
Transformer-onehot,VH_framework,I,0.0
Transformer-onehot,VH_framework,I,0.0
Transformer-onehot,VH_framework,I,0.0
Transformer-onehot,VH_framework,I,0.0
Transformer-onehot,VH_framework,I,0.0
Transformer-onehot,VH_framework,I,0.0
Transformer-onehot,VH_framework,I,0.0
Transformer-onehot,VH_framework,I,0.0
Transformer-onehot,VH_framework,I,0.0
Transformer-onehot,VH_framework,I,0.0
Transformer-onehot,VH_framework,I,0.0
Transformer-onehot,VH_framework,I,0.0
Transformer-onehot,VH_framework,I,0.0
Transformer-onehot,VH_framework,I,0.0
Transformer-onehot,VH_framework,I,0.0
Transformer-onehot,VH_framework,I,0.0
Transformer-onehot,VH_framework,I,0.0
Transformer-onehot,VH_framework,I,0.0
Transformer-onehot,VH_framework,I,0.0
Transformer-onehot,VH_framework,I,0.0
Transformer-onehot,VH_framework,I,0.0
Transformer-onehot,VH_framework,I,0.0
Transformer-onehot,VH_framework,I,0.0
Transformer-onehot,VH_framework,I,0.0
Transformer-onehot,VH_framework,I,0.0
Transformer-onehot,VH_framework,I,0.0
Transformer-onehot,VH_framework,I,0.0
Transformer-onehot,VH_framework,I,0.0
Transformer-onehot,VH_framework,I,0.0
Transformer-onehot,VH_framework,I,0.0
Transformer-onehot,VH_framework,I,0.0
Transformer-onehot,VH_framework,I,0.0
Transformer-onehot,VH_framework,I,0.0
Transformer-onehot,VH_framework,I,0.0
Transformer-onehot,VH_framework,I,0.0
Transformer-onehot,VH_framework,I,0.0
Transformer-onehot,VH_framework,I,0.0
Transformer-onehot,VH_framework,I,0.0
Transformer-onehot,VH_framework,I,0.0
Transformer-onehot,VH_framework,I,0.0
Transformer-onehot,VH_framework,I,0.0
Transformer-onehot,VH_framework,I,0.0
Transformer-onehot,VH_framework,I,0.0
Transformer-onehot,VH_framework,I,0.0
Transformer-onehot,VH_framework,I,0.0
Transformer-onehot,VH_framework,I,0.0
Transformer-onehot,VH_framework,I,0.0
Transformer-onehot,VH_framework,I,0.0
Transformer-onehot,VH_framework,I,0.0
Transformer-onehot,VH_framework,I,0.0
Transformer-onehot,VH_framework,I,0.0
Transformer-onehot,VH_framework,I,0.0
Transformer-onehot,VH_framework,I,0.0
Transformer-onehot,VH_framework,I,0.0
Transformer-onehot,VH_framework,I,0.0
Transformer-onehot,VH_framework,I,0.0
Transformer-onehot,VH_framework,I,0.0
Transformer-onehot,VH_framework,I,0.0
Transformer-onehot,VH_framework,I,0.0
Transformer-onehot,VH_framework,I,0.0
Transformer-onehot,VH_framework,I,0.0
Transformer-onehot,VH_framework,I,0.0
Transformer-onehot,VH_framework,I,0.0
Transformer-onehot,VH_framework,I,0.0
Transformer-onehot,VH_framework,I,0.0
Transformer-onehot,VH_framework,I,0.0
Transformer-onehot,VH_framework,I,0.0
Transformer-onehot,VH_framework,I,0.0
Transformer-onehot,VH_framework,I,0.0
Transformer-onehot,VH_framework,I,0.0
Transformer-onehot,VH_framework,I,0.0
Transformer-onehot,VH_framework,I,0.0
Transformer-onehot,VH_framework,I,0.0
Transformer-onehot,VH_framework,I,0.0
Transformer-onehot,VH_framework,I,0.0
Transformer-onehot,VH_framework,I,0.0
Transformer-onehot,VH_framework,I,0.0
Transformer-onehot,VH_framework,I,0.0
Transformer-onehot,VH_framework,I,0.0
Transformer-onehot,VH_framework,I,0.0
Transformer-onehot,VH_framework,I,0.0
Transformer-onehot,VH_framework,I,0.0
Transformer-onehot,VH_framework,I,0.0
Transformer-onehot,VH_framework,I,0.0
Transformer-onehot,VH_framework,I,0.0
Transformer-onehot,VH_framework,I,0.0
Transformer-onehot,VH_framework,I,0.0
Transformer-onehot,VH_framework,I,0.0
Transformer-onehot,VH_framework,I,0.0
Transformer-onehot,VH_framework,I,0.0
Transformer-onehot,VH_framework,I,0.0
Transformer-onehot,VH_framework,I,0.0
Transformer-onehot,VH_framework,I,0.0
Transformer-onehot,VH_framework,I,0.0
Transformer-onehot,VH_framework,I,0.0
Transformer-onehot,VH_framework,I,0.0
Transformer-onehot,VH_framework,I,0.0
Transformer-onehot,VH_framework,I,0.0
Transformer-onehot,VH_framework,I,0.0
Transformer-onehot,VH_framework,I,0.0
Transformer-onehot,VH_framework,I,0.0
Transformer-onehot,VH_framework,I,0.0
Transformer-onehot,VH_framework,I,0.0
Transformer-onehot,VH_framework,I,0.0
Transformer-onehot,VH_framework,I,0.0
Transformer-onehot,VH_framework,I,0.0
Transformer-onehot,VH_framework,I,0.0
Transformer-onehot,VH_framework,I,0.0
Transformer-onehot,VH_framework,I,0.0
Transformer-onehot,VH_framework,I,0.0
Transformer-onehot,VH_framework,I,0.0
Transformer-onehot,VH_framework,I,0.0
Transformer-onehot,VH_framework,I,0.0
Transformer-onehot,VH_framework,I,0.0
Transformer-onehot,VH_framework,I,0.0
Transformer-onehot,VH_framework,I,0.0
Transformer-onehot,VH_framework,I,0.0
Transformer-onehot,VH_framework,I,0.0
Transformer-onehot,VH_framework,I,0.0
Transformer-onehot,VH_framework,I,0.0
Transformer-onehot,VH_framework,I,0.0
Transformer-onehot,VH_framework,I,0.0
Transformer-onehot,VH_framework,I,0.0
Transformer-onehot,VH_framework,I,0.0
Transformer-onehot,VH_framework,I,0.0
Transformer-onehot,VH_framework,I,0.0
Transformer-onehot,VH_framework,I,0.0
Transformer-onehot,VH_framework,I,0.0
Transformer-onehot,VH_framework,I,0.0
Transformer-onehot,VH_framework,I,0.0
Transformer-onehot,VH_framework,I,0.0
Transformer-onehot,VH_framework,I,0.0
Transformer-onehot,VH_framework,I,0.0
Transformer-onehot,VH_framework,I,0.0
Transformer-onehot,VH_framework,I,0.0
Transformer-onehot,VH_framework,I,0.0
Transformer-onehot,VH_framework,I,0.0
Transformer-onehot,VH_framework,I,0.0
Transformer-onehot,VH_framework,I,0.0
Transformer-onehot,VH_framework,I,0.0
Transformer-onehot,VH_framework,I,0.0
Transformer-onehot,VH_framework,I,0.0
Transformer-onehot,VH_framework,I,0.0
Transformer-onehot,VH_framework,I,0.0
Transformer-onehot,VH_framework,I,0.0
Transformer-onehot,VH_framework,I,0.0
Transformer-onehot,VH_framework,I,0.0
Transformer-onehot,VH_framework,I,0.0
Transformer-onehot,VH_framework,I,0.0
Transformer-onehot,VH_framework,I,0.0
Transformer-onehot,VH_framework,I,0.0
Transformer-onehot,VH_framework,I,0.0
Transformer-onehot,VH_framework,I,0.0
Transformer-onehot,VH_framework,I,0.0
Transformer-onehot,VH_framework,I,0.0
Transformer-onehot,VH_framework,I,0.0
Transformer-onehot,VH_framework,I,0.0
Transformer-onehot,VH_framework,I,0.0
Transformer-onehot,VH_framework,I,0.0
Transformer-onehot,VH_framework,I,0.0
Transformer-onehot,VH_framework,I,0.0
Transformer-onehot,VH_framework,I,0.0
Transformer-onehot,VH_framework,I,0.0
Transformer-onehot,VH_framework,I,0.0
Transformer-onehot,VH_framework,I,0.0
Transformer-onehot,VH_framework,I,0.0
Transformer-onehot,VH_framework,I,0.0
Transformer-onehot,VH_framework,I,0.0
Transformer-onehot,VH_framework,I,0.0
Transformer-onehot,VH_framework,I,0.0
Transformer-onehot,VH_framework,I,0.0
Transformer-onehot,VH_framework,I,0.0
Transformer-onehot,VH_framework,I,0.0
Transformer-onehot,VH_framework,I,0.0
Transformer-onehot,VH_framework,I,0.0
Transformer-onehot,VH_framework,I,0.0
Transformer-onehot,VH_framework,I,0.0
Transformer-onehot,VH_framework,I,0.0
Transformer-onehot,VH_framework,I,0.0
Transformer-onehot,VH_framework,I,0.0
Transformer-onehot,VH_framework,I,0.0
Transformer-onehot,VH_framework,I,0.0
Transformer-onehot,VH_framework,I,0.0
Transformer-onehot,VH_framework,I,0.0
Transformer-onehot,VH_framework,I,0.0
Transformer-onehot,VH_framework,I,0.0
Transformer-onehot,VH_framework,I,0.0
Transformer-onehot,VH_framework,I,0.0
Transformer-onehot,VH_framework,I,0.0
Transformer-onehot,VH_framework,I,0.0
Transformer-onehot,VH_framework,I,0.0
Transformer-onehot,VH_framework,I,0.0
Transformer-onehot,VH_framework,I,0.0
Transformer-onehot,VH_framework,I,0.0
Transformer-onehot,VH_framework,I,0.0
Transformer-onehot,VH_framework,I,0.0
Transformer-onehot,VH_framework,I,0.0
Transformer-onehot,VH_framework,I,0.0
Transformer-onehot,VH_framework,I,0.0
Transformer-onehot,VH_framework,I,0.0
Transformer-onehot,VH_framework,I,0.0
Transformer-onehot,VH_framework,I,0.0
Transformer-onehot,VH_framework,I,0.0
Transformer-onehot,VH_framework,I,0.0
Transformer-onehot,VH_framework,I,0.0
Transformer-onehot,VH_framework,I,0.0
Transformer-onehot,VH_framework,I,0.0
Transformer-onehot,VH_framework,I,0.0
Transformer-onehot,VH_framework,K,0.0
Transformer-onehot,VH_framework,K,0.0
Transformer-onehot,VH_framework,K,0.0
Transformer-onehot,VH_framework,K,0.0
Transformer-onehot,VH_framework,K,0.0
Transformer-onehot,VH_framework,K,0.0
Transformer-onehot,VH_framework,K,0.0
Transformer-onehot,VH_framework,K,0.0
Transformer-onehot,VH_framework,K,0.0
Transformer-onehot,VH_framework,K,0.0
Transformer-onehot,VH_framework,K,0.0
Transformer-onehot,VH_framework,K,0.0
Transformer-onehot,VH_framework,K,0.0
Transformer-onehot,VH_framework,K,0.0
Transformer-onehot,VH_framework,K,0.0
Transformer-onehot,VH_framework,K,0.0
Transformer-onehot,VH_framework,K,0.0
Transformer-onehot,VH_framework,K,0.0
Transformer-onehot,VH_framework,K,0.0
Transformer-onehot,VH_framework,K,0.0
Transformer-onehot,VH_framework,K,0.0
Transformer-onehot,VH_framework,K,0.0
Transformer-onehot,VH_framework,K,0.0
Transformer-onehot,VH_framework,K,0.0
Transformer-onehot,VH_framework,K,0.0
Transformer-onehot,VH_framework,K,0.0
Transformer-onehot,VH_framework,K,0.0
Transformer-onehot,VH_framework,K,0.0
Transformer-onehot,VH_framework,K,0.0
Transformer-onehot,VH_framework,K,0.0
Transformer-onehot,VH_framework,K,0.0
Transformer-onehot,VH_framework,K,0.0
Transformer-onehot,VH_framework,K,0.0
Transformer-onehot,VH_framework,K,0.0
Transformer-onehot,VH_framework,K,0.0
Transformer-onehot,VH_framework,K,0.0
Transformer-onehot,VH_framework,K,0.0
Transformer-onehot,VH_framework,K,0.0
Transformer-onehot,VH_framework,K,0.0
Transformer-onehot,VH_framework,K,0.0
Transformer-onehot,VH_framework,K,0.0
Transformer-onehot,VH_framework,K,0.0
Transformer-onehot,VH_framework,K,0.0
Transformer-onehot,VH_framework,K,0.0
Transformer-onehot,VH_framework,K,0.0
Transformer-onehot,VH_framework,K,0.0
Transformer-onehot,VH_framework,K,0.0
Transformer-onehot,VH_framework,K,0.0
Transformer-onehot,VH_framework,K,0.0
Transformer-onehot,VH_framework,K,0.0
Transformer-onehot,VH_framework,K,0.0
Transformer-onehot,VH_framework,K,0.0
Transformer-onehot,VH_framework,K,0.0
Transformer-onehot,VH_framework,K,0.0
Transformer-onehot,VH_framework,K,0.0
Transformer-onehot,VH_framework,K,0.0
Transformer-onehot,VH_framework,K,0.0
Transformer-onehot,VH_framework,K,0.0
Transformer-onehot,VH_framework,K,0.0
Transformer-onehot,VH_framework,K,0.0
Transformer-onehot,VH_framework,K,0.0
Transformer-onehot,VH_framework,K,0.0
Transformer-onehot,VH_framework,K,0.0
Transformer-onehot,VH_framework,K,0.0
Transformer-onehot,VH_framework,K,0.0
Transformer-onehot,VH_framework,K,0.0
Transformer-onehot,VH_framework,K,0.0
Transformer-onehot,VH_framework,K,0.0
Transformer-onehot,VH_framework,K,0.0
Transformer-onehot,VH_framework,K,0.0
Transformer-onehot,VH_framework,K,0.0
Transformer-onehot,VH_framework,K,0.0
Transformer-onehot,VH_framework,K,0.0
Transformer-onehot,VH_framework,K,0.0
Transformer-onehot,VH_framework,K,0.0
Transformer-onehot,VH_framework,K,0.0
Transformer-onehot,VH_framework,K,0.0
Transformer-onehot,VH_framework,K,0.0
Transformer-onehot,VH_framework,K,0.0
Transformer-onehot,VH_framework,K,0.0
Transformer-onehot,VH_framework,K,0.0
Transformer-onehot,VH_framework,K,0.0
Transformer-onehot,VH_framework,K,0.0
Transformer-onehot,VH_framework,K,0.0
Transformer-onehot,VH_framework,K,0.0
Transformer-onehot,VH_framework,K,0.0
Transformer-onehot,VH_framework,K,0.0
Transformer-onehot,VH_framework,K,0.0
Transformer-onehot,VH_framework,K,0.0
Transformer-onehot,VH_framework,K,0.0
Transformer-onehot,VH_framework,K,0.0
Transformer-onehot,VH_framework,K,0.0
Transformer-onehot,VH_framework,K,0.0
Transformer-onehot,VH_framework,K,0.0
Transformer-onehot,VH_framework,K,0.0
Transformer-onehot,VH_framework,K,0.0
Transformer-onehot,VH_framework,K,0.0
Transformer-onehot,VH_framework,K,0.0
Transformer-onehot,VH_framework,K,0.0
Transformer-onehot,VH_framework,K,0.0
Transformer-onehot,VH_framework,K,0.0
Transformer-onehot,VH_framework,K,0.0
Transformer-onehot,VH_framework,K,0.0
Transformer-onehot,VH_framework,K,0.0
Transformer-onehot,VH_framework,K,0.0
Transformer-onehot,VH_framework,K,0.0
Transformer-onehot,VH_framework,K,0.0
Transformer-onehot,VH_framework,K,0.0
Transformer-onehot,VH_framework,K,0.0
Transformer-onehot,VH_framework,K,0.0
Transformer-onehot,VH_framework,K,0.0
Transformer-onehot,VH_framework,K,0.0
Transformer-onehot,VH_framework,K,0.0
Transformer-onehot,VH_framework,K,0.0
Transformer-onehot,VH_framework,K,0.0
Transformer-onehot,VH_framework,K,0.0
Transformer-onehot,VH_framework,K,0.0
Transformer-onehot,VH_framework,K,0.0
Transformer-onehot,VH_framework,K,0.0
Transformer-onehot,VH_framework,K,0.0
Transformer-onehot,VH_framework,K,0.0
Transformer-onehot,VH_framework,K,0.0
Transformer-onehot,VH_framework,K,0.0
Transformer-onehot,VH_framework,K,0.0
Transformer-onehot,VH_framework,K,0.0
Transformer-onehot,VH_framework,K,0.0
Transformer-onehot,VH_framework,K,0.0
Transformer-onehot,VH_framework,K,0.0
Transformer-onehot,VH_framework,K,0.0
Transformer-onehot,VH_framework,K,0.0
Transformer-onehot,VH_framework,K,0.0
Transformer-onehot,VH_framework,K,0.0
Transformer-onehot,VH_framework,K,0.0
Transformer-onehot,VH_framework,K,0.0
Transformer-onehot,VH_framework,K,0.0
Transformer-onehot,VH_framework,K,0.0
Transformer-onehot,VH_framework,K,0.0
Transformer-onehot,VH_framework,K,0.0
Transformer-onehot,VH_framework,K,0.0
Transformer-onehot,VH_framework,K,0.0
Transformer-onehot,VH_framework,K,0.0
Transformer-onehot,VH_framework,K,0.0
Transformer-onehot,VH_framework,K,0.0
Transformer-onehot,VH_framework,K,0.0
Transformer-onehot,VH_framework,K,0.0
Transformer-onehot,VH_framework,K,0.0
Transformer-onehot,VH_framework,K,0.0
Transformer-onehot,VH_framework,K,0.0
Transformer-onehot,VH_framework,K,0.0
Transformer-onehot,VH_framework,K,0.0
Transformer-onehot,VH_framework,K,0.0
Transformer-onehot,VH_framework,K,0.0
Transformer-onehot,VH_framework,K,0.0
Transformer-onehot,VH_framework,K,0.0
Transformer-onehot,VH_framework,K,0.0
Transformer-onehot,VH_framework,K,0.0
Transformer-onehot,VH_framework,K,0.0
Transformer-onehot,VH_framework,K,0.0
Transformer-onehot,VH_framework,K,0.0
Transformer-onehot,VH_framework,K,0.0
Transformer-onehot,VH_framework,K,0.0
Transformer-onehot,VH_framework,K,0.0
Transformer-onehot,VH_framework,K,0.0
Transformer-onehot,VH_framework,K,0.0
Transformer-onehot,VH_framework,K,0.0
Transformer-onehot,VH_framework,K,0.0
Transformer-onehot,VH_framework,K,0.0
Transformer-onehot,VH_framework,K,0.0
Transformer-onehot,VH_framework,K,0.0
Transformer-onehot,VH_framework,K,0.0
Transformer-onehot,VH_framework,K,0.0
Transformer-onehot,VH_framework,K,0.0
Transformer-onehot,VH_framework,K,0.0
Transformer-onehot,VH_framework,K,0.0
Transformer-onehot,VH_framework,K,0.0
Transformer-onehot,VH_framework,K,0.0
Transformer-onehot,VH_framework,K,0.0
Transformer-onehot,VH_framework,K,0.0
Transformer-onehot,VH_framework,K,0.0
Transformer-onehot,VH_framework,K,0.0
Transformer-onehot,VH_framework,K,0.0
Transformer-onehot,VH_framework,K,0.0
Transformer-onehot,VH_framework,K,0.0
Transformer-onehot,VH_framework,K,0.0
Transformer-onehot,VH_framework,K,0.0
Transformer-onehot,VH_framework,K,0.0
Transformer-onehot,VH_framework,K,0.0
Transformer-onehot,VH_framework,K,0.0
Transformer-onehot,VH_framework,K,0.0
Transformer-onehot,VH_framework,K,0.0
Transformer-onehot,VH_framework,K,0.0
Transformer-onehot,VH_framework,K,0.0
Transformer-onehot,VH_framework,K,0.0
Transformer-onehot,VH_framework,K,0.0
Transformer-onehot,VH_framework,K,0.0
Transformer-onehot,VH_framework,K,0.0
Transformer-onehot,VH_framework,K,0.0
Transformer-onehot,VH_framework,K,0.0
Transformer-onehot,VH_framework,K,0.0
Transformer-onehot,VH_framework,K,0.0
Transformer-onehot,VH_framework,K,0.0
Transformer-onehot,VH_framework,K,0.0
Transformer-onehot,VH_framework,K,0.0
Transformer-onehot,VH_framework,K,0.0
Transformer-onehot,VH_framework,K,0.0
Transformer-onehot,VH_framework,K,0.0
Transformer-onehot,VH_framework,K,0.0
Transformer-onehot,VH_framework,K,0.0
Transformer-onehot,VH_framework,K,0.0
Transformer-onehot,VH_framework,K,0.0
Transformer-onehot,VH_framework,K,0.0
Transformer-onehot,VH_framework,K,0.0
Transformer-onehot,VH_framework,K,0.0
Transformer-onehot,VH_framework,K,0.0
Transformer-onehot,VH_framework,K,0.0
Transformer-onehot,VH_framework,K,0.0
Transformer-onehot,VH_framework,K,0.0
Transformer-onehot,VH_framework,K,0.0
Transformer-onehot,VH_framework,K,0.0
Transformer-onehot,VH_framework,K,0.0
Transformer-onehot,VH_framework,K,0.0
Transformer-onehot,VH_framework,K,0.0
Transformer-onehot,VH_framework,K,0.0
Transformer-onehot,VH_framework,K,0.0
Transformer-onehot,VH_framework,K,0.0
Transformer-onehot,VH_framework,K,0.0
Transformer-onehot,VH_framework,K,0.0
Transformer-onehot,VH_framework,K,0.0
Transformer-onehot,VH_framework,K,0.0
Transformer-onehot,VH_framework,K,0.0
Transformer-onehot,VH_framework,K,0.0
Transformer-onehot,VH_framework,K,0.0
Transformer-onehot,VH_framework,K,0.0
Transformer-onehot,VH_framework,K,0.0
Transformer-onehot,VH_framework,K,0.0
Transformer-onehot,VH_framework,K,0.0
Transformer-onehot,VH_framework,K,0.0
Transformer-onehot,VH_framework,K,0.0
Transformer-onehot,VH_framework,K,0.0
Transformer-onehot,VH_framework,K,0.0
Transformer-onehot,VH_framework,K,0.0
Transformer-onehot,VH_framework,K,0.0
Transformer-onehot,VH_framework,K,0.0
Transformer-onehot,VH_framework,K,0.0
Transformer-onehot,VH_framework,K,0.0
Transformer-onehot,VH_framework,K,0.0
Transformer-onehot,VH_framework,K,0.0
Transformer-onehot,VH_framework,K,0.0
Transformer-onehot,VH_framework,K,0.0
Transformer-onehot,VH_framework,K,0.0
Transformer-onehot,VH_framework,K,0.0
Transformer-onehot,VH_framework,K,0.0
Transformer-onehot,VH_framework,K,0.0
Transformer-onehot,VH_framework,K,0.0
Transformer-onehot,VH_framework,K,0.0
Transformer-onehot,VH_framework,K,0.0
Transformer-onehot,VH_framework,K,0.0
Transformer-onehot,VH_framework,K,0.0
Transformer-onehot,VH_framework,K,0.0
Transformer-onehot,VH_framework,K,0.0
Transformer-onehot,VH_framework,K,0.0
Transformer-onehot,VH_framework,K,0.0
Transformer-onehot,VH_framework,K,0.0
Transformer-onehot,VH_framework,K,0.0
Transformer-onehot,VH_framework,K,0.0
Transformer-onehot,VH_framework,K,0.0
Transformer-onehot,VH_framework,K,0.0
Transformer-onehot,VH_framework,K,0.0
Transformer-onehot,VH_framework,K,0.0
Transformer-onehot,VH_framework,K,0.0
Transformer-onehot,VH_framework,K,0.0
Transformer-onehot,VH_framework,K,0.0
Transformer-onehot,VH_framework,K,0.0
Transformer-onehot,VH_framework,K,0.0
Transformer-onehot,VH_framework,K,0.0
Transformer-onehot,VH_framework,K,0.0
Transformer-onehot,VH_framework,K,0.0
Transformer-onehot,VH_framework,K,0.0
Transformer-onehot,VH_framework,K,0.0
Transformer-onehot,VH_framework,K,0.0
Transformer-onehot,VH_framework,K,0.0
Transformer-onehot,VH_framework,K,0.0
Transformer-onehot,VH_framework,K,0.0
Transformer-onehot,VH_framework,K,0.0
Transformer-onehot,VH_framework,K,0.0
Transformer-onehot,VH_framework,K,0.0
Transformer-onehot,VH_framework,K,0.0
Transformer-onehot,VH_framework,K,0.0
Transformer-onehot,VH_framework,K,0.0
Transformer-onehot,VH_framework,K,0.0
Transformer-onehot,VH_framework,K,0.0
Transformer-onehot,VH_framework,K,0.0
Transformer-onehot,VH_framework,K,0.0
Transformer-onehot,VH_framework,K,0.0
Transformer-onehot,VH_framework,K,0.0
Transformer-onehot,VH_framework,K,0.0
Transformer-onehot,VH_framework,K,0.0
Transformer-onehot,VH_framework,K,0.0
Transformer-onehot,VH_framework,K,0.0
Transformer-onehot,VH_framework,K,0.0
Transformer-onehot,VH_framework,K,0.0
Transformer-onehot,VH_framework,K,0.0
Transformer-onehot,VH_framework,K,0.0
Transformer-onehot,VH_framework,K,0.0
Transformer-onehot,VH_framework,K,0.0
Transformer-onehot,VH_framework,K,0.0
Transformer-onehot,VH_framework,K,0.0
Transformer-onehot,VH_framework,K,0.0
Transformer-onehot,VH_framework,K,0.0
Transformer-onehot,VH_framework,K,0.0
Transformer-onehot,VH_framework,K,0.0
Transformer-onehot,VH_framework,K,0.0
Transformer-onehot,VH_framework,K,0.0
Transformer-onehot,VH_framework,K,0.0
Transformer-onehot,VH_framework,K,0.0
Transformer-onehot,VH_framework,K,0.0
Transformer-onehot,VH_framework,K,0.0
Transformer-onehot,VH_framework,K,0.0
Transformer-onehot,VH_framework,K,0.0
Transformer-onehot,VH_framework,K,0.0
Transformer-onehot,VH_framework,K,0.0
Transformer-onehot,VH_framework,K,0.0
Transformer-onehot,VH_framework,K,0.0
Transformer-onehot,VH_framework,K,0.0
Transformer-onehot,VH_framework,K,0.0
Transformer-onehot,VH_framework,K,0.0
Transformer-onehot,VH_framework,K,0.0
Transformer-onehot,VH_framework,K,0.0
Transformer-onehot,VH_framework,K,0.0
Transformer-onehot,VH_framework,K,0.0
Transformer-onehot,VH_framework,K,0.0
Transformer-onehot,VH_framework,K,0.0
Transformer-onehot,VH_framework,K,0.0
Transformer-onehot,VH_framework,K,0.0
Transformer-onehot,VH_framework,K,0.0
Transformer-onehot,VH_framework,K,0.0
Transformer-onehot,VH_framework,K,0.0
Transformer-onehot,VH_framework,K,0.0
Transformer-onehot,VH_framework,K,0.0
Transformer-onehot,VH_framework,K,0.0
Transformer-onehot,VH_framework,K,0.0
Transformer-onehot,VH_framework,K,0.0
Transformer-onehot,VH_framework,K,0.0
Transformer-onehot,VH_framework,K,0.0
Transformer-onehot,VH_framework,K,0.0
Transformer-onehot,VH_framework,K,0.0
Transformer-onehot,VH_framework,K,0.0
Transformer-onehot,VH_framework,K,0.0
Transformer-onehot,VH_framework,K,0.0
Transformer-onehot,VH_framework,K,0.0
Transformer-onehot,VH_framework,K,0.0
Transformer-onehot,VH_framework,K,0.0
Transformer-onehot,VH_framework,K,0.0
Transformer-onehot,VH_framework,K,0.0
Transformer-onehot,VH_framework,K,0.0
Transformer-onehot,VH_framework,K,0.0
Transformer-onehot,VH_framework,K,0.0
Transformer-onehot,VH_framework,K,0.0
Transformer-onehot,VH_framework,K,0.0
Transformer-onehot,VH_framework,K,0.0
Transformer-onehot,VH_framework,K,0.0
Transformer-onehot,VH_framework,K,0.0
Transformer-onehot,VH_framework,K,0.0
Transformer-onehot,VH_framework,K,0.0
Transformer-onehot,VH_framework,K,0.0
Transformer-onehot,VH_framework,K,0.0
Transformer-onehot,VH_framework,K,0.0
Transformer-onehot,VH_framework,K,0.0
Transformer-onehot,VH_framework,K,0.0
Transformer-onehot,VH_framework,K,0.0
Transformer-onehot,VH_framework,K,0.0
Transformer-onehot,VH_framework,K,0.0
Transformer-onehot,VH_framework,K,0.0
Transformer-onehot,VH_framework,K,0.0
Transformer-onehot,VH_framework,K,0.0
Transformer-onehot,VH_framework,K,0.0
Transformer-onehot,VH_framework,K,0.0
Transformer-onehot,VH_framework,K,0.0
Transformer-onehot,VH_framework,K,0.0
Transformer-onehot,VH_framework,K,0.0
Transformer-onehot,VH_framework,K,0.0
Transformer-onehot,VH_framework,K,0.0
Transformer-onehot,VH_framework,K,0.0
Transformer-onehot,VH_framework,K,0.0
Transformer-onehot,VH_framework,K,0.0
Transformer-onehot,VH_framework,K,0.0
Transformer-onehot,VH_framework,K,0.0
Transformer-onehot,VH_framework,K,0.0
Transformer-onehot,VH_framework,K,0.0
Transformer-onehot,VH_framework,K,0.0
Transformer-onehot,VH_framework,K,0.0
Transformer-onehot,VH_framework,K,0.0
Transformer-onehot,VH_framework,K,0.0
Transformer-onehot,VH_framework,K,0.0
Transformer-onehot,VH_framework,K,0.0
Transformer-onehot,VH_framework,K,0.0
Transformer-onehot,VH_framework,K,0.0
Transformer-onehot,VH_framework,K,0.0
Transformer-onehot,VH_framework,K,0.0
Transformer-onehot,VH_framework,K,0.0
Transformer-onehot,VH_framework,K,0.0
Transformer-onehot,VH_framework,K,0.0
Transformer-onehot,VH_framework,K,0.0
Transformer-onehot,VH_framework,K,0.0
Transformer-onehot,VH_framework,K,0.0
Transformer-onehot,VH_framework,K,0.0
Transformer-onehot,VH_framework,K,0.0
Transformer-onehot,VH_framework,K,0.0
Transformer-onehot,VH_framework,K,0.0
Transformer-onehot,VH_framework,K,0.0
Transformer-onehot,VH_framework,K,0.0
Transformer-onehot,VH_framework,K,0.0
Transformer-onehot,VH_framework,K,0.0
Transformer-onehot,VH_framework,K,0.0
Transformer-onehot,VH_framework,K,0.0
Transformer-onehot,VH_framework,K,0.0
Transformer-onehot,VH_framework,K,0.0
Transformer-onehot,VH_framework,K,0.0
Transformer-onehot,VH_framework,K,0.0
Transformer-onehot,VH_framework,K,0.0
Transformer-onehot,VH_framework,K,0.0
Transformer-onehot,VH_framework,K,0.0
Transformer-onehot,VH_framework,K,0.0
Transformer-onehot,VH_framework,K,0.0
Transformer-onehot,VH_framework,K,0.0
Transformer-onehot,VH_framework,K,0.0
Transformer-onehot,VH_framework,K,0.0
Transformer-onehot,VH_framework,K,0.0
Transformer-onehot,VH_framework,K,0.0
Transformer-onehot,VH_framework,K,0.0
Transformer-onehot,VH_framework,K,0.0
Transformer-onehot,VH_framework,K,0.0
Transformer-onehot,VH_framework,K,0.0
Transformer-onehot,VH_framework,K,0.0
Transformer-onehot,VH_framework,K,0.0
Transformer-onehot,VH_framework,K,0.0
Transformer-onehot,VH_framework,K,0.0
Transformer-onehot,VH_framework,K,0.0
Transformer-onehot,VH_framework,K,0.0
Transformer-onehot,VH_framework,K,0.0
Transformer-onehot,VH_framework,K,0.0
Transformer-onehot,VH_framework,K,0.0
Transformer-onehot,VH_framework,K,0.0
Transformer-onehot,VH_framework,K,0.0
Transformer-onehot,VH_framework,K,0.0
Transformer-onehot,VH_framework,K,0.0
Transformer-onehot,VH_framework,K,0.0
Transformer-onehot,VH_framework,K,0.0
Transformer-onehot,VH_framework,K,0.0
Transformer-onehot,VH_framework,K,0.0
Transformer-onehot,VH_framework,K,0.0
Transformer-onehot,VH_framework,K,0.0
Transformer-onehot,VH_framework,K,0.0
Transformer-onehot,VH_framework,K,0.0
Transformer-onehot,VH_framework,K,0.0
Transformer-onehot,VH_framework,K,0.0
Transformer-onehot,VH_framework,K,0.0
Transformer-onehot,VH_framework,K,0.0
Transformer-onehot,VH_framework,K,0.0
Transformer-onehot,VH_framework,K,0.0
Transformer-onehot,VH_framework,K,0.0
Transformer-onehot,VH_framework,K,0.0
Transformer-onehot,VH_framework,K,0.0
Transformer-onehot,VH_framework,K,0.0
Transformer-onehot,VH_framework,K,0.0
Transformer-onehot,VH_framework,K,0.0
Transformer-onehot,VH_framework,K,0.0
Transformer-onehot,VH_framework,K,0.0
Transformer-onehot,VH_framework,K,0.0
Transformer-onehot,VH_framework,K,0.0
Transformer-onehot,VH_framework,K,0.0
Transformer-onehot,VH_framework,K,0.0
Transformer-onehot,VH_framework,K,0.0
Transformer-onehot,VH_framework,K,0.0
Transformer-onehot,VH_framework,K,0.0
Transformer-onehot,VH_framework,K,0.0
Transformer-onehot,VH_framework,K,0.0
Transformer-onehot,VH_framework,K,0.0
Transformer-onehot,VH_framework,K,0.0
Transformer-onehot,VH_framework,K,0.0
Transformer-onehot,VH_framework,K,0.0
Transformer-onehot,VH_framework,K,0.0
Transformer-onehot,VH_framework,K,0.0
Transformer-onehot,VH_framework,K,0.0
Transformer-onehot,VH_framework,K,0.0
Transformer-onehot,VH_framework,K,0.0
Transformer-onehot,VH_framework,K,0.0
Transformer-onehot,VH_framework,K,0.0
Transformer-onehot,VH_framework,K,0.0
Transformer-onehot,VH_framework,K,0.0
Transformer-onehot,VH_framework,K,0.0
Transformer-onehot,VH_framework,K,0.0
Transformer-onehot,VH_framework,K,0.0
Transformer-onehot,VH_framework,K,0.0
Transformer-onehot,VH_framework,K,0.0
Transformer-onehot,VH_framework,K,0.0
Transformer-onehot,VH_framework,K,0.0
Transformer-onehot,VH_framework,K,0.0
Transformer-onehot,VH_framework,K,0.0
Transformer-onehot,VH_framework,K,0.0
Transformer-onehot,VH_framework,L,0.0
Transformer-onehot,VH_framework,L,0.0
Transformer-onehot,VH_framework,L,0.0
Transformer-onehot,VH_framework,L,0.0
Transformer-onehot,VH_framework,L,0.0
Transformer-onehot,VH_framework,L,0.0
Transformer-onehot,VH_framework,L,0.0
Transformer-onehot,VH_framework,L,0.0
Transformer-onehot,VH_framework,L,0.0
Transformer-onehot,VH_framework,L,0.0
Transformer-onehot,VH_framework,L,0.0
Transformer-onehot,VH_framework,L,0.0
Transformer-onehot,VH_framework,L,0.0
Transformer-onehot,VH_framework,L,0.0
Transformer-onehot,VH_framework,L,0.0
Transformer-onehot,VH_framework,L,0.0
Transformer-onehot,VH_framework,L,0.0
Transformer-onehot,VH_framework,L,0.0
Transformer-onehot,VH_framework,L,0.0
Transformer-onehot,VH_framework,L,0.0
Transformer-onehot,VH_framework,L,0.0
Transformer-onehot,VH_framework,L,0.0
Transformer-onehot,VH_framework,L,0.0
Transformer-onehot,VH_framework,L,0.0
Transformer-onehot,VH_framework,L,0.0
Transformer-onehot,VH_framework,L,0.0
Transformer-onehot,VH_framework,L,0.0
Transformer-onehot,VH_framework,L,0.0
Transformer-onehot,VH_framework,L,0.0
Transformer-onehot,VH_framework,L,0.0
Transformer-onehot,VH_framework,L,0.0
Transformer-onehot,VH_framework,L,0.0
Transformer-onehot,VH_framework,L,0.0
Transformer-onehot,VH_framework,L,0.0
Transformer-onehot,VH_framework,L,0.0
Transformer-onehot,VH_framework,L,0.0
Transformer-onehot,VH_framework,L,0.0
Transformer-onehot,VH_framework,L,0.0
Transformer-onehot,VH_framework,L,0.0
Transformer-onehot,VH_framework,L,0.0
Transformer-onehot,VH_framework,L,0.0
Transformer-onehot,VH_framework,L,0.0
Transformer-onehot,VH_framework,L,0.0
Transformer-onehot,VH_framework,L,0.0
Transformer-onehot,VH_framework,L,0.0
Transformer-onehot,VH_framework,L,0.0
Transformer-onehot,VH_framework,L,0.0
Transformer-onehot,VH_framework,L,0.0
Transformer-onehot,VH_framework,L,0.0
Transformer-onehot,VH_framework,L,0.0
Transformer-onehot,VH_framework,L,0.0
Transformer-onehot,VH_framework,L,0.0
Transformer-onehot,VH_framework,L,0.0
Transformer-onehot,VH_framework,L,0.0
Transformer-onehot,VH_framework,L,0.0
Transformer-onehot,VH_framework,L,0.0
Transformer-onehot,VH_framework,L,0.0
Transformer-onehot,VH_framework,L,0.0
Transformer-onehot,VH_framework,L,0.0
Transformer-onehot,VH_framework,L,0.0
Transformer-onehot,VH_framework,L,0.0
Transformer-onehot,VH_framework,L,0.0
Transformer-onehot,VH_framework,L,0.0
Transformer-onehot,VH_framework,L,0.0
Transformer-onehot,VH_framework,L,0.0
Transformer-onehot,VH_framework,L,0.0
Transformer-onehot,VH_framework,L,0.0
Transformer-onehot,VH_framework,L,0.0
Transformer-onehot,VH_framework,L,0.0
Transformer-onehot,VH_framework,L,0.0
Transformer-onehot,VH_framework,L,0.0
Transformer-onehot,VH_framework,L,0.0
Transformer-onehot,VH_framework,L,0.0
Transformer-onehot,VH_framework,L,0.0
Transformer-onehot,VH_framework,L,0.0
Transformer-onehot,VH_framework,L,0.0
Transformer-onehot,VH_framework,L,0.0
Transformer-onehot,VH_framework,L,0.0
Transformer-onehot,VH_framework,L,0.0
Transformer-onehot,VH_framework,L,0.0
Transformer-onehot,VH_framework,L,0.0
Transformer-onehot,VH_framework,L,0.0
Transformer-onehot,VH_framework,L,0.0
Transformer-onehot,VH_framework,L,0.0
Transformer-onehot,VH_framework,L,0.0
Transformer-onehot,VH_framework,L,0.0
Transformer-onehot,VH_framework,L,0.0
Transformer-onehot,VH_framework,L,0.0
Transformer-onehot,VH_framework,L,0.0
Transformer-onehot,VH_framework,L,0.0
Transformer-onehot,VH_framework,L,0.0
Transformer-onehot,VH_framework,L,0.0
Transformer-onehot,VH_framework,L,0.0
Transformer-onehot,VH_framework,L,0.0
Transformer-onehot,VH_framework,L,0.0
Transformer-onehot,VH_framework,L,0.0
Transformer-onehot,VH_framework,L,0.0
Transformer-onehot,VH_framework,L,0.0
Transformer-onehot,VH_framework,L,0.0
Transformer-onehot,VH_framework,L,0.0
Transformer-onehot,VH_framework,L,0.0
Transformer-onehot,VH_framework,L,0.0
Transformer-onehot,VH_framework,L,0.0
Transformer-onehot,VH_framework,L,0.0
Transformer-onehot,VH_framework,L,0.0
Transformer-onehot,VH_framework,L,0.0
Transformer-onehot,VH_framework,L,0.0
Transformer-onehot,VH_framework,L,0.0
Transformer-onehot,VH_framework,L,0.0
Transformer-onehot,VH_framework,L,0.0
Transformer-onehot,VH_framework,L,0.0
Transformer-onehot,VH_framework,L,0.0
Transformer-onehot,VH_framework,L,0.0
Transformer-onehot,VH_framework,L,0.0
Transformer-onehot,VH_framework,L,0.0
Transformer-onehot,VH_framework,L,0.0
Transformer-onehot,VH_framework,L,0.0
Transformer-onehot,VH_framework,L,0.0
Transformer-onehot,VH_framework,L,0.0
Transformer-onehot,VH_framework,L,0.0
Transformer-onehot,VH_framework,L,0.0
Transformer-onehot,VH_framework,L,0.0
Transformer-onehot,VH_framework,L,0.0
Transformer-onehot,VH_framework,L,0.0
Transformer-onehot,VH_framework,L,0.0
Transformer-onehot,VH_framework,L,0.0
Transformer-onehot,VH_framework,L,0.0
Transformer-onehot,VH_framework,L,0.0
Transformer-onehot,VH_framework,L,0.0
Transformer-onehot,VH_framework,L,0.0
Transformer-onehot,VH_framework,L,0.0
Transformer-onehot,VH_framework,L,0.0
Transformer-onehot,VH_framework,L,0.0
Transformer-onehot,VH_framework,L,0.0
Transformer-onehot,VH_framework,L,0.0
Transformer-onehot,VH_framework,L,0.0
Transformer-onehot,VH_framework,L,0.0
Transformer-onehot,VH_framework,L,0.0
Transformer-onehot,VH_framework,L,0.0
Transformer-onehot,VH_framework,L,0.0
Transformer-onehot,VH_framework,L,0.0
Transformer-onehot,VH_framework,L,0.0
Transformer-onehot,VH_framework,L,0.0
Transformer-onehot,VH_framework,L,0.0
Transformer-onehot,VH_framework,L,0.0
Transformer-onehot,VH_framework,L,0.0
Transformer-onehot,VH_framework,L,0.0
Transformer-onehot,VH_framework,L,0.0
Transformer-onehot,VH_framework,L,0.0
Transformer-onehot,VH_framework,L,0.0
Transformer-onehot,VH_framework,L,0.0
Transformer-onehot,VH_framework,L,0.0
Transformer-onehot,VH_framework,L,0.0
Transformer-onehot,VH_framework,L,0.0
Transformer-onehot,VH_framework,L,0.0
Transformer-onehot,VH_framework,L,0.0
Transformer-onehot,VH_framework,L,0.0
Transformer-onehot,VH_framework,L,0.0
Transformer-onehot,VH_framework,L,0.0
Transformer-onehot,VH_framework,L,0.0
Transformer-onehot,VH_framework,L,0.0
Transformer-onehot,VH_framework,L,0.0
Transformer-onehot,VH_framework,L,0.0
Transformer-onehot,VH_framework,L,0.0
Transformer-onehot,VH_framework,L,0.0
Transformer-onehot,VH_framework,L,0.0
Transformer-onehot,VH_framework,L,0.0
Transformer-onehot,VH_framework,L,0.0
Transformer-onehot,VH_framework,L,0.0
Transformer-onehot,VH_framework,L,0.0
Transformer-onehot,VH_framework,L,0.0
Transformer-onehot,VH_framework,L,0.0
Transformer-onehot,VH_framework,L,0.0
Transformer-onehot,VH_framework,L,0.0
Transformer-onehot,VH_framework,L,0.0
Transformer-onehot,VH_framework,L,0.0
Transformer-onehot,VH_framework,L,0.0
Transformer-onehot,VH_framework,L,0.0
Transformer-onehot,VH_framework,L,0.0
Transformer-onehot,VH_framework,L,0.0
Transformer-onehot,VH_framework,L,0.0
Transformer-onehot,VH_framework,L,0.0
Transformer-onehot,VH_framework,L,0.0
Transformer-onehot,VH_framework,L,0.0
Transformer-onehot,VH_framework,L,0.0
Transformer-onehot,VH_framework,L,0.0
Transformer-onehot,VH_framework,L,0.0
Transformer-onehot,VH_framework,L,0.0
Transformer-onehot,VH_framework,L,0.0
Transformer-onehot,VH_framework,L,0.0
Transformer-onehot,VH_framework,L,0.0
Transformer-onehot,VH_framework,L,0.0
Transformer-onehot,VH_framework,L,0.0
Transformer-onehot,VH_framework,L,0.0
Transformer-onehot,VH_framework,L,0.0
Transformer-onehot,VH_framework,L,0.0
Transformer-onehot,VH_framework,L,0.0
Transformer-onehot,VH_framework,L,0.0
Transformer-onehot,VH_framework,L,0.0
Transformer-onehot,VH_framework,L,0.0
Transformer-onehot,VH_framework,L,0.0
Transformer-onehot,VH_framework,L,0.0
Transformer-onehot,VH_framework,L,0.0
Transformer-onehot,VH_framework,L,0.0
Transformer-onehot,VH_framework,L,0.0
Transformer-onehot,VH_framework,L,0.0
Transformer-onehot,VH_framework,L,0.0
Transformer-onehot,VH_framework,L,0.0
Transformer-onehot,VH_framework,L,0.0
Transformer-onehot,VH_framework,L,0.0
Transformer-onehot,VH_framework,L,0.0
Transformer-onehot,VH_framework,L,0.0
Transformer-onehot,VH_framework,L,0.0
Transformer-onehot,VH_framework,L,0.0
Transformer-onehot,VH_framework,L,0.0
Transformer-onehot,VH_framework,L,0.0
Transformer-onehot,VH_framework,L,0.0
Transformer-onehot,VH_framework,L,0.0
Transformer-onehot,VH_framework,L,0.0
Transformer-onehot,VH_framework,L,0.0
Transformer-onehot,VH_framework,L,0.0
Transformer-onehot,VH_framework,L,0.0
Transformer-onehot,VH_framework,L,0.0
Transformer-onehot,VH_framework,L,0.0
Transformer-onehot,VH_framework,L,0.0
Transformer-onehot,VH_framework,L,0.0
Transformer-onehot,VH_framework,L,0.0
Transformer-onehot,VH_framework,L,0.0
Transformer-onehot,VH_framework,L,0.0
Transformer-onehot,VH_framework,L,0.0
Transformer-onehot,VH_framework,L,0.0
Transformer-onehot,VH_framework,L,0.0
Transformer-onehot,VH_framework,L,0.0
Transformer-onehot,VH_framework,L,0.0
Transformer-onehot,VH_framework,L,0.0
Transformer-onehot,VH_framework,L,0.0
Transformer-onehot,VH_framework,L,0.0
Transformer-onehot,VH_framework,L,0.0
Transformer-onehot,VH_framework,L,0.0
Transformer-onehot,VH_framework,L,0.0
Transformer-onehot,VH_framework,L,0.0
Transformer-onehot,VH_framework,L,0.0
Transformer-onehot,VH_framework,L,0.0
Transformer-onehot,VH_framework,L,0.0
Transformer-onehot,VH_framework,L,0.0
Transformer-onehot,VH_framework,L,0.0
Transformer-onehot,VH_framework,L,0.0
Transformer-onehot,VH_framework,L,0.0
Transformer-onehot,VH_framework,L,0.0
Transformer-onehot,VH_framework,L,0.0
Transformer-onehot,VH_framework,L,0.0
Transformer-onehot,VH_framework,L,0.0
Transformer-onehot,VH_framework,L,0.0
Transformer-onehot,VH_framework,L,0.0
Transformer-onehot,VH_framework,L,0.0
Transformer-onehot,VH_framework,L,0.0
Transformer-onehot,VH_framework,L,0.0
Transformer-onehot,VH_framework,L,0.0
Transformer-onehot,VH_framework,L,0.0
Transformer-onehot,VH_framework,L,0.0
Transformer-onehot,VH_framework,L,0.0
Transformer-onehot,VH_framework,L,0.0
Transformer-onehot,VH_framework,L,0.0
Transformer-onehot,VH_framework,L,0.0
Transformer-onehot,VH_framework,L,0.0
Transformer-onehot,VH_framework,L,0.0
Transformer-onehot,VH_framework,L,0.0
Transformer-onehot,VH_framework,L,0.0
Transformer-onehot,VH_framework,L,0.0
Transformer-onehot,VH_framework,L,0.0
Transformer-onehot,VH_framework,L,0.0
Transformer-onehot,VH_framework,L,0.0
Transformer-onehot,VH_framework,L,0.0
Transformer-onehot,VH_framework,L,0.0
Transformer-onehot,VH_framework,L,0.0
Transformer-onehot,VH_framework,L,0.0
Transformer-onehot,VH_framework,L,0.0
Transformer-onehot,VH_framework,L,0.0
Transformer-onehot,VH_framework,L,0.0
Transformer-onehot,VH_framework,L,0.0
Transformer-onehot,VH_framework,L,0.0
Transformer-onehot,VH_framework,L,0.0
Transformer-onehot,VH_framework,L,0.0
Transformer-onehot,VH_framework,L,0.0
Transformer-onehot,VH_framework,L,0.0
Transformer-onehot,VH_framework,L,0.0
Transformer-onehot,VH_framework,L,0.0
Transformer-onehot,VH_framework,L,0.0
Transformer-onehot,VH_framework,L,0.0
Transformer-onehot,VH_framework,L,0.0
Transformer-onehot,VH_framework,L,0.0
Transformer-onehot,VH_framework,L,0.0
Transformer-onehot,VH_framework,L,0.0
Transformer-onehot,VH_framework,L,0.0
Transformer-onehot,VH_framework,L,0.0
Transformer-onehot,VH_framework,L,0.0
Transformer-onehot,VH_framework,L,0.0
Transformer-onehot,VH_framework,L,0.0
Transformer-onehot,VH_framework,L,0.0
Transformer-onehot,VH_framework,L,0.0
Transformer-onehot,VH_framework,L,0.0
Transformer-onehot,VH_framework,L,0.0
Transformer-onehot,VH_framework,L,0.0
Transformer-onehot,VH_framework,L,0.0
Transformer-onehot,VH_framework,L,0.0
Transformer-onehot,VH_framework,L,0.0
Transformer-onehot,VH_framework,L,0.0
Transformer-onehot,VH_framework,L,0.0
Transformer-onehot,VH_framework,L,0.0
Transformer-onehot,VH_framework,L,0.0
Transformer-onehot,VH_framework,L,0.0
Transformer-onehot,VH_framework,L,0.0
Transformer-onehot,VH_framework,L,0.0
Transformer-onehot,VH_framework,L,0.0
Transformer-onehot,VH_framework,L,0.0
Transformer-onehot,VH_framework,L,0.0
Transformer-onehot,VH_framework,L,0.0
Transformer-onehot,VH_framework,L,0.0
Transformer-onehot,VH_framework,L,0.0
Transformer-onehot,VH_framework,L,0.0
Transformer-onehot,VH_framework,L,0.0
Transformer-onehot,VH_framework,L,0.0
Transformer-onehot,VH_framework,L,0.0
Transformer-onehot,VH_framework,L,0.0
Transformer-onehot,VH_framework,L,0.0
Transformer-onehot,VH_framework,L,0.0
Transformer-onehot,VH_framework,L,0.0
Transformer-onehot,VH_framework,L,0.0
Transformer-onehot,VH_framework,L,0.0
Transformer-onehot,VH_framework,L,0.0
Transformer-onehot,VH_framework,L,0.0
Transformer-onehot,VH_framework,L,0.0
Transformer-onehot,VH_framework,L,0.0
Transformer-onehot,VH_framework,L,0.0
Transformer-onehot,VH_framework,L,0.0
Transformer-onehot,VH_framework,L,0.0
Transformer-onehot,VH_framework,L,0.0
Transformer-onehot,VH_framework,L,0.0
Transformer-onehot,VH_framework,L,0.0
Transformer-onehot,VH_framework,L,0.0
Transformer-onehot,VH_framework,L,0.0
Transformer-onehot,VH_framework,L,0.0
Transformer-onehot,VH_framework,L,0.0
Transformer-onehot,VH_framework,L,0.0
Transformer-onehot,VH_framework,L,0.0
Transformer-onehot,VH_framework,L,0.0
Transformer-onehot,VH_framework,L,0.0
Transformer-onehot,VH_framework,L,0.0
Transformer-onehot,VH_framework,L,0.0
Transformer-onehot,VH_framework,L,0.0
Transformer-onehot,VH_framework,L,0.0
Transformer-onehot,VH_framework,L,0.0
Transformer-onehot,VH_framework,L,0.0
Transformer-onehot,VH_framework,L,0.0
Transformer-onehot,VH_framework,L,0.0
Transformer-onehot,VH_framework,L,0.0
Transformer-onehot,VH_framework,L,0.0
Transformer-onehot,VH_framework,L,0.0
Transformer-onehot,VH_framework,L,0.0
Transformer-onehot,VH_framework,L,0.0
Transformer-onehot,VH_framework,L,0.0
Transformer-onehot,VH_framework,L,0.0
Transformer-onehot,VH_framework,L,0.0
Transformer-onehot,VH_framework,L,0.0
Transformer-onehot,VH_framework,L,0.0
Transformer-onehot,VH_framework,L,0.0
Transformer-onehot,VH_framework,L,0.0
Transformer-onehot,VH_framework,L,0.0
Transformer-onehot,VH_framework,L,0.0
Transformer-onehot,VH_framework,L,0.0
Transformer-onehot,VH_framework,L,0.0
Transformer-onehot,VH_framework,L,0.0
Transformer-onehot,VH_framework,L,0.0
Transformer-onehot,VH_framework,L,0.0
Transformer-onehot,VH_framework,L,0.0
Transformer-onehot,VH_framework,L,0.0
Transformer-onehot,VH_framework,L,0.0
Transformer-onehot,VH_framework,L,0.0
Transformer-onehot,VH_framework,L,0.0
Transformer-onehot,VH_framework,L,0.0
Transformer-onehot,VH_framework,L,0.0
Transformer-onehot,VH_framework,L,0.0
Transformer-onehot,VH_framework,L,0.0
Transformer-onehot,VH_framework,L,0.0
Transformer-onehot,VH_framework,L,0.0
Transformer-onehot,VH_framework,L,0.0
Transformer-onehot,VH_framework,L,0.0
Transformer-onehot,VH_framework,L,0.0
Transformer-onehot,VH_framework,L,0.0
Transformer-onehot,VH_framework,L,0.0
Transformer-onehot,VH_framework,L,0.0
Transformer-onehot,VH_framework,L,0.0
Transformer-onehot,VH_framework,L,0.0
Transformer-onehot,VH_framework,L,0.0
Transformer-onehot,VH_framework,L,0.0
Transformer-onehot,VH_framework,L,0.0
Transformer-onehot,VH_framework,L,0.0
Transformer-onehot,VH_framework,L,0.0
Transformer-onehot,VH_framework,L,0.0
Transformer-onehot,VH_framework,L,0.0
Transformer-onehot,VH_framework,L,0.0
Transformer-onehot,VH_framework,L,0.0
Transformer-onehot,VH_framework,L,0.0
Transformer-onehot,VH_framework,L,0.0
Transformer-onehot,VH_framework,L,0.0
Transformer-onehot,VH_framework,L,0.0
Transformer-onehot,VH_framework,L,0.0
Transformer-onehot,VH_framework,L,0.0
Transformer-onehot,VH_framework,L,0.0
Transformer-onehot,VH_framework,L,0.0
Transformer-onehot,VH_framework,L,0.0
Transformer-onehot,VH_framework,L,0.0
Transformer-onehot,VH_framework,L,0.0
Transformer-onehot,VH_framework,L,0.0
Transformer-onehot,VH_framework,L,0.0
Transformer-onehot,VH_framework,L,0.0
Transformer-onehot,VH_framework,L,0.0
Transformer-onehot,VH_framework,L,0.0
Transformer-onehot,VH_framework,L,0.0
Transformer-onehot,VH_framework,L,0.0
Transformer-onehot,VH_framework,L,0.0
Transformer-onehot,VH_framework,L,0.0
Transformer-onehot,VH_framework,L,0.0
Transformer-onehot,VH_framework,L,0.0
Transformer-onehot,VH_framework,L,0.0
Transformer-onehot,VH_framework,L,0.0
Transformer-onehot,VH_framework,L,0.0
Transformer-onehot,VH_framework,L,0.0
Transformer-onehot,VH_framework,L,0.0
Transformer-onehot,VH_framework,L,0.0
Transformer-onehot,VH_framework,L,0.0
Transformer-onehot,VH_framework,L,0.0
Transformer-onehot,VH_framework,L,0.0
Transformer-onehot,VH_framework,L,0.0
Transformer-onehot,VH_framework,L,0.0
Transformer-onehot,VH_framework,L,0.0
Transformer-onehot,VH_framework,L,0.0
Transformer-onehot,VH_framework,L,0.0
Transformer-onehot,VH_framework,L,0.0
Transformer-onehot,VH_framework,L,0.0
Transformer-onehot,VH_framework,L,0.0
Transformer-onehot,VH_framework,L,0.0
Transformer-onehot,VH_framework,L,0.0
Transformer-onehot,VH_framework,L,0.0
Transformer-onehot,VH_framework,L,0.0
Transformer-onehot,VH_framework,L,0.0
Transformer-onehot,VH_framework,L,0.0
Transformer-onehot,VH_framework,L,0.0
Transformer-onehot,VH_framework,L,0.0
Transformer-onehot,VH_framework,L,0.0
Transformer-onehot,VH_framework,L,0.0
Transformer-onehot,VH_framework,L,0.0
Transformer-onehot,VH_framework,L,0.0
Transformer-onehot,VH_framework,L,0.0
Transformer-onehot,VH_framework,L,0.0
Transformer-onehot,VH_framework,L,0.0
Transformer-onehot,VH_framework,L,0.0
Transformer-onehot,VH_framework,L,0.0
Transformer-onehot,VH_framework,L,0.0
Transformer-onehot,VH_framework,L,0.0
Transformer-onehot,VH_framework,L,0.0
Transformer-onehot,VH_framework,L,0.0
Transformer-onehot,VH_framework,L,0.0
Transformer-onehot,VH_framework,L,0.0
Transformer-onehot,VH_framework,L,0.0
Transformer-onehot,VH_framework,L,0.0
Transformer-onehot,VH_framework,L,0.0
Transformer-onehot,VH_framework,L,0.0
Transformer-onehot,VH_framework,L,0.0
Transformer-onehot,VH_framework,L,0.0
Transformer-onehot,VH_framework,L,0.0
Transformer-onehot,VH_framework,L,0.0
Transformer-onehot,VH_framework,L,0.0
Transformer-onehot,VH_framework,L,0.0
Transformer-onehot,VH_framework,L,0.0
Transformer-onehot,VH_framework,L,0.0
Transformer-onehot,VH_framework,L,0.0
Transformer-onehot,VH_framework,L,0.0
Transformer-onehot,VH_framework,L,0.0
Transformer-onehot,VH_framework,L,0.0
Transformer-onehot,VH_framework,L,0.0
Transformer-onehot,VH_framework,L,0.0
Transformer-onehot,VH_framework,L,0.0
Transformer-onehot,VH_framework,L,0.0
Transformer-onehot,VH_framework,L,0.0
Transformer-onehot,VH_framework,L,0.0
Transformer-onehot,VH_framework,L,0.0
Transformer-onehot,VH_framework,L,0.0
Transformer-onehot,VH_framework,L,0.0
Transformer-onehot,VH_framework,L,0.0
Transformer-onehot,VH_framework,L,0.0
Transformer-onehot,VH_framework,L,0.0
Transformer-onehot,VH_framework,L,0.0
Transformer-onehot,VH_framework,L,0.0
Transformer-onehot,VH_framework,L,0.0
Transformer-onehot,VH_framework,L,0.0
Transformer-onehot,VH_framework,L,0.0
Transformer-onehot,VH_framework,L,0.0
Transformer-onehot,VH_framework,L,0.0
Transformer-onehot,VH_framework,L,0.0
Transformer-onehot,VH_framework,M,0.0
Transformer-onehot,VH_framework,M,0.0
Transformer-onehot,VH_framework,M,0.0
Transformer-onehot,VH_framework,M,0.0
Transformer-onehot,VH_framework,M,0.0
Transformer-onehot,VH_framework,M,0.0
Transformer-onehot,VH_framework,M,0.0
Transformer-onehot,VH_framework,M,0.0
Transformer-onehot,VH_framework,M,0.0
Transformer-onehot,VH_framework,M,0.0
Transformer-onehot,VH_framework,M,0.0
Transformer-onehot,VH_framework,M,0.0
Transformer-onehot,VH_framework,M,0.0
Transformer-onehot,VH_framework,M,0.0
Transformer-onehot,VH_framework,M,0.0
Transformer-onehot,VH_framework,M,0.0
Transformer-onehot,VH_framework,M,0.0
Transformer-onehot,VH_framework,M,0.0
Transformer-onehot,VH_framework,M,0.0
Transformer-onehot,VH_framework,M,0.0
Transformer-onehot,VH_framework,M,0.0
Transformer-onehot,VH_framework,M,0.0
Transformer-onehot,VH_framework,M,0.0
Transformer-onehot,VH_framework,M,0.0
Transformer-onehot,VH_framework,M,0.0
Transformer-onehot,VH_framework,M,0.0
Transformer-onehot,VH_framework,M,0.0
Transformer-onehot,VH_framework,M,0.0
Transformer-onehot,VH_framework,M,0.0
Transformer-onehot,VH_framework,M,0.0
Transformer-onehot,VH_framework,M,0.0
Transformer-onehot,VH_framework,M,0.0
Transformer-onehot,VH_framework,M,0.0
Transformer-onehot,VH_framework,M,0.0
Transformer-onehot,VH_framework,M,0.0
Transformer-onehot,VH_framework,M,0.0
Transformer-onehot,VH_framework,M,0.0
Transformer-onehot,VH_framework,M,0.0
Transformer-onehot,VH_framework,M,0.0
Transformer-onehot,VH_framework,M,0.0
Transformer-onehot,VH_framework,M,0.0
Transformer-onehot,VH_framework,M,0.0
Transformer-onehot,VH_framework,M,0.0
Transformer-onehot,VH_framework,M,0.0
Transformer-onehot,VH_framework,M,0.0
Transformer-onehot,VH_framework,M,0.0
Transformer-onehot,VH_framework,M,0.0
Transformer-onehot,VH_framework,M,0.0
Transformer-onehot,VH_framework,M,0.0
Transformer-onehot,VH_framework,M,0.0
Transformer-onehot,VH_framework,M,0.0
Transformer-onehot,VH_framework,M,0.0
Transformer-onehot,VH_framework,M,0.0
Transformer-onehot,VH_framework,M,0.0
Transformer-onehot,VH_framework,M,0.0
Transformer-onehot,VH_framework,M,0.0
Transformer-onehot,VH_framework,M,0.0
Transformer-onehot,VH_framework,M,0.0
Transformer-onehot,VH_framework,M,0.0
Transformer-onehot,VH_framework,M,0.0
Transformer-onehot,VH_framework,M,0.0
Transformer-onehot,VH_framework,M,0.0
Transformer-onehot,VH_framework,M,0.0
Transformer-onehot,VH_framework,M,0.0
Transformer-onehot,VH_framework,M,0.0
Transformer-onehot,VH_framework,M,0.0
Transformer-onehot,VH_framework,M,0.0
Transformer-onehot,VH_framework,M,0.0
Transformer-onehot,VH_framework,M,0.0
Transformer-onehot,VH_framework,M,0.0
Transformer-onehot,VH_framework,M,0.0
Transformer-onehot,VH_framework,M,0.0
Transformer-onehot,VH_framework,M,0.0
Transformer-onehot,VH_framework,M,0.0
Transformer-onehot,VH_framework,M,0.0
Transformer-onehot,VH_framework,M,0.0
Transformer-onehot,VH_framework,M,0.0
Transformer-onehot,VH_framework,M,0.0
Transformer-onehot,VH_framework,M,0.0
Transformer-onehot,VH_framework,M,0.0
Transformer-onehot,VH_framework,M,0.0
Transformer-onehot,VH_framework,M,0.0
Transformer-onehot,VH_framework,M,0.0
Transformer-onehot,VH_framework,M,0.0
Transformer-onehot,VH_framework,M,0.0
Transformer-onehot,VH_framework,M,0.0
Transformer-onehot,VH_framework,M,0.0
Transformer-onehot,VH_framework,M,0.0
Transformer-onehot,VH_framework,M,0.0
Transformer-onehot,VH_framework,M,0.0
Transformer-onehot,VH_framework,M,0.0
Transformer-onehot,VH_framework,M,0.0
Transformer-onehot,VH_framework,M,0.0
Transformer-onehot,VH_framework,M,0.0
Transformer-onehot,VH_framework,M,0.0
Transformer-onehot,VH_framework,M,0.0
Transformer-onehot,VH_framework,M,0.0
Transformer-onehot,VH_framework,M,0.0
Transformer-onehot,VH_framework,M,0.0
Transformer-onehot,VH_framework,M,0.0
Transformer-onehot,VH_framework,M,0.0
Transformer-onehot,VH_framework,M,0.0
Transformer-onehot,VH_framework,M,0.0
Transformer-onehot,VH_framework,M,0.0
Transformer-onehot,VH_framework,M,0.0
Transformer-onehot,VH_framework,M,0.0
Transformer-onehot,VH_framework,M,0.0
Transformer-onehot,VH_framework,M,0.0
Transformer-onehot,VH_framework,M,0.0
Transformer-onehot,VH_framework,M,0.0
Transformer-onehot,VH_framework,M,0.0
Transformer-onehot,VH_framework,M,0.0
Transformer-onehot,VH_framework,M,0.0
Transformer-onehot,VH_framework,M,0.0
Transformer-onehot,VH_framework,M,0.0
Transformer-onehot,VH_framework,M,0.0
Transformer-onehot,VH_framework,M,0.0
Transformer-onehot,VH_framework,M,0.0
Transformer-onehot,VH_framework,M,0.0
Transformer-onehot,VH_framework,M,0.0
Transformer-onehot,VH_framework,M,0.0
Transformer-onehot,VH_framework,M,0.0
Transformer-onehot,VH_framework,M,0.0
Transformer-onehot,VH_framework,M,0.0
Transformer-onehot,VH_framework,M,0.0
Transformer-onehot,VH_framework,M,0.0
Transformer-onehot,VH_framework,M,0.0
Transformer-onehot,VH_framework,M,0.0
Transformer-onehot,VH_framework,M,0.0
Transformer-onehot,VH_framework,M,0.0
Transformer-onehot,VH_framework,M,0.0
Transformer-onehot,VH_framework,M,0.0
Transformer-onehot,VH_framework,M,0.0
Transformer-onehot,VH_framework,M,0.0
Transformer-onehot,VH_framework,M,0.0
Transformer-onehot,VH_framework,M,0.0
Transformer-onehot,VH_framework,M,0.0
Transformer-onehot,VH_framework,M,0.0
Transformer-onehot,VH_framework,M,0.0
Transformer-onehot,VH_framework,M,0.0
Transformer-onehot,VH_framework,M,0.0
Transformer-onehot,VH_framework,M,0.0
Transformer-onehot,VH_framework,M,0.0
Transformer-onehot,VH_framework,M,0.0
Transformer-onehot,VH_framework,M,0.0
Transformer-onehot,VH_framework,M,0.0
Transformer-onehot,VH_framework,M,0.0
Transformer-onehot,VH_framework,M,0.0
Transformer-onehot,VH_framework,M,0.0
Transformer-onehot,VH_framework,M,0.0
Transformer-onehot,VH_framework,M,0.0
Transformer-onehot,VH_framework,M,0.0
Transformer-onehot,VH_framework,M,0.0
Transformer-onehot,VH_framework,M,0.0
Transformer-onehot,VH_framework,M,0.0
Transformer-onehot,VH_framework,M,0.0
Transformer-onehot,VH_framework,M,0.0
Transformer-onehot,VH_framework,M,0.0
Transformer-onehot,VH_framework,M,0.0
Transformer-onehot,VH_framework,M,0.0
Transformer-onehot,VH_framework,M,0.0
Transformer-onehot,VH_framework,M,0.0
Transformer-onehot,VH_framework,M,0.0
Transformer-onehot,VH_framework,M,0.0
Transformer-onehot,VH_framework,M,0.0
Transformer-onehot,VH_framework,M,0.0
Transformer-onehot,VH_framework,M,0.0
Transformer-onehot,VH_framework,M,0.0
Transformer-onehot,VH_framework,M,0.0
Transformer-onehot,VH_framework,M,0.0
Transformer-onehot,VH_framework,M,0.0
Transformer-onehot,VH_framework,M,0.0
Transformer-onehot,VH_framework,M,0.0
Transformer-onehot,VH_framework,M,0.0
Transformer-onehot,VH_framework,M,0.0
Transformer-onehot,VH_framework,M,0.0
Transformer-onehot,VH_framework,M,0.0
Transformer-onehot,VH_framework,M,0.0
Transformer-onehot,VH_framework,M,0.0
Transformer-onehot,VH_framework,M,0.0
Transformer-onehot,VH_framework,M,0.0
Transformer-onehot,VH_framework,M,0.0
Transformer-onehot,VH_framework,M,0.0
Transformer-onehot,VH_framework,M,0.0
Transformer-onehot,VH_framework,M,0.0
Transformer-onehot,VH_framework,M,0.0
Transformer-onehot,VH_framework,M,0.0
Transformer-onehot,VH_framework,M,0.0
Transformer-onehot,VH_framework,M,0.0
Transformer-onehot,VH_framework,M,0.0
Transformer-onehot,VH_framework,M,0.0
Transformer-onehot,VH_framework,M,0.0
Transformer-onehot,VH_framework,M,0.0
Transformer-onehot,VH_framework,M,0.0
Transformer-onehot,VH_framework,M,0.0
Transformer-onehot,VH_framework,M,0.0
Transformer-onehot,VH_framework,M,0.0
Transformer-onehot,VH_framework,M,0.0
Transformer-onehot,VH_framework,M,0.0
Transformer-onehot,VH_framework,M,0.0
Transformer-onehot,VH_framework,M,0.0
Transformer-onehot,VH_framework,M,0.0
Transformer-onehot,VH_framework,M,0.0
Transformer-onehot,VH_framework,M,0.0
Transformer-onehot,VH_framework,M,0.0
Transformer-onehot,VH_framework,M,0.0
Transformer-onehot,VH_framework,M,0.0
Transformer-onehot,VH_framework,M,0.0
Transformer-onehot,VH_framework,M,0.0
Transformer-onehot,VH_framework,M,0.0
Transformer-onehot,VH_framework,M,0.0
Transformer-onehot,VH_framework,M,0.0
Transformer-onehot,VH_framework,M,0.0
Transformer-onehot,VH_framework,M,0.0
Transformer-onehot,VH_framework,M,0.0
Transformer-onehot,VH_framework,M,0.0
Transformer-onehot,VH_framework,M,0.0
Transformer-onehot,VH_framework,M,0.0
Transformer-onehot,VH_framework,M,0.0
Transformer-onehot,VH_framework,M,0.0
Transformer-onehot,VH_framework,M,0.0
Transformer-onehot,VH_framework,M,0.0
Transformer-onehot,VH_framework,M,0.0
Transformer-onehot,VH_framework,M,0.0
Transformer-onehot,VH_framework,M,0.0
Transformer-onehot,VH_framework,M,0.0
Transformer-onehot,VH_framework,M,0.0
Transformer-onehot,VH_framework,M,0.0
Transformer-onehot,VH_framework,M,0.0
Transformer-onehot,VH_framework,M,0.0
Transformer-onehot,VH_framework,M,0.0
Transformer-onehot,VH_framework,M,0.0
Transformer-onehot,VH_framework,M,0.0
Transformer-onehot,VH_framework,M,0.0
Transformer-onehot,VH_framework,M,0.0
Transformer-onehot,VH_framework,M,0.0
Transformer-onehot,VH_framework,M,0.0
Transformer-onehot,VH_framework,M,0.0
Transformer-onehot,VH_framework,M,0.0
Transformer-onehot,VH_framework,M,0.0
Transformer-onehot,VH_framework,M,0.0
Transformer-onehot,VH_framework,M,0.0
Transformer-onehot,VH_framework,M,0.0
Transformer-onehot,VH_framework,M,0.0
Transformer-onehot,VH_framework,M,0.0
Transformer-onehot,VH_framework,M,0.0
Transformer-onehot,VH_framework,M,0.0
Transformer-onehot,VH_framework,M,0.0
Transformer-onehot,VH_framework,M,0.0
Transformer-onehot,VH_framework,M,0.0
Transformer-onehot,VH_framework,M,0.0
Transformer-onehot,VH_framework,M,0.0
Transformer-onehot,VH_framework,M,0.0
Transformer-onehot,VH_framework,M,0.0
Transformer-onehot,VH_framework,M,0.0
Transformer-onehot,VH_framework,M,0.0
Transformer-onehot,VH_framework,M,0.0
Transformer-onehot,VH_framework,M,0.0
Transformer-onehot,VH_framework,M,0.0
Transformer-onehot,VH_framework,M,0.0
Transformer-onehot,VH_framework,M,0.0
Transformer-onehot,VH_framework,M,0.0
Transformer-onehot,VH_framework,M,0.0
Transformer-onehot,VH_framework,M,0.0
Transformer-onehot,VH_framework,M,0.0
Transformer-onehot,VH_framework,M,0.0
Transformer-onehot,VH_framework,M,0.0
Transformer-onehot,VH_framework,M,0.0
Transformer-onehot,VH_framework,M,0.0
Transformer-onehot,VH_framework,M,0.0
Transformer-onehot,VH_framework,M,0.0
Transformer-onehot,VH_framework,M,0.0
Transformer-onehot,VH_framework,M,0.0
Transformer-onehot,VH_framework,M,0.0
Transformer-onehot,VH_framework,M,0.0
Transformer-onehot,VH_framework,M,0.0
Transformer-onehot,VH_framework,M,0.0
Transformer-onehot,VH_framework,M,0.0
Transformer-onehot,VH_framework,M,0.0
Transformer-onehot,VH_framework,M,0.0
Transformer-onehot,VH_framework,M,0.0
Transformer-onehot,VH_framework,M,0.0
Transformer-onehot,VH_framework,M,0.0
Transformer-onehot,VH_framework,M,0.0
Transformer-onehot,VH_framework,M,0.0
Transformer-onehot,VH_framework,M,0.0
Transformer-onehot,VH_framework,M,0.0
Transformer-onehot,VH_framework,M,0.0
Transformer-onehot,VH_framework,M,0.0
Transformer-onehot,VH_framework,M,0.0
Transformer-onehot,VH_framework,M,0.0
Transformer-onehot,VH_framework,M,0.0
Transformer-onehot,VH_framework,M,0.0
Transformer-onehot,VH_framework,M,0.0
Transformer-onehot,VH_framework,M,0.0
Transformer-onehot,VH_framework,M,0.0
Transformer-onehot,VH_framework,M,0.0
Transformer-onehot,VH_framework,M,0.0
Transformer-onehot,VH_framework,M,0.0
Transformer-onehot,VH_framework,M,0.0
Transformer-onehot,VH_framework,M,0.0
Transformer-onehot,VH_framework,M,0.0
Transformer-onehot,VH_framework,M,0.0
Transformer-onehot,VH_framework,M,0.0
Transformer-onehot,VH_framework,M,0.0
Transformer-onehot,VH_framework,M,0.0
Transformer-onehot,VH_framework,M,0.0
Transformer-onehot,VH_framework,M,0.0
Transformer-onehot,VH_framework,M,0.0
Transformer-onehot,VH_framework,M,0.0
Transformer-onehot,VH_framework,M,0.0
Transformer-onehot,VH_framework,M,0.0
Transformer-onehot,VH_framework,M,0.0
Transformer-onehot,VH_framework,M,0.0
Transformer-onehot,VH_framework,M,0.0
Transformer-onehot,VH_framework,M,0.0
Transformer-onehot,VH_framework,M,0.0
Transformer-onehot,VH_framework,M,0.0
Transformer-onehot,VH_framework,M,0.0
Transformer-onehot,VH_framework,M,0.0
Transformer-onehot,VH_framework,M,0.0
Transformer-onehot,VH_framework,M,0.0
Transformer-onehot,VH_framework,M,0.0
Transformer-onehot,VH_framework,M,0.0
Transformer-onehot,VH_framework,M,0.0
Transformer-onehot,VH_framework,M,0.0
Transformer-onehot,VH_framework,M,0.0
Transformer-onehot,VH_framework,M,0.0
Transformer-onehot,VH_framework,M,0.0
Transformer-onehot,VH_framework,M,0.0
Transformer-onehot,VH_framework,M,0.0
Transformer-onehot,VH_framework,M,0.0
Transformer-onehot,VH_framework,M,0.0
Transformer-onehot,VH_framework,M,0.0
Transformer-onehot,VH_framework,M,0.0
Transformer-onehot,VH_framework,M,0.0
Transformer-onehot,VH_framework,M,0.0
Transformer-onehot,VH_framework,M,0.0
Transformer-onehot,VH_framework,M,0.0
Transformer-onehot,VH_framework,M,0.0
Transformer-onehot,VH_framework,M,0.0
Transformer-onehot,VH_framework,M,0.0
Transformer-onehot,VH_framework,M,0.0
Transformer-onehot,VH_framework,M,0.0
Transformer-onehot,VH_framework,M,0.0
Transformer-onehot,VH_framework,M,0.0
Transformer-onehot,VH_framework,M,0.0
Transformer-onehot,VH_framework,M,0.0
Transformer-onehot,VH_framework,M,0.0
Transformer-onehot,VH_framework,M,0.0
Transformer-onehot,VH_framework,M,0.0
Transformer-onehot,VH_framework,M,0.0
Transformer-onehot,VH_framework,M,0.0
Transformer-onehot,VH_framework,M,0.0
Transformer-onehot,VH_framework,M,0.0
Transformer-onehot,VH_framework,M,0.0
Transformer-onehot,VH_framework,M,0.0
Transformer-onehot,VH_framework,M,0.0
Transformer-onehot,VH_framework,M,0.0
Transformer-onehot,VH_framework,M,0.0
Transformer-onehot,VH_framework,M,0.0
Transformer-onehot,VH_framework,M,0.0
Transformer-onehot,VH_framework,M,0.0
Transformer-onehot,VH_framework,M,0.0
Transformer-onehot,VH_framework,M,0.0
Transformer-onehot,VH_framework,M,0.0
Transformer-onehot,VH_framework,M,0.0
Transformer-onehot,VH_framework,M,0.0
Transformer-onehot,VH_framework,M,0.0
Transformer-onehot,VH_framework,M,0.0
Transformer-onehot,VH_framework,M,0.0
Transformer-onehot,VH_framework,M,0.0
Transformer-onehot,VH_framework,M,0.0
Transformer-onehot,VH_framework,M,0.0
Transformer-onehot,VH_framework,M,0.0
Transformer-onehot,VH_framework,M,0.0
Transformer-onehot,VH_framework,M,0.0
Transformer-onehot,VH_framework,M,0.0
Transformer-onehot,VH_framework,M,0.0
Transformer-onehot,VH_framework,M,0.0
Transformer-onehot,VH_framework,M,0.0
Transformer-onehot,VH_framework,M,0.0
Transformer-onehot,VH_framework,M,0.0
Transformer-onehot,VH_framework,M,0.0
Transformer-onehot,VH_framework,M,0.0
Transformer-onehot,VH_framework,M,0.0
Transformer-onehot,VH_framework,M,0.0
Transformer-onehot,VH_framework,M,0.0
Transformer-onehot,VH_framework,M,0.0
Transformer-onehot,VH_framework,M,0.0
Transformer-onehot,VH_framework,M,0.0
Transformer-onehot,VH_framework,M,0.0
Transformer-onehot,VH_framework,M,0.0
Transformer-onehot,VH_framework,M,0.0
Transformer-onehot,VH_framework,M,0.0
Transformer-onehot,VH_framework,M,0.0
Transformer-onehot,VH_framework,M,0.0
Transformer-onehot,VH_framework,M,0.0
Transformer-onehot,VH_framework,M,0.0
Transformer-onehot,VH_framework,M,0.0
Transformer-onehot,VH_framework,M,0.0
Transformer-onehot,VH_framework,M,0.0
Transformer-onehot,VH_framework,M,0.0
Transformer-onehot,VH_framework,M,0.0
Transformer-onehot,VH_framework,M,0.0
Transformer-onehot,VH_framework,M,0.0
Transformer-onehot,VH_framework,M,0.0
Transformer-onehot,VH_framework,M,0.0
Transformer-onehot,VH_framework,M,0.0
Transformer-onehot,VH_framework,M,0.0
Transformer-onehot,VH_framework,M,0.0
Transformer-onehot,VH_framework,M,0.0
Transformer-onehot,VH_framework,M,0.0
Transformer-onehot,VH_framework,M,0.0
Transformer-onehot,VH_framework,M,0.0
Transformer-onehot,VH_framework,M,0.0
Transformer-onehot,VH_framework,M,0.0
Transformer-onehot,VH_framework,M,0.0
Transformer-onehot,VH_framework,M,0.0
Transformer-onehot,VH_framework,M,0.0
Transformer-onehot,VH_framework,M,0.0
Transformer-onehot,VH_framework,M,0.0
Transformer-onehot,VH_framework,M,0.0
Transformer-onehot,VH_framework,M,0.0
Transformer-onehot,VH_framework,M,0.0
Transformer-onehot,VH_framework,M,0.0
Transformer-onehot,VH_framework,M,0.0
Transformer-onehot,VH_framework,M,0.0
Transformer-onehot,VH_framework,M,0.0
Transformer-onehot,VH_framework,M,0.0
Transformer-onehot,VH_framework,M,0.0
Transformer-onehot,VH_framework,M,0.0
Transformer-onehot,VH_framework,M,0.0
Transformer-onehot,VH_framework,M,0.0
Transformer-onehot,VH_framework,M,0.0
Transformer-onehot,VH_framework,M,0.0
Transformer-onehot,VH_framework,M,0.0
Transformer-onehot,VH_framework,M,0.0
Transformer-onehot,VH_framework,M,0.0
Transformer-onehot,VH_framework,M,0.0
Transformer-onehot,VH_framework,M,0.0
Transformer-onehot,VH_framework,M,0.0
Transformer-onehot,VH_framework,M,0.0
Transformer-onehot,VH_framework,M,0.0
Transformer-onehot,VH_framework,M,0.0
Transformer-onehot,VH_framework,M,0.0
Transformer-onehot,VH_framework,M,0.0
Transformer-onehot,VH_framework,M,0.0
Transformer-onehot,VH_framework,M,0.0
Transformer-onehot,VH_framework,M,0.0
Transformer-onehot,VH_framework,M,0.0
Transformer-onehot,VH_framework,M,0.0
Transformer-onehot,VH_framework,M,0.0
Transformer-onehot,VH_framework,M,0.0
Transformer-onehot,VH_framework,M,0.0
Transformer-onehot,VH_framework,M,0.0
Transformer-onehot,VH_framework,M,0.0
Transformer-onehot,VH_framework,M,0.0
Transformer-onehot,VH_framework,M,0.0
Transformer-onehot,VH_framework,M,0.0
Transformer-onehot,VH_framework,M,0.0
Transformer-onehot,VH_framework,M,0.0
Transformer-onehot,VH_framework,M,0.0
Transformer-onehot,VH_framework,M,0.0
Transformer-onehot,VH_framework,M,0.0
Transformer-onehot,VH_framework,M,0.0
Transformer-onehot,VH_framework,M,0.0
Transformer-onehot,VH_framework,M,0.0
Transformer-onehot,VH_framework,M,0.0
Transformer-onehot,VH_framework,M,0.0
Transformer-onehot,VH_framework,M,0.0
Transformer-onehot,VH_framework,M,0.0
Transformer-onehot,VH_framework,M,0.0
Transformer-onehot,VH_framework,M,0.0
Transformer-onehot,VH_framework,M,0.0
Transformer-onehot,VH_framework,M,0.0
Transformer-onehot,VH_framework,M,0.0
Transformer-onehot,VH_framework,M,0.0
Transformer-onehot,VH_framework,M,0.0
Transformer-onehot,VH_framework,M,0.0
Transformer-onehot,VH_framework,M,0.0
Transformer-onehot,VH_framework,M,0.0
Transformer-onehot,VH_framework,M,0.0
Transformer-onehot,VH_framework,M,0.0
Transformer-onehot,VH_framework,M,0.0
Transformer-onehot,VH_framework,M,0.0
Transformer-onehot,VH_framework,M,0.0
Transformer-onehot,VH_framework,M,0.0
Transformer-onehot,VH_framework,M,0.0
Transformer-onehot,VH_framework,M,0.0
Transformer-onehot,VH_framework,M,0.0
Transformer-onehot,VH_framework,M,0.0
Transformer-onehot,VH_framework,M,0.0
Transformer-onehot,VH_framework,M,0.0
Transformer-onehot,VH_framework,M,0.0
Transformer-onehot,VH_framework,M,0.0
Transformer-onehot,VH_framework,M,0.0
Transformer-onehot,VH_framework,M,0.0
Transformer-onehot,VH_framework,M,0.0
Transformer-onehot,VH_framework,M,0.0
Transformer-onehot,VH_framework,N,0.0
Transformer-onehot,VH_framework,N,0.0
Transformer-onehot,VH_framework,N,0.4527743458747864
Transformer-onehot,VH_framework,N,0.0
Transformer-onehot,VH_framework,N,0.4459982514381408
Transformer-onehot,VH_framework,N,0.4684403538703918
Transformer-onehot,VH_framework,N,0.0
Transformer-onehot,VH_framework,N,0.0
Transformer-onehot,VH_framework,N,0.0
Transformer-onehot,VH_framework,N,0.0
Transformer-onehot,VH_framework,N,0.4708295464515686
Transformer-onehot,VH_framework,N,0.0
Transformer-onehot,VH_framework,N,0.0
Transformer-onehot,VH_framework,N,0.4930306077003479
Transformer-onehot,VH_framework,N,0.0
Transformer-onehot,VH_framework,N,0.0
Transformer-onehot,VH_framework,N,0.0
Transformer-onehot,VH_framework,N,0.0
Transformer-onehot,VH_framework,N,0.0
Transformer-onehot,VH_framework,N,0.0
Transformer-onehot,VH_framework,N,0.0
Transformer-onehot,VH_framework,N,0.0
Transformer-onehot,VH_framework,N,0.0
Transformer-onehot,VH_framework,N,0.0
Transformer-onehot,VH_framework,N,0.4688960313796997
Transformer-onehot,VH_framework,N,0.0
Transformer-onehot,VH_framework,N,0.0
Transformer-onehot,VH_framework,N,0.0
Transformer-onehot,VH_framework,N,0.0
Transformer-onehot,VH_framework,N,0.0
Transformer-onehot,VH_framework,N,0.0
Transformer-onehot,VH_framework,N,0.0
Transformer-onehot,VH_framework,N,0.0
Transformer-onehot,VH_framework,N,0.4759913980960846
Transformer-onehot,VH_framework,N,0.4816183447837829
Transformer-onehot,VH_framework,N,0.0
Transformer-onehot,VH_framework,N,0.0
Transformer-onehot,VH_framework,N,0.0
Transformer-onehot,VH_framework,N,0.0
Transformer-onehot,VH_framework,N,0.4969666004180908
Transformer-onehot,VH_framework,N,0.0
Transformer-onehot,VH_framework,N,0.0
Transformer-onehot,VH_framework,N,0.0
Transformer-onehot,VH_framework,N,0.0
Transformer-onehot,VH_framework,N,0.0
Transformer-onehot,VH_framework,N,0.4530976116657257
Transformer-onehot,VH_framework,N,0.4412244260311126
Transformer-onehot,VH_framework,N,0.0
Transformer-onehot,VH_framework,N,0.0
Transformer-onehot,VH_framework,N,0.0
Transformer-onehot,VH_framework,N,0.0
Transformer-onehot,VH_framework,N,0.0
Transformer-onehot,VH_framework,N,0.0
Transformer-onehot,VH_framework,N,0.0
Transformer-onehot,VH_framework,N,0.0
Transformer-onehot,VH_framework,N,0.0
Transformer-onehot,VH_framework,N,0.0
Transformer-onehot,VH_framework,N,0.0
Transformer-onehot,VH_framework,N,0.0
Transformer-onehot,VH_framework,N,0.4448145031929016
Transformer-onehot,VH_framework,N,0.4585905969142914
Transformer-onehot,VH_framework,N,0.0
Transformer-onehot,VH_framework,N,0.0
Transformer-onehot,VH_framework,N,0.0
Transformer-onehot,VH_framework,N,0.0
Transformer-onehot,VH_framework,N,0.0
Transformer-onehot,VH_framework,N,0.0
Transformer-onehot,VH_framework,N,0.0
Transformer-onehot,VH_framework,N,0.0
Transformer-onehot,VH_framework,N,0.0
Transformer-onehot,VH_framework,N,0.0
Transformer-onehot,VH_framework,N,0.0
Transformer-onehot,VH_framework,N,0.0
Transformer-onehot,VH_framework,N,0.4680035412311554
Transformer-onehot,VH_framework,N,0.0
Transformer-onehot,VH_framework,N,0.0
Transformer-onehot,VH_framework,N,0.4880122542381286
Transformer-onehot,VH_framework,N,0.4959717392921448
Transformer-onehot,VH_framework,N,0.0
Transformer-onehot,VH_framework,N,0.4618147015571594
Transformer-onehot,VH_framework,N,0.0
Transformer-onehot,VH_framework,N,0.0
Transformer-onehot,VH_framework,N,0.0
Transformer-onehot,VH_framework,N,0.478610634803772
Transformer-onehot,VH_framework,N,0.0
Transformer-onehot,VH_framework,N,0.4517538547515869
Transformer-onehot,VH_framework,N,0.0
Transformer-onehot,VH_framework,N,0.0
Transformer-onehot,VH_framework,N,0.0
Transformer-onehot,VH_framework,N,0.0
Transformer-onehot,VH_framework,N,0.0
Transformer-onehot,VH_framework,N,0.0
Transformer-onehot,VH_framework,N,0.0
Transformer-onehot,VH_framework,N,0.0
Transformer-onehot,VH_framework,N,0.0
Transformer-onehot,VH_framework,N,0.0
Transformer-onehot,VH_framework,N,0.0
Transformer-onehot,VH_framework,N,0.0
Transformer-onehot,VH_framework,N,0.0
Transformer-onehot,VH_framework,N,0.0
Transformer-onehot,VH_framework,N,0.0
Transformer-onehot,VH_framework,N,0.0
Transformer-onehot,VH_framework,N,0.0
Transformer-onehot,VH_framework,N,0.0
Transformer-onehot,VH_framework,N,0.0
Transformer-onehot,VH_framework,N,0.0
Transformer-onehot,VH_framework,N,0.0
Transformer-onehot,VH_framework,N,0.0
Transformer-onehot,VH_framework,N,0.0
Transformer-onehot,VH_framework,N,0.0
Transformer-onehot,VH_framework,N,0.0
Transformer-onehot,VH_framework,N,0.0
Transformer-onehot,VH_framework,N,0.4570487439632416
Transformer-onehot,VH_framework,N,0.0
Transformer-onehot,VH_framework,N,0.0
Transformer-onehot,VH_framework,N,0.0
Transformer-onehot,VH_framework,N,0.0
Transformer-onehot,VH_framework,N,0.0
Transformer-onehot,VH_framework,N,0.0
Transformer-onehot,VH_framework,N,0.0
Transformer-onehot,VH_framework,N,0.4483324587345123
Transformer-onehot,VH_framework,N,0.0
Transformer-onehot,VH_framework,N,0.0
Transformer-onehot,VH_framework,N,0.0
Transformer-onehot,VH_framework,N,0.0
Transformer-onehot,VH_framework,N,0.0
Transformer-onehot,VH_framework,N,0.458661675453186
Transformer-onehot,VH_framework,N,0.0
Transformer-onehot,VH_framework,N,0.0
Transformer-onehot,VH_framework,N,0.0
Transformer-onehot,VH_framework,N,0.4557628035545349
Transformer-onehot,VH_framework,N,0.0
Transformer-onehot,VH_framework,N,0.0
Transformer-onehot,VH_framework,N,0.0
Transformer-onehot,VH_framework,N,0.0
Transformer-onehot,VH_framework,N,0.0
Transformer-onehot,VH_framework,N,0.0
Transformer-onehot,VH_framework,N,0.0
Transformer-onehot,VH_framework,N,0.0
Transformer-onehot,VH_framework,N,0.0
Transformer-onehot,VH_framework,N,0.0
Transformer-onehot,VH_framework,N,0.0
Transformer-onehot,VH_framework,N,0.4404612183570862
Transformer-onehot,VH_framework,N,0.0
Transformer-onehot,VH_framework,N,0.0
Transformer-onehot,VH_framework,N,0.4710923731327057
Transformer-onehot,VH_framework,N,0.0
Transformer-onehot,VH_framework,N,0.0
Transformer-onehot,VH_framework,N,0.0
Transformer-onehot,VH_framework,N,0.0
Transformer-onehot,VH_framework,N,0.0
Transformer-onehot,VH_framework,N,0.0
Transformer-onehot,VH_framework,N,0.4664800465106964
Transformer-onehot,VH_framework,N,0.0
Transformer-onehot,VH_framework,N,0.0
Transformer-onehot,VH_framework,N,0.0
Transformer-onehot,VH_framework,N,0.0
Transformer-onehot,VH_framework,N,0.0
Transformer-onehot,VH_framework,N,0.0
Transformer-onehot,VH_framework,N,0.0
Transformer-onehot,VH_framework,N,0.0
Transformer-onehot,VH_framework,N,0.0
Transformer-onehot,VH_framework,N,0.0
Transformer-onehot,VH_framework,N,0.0
Transformer-onehot,VH_framework,N,0.0
Transformer-onehot,VH_framework,N,0.0
Transformer-onehot,VH_framework,N,0.0
Transformer-onehot,VH_framework,N,0.0
Transformer-onehot,VH_framework,N,0.0
Transformer-onehot,VH_framework,N,0.0
Transformer-onehot,VH_framework,N,0.0
Transformer-onehot,VH_framework,N,0.0
Transformer-onehot,VH_framework,N,0.0
Transformer-onehot,VH_framework,N,0.0
Transformer-onehot,VH_framework,N,0.0
Transformer-onehot,VH_framework,N,0.0
Transformer-onehot,VH_framework,N,0.0
Transformer-onehot,VH_framework,N,0.0
Transformer-onehot,VH_framework,N,0.0
Transformer-onehot,VH_framework,N,0.0
Transformer-onehot,VH_framework,N,0.4495202302932739
Transformer-onehot,VH_framework,N,0.0
Transformer-onehot,VH_framework,N,0.0
Transformer-onehot,VH_framework,N,0.0
Transformer-onehot,VH_framework,N,0.0
Transformer-onehot,VH_framework,N,0.0
Transformer-onehot,VH_framework,N,0.0
Transformer-onehot,VH_framework,N,0.0
Transformer-onehot,VH_framework,N,0.4503029882907867
Transformer-onehot,VH_framework,N,0.0
Transformer-onehot,VH_framework,N,0.0
Transformer-onehot,VH_framework,N,0.0
Transformer-onehot,VH_framework,N,0.4564399123191833
Transformer-onehot,VH_framework,N,0.0
Transformer-onehot,VH_framework,N,0.0
Transformer-onehot,VH_framework,N,0.0
Transformer-onehot,VH_framework,N,0.0
Transformer-onehot,VH_framework,N,0.0
Transformer-onehot,VH_framework,N,0.0
Transformer-onehot,VH_framework,N,0.0
Transformer-onehot,VH_framework,N,0.0
Transformer-onehot,VH_framework,N,0.0
Transformer-onehot,VH_framework,N,0.0
Transformer-onehot,VH_framework,N,0.0
Transformer-onehot,VH_framework,N,0.0
Transformer-onehot,VH_framework,N,0.0
Transformer-onehot,VH_framework,N,0.0
Transformer-onehot,VH_framework,N,0.0
Transformer-onehot,VH_framework,N,0.4544520676136017
Transformer-onehot,VH_framework,N,0.0
Transformer-onehot,VH_framework,N,0.0
Transformer-onehot,VH_framework,N,0.0
Transformer-onehot,VH_framework,N,0.0
Transformer-onehot,VH_framework,N,0.0
Transformer-onehot,VH_framework,N,0.0
Transformer-onehot,VH_framework,N,0.4586331248283386
Transformer-onehot,VH_framework,N,0.0
Transformer-onehot,VH_framework,N,0.0
Transformer-onehot,VH_framework,N,0.0
Transformer-onehot,VH_framework,N,0.4807561635971069
Transformer-onehot,VH_framework,N,0.0
Transformer-onehot,VH_framework,N,0.0
Transformer-onehot,VH_framework,N,0.4834580421447754
Transformer-onehot,VH_framework,N,0.0
Transformer-onehot,VH_framework,N,0.4710347354412079
Transformer-onehot,VH_framework,N,0.442970722913742
Transformer-onehot,VH_framework,N,0.4890910983085632
Transformer-onehot,VH_framework,N,0.0
Transformer-onehot,VH_framework,N,0.0
Transformer-onehot,VH_framework,N,0.0
Transformer-onehot,VH_framework,N,0.0
Transformer-onehot,VH_framework,N,0.0
Transformer-onehot,VH_framework,N,0.0
Transformer-onehot,VH_framework,N,0.4493496119976043
Transformer-onehot,VH_framework,N,0.0
Transformer-onehot,VH_framework,N,0.0
Transformer-onehot,VH_framework,N,0.0
Transformer-onehot,VH_framework,N,0.0
Transformer-onehot,VH_framework,N,0.0
Transformer-onehot,VH_framework,N,0.0
Transformer-onehot,VH_framework,N,0.0
Transformer-onehot,VH_framework,N,0.4891726076602936
Transformer-onehot,VH_framework,N,0.0
Transformer-onehot,VH_framework,N,0.0
Transformer-onehot,VH_framework,N,0.0
Transformer-onehot,VH_framework,N,0.0
Transformer-onehot,VH_framework,N,0.0
Transformer-onehot,VH_framework,N,0.4568160772323608
Transformer-onehot,VH_framework,N,0.0
Transformer-onehot,VH_framework,N,0.0
Transformer-onehot,VH_framework,N,0.0
Transformer-onehot,VH_framework,N,0.0
Transformer-onehot,VH_framework,N,0.0
Transformer-onehot,VH_framework,N,0.0
Transformer-onehot,VH_framework,N,0.0
Transformer-onehot,VH_framework,N,0.0
Transformer-onehot,VH_framework,N,0.0
Transformer-onehot,VH_framework,N,0.4004330337047577
Transformer-onehot,VH_framework,N,0.0
Transformer-onehot,VH_framework,N,0.0
Transformer-onehot,VH_framework,N,0.3970087766647339
Transformer-onehot,VH_framework,N,0.0
Transformer-onehot,VH_framework,N,0.429287850856781
Transformer-onehot,VH_framework,N,0.0
Transformer-onehot,VH_framework,N,0.0
Transformer-onehot,VH_framework,N,0.0
Transformer-onehot,VH_framework,N,0.0
Transformer-onehot,VH_framework,N,0.0
Transformer-onehot,VH_framework,N,0.0
Transformer-onehot,VH_framework,N,0.0
Transformer-onehot,VH_framework,N,0.4323680400848388
Transformer-onehot,VH_framework,N,0.3720039129257202
Transformer-onehot,VH_framework,N,0.4500388503074646
Transformer-onehot,VH_framework,N,0.0
Transformer-onehot,VH_framework,N,0.0
Transformer-onehot,VH_framework,N,0.0
Transformer-onehot,VH_framework,N,0.0
Transformer-onehot,VH_framework,N,0.0
Transformer-onehot,VH_framework,N,0.0
Transformer-onehot,VH_framework,N,0.4511836767196655
Transformer-onehot,VH_framework,N,0.0
Transformer-onehot,VH_framework,N,0.0
Transformer-onehot,VH_framework,N,0.0
Transformer-onehot,VH_framework,N,0.0
Transformer-onehot,VH_framework,N,0.0
Transformer-onehot,VH_framework,N,0.0
Transformer-onehot,VH_framework,N,0.0
Transformer-onehot,VH_framework,N,0.4586794674396515
Transformer-onehot,VH_framework,N,0.0
Transformer-onehot,VH_framework,N,0.0
Transformer-onehot,VH_framework,N,0.0
Transformer-onehot,VH_framework,N,0.0
Transformer-onehot,VH_framework,N,0.0
Transformer-onehot,VH_framework,N,0.4295350909233093
Transformer-onehot,VH_framework,N,0.0
Transformer-onehot,VH_framework,N,0.0
Transformer-onehot,VH_framework,N,0.0
Transformer-onehot,VH_framework,N,0.389575332403183
Transformer-onehot,VH_framework,N,0.0
Transformer-onehot,VH_framework,N,0.4359849691390991
Transformer-onehot,VH_framework,N,0.0
Transformer-onehot,VH_framework,N,0.4052318334579468
Transformer-onehot,VH_framework,N,0.0
Transformer-onehot,VH_framework,N,0.0
Transformer-onehot,VH_framework,N,0.0
Transformer-onehot,VH_framework,N,0.4106529951095581
Transformer-onehot,VH_framework,N,0.4509341120719909
Transformer-onehot,VH_framework,N,0.0
Transformer-onehot,VH_framework,N,0.381204754114151
Transformer-onehot,VH_framework,N,0.0
Transformer-onehot,VH_framework,N,0.0
Transformer-onehot,VH_framework,N,0.0
Transformer-onehot,VH_framework,N,0.0
Transformer-onehot,VH_framework,N,0.0
Transformer-onehot,VH_framework,N,0.0
Transformer-onehot,VH_framework,N,0.0
Transformer-onehot,VH_framework,N,0.4484848976135254
Transformer-onehot,VH_framework,N,0.0
Transformer-onehot,VH_framework,N,0.0
Transformer-onehot,VH_framework,N,0.0
Transformer-onehot,VH_framework,N,0.0
Transformer-onehot,VH_framework,N,0.432519793510437
Transformer-onehot,VH_framework,N,0.0
Transformer-onehot,VH_framework,N,0.0
Transformer-onehot,VH_framework,N,0.3963158726692199
Transformer-onehot,VH_framework,N,0.0
Transformer-onehot,VH_framework,N,0.0
Transformer-onehot,VH_framework,N,0.0
Transformer-onehot,VH_framework,N,0.0
Transformer-onehot,VH_framework,N,0.0
Transformer-onehot,VH_framework,N,0.0
Transformer-onehot,VH_framework,N,0.0
Transformer-onehot,VH_framework,N,0.0
Transformer-onehot,VH_framework,N,0.0
Transformer-onehot,VH_framework,N,0.0
Transformer-onehot,VH_framework,N,0.0
Transformer-onehot,VH_framework,N,0.3956049978733063
Transformer-onehot,VH_framework,N,0.0
Transformer-onehot,VH_framework,N,0.3960953950881958
Transformer-onehot,VH_framework,N,0.0
Transformer-onehot,VH_framework,N,0.0
Transformer-onehot,VH_framework,N,0.4217594265937805
Transformer-onehot,VH_framework,N,0.0
Transformer-onehot,VH_framework,N,0.0
Transformer-onehot,VH_framework,N,0.4417588710784912
Transformer-onehot,VH_framework,N,0.0
Transformer-onehot,VH_framework,N,0.3714770674705505
Transformer-onehot,VH_framework,N,0.4599401354789734
Transformer-onehot,VH_framework,N,0.0
Transformer-onehot,VH_framework,N,0.0
Transformer-onehot,VH_framework,N,0.0
Transformer-onehot,VH_framework,N,0.0
Transformer-onehot,VH_framework,N,0.0
Transformer-onehot,VH_framework,N,0.0
Transformer-onehot,VH_framework,N,0.0
Transformer-onehot,VH_framework,N,0.0
Transformer-onehot,VH_framework,N,0.0
Transformer-onehot,VH_framework,N,0.0
Transformer-onehot,VH_framework,N,0.0
Transformer-onehot,VH_framework,N,0.407558262348175
Transformer-onehot,VH_framework,N,0.0
Transformer-onehot,VH_framework,N,0.0
Transformer-onehot,VH_framework,N,0.3662344217300415
Transformer-onehot,VH_framework,N,0.0
Transformer-onehot,VH_framework,N,0.0
Transformer-onehot,VH_framework,N,0.0
Transformer-onehot,VH_framework,N,0.4112515449523926
Transformer-onehot,VH_framework,N,0.0
Transformer-onehot,VH_framework,N,0.0
Transformer-onehot,VH_framework,N,0.0
Transformer-onehot,VH_framework,N,0.4488316178321838
Transformer-onehot,VH_framework,N,0.0
Transformer-onehot,VH_framework,N,0.0
Transformer-onehot,VH_framework,N,0.0
Transformer-onehot,VH_framework,N,0.3632602095603943
Transformer-onehot,VH_framework,N,0.0
Transformer-onehot,VH_framework,N,0.0
Transformer-onehot,VH_framework,N,0.0
Transformer-onehot,VH_framework,N,0.3967229127883911
Transformer-onehot,VH_framework,N,0.0
Transformer-onehot,VH_framework,N,0.0
Transformer-onehot,VH_framework,N,0.0
Transformer-onehot,VH_framework,N,0.0
Transformer-onehot,VH_framework,N,0.0
Transformer-onehot,VH_framework,N,0.0
Transformer-onehot,VH_framework,N,0.0
Transformer-onehot,VH_framework,N,0.0
Transformer-onehot,VH_framework,N,0.0
Transformer-onehot,VH_framework,N,0.0
Transformer-onehot,VH_framework,N,0.0
Transformer-onehot,VH_framework,N,0.0
Transformer-onehot,VH_framework,N,0.3948912620544433
Transformer-onehot,VH_framework,N,0.0
Transformer-onehot,VH_framework,N,0.0
Transformer-onehot,VH_framework,N,0.3986725211143493
Transformer-onehot,VH_framework,N,0.0
Transformer-onehot,VH_framework,N,0.3474039435386657
Transformer-onehot,VH_framework,N,0.374905914068222
Transformer-onehot,VH_framework,N,0.0
Transformer-onehot,VH_framework,N,0.0
Transformer-onehot,VH_framework,N,0.0
Transformer-onehot,VH_framework,N,0.0
Transformer-onehot,VH_framework,N,0.0
Transformer-onehot,VH_framework,N,0.0
Transformer-onehot,VH_framework,N,0.0
Transformer-onehot,VH_framework,N,0.0
Transformer-onehot,VH_framework,N,0.0
Transformer-onehot,VH_framework,N,0.4343883991241455
Transformer-onehot,VH_framework,N,0.3570051789283752
Transformer-onehot,VH_framework,N,0.453130304813385
Transformer-onehot,VH_framework,N,0.0
Transformer-onehot,VH_framework,N,0.4700161516666412
Transformer-onehot,VH_framework,N,0.4057468473911285
Transformer-onehot,VH_framework,N,0.0
Transformer-onehot,VH_framework,N,0.4238417744636535
Transformer-onehot,VH_framework,N,0.0
Transformer-onehot,VH_framework,N,0.4166862368583679
Transformer-onehot,VH_framework,N,0.3786905407905578
Transformer-onehot,VH_framework,N,0.0
Transformer-onehot,VH_framework,N,0.0
Transformer-onehot,VH_framework,N,0.0
Transformer-onehot,VH_framework,N,0.0
Transformer-onehot,VH_framework,N,0.0
Transformer-onehot,VH_framework,N,0.0
Transformer-onehot,VH_framework,N,0.0
Transformer-onehot,VH_framework,N,0.0
Transformer-onehot,VH_framework,N,0.0
Transformer-onehot,VH_framework,N,0.4221173524856567
Transformer-onehot,VH_framework,N,0.4525323808193207
Transformer-onehot,VH_framework,N,0.0
Transformer-onehot,VH_framework,N,0.0
Transformer-onehot,VH_framework,N,0.0
Transformer-onehot,VH_framework,N,0.0
Transformer-onehot,VH_framework,N,0.4195513129234314
Transformer-onehot,VH_framework,N,0.4275373220443725
Transformer-onehot,VH_framework,N,0.0
Transformer-onehot,VH_framework,N,0.0
Transformer-onehot,VH_framework,N,0.0
Transformer-onehot,VH_framework,N,0.0
Transformer-onehot,VH_framework,N,0.447773814201355
Transformer-onehot,VH_framework,N,0.0
Transformer-onehot,VH_framework,N,0.0
Transformer-onehot,VH_framework,N,0.0
Transformer-onehot,VH_framework,N,0.0
Transformer-onehot,VH_framework,N,0.0
Transformer-onehot,VH_framework,N,0.0
Transformer-onehot,VH_framework,N,0.0
Transformer-onehot,VH_framework,N,0.0
Transformer-onehot,VH_framework,N,0.0
Transformer-onehot,VH_framework,N,0.0
Transformer-onehot,VH_framework,N,0.0
Transformer-onehot,VH_framework,N,0.4122732877731323
Transformer-onehot,VH_framework,N,0.3812510073184967
Transformer-onehot,VH_framework,N,0.0
Transformer-onehot,VH_framework,N,0.0
Transformer-onehot,VH_framework,N,0.0
Transformer-onehot,VH_framework,N,0.0
Transformer-onehot,VH_framework,N,0.0
Transformer-onehot,VH_framework,N,0.0
Transformer-onehot,VH_framework,N,0.0
Transformer-onehot,VH_framework,N,0.0
Transformer-onehot,VH_framework,N,0.4770760536193847
Transformer-onehot,VH_framework,N,0.0
Transformer-onehot,VH_framework,N,0.3844274878501892
Transformer-onehot,VH_framework,N,0.0
Transformer-onehot,VH_framework,N,0.4369483590126037
Transformer-onehot,VH_framework,N,0.0
Transformer-onehot,VH_framework,N,0.4258021712303161
Transformer-onehot,VH_framework,N,0.0
Transformer-onehot,VH_framework,N,0.0
Transformer-onehot,VH_framework,N,0.0
Transformer-onehot,VH_framework,N,0.0
Transformer-onehot,VH_framework,N,0.0
Transformer-onehot,VH_framework,N,0.3754217624664306
Transformer-onehot,VH_framework,N,0.0
Transformer-onehot,VH_framework,N,0.0
Transformer-onehot,VH_framework,N,0.0
Transformer-onehot,VH_framework,N,0.4085231125354767
Transformer-onehot,VH_framework,N,0.3678972125053406
Transformer-onehot,VH_framework,N,0.0
Transformer-onehot,VH_framework,N,0.0
Transformer-onehot,VH_framework,N,0.0
Transformer-onehot,VH_framework,N,0.0
Transformer-onehot,VH_framework,N,0.0
Transformer-onehot,VH_framework,N,0.0
Transformer-onehot,VH_framework,N,0.0
Transformer-onehot,VH_framework,N,0.4139447212219238
Transformer-onehot,VH_framework,N,0.4288502335548401
Transformer-onehot,VH_framework,N,0.0
Transformer-onehot,VH_framework,N,0.3598297238349914
Transformer-onehot,VH_framework,N,0.0
Transformer-onehot,VH_framework,N,0.4606703519821167
Transformer-onehot,VH_framework,N,0.0
Transformer-onehot,VH_framework,N,0.0
Transformer-onehot,VH_framework,N,0.4150729477405548
Transformer-onehot,VH_framework,N,0.0
Transformer-onehot,VH_framework,N,0.4002702236175537
Transformer-onehot,VH_framework,N,0.0
Transformer-onehot,VH_framework,N,0.0
Transformer-onehot,VH_framework,N,0.3695301115512848
Transformer-onehot,VH_framework,P,0.0
Transformer-onehot,VH_framework,P,0.0
Transformer-onehot,VH_framework,P,0.0
Transformer-onehot,VH_framework,P,0.0
Transformer-onehot,VH_framework,P,0.0
Transformer-onehot,VH_framework,P,0.0
Transformer-onehot,VH_framework,P,0.0
Transformer-onehot,VH_framework,P,0.0
Transformer-onehot,VH_framework,P,0.0
Transformer-onehot,VH_framework,P,0.0
Transformer-onehot,VH_framework,P,0.0
Transformer-onehot,VH_framework,P,0.0
Transformer-onehot,VH_framework,P,0.0
Transformer-onehot,VH_framework,P,0.0
Transformer-onehot,VH_framework,P,0.0
Transformer-onehot,VH_framework,P,0.0
Transformer-onehot,VH_framework,P,0.0
Transformer-onehot,VH_framework,P,0.0
Transformer-onehot,VH_framework,P,0.0
Transformer-onehot,VH_framework,P,0.0
Transformer-onehot,VH_framework,P,0.0
Transformer-onehot,VH_framework,P,0.0
Transformer-onehot,VH_framework,P,0.0
Transformer-onehot,VH_framework,P,0.0
Transformer-onehot,VH_framework,P,0.0
Transformer-onehot,VH_framework,P,0.0
Transformer-onehot,VH_framework,P,0.0
Transformer-onehot,VH_framework,P,0.0
Transformer-onehot,VH_framework,P,0.0
Transformer-onehot,VH_framework,P,0.0
Transformer-onehot,VH_framework,P,0.0
Transformer-onehot,VH_framework,P,0.0
Transformer-onehot,VH_framework,P,0.0
Transformer-onehot,VH_framework,P,0.0
Transformer-onehot,VH_framework,P,0.0
Transformer-onehot,VH_framework,P,0.0
Transformer-onehot,VH_framework,P,0.0
Transformer-onehot,VH_framework,P,0.0
Transformer-onehot,VH_framework,P,0.0
Transformer-onehot,VH_framework,P,0.0
Transformer-onehot,VH_framework,P,0.0
Transformer-onehot,VH_framework,P,0.0
Transformer-onehot,VH_framework,P,0.0
Transformer-onehot,VH_framework,P,0.0
Transformer-onehot,VH_framework,P,0.0
Transformer-onehot,VH_framework,P,0.0
Transformer-onehot,VH_framework,P,0.0
Transformer-onehot,VH_framework,P,0.0
Transformer-onehot,VH_framework,P,0.0
Transformer-onehot,VH_framework,P,0.0
Transformer-onehot,VH_framework,P,0.0
Transformer-onehot,VH_framework,P,0.0
Transformer-onehot,VH_framework,P,0.0
Transformer-onehot,VH_framework,P,0.0
Transformer-onehot,VH_framework,P,0.0
Transformer-onehot,VH_framework,P,0.0
Transformer-onehot,VH_framework,P,0.0
Transformer-onehot,VH_framework,P,0.0
Transformer-onehot,VH_framework,P,0.0
Transformer-onehot,VH_framework,P,0.0
Transformer-onehot,VH_framework,P,0.0
Transformer-onehot,VH_framework,P,0.0
Transformer-onehot,VH_framework,P,0.0
Transformer-onehot,VH_framework,P,0.0
Transformer-onehot,VH_framework,P,0.0
Transformer-onehot,VH_framework,P,0.0
Transformer-onehot,VH_framework,P,0.0
Transformer-onehot,VH_framework,P,0.0
Transformer-onehot,VH_framework,P,0.0
Transformer-onehot,VH_framework,P,0.0
Transformer-onehot,VH_framework,P,0.0
Transformer-onehot,VH_framework,P,0.0
Transformer-onehot,VH_framework,P,0.0
Transformer-onehot,VH_framework,P,0.0
Transformer-onehot,VH_framework,P,0.0
Transformer-onehot,VH_framework,P,0.0
Transformer-onehot,VH_framework,P,0.0
Transformer-onehot,VH_framework,P,0.0
Transformer-onehot,VH_framework,P,0.0
Transformer-onehot,VH_framework,P,0.0
Transformer-onehot,VH_framework,P,0.0
Transformer-onehot,VH_framework,P,0.0
Transformer-onehot,VH_framework,P,0.0
Transformer-onehot,VH_framework,P,0.0
Transformer-onehot,VH_framework,P,0.0
Transformer-onehot,VH_framework,P,0.0
Transformer-onehot,VH_framework,P,0.0
Transformer-onehot,VH_framework,P,0.0
Transformer-onehot,VH_framework,P,0.0
Transformer-onehot,VH_framework,P,0.0
Transformer-onehot,VH_framework,P,0.0
Transformer-onehot,VH_framework,P,0.0
Transformer-onehot,VH_framework,P,0.0
Transformer-onehot,VH_framework,P,0.0
Transformer-onehot,VH_framework,P,0.0
Transformer-onehot,VH_framework,P,0.0
Transformer-onehot,VH_framework,P,0.0
Transformer-onehot,VH_framework,P,0.0
Transformer-onehot,VH_framework,P,0.0
Transformer-onehot,VH_framework,P,0.0
Transformer-onehot,VH_framework,P,0.0
Transformer-onehot,VH_framework,P,0.0
Transformer-onehot,VH_framework,P,0.0
Transformer-onehot,VH_framework,P,0.0
Transformer-onehot,VH_framework,P,0.0
Transformer-onehot,VH_framework,P,0.0
Transformer-onehot,VH_framework,P,0.0
Transformer-onehot,VH_framework,P,0.0
Transformer-onehot,VH_framework,P,0.0
Transformer-onehot,VH_framework,P,0.0
Transformer-onehot,VH_framework,P,0.0
Transformer-onehot,VH_framework,P,0.0
Transformer-onehot,VH_framework,P,0.0
Transformer-onehot,VH_framework,P,0.0
Transformer-onehot,VH_framework,P,0.0
Transformer-onehot,VH_framework,P,0.0
Transformer-onehot,VH_framework,P,0.0
Transformer-onehot,VH_framework,P,0.0
Transformer-onehot,VH_framework,P,0.0
Transformer-onehot,VH_framework,P,0.0
Transformer-onehot,VH_framework,P,0.0
Transformer-onehot,VH_framework,P,0.0
Transformer-onehot,VH_framework,P,0.0
Transformer-onehot,VH_framework,P,0.0
Transformer-onehot,VH_framework,P,0.0
Transformer-onehot,VH_framework,P,0.0
Transformer-onehot,VH_framework,P,0.0
Transformer-onehot,VH_framework,P,0.0
Transformer-onehot,VH_framework,P,0.0
Transformer-onehot,VH_framework,P,0.0
Transformer-onehot,VH_framework,P,0.0
Transformer-onehot,VH_framework,P,0.0
Transformer-onehot,VH_framework,P,0.0
Transformer-onehot,VH_framework,P,0.0
Transformer-onehot,VH_framework,P,0.0
Transformer-onehot,VH_framework,P,0.0
Transformer-onehot,VH_framework,P,0.0
Transformer-onehot,VH_framework,P,0.0
Transformer-onehot,VH_framework,P,0.0
Transformer-onehot,VH_framework,P,0.0
Transformer-onehot,VH_framework,P,0.0
Transformer-onehot,VH_framework,P,0.0
Transformer-onehot,VH_framework,P,0.0
Transformer-onehot,VH_framework,P,0.0
Transformer-onehot,VH_framework,P,0.0
Transformer-onehot,VH_framework,P,0.0
Transformer-onehot,VH_framework,P,0.0
Transformer-onehot,VH_framework,P,0.0
Transformer-onehot,VH_framework,P,0.0
Transformer-onehot,VH_framework,P,0.0
Transformer-onehot,VH_framework,P,0.0
Transformer-onehot,VH_framework,P,0.0
Transformer-onehot,VH_framework,P,0.0
Transformer-onehot,VH_framework,P,0.0
Transformer-onehot,VH_framework,P,0.0
Transformer-onehot,VH_framework,P,0.0
Transformer-onehot,VH_framework,P,0.0
Transformer-onehot,VH_framework,P,0.0
Transformer-onehot,VH_framework,P,0.0
Transformer-onehot,VH_framework,P,0.0
Transformer-onehot,VH_framework,P,0.0
Transformer-onehot,VH_framework,P,0.0
Transformer-onehot,VH_framework,P,0.0
Transformer-onehot,VH_framework,P,0.0
Transformer-onehot,VH_framework,P,0.0
Transformer-onehot,VH_framework,P,0.0
Transformer-onehot,VH_framework,P,0.0
Transformer-onehot,VH_framework,P,0.0
Transformer-onehot,VH_framework,P,0.0
Transformer-onehot,VH_framework,P,0.0
Transformer-onehot,VH_framework,P,0.0
Transformer-onehot,VH_framework,P,0.0
Transformer-onehot,VH_framework,P,0.0
Transformer-onehot,VH_framework,P,0.0
Transformer-onehot,VH_framework,P,0.0
Transformer-onehot,VH_framework,P,0.0
Transformer-onehot,VH_framework,P,0.0
Transformer-onehot,VH_framework,P,0.0
Transformer-onehot,VH_framework,P,0.0
Transformer-onehot,VH_framework,P,0.0
Transformer-onehot,VH_framework,P,0.0
Transformer-onehot,VH_framework,P,0.0
Transformer-onehot,VH_framework,P,0.0
Transformer-onehot,VH_framework,P,0.0
Transformer-onehot,VH_framework,P,0.0
Transformer-onehot,VH_framework,P,0.0
Transformer-onehot,VH_framework,P,0.0
Transformer-onehot,VH_framework,P,0.0
Transformer-onehot,VH_framework,P,0.0
Transformer-onehot,VH_framework,P,0.0
Transformer-onehot,VH_framework,P,0.0
Transformer-onehot,VH_framework,P,0.0
Transformer-onehot,VH_framework,P,0.0
Transformer-onehot,VH_framework,P,0.0
Transformer-onehot,VH_framework,P,0.0
Transformer-onehot,VH_framework,P,0.0
Transformer-onehot,VH_framework,P,0.0
Transformer-onehot,VH_framework,P,0.0
Transformer-onehot,VH_framework,P,0.0
Transformer-onehot,VH_framework,P,0.0
Transformer-onehot,VH_framework,P,0.0
Transformer-onehot,VH_framework,P,0.0
Transformer-onehot,VH_framework,P,0.0
Transformer-onehot,VH_framework,P,0.0
Transformer-onehot,VH_framework,P,0.0
Transformer-onehot,VH_framework,P,0.0
Transformer-onehot,VH_framework,P,0.0
Transformer-onehot,VH_framework,P,0.0
Transformer-onehot,VH_framework,P,0.0
Transformer-onehot,VH_framework,P,0.0
Transformer-onehot,VH_framework,P,0.0
Transformer-onehot,VH_framework,P,0.0
Transformer-onehot,VH_framework,P,0.0
Transformer-onehot,VH_framework,P,0.0
Transformer-onehot,VH_framework,P,0.0
Transformer-onehot,VH_framework,P,0.0
Transformer-onehot,VH_framework,P,0.0
Transformer-onehot,VH_framework,P,0.0
Transformer-onehot,VH_framework,P,0.0
Transformer-onehot,VH_framework,P,0.0
Transformer-onehot,VH_framework,P,0.0
Transformer-onehot,VH_framework,P,0.0
Transformer-onehot,VH_framework,P,0.0
Transformer-onehot,VH_framework,P,0.0
Transformer-onehot,VH_framework,P,0.0
Transformer-onehot,VH_framework,P,0.0
Transformer-onehot,VH_framework,P,0.0
Transformer-onehot,VH_framework,P,0.0
Transformer-onehot,VH_framework,P,0.0
Transformer-onehot,VH_framework,P,0.0
Transformer-onehot,VH_framework,P,0.0
Transformer-onehot,VH_framework,P,0.0
Transformer-onehot,VH_framework,P,0.0
Transformer-onehot,VH_framework,P,0.0
Transformer-onehot,VH_framework,P,0.0
Transformer-onehot,VH_framework,P,0.0
Transformer-onehot,VH_framework,P,0.0
Transformer-onehot,VH_framework,P,0.0
Transformer-onehot,VH_framework,P,0.0
Transformer-onehot,VH_framework,P,0.0
Transformer-onehot,VH_framework,P,0.0
Transformer-onehot,VH_framework,P,0.0
Transformer-onehot,VH_framework,P,0.0
Transformer-onehot,VH_framework,P,0.0
Transformer-onehot,VH_framework,P,0.0
Transformer-onehot,VH_framework,P,0.0
Transformer-onehot,VH_framework,P,0.0
Transformer-onehot,VH_framework,P,0.0
Transformer-onehot,VH_framework,P,0.0
Transformer-onehot,VH_framework,P,0.0
Transformer-onehot,VH_framework,P,0.0
Transformer-onehot,VH_framework,P,0.0
Transformer-onehot,VH_framework,P,0.0
Transformer-onehot,VH_framework,P,0.0
Transformer-onehot,VH_framework,P,0.0
Transformer-onehot,VH_framework,P,0.0
Transformer-onehot,VH_framework,P,0.0
Transformer-onehot,VH_framework,P,0.0
Transformer-onehot,VH_framework,P,0.0
Transformer-onehot,VH_framework,P,0.0
Transformer-onehot,VH_framework,P,0.0
Transformer-onehot,VH_framework,P,0.0
Transformer-onehot,VH_framework,P,0.0
Transformer-onehot,VH_framework,P,0.0
Transformer-onehot,VH_framework,P,0.0
Transformer-onehot,VH_framework,P,0.0
Transformer-onehot,VH_framework,P,0.0
Transformer-onehot,VH_framework,P,0.0
Transformer-onehot,VH_framework,P,0.0
Transformer-onehot,VH_framework,P,0.0
Transformer-onehot,VH_framework,P,0.0
Transformer-onehot,VH_framework,P,0.0
Transformer-onehot,VH_framework,P,0.0
Transformer-onehot,VH_framework,P,0.0
Transformer-onehot,VH_framework,P,0.0
Transformer-onehot,VH_framework,P,0.0
Transformer-onehot,VH_framework,P,0.0
Transformer-onehot,VH_framework,P,0.0
Transformer-onehot,VH_framework,P,0.0
Transformer-onehot,VH_framework,P,0.0
Transformer-onehot,VH_framework,P,0.0
Transformer-onehot,VH_framework,P,0.0
Transformer-onehot,VH_framework,P,0.0
Transformer-onehot,VH_framework,P,0.0
Transformer-onehot,VH_framework,P,0.0
Transformer-onehot,VH_framework,P,0.0
Transformer-onehot,VH_framework,P,0.0
Transformer-onehot,VH_framework,P,0.0
Transformer-onehot,VH_framework,P,0.0
Transformer-onehot,VH_framework,P,0.0
Transformer-onehot,VH_framework,P,0.0
Transformer-onehot,VH_framework,P,0.0
Transformer-onehot,VH_framework,P,0.0
Transformer-onehot,VH_framework,P,0.0
Transformer-onehot,VH_framework,P,0.0
Transformer-onehot,VH_framework,P,0.0
Transformer-onehot,VH_framework,P,0.0
Transformer-onehot,VH_framework,P,0.0
Transformer-onehot,VH_framework,P,0.0
Transformer-onehot,VH_framework,P,0.0
Transformer-onehot,VH_framework,P,0.0
Transformer-onehot,VH_framework,P,0.0
Transformer-onehot,VH_framework,P,0.0
Transformer-onehot,VH_framework,P,0.0
Transformer-onehot,VH_framework,P,0.0
Transformer-onehot,VH_framework,P,0.0
Transformer-onehot,VH_framework,P,0.0
Transformer-onehot,VH_framework,P,0.0
Transformer-onehot,VH_framework,P,0.0
Transformer-onehot,VH_framework,P,0.0
Transformer-onehot,VH_framework,P,0.0
Transformer-onehot,VH_framework,P,0.0
Transformer-onehot,VH_framework,P,0.0
Transformer-onehot,VH_framework,P,0.0
Transformer-onehot,VH_framework,P,0.0
Transformer-onehot,VH_framework,P,0.0
Transformer-onehot,VH_framework,P,0.0
Transformer-onehot,VH_framework,P,0.0
Transformer-onehot,VH_framework,P,0.0
Transformer-onehot,VH_framework,P,0.0
Transformer-onehot,VH_framework,P,0.0
Transformer-onehot,VH_framework,P,0.0
Transformer-onehot,VH_framework,P,0.0
Transformer-onehot,VH_framework,P,0.0
Transformer-onehot,VH_framework,P,0.0
Transformer-onehot,VH_framework,P,0.0
Transformer-onehot,VH_framework,P,0.0
Transformer-onehot,VH_framework,P,0.0
Transformer-onehot,VH_framework,P,0.0
Transformer-onehot,VH_framework,P,0.0
Transformer-onehot,VH_framework,P,0.0
Transformer-onehot,VH_framework,P,0.0
Transformer-onehot,VH_framework,P,0.0
Transformer-onehot,VH_framework,P,0.0
Transformer-onehot,VH_framework,P,0.0
Transformer-onehot,VH_framework,P,0.0
Transformer-onehot,VH_framework,P,0.0
Transformer-onehot,VH_framework,P,0.0
Transformer-onehot,VH_framework,P,0.0
Transformer-onehot,VH_framework,P,0.0
Transformer-onehot,VH_framework,P,0.0
Transformer-onehot,VH_framework,P,0.0
Transformer-onehot,VH_framework,P,0.0
Transformer-onehot,VH_framework,P,0.0
Transformer-onehot,VH_framework,P,0.0
Transformer-onehot,VH_framework,P,0.0
Transformer-onehot,VH_framework,P,0.0
Transformer-onehot,VH_framework,P,0.0
Transformer-onehot,VH_framework,P,0.0
Transformer-onehot,VH_framework,P,0.0
Transformer-onehot,VH_framework,P,0.0
Transformer-onehot,VH_framework,P,0.0
Transformer-onehot,VH_framework,P,0.0
Transformer-onehot,VH_framework,P,0.0
Transformer-onehot,VH_framework,P,0.0
Transformer-onehot,VH_framework,P,0.0
Transformer-onehot,VH_framework,P,0.0
Transformer-onehot,VH_framework,P,0.0
Transformer-onehot,VH_framework,P,0.0
Transformer-onehot,VH_framework,P,0.0
Transformer-onehot,VH_framework,P,0.0
Transformer-onehot,VH_framework,P,0.0
Transformer-onehot,VH_framework,P,0.0
Transformer-onehot,VH_framework,P,0.0
Transformer-onehot,VH_framework,P,0.0
Transformer-onehot,VH_framework,P,0.0
Transformer-onehot,VH_framework,P,0.0
Transformer-onehot,VH_framework,P,0.0
Transformer-onehot,VH_framework,P,0.0
Transformer-onehot,VH_framework,P,0.0
Transformer-onehot,VH_framework,P,0.0
Transformer-onehot,VH_framework,P,0.0
Transformer-onehot,VH_framework,P,0.0
Transformer-onehot,VH_framework,P,0.0
Transformer-onehot,VH_framework,P,0.0
Transformer-onehot,VH_framework,P,0.0
Transformer-onehot,VH_framework,P,0.0
Transformer-onehot,VH_framework,P,0.0
Transformer-onehot,VH_framework,P,0.0
Transformer-onehot,VH_framework,P,0.0
Transformer-onehot,VH_framework,P,0.0
Transformer-onehot,VH_framework,P,0.0
Transformer-onehot,VH_framework,P,0.0
Transformer-onehot,VH_framework,P,0.0
Transformer-onehot,VH_framework,P,0.0
Transformer-onehot,VH_framework,P,0.0
Transformer-onehot,VH_framework,P,0.0
Transformer-onehot,VH_framework,P,0.0
Transformer-onehot,VH_framework,P,0.0
Transformer-onehot,VH_framework,P,0.0
Transformer-onehot,VH_framework,P,0.0
Transformer-onehot,VH_framework,P,0.0
Transformer-onehot,VH_framework,P,0.0
Transformer-onehot,VH_framework,P,0.0
Transformer-onehot,VH_framework,P,0.0
Transformer-onehot,VH_framework,P,0.0
Transformer-onehot,VH_framework,P,0.0
Transformer-onehot,VH_framework,P,0.0
Transformer-onehot,VH_framework,P,0.0
Transformer-onehot,VH_framework,P,0.0
Transformer-onehot,VH_framework,P,0.0
Transformer-onehot,VH_framework,P,0.0
Transformer-onehot,VH_framework,P,0.0
Transformer-onehot,VH_framework,P,0.0
Transformer-onehot,VH_framework,P,0.0
Transformer-onehot,VH_framework,P,0.0
Transformer-onehot,VH_framework,P,0.0
Transformer-onehot,VH_framework,P,0.0
Transformer-onehot,VH_framework,P,0.0
Transformer-onehot,VH_framework,P,0.0
Transformer-onehot,VH_framework,P,0.0
Transformer-onehot,VH_framework,P,0.0
Transformer-onehot,VH_framework,P,0.0
Transformer-onehot,VH_framework,P,0.0
Transformer-onehot,VH_framework,P,0.0
Transformer-onehot,VH_framework,P,0.0
Transformer-onehot,VH_framework,P,0.0
Transformer-onehot,VH_framework,P,0.0
Transformer-onehot,VH_framework,P,0.0
Transformer-onehot,VH_framework,P,0.0
Transformer-onehot,VH_framework,P,0.0
Transformer-onehot,VH_framework,P,0.0
Transformer-onehot,VH_framework,P,0.0
Transformer-onehot,VH_framework,P,0.0
Transformer-onehot,VH_framework,P,0.0
Transformer-onehot,VH_framework,P,0.0
Transformer-onehot,VH_framework,P,0.0
Transformer-onehot,VH_framework,P,0.0
Transformer-onehot,VH_framework,P,0.0
Transformer-onehot,VH_framework,P,0.0
Transformer-onehot,VH_framework,P,0.0
Transformer-onehot,VH_framework,P,0.0
Transformer-onehot,VH_framework,P,0.0
Transformer-onehot,VH_framework,P,0.0
Transformer-onehot,VH_framework,P,0.0
Transformer-onehot,VH_framework,P,0.0
Transformer-onehot,VH_framework,P,0.0
Transformer-onehot,VH_framework,P,0.0
Transformer-onehot,VH_framework,P,0.0
Transformer-onehot,VH_framework,P,0.0
Transformer-onehot,VH_framework,P,0.0
Transformer-onehot,VH_framework,P,0.0
Transformer-onehot,VH_framework,P,0.0
Transformer-onehot,VH_framework,P,0.0
Transformer-onehot,VH_framework,P,0.0
Transformer-onehot,VH_framework,P,0.0
Transformer-onehot,VH_framework,P,0.0
Transformer-onehot,VH_framework,P,0.0
Transformer-onehot,VH_framework,P,0.0
Transformer-onehot,VH_framework,P,0.0
Transformer-onehot,VH_framework,P,0.0
Transformer-onehot,VH_framework,P,0.0
Transformer-onehot,VH_framework,P,0.0
Transformer-onehot,VH_framework,P,0.0
Transformer-onehot,VH_framework,P,0.0
Transformer-onehot,VH_framework,P,0.0
Transformer-onehot,VH_framework,P,0.0
Transformer-onehot,VH_framework,P,0.0
Transformer-onehot,VH_framework,P,0.0
Transformer-onehot,VH_framework,P,0.0
Transformer-onehot,VH_framework,P,0.0
Transformer-onehot,VH_framework,P,0.0
Transformer-onehot,VH_framework,P,0.0
Transformer-onehot,VH_framework,P,0.0
Transformer-onehot,VH_framework,P,0.0
Transformer-onehot,VH_framework,P,0.0
Transformer-onehot,VH_framework,P,0.0
Transformer-onehot,VH_framework,P,0.0
Transformer-onehot,VH_framework,P,0.0
Transformer-onehot,VH_framework,P,0.0
Transformer-onehot,VH_framework,P,0.0
Transformer-onehot,VH_framework,P,0.0
Transformer-onehot,VH_framework,P,0.0
Transformer-onehot,VH_framework,P,0.0
Transformer-onehot,VH_framework,P,0.0
Transformer-onehot,VH_framework,P,0.0
Transformer-onehot,VH_framework,P,0.0
Transformer-onehot,VH_framework,P,0.0
Transformer-onehot,VH_framework,P,0.0
Transformer-onehot,VH_framework,P,0.0
Transformer-onehot,VH_framework,P,0.0
Transformer-onehot,VH_framework,P,0.0
Transformer-onehot,VH_framework,P,0.0
Transformer-onehot,VH_framework,P,0.0
Transformer-onehot,VH_framework,P,0.0
Transformer-onehot,VH_framework,P,0.0
Transformer-onehot,VH_framework,P,0.0
Transformer-onehot,VH_framework,P,0.0
Transformer-onehot,VH_framework,P,0.0
Transformer-onehot,VH_framework,P,0.0
Transformer-onehot,VH_framework,P,0.0
Transformer-onehot,VH_framework,P,0.0
Transformer-onehot,VH_framework,P,0.0
Transformer-onehot,VH_framework,P,0.0
Transformer-onehot,VH_framework,P,0.0
Transformer-onehot,VH_framework,P,0.0
Transformer-onehot,VH_framework,P,0.0
Transformer-onehot,VH_framework,P,0.0
Transformer-onehot,VH_framework,P,0.0
Transformer-onehot,VH_framework,P,0.0
Transformer-onehot,VH_framework,Q,-0.1492384672164917
Transformer-onehot,VH_framework,Q,-0.3084191083908081
Transformer-onehot,VH_framework,Q,-0.1638782620429992
Transformer-onehot,VH_framework,Q,-0.1583842039108276
Transformer-onehot,VH_framework,Q,-0.1532041132450103
Transformer-onehot,VH_framework,Q,-0.1691174507141113
Transformer-onehot,VH_framework,Q,-0.0701696872711181
Transformer-onehot,VH_framework,Q,-0.305389404296875
Transformer-onehot,VH_framework,Q,-0.2990413606166839
Transformer-onehot,VH_framework,Q,-0.0831604525446891
Transformer-onehot,VH_framework,Q,-0.1689726114273071
Transformer-onehot,VH_framework,Q,-0.0708220079541206
Transformer-onehot,VH_framework,Q,-0.2839861512184143
Transformer-onehot,VH_framework,Q,-0.1732241809368133
Transformer-onehot,VH_framework,Q,-0.2850972414016723
Transformer-onehot,VH_framework,Q,-0.0745486244559288
Transformer-onehot,VH_framework,Q,-0.283242404460907
Transformer-onehot,VH_framework,Q,-0.1600512266159057
Transformer-onehot,VH_framework,Q,-0.2958166599273681
Transformer-onehot,VH_framework,Q,-0.2948924303054809
Transformer-onehot,VH_framework,Q,-0.29435795545578
Transformer-onehot,VH_framework,Q,-0.2943978905677795
Transformer-onehot,VH_framework,Q,-0.1706789433956146
Transformer-onehot,VH_framework,Q,-0.270048052072525
Transformer-onehot,VH_framework,Q,-0.1701187193393707
Transformer-onehot,VH_framework,Q,-0.2775446772575378
Transformer-onehot,VH_framework,Q,-0.0793776288628578
Transformer-onehot,VH_framework,Q,-0.2811149954795837
Transformer-onehot,VH_framework,Q,-0.1779879629611969
Transformer-onehot,VH_framework,Q,-0.282575786113739
Transformer-onehot,VH_framework,Q,-0.3049359917640686
Transformer-onehot,VH_framework,Q,-0.2775509059429168
Transformer-onehot,VH_framework,Q,-0.3020060956478119
Transformer-onehot,VH_framework,Q,-0.1659171432256698
Transformer-onehot,VH_framework,Q,-0.1725467145442962
Transformer-onehot,VH_framework,Q,-0.1733607202768325
Transformer-onehot,VH_framework,Q,-0.2816293239593506
Transformer-onehot,VH_framework,Q,-0.1617757976055145
Transformer-onehot,VH_framework,Q,-0.2747508585453033
Transformer-onehot,VH_framework,Q,-0.1727932691574096
Transformer-onehot,VH_framework,Q,-0.1573999375104904
Transformer-onehot,VH_framework,Q,-0.1472932398319244
Transformer-onehot,VH_framework,Q,-0.2897654473781585
Transformer-onehot,VH_framework,Q,-0.0826610699295997
Transformer-onehot,VH_framework,Q,-0.2766280770301819
Transformer-onehot,VH_framework,Q,-0.1639427691698074
Transformer-onehot,VH_framework,Q,-0.1555078625679016
Transformer-onehot,VH_framework,Q,-0.3087743520736694
Transformer-onehot,VH_framework,Q,-0.0789605602622032
Transformer-onehot,VH_framework,Q,-0.3067318797111511
Transformer-onehot,VH_framework,Q,-0.1688655018806457
Transformer-onehot,VH_framework,Q,-0.161520779132843
Transformer-onehot,VH_framework,Q,-0.3091138005256653
Transformer-onehot,VH_framework,Q,-0.2959794104099273
Transformer-onehot,VH_framework,Q,-0.1787185668945312
Transformer-onehot,VH_framework,Q,-0.2973641157150268
Transformer-onehot,VH_framework,Q,-0.0673444494605064
Transformer-onehot,VH_framework,Q,-0.2865389287471771
Transformer-onehot,VH_framework,Q,-0.1782204806804657
Transformer-onehot,VH_framework,Q,-0.1605769097805023
Transformer-onehot,VH_framework,Q,-0.1661580055952072
Transformer-onehot,VH_framework,Q,-0.2746901214122772
Transformer-onehot,VH_framework,Q,-0.1580094397068023
Transformer-onehot,VH_framework,Q,-0.1659781038761139
Transformer-onehot,VH_framework,Q,-0.2609137296676636
Transformer-onehot,VH_framework,Q,-0.287641704082489
Transformer-onehot,VH_framework,Q,-0.1541430950164795
Transformer-onehot,VH_framework,Q,-0.2917687892913818
Transformer-onehot,VH_framework,Q,-0.3044146299362182
Transformer-onehot,VH_framework,Q,-0.0767208263278007
Transformer-onehot,VH_framework,Q,-0.2935287952423095
Transformer-onehot,VH_framework,Q,-0.1708983480930328
Transformer-onehot,VH_framework,Q,-0.2975403666496277
Transformer-onehot,VH_framework,Q,-0.1683500707149505
Transformer-onehot,VH_framework,Q,-0.2979161739349365
Transformer-onehot,VH_framework,Q,-0.3042639791965484
Transformer-onehot,VH_framework,Q,-0.1733148992061615
Transformer-onehot,VH_framework,Q,-0.1729339957237243
Transformer-onehot,VH_framework,Q,-0.2904019057750702
Transformer-onehot,VH_framework,Q,-0.1668325066566467
Transformer-onehot,VH_framework,Q,-0.2733417153358459
Transformer-onehot,VH_framework,Q,-0.1650000512599945
Transformer-onehot,VH_framework,Q,-0.3082650601863861
Transformer-onehot,VH_framework,Q,-0.1715235114097595
Transformer-onehot,VH_framework,Q,-0.2731862068176269
Transformer-onehot,VH_framework,Q,-0.1587442755699157
Transformer-onehot,VH_framework,Q,-0.259531557559967
Transformer-onehot,VH_framework,Q,-0.3063970804214477
Transformer-onehot,VH_framework,Q,-0.0816782116889953
Transformer-onehot,VH_framework,Q,-0.0831525921821594
Transformer-onehot,VH_framework,Q,-0.2575670778751373
Transformer-onehot,VH_framework,Q,-0.3038085401058197
Transformer-onehot,VH_framework,Q,-0.2698792517185211
Transformer-onehot,VH_framework,Q,-0.2623299062252044
Transformer-onehot,VH_framework,Q,-0.0765431597828865
Transformer-onehot,VH_framework,Q,-0.3072462081909179
Transformer-onehot,VH_framework,Q,-0.0778558477759361
Transformer-onehot,VH_framework,Q,-0.0731896609067916
Transformer-onehot,VH_framework,Q,-0.0790246576070785
Transformer-onehot,VH_framework,Q,-0.0807067155838012
Transformer-onehot,VH_framework,Q,-0.2857410907745361
Transformer-onehot,VH_framework,Q,-0.3030926585197449
Transformer-onehot,VH_framework,Q,-0.1534513533115387
Transformer-onehot,VH_framework,Q,-0.276708036661148
Transformer-onehot,VH_framework,Q,-0.2950241565704345
Transformer-onehot,VH_framework,Q,-0.2612147629261017
Transformer-onehot,VH_framework,Q,-0.2968761920928955
Transformer-onehot,VH_framework,Q,-0.3096336722373962
Transformer-onehot,VH_framework,Q,-0.295883297920227
Transformer-onehot,VH_framework,Q,-0.1706896126270294
Transformer-onehot,VH_framework,Q,-0.2800355553627014
Transformer-onehot,VH_framework,Q,-0.1598591208457946
Transformer-onehot,VH_framework,Q,-0.1657872945070266
Transformer-onehot,VH_framework,Q,-0.2833300530910492
Transformer-onehot,VH_framework,Q,-0.2679877877235412
Transformer-onehot,VH_framework,Q,-0.3078187704086303
Transformer-onehot,VH_framework,Q,-0.2890896499156952
Transformer-onehot,VH_framework,Q,-0.2761013507843017
Transformer-onehot,VH_framework,Q,-0.2820447981357574
Transformer-onehot,VH_framework,Q,-0.1676336377859115
Transformer-onehot,VH_framework,Q,-0.1545166969299316
Transformer-onehot,VH_framework,Q,-0.2863462567329407
Transformer-onehot,VH_framework,Q,-0.0758480653166771
Transformer-onehot,VH_framework,Q,-0.1486083269119262
Transformer-onehot,VH_framework,Q,-0.2859886586666107
Transformer-onehot,VH_framework,Q,-0.2649345993995666
Transformer-onehot,VH_framework,Q,-0.1653831601142883
Transformer-onehot,VH_framework,Q,-0.0737796872854232
Transformer-onehot,VH_framework,Q,-0.3085814118385315
Transformer-onehot,VH_framework,Q,-0.2910742461681366
Transformer-onehot,VH_framework,Q,-0.1647655814886093
Transformer-onehot,VH_framework,Q,-0.1496559679508209
Transformer-onehot,VH_framework,Q,-0.2767811417579651
Transformer-onehot,VH_framework,Q,-0.3008019626140594
Transformer-onehot,VH_framework,Q,-0.2716431021690368
Transformer-onehot,VH_framework,Q,-0.2699272632598877
Transformer-onehot,VH_framework,Q,-0.0828473344445228
Transformer-onehot,VH_framework,Q,-0.2953452169895172
Transformer-onehot,VH_framework,Q,-0.161816269159317
Transformer-onehot,VH_framework,Q,-0.0796235650777816
Transformer-onehot,VH_framework,Q,-0.2926551699638366
Transformer-onehot,VH_framework,Q,-0.2701584696769714
Transformer-onehot,VH_framework,Q,-0.1573431491851806
Transformer-onehot,VH_framework,Q,-0.0765897408127784
Transformer-onehot,VH_framework,Q,-0.1546324789524078
Transformer-onehot,VH_framework,Q,-0.1690936684608459
Transformer-onehot,VH_framework,Q,-0.3080052137374878
Transformer-onehot,VH_framework,Q,-0.075953409075737
Transformer-onehot,VH_framework,Q,-0.0830235108733177
Transformer-onehot,VH_framework,Q,-0.2857207357883453
Transformer-onehot,VH_framework,Q,-0.3081884086132049
Transformer-onehot,VH_framework,Q,-0.2768150866031647
Transformer-onehot,VH_framework,Q,-0.1680332273244857
Transformer-onehot,VH_framework,Q,-0.2656901180744171
Transformer-onehot,VH_framework,Q,-0.2725158333778381
Transformer-onehot,VH_framework,Q,-0.1728673130273819
Transformer-onehot,VH_framework,Q,-0.1620538383722305
Transformer-onehot,VH_framework,Q,-0.2858588993549347
Transformer-onehot,VH_framework,Q,-0.2671434283256531
Transformer-onehot,VH_framework,Q,-0.0787184983491897
Transformer-onehot,VH_framework,Q,-0.1792280375957489
Transformer-onehot,VH_framework,Q,-0.1578136086463928
Transformer-onehot,VH_framework,Q,-0.0821262076497078
Transformer-onehot,VH_framework,Q,-0.303443431854248
Transformer-onehot,VH_framework,Q,-0.2983903288841247
Transformer-onehot,VH_framework,Q,-0.2879223227500915
Transformer-onehot,VH_framework,Q,-0.2756678462028503
Transformer-onehot,VH_framework,Q,-0.2663532197475433
Transformer-onehot,VH_framework,Q,-0.2662776410579681
Transformer-onehot,VH_framework,Q,-0.075495459139347
Transformer-onehot,VH_framework,Q,-0.3006444871425628
Transformer-onehot,VH_framework,Q,-0.2798261344432831
Transformer-onehot,VH_framework,Q,-0.1654653996229171
Transformer-onehot,VH_framework,Q,-0.2779763340950012
Transformer-onehot,VH_framework,Q,-0.2965794503688812
Transformer-onehot,VH_framework,Q,-0.1566391885280609
Transformer-onehot,VH_framework,Q,-0.3053802847862243
Transformer-onehot,VH_framework,Q,-0.1596286296844482
Transformer-onehot,VH_framework,Q,-0.2536188960075378
Transformer-onehot,VH_framework,Q,-0.1512148231267929
Transformer-onehot,VH_framework,Q,-0.1619824767112732
Transformer-onehot,VH_framework,Q,-0.167982131242752
Transformer-onehot,VH_framework,Q,-0.3069334626197815
Transformer-onehot,VH_framework,Q,-0.2628669440746307
Transformer-onehot,VH_framework,Q,-0.2765533924102783
Transformer-onehot,VH_framework,Q,-0.2920983433723449
Transformer-onehot,VH_framework,Q,-0.3010717630386352
Transformer-onehot,VH_framework,Q,-0.159063845872879
Transformer-onehot,VH_framework,Q,-0.1643145382404327
Transformer-onehot,VH_framework,Q,-0.1620082855224609
Transformer-onehot,VH_framework,Q,-0.1695374250411987
Transformer-onehot,VH_framework,Q,-0.2874223887920379
Transformer-onehot,VH_framework,Q,-0.1562947630882263
Transformer-onehot,VH_framework,Q,-0.0749824047088623
Transformer-onehot,VH_framework,Q,-0.1470839530229568
Transformer-onehot,VH_framework,Q,-0.2898152768611908
Transformer-onehot,VH_framework,Q,-0.3020213842391968
Transformer-onehot,VH_framework,Q,-0.3071013391017914
Transformer-onehot,VH_framework,Q,-0.2582312822341919
Transformer-onehot,VH_framework,Q,-0.289070188999176
Transformer-onehot,VH_framework,Q,-0.0742752477526664
Transformer-onehot,VH_framework,Q,-0.3105078339576721
Transformer-onehot,VH_framework,Q,-0.296377956867218
Transformer-onehot,VH_framework,Q,-0.2749240696430206
Transformer-onehot,VH_framework,Q,-0.1764557957649231
Transformer-onehot,VH_framework,Q,-0.3008283078670501
Transformer-onehot,VH_framework,Q,-0.2652322947978973
Transformer-onehot,VH_framework,Q,-0.2872669100761413
Transformer-onehot,VH_framework,Q,-0.1570397913455963
Transformer-onehot,VH_framework,Q,-0.1717137694358825
Transformer-onehot,VH_framework,Q,-0.0830359160900116
Transformer-onehot,VH_framework,Q,-0.275635302066803
Transformer-onehot,VH_framework,Q,-0.30280801653862
Transformer-onehot,VH_framework,Q,-0.2696767449378967
Transformer-onehot,VH_framework,Q,-0.2786189615726471
Transformer-onehot,VH_framework,Q,-0.1623457223176956
Transformer-onehot,VH_framework,Q,-0.2830769121646881
Transformer-onehot,VH_framework,Q,-0.1731299459934234
Transformer-onehot,VH_framework,Q,-0.2971891462802887
Transformer-onehot,VH_framework,Q,-0.1713552176952362
Transformer-onehot,VH_framework,Q,-0.273519217967987
Transformer-onehot,VH_framework,Q,-0.1448426991701126
Transformer-onehot,VH_framework,Q,-0.1734411418437957
Transformer-onehot,VH_framework,Q,-0.2874764800071716
Transformer-onehot,VH_framework,Q,-0.1696191132068634
Transformer-onehot,VH_framework,Q,-0.1600004285573959
Transformer-onehot,VH_framework,Q,-0.1750956922769546
Transformer-onehot,VH_framework,Q,-0.0799066349864006
Transformer-onehot,VH_framework,Q,-0.1503801196813583
Transformer-onehot,VH_framework,Q,-0.3053548634052276
Transformer-onehot,VH_framework,Q,-0.1620213389396667
Transformer-onehot,VH_framework,Q,-0.1779974699020385
Transformer-onehot,VH_framework,Q,-0.2958768308162689
Transformer-onehot,VH_framework,Q,-0.1626077890396118
Transformer-onehot,VH_framework,Q,-0.26247638463974
Transformer-onehot,VH_framework,Q,-0.1597134172916412
Transformer-onehot,VH_framework,Q,-0.3070729970932007
Transformer-onehot,VH_framework,Q,-0.0785294994711875
Transformer-onehot,VH_framework,Q,-0.2910017967224121
Transformer-onehot,VH_framework,Q,-0.0784365013241767
Transformer-onehot,VH_framework,Q,-0.1681567132472992
Transformer-onehot,VH_framework,Q,-0.1751687675714492
Transformer-onehot,VH_framework,Q,-0.2864046096801758
Transformer-onehot,VH_framework,Q,-0.2930848002433777
Transformer-onehot,VH_framework,Q,-0.1705895662307739
Transformer-onehot,VH_framework,Q,-0.2826253175735473
Transformer-onehot,VH_framework,Q,-0.1538510024547577
Transformer-onehot,VH_framework,Q,-0.1644721031188964
Transformer-onehot,VH_framework,Q,-0.2856590449810028
Transformer-onehot,VH_framework,Q,-0.3065916895866394
Transformer-onehot,VH_framework,Q,-0.0610639862716198
Transformer-onehot,VH_framework,Q,-0.0565904006361961
Transformer-onehot,VH_framework,Q,-0.2889950275421142
Transformer-onehot,VH_framework,Q,-0.2690920829772949
Transformer-onehot,VH_framework,Q,-0.0543340370059013
Transformer-onehot,VH_framework,Q,-0.0776508376002311
Transformer-onehot,VH_framework,Q,-0.1646577715873718
Transformer-onehot,VH_framework,Q,-0.1370834708213806
Transformer-onehot,VH_framework,Q,-0.1646953225135803
Transformer-onehot,VH_framework,Q,-0.273176372051239
Transformer-onehot,VH_framework,Q,-0.1362012773752212
Transformer-onehot,VH_framework,Q,-0.3016324043273926
Transformer-onehot,VH_framework,Q,-0.1475276201963424
Transformer-onehot,VH_framework,Q,-0.1605558097362518
Transformer-onehot,VH_framework,Q,-0.060775838792324
Transformer-onehot,VH_framework,Q,-0.0532972998917102
Transformer-onehot,VH_framework,Q,-0.1557973474264145
Transformer-onehot,VH_framework,Q,-0.0619316585361957
Transformer-onehot,VH_framework,Q,-0.2785649001598358
Transformer-onehot,VH_framework,Q,-0.053970169275999
Transformer-onehot,VH_framework,Q,-0.1483211517333984
Transformer-onehot,VH_framework,Q,-0.1281221508979797
Transformer-onehot,VH_framework,Q,-0.1537060737609863
Transformer-onehot,VH_framework,Q,-0.1607270538806915
Transformer-onehot,VH_framework,Q,-0.0612832009792327
Transformer-onehot,VH_framework,Q,-0.1523248255252838
Transformer-onehot,VH_framework,Q,-0.0573937185108661
Transformer-onehot,VH_framework,Q,-0.1535305678844452
Transformer-onehot,VH_framework,Q,-0.0574813485145568
Transformer-onehot,VH_framework,Q,-0.1560075134038925
Transformer-onehot,VH_framework,Q,-0.167370468378067
Transformer-onehot,VH_framework,Q,-0.2930222153663635
Transformer-onehot,VH_framework,Q,-0.0705539435148239
Transformer-onehot,VH_framework,Q,-0.2950526475906372
Transformer-onehot,VH_framework,Q,-0.1656014770269394
Transformer-onehot,VH_framework,Q,-0.2558734118938446
Transformer-onehot,VH_framework,Q,-0.1528818011283874
Transformer-onehot,VH_framework,Q,-0.1587893068790435
Transformer-onehot,VH_framework,Q,-0.1524598896503448
Transformer-onehot,VH_framework,Q,-0.0713706240057945
Transformer-onehot,VH_framework,Q,-0.1657895892858505
Transformer-onehot,VH_framework,Q,-0.289210170507431
Transformer-onehot,VH_framework,Q,-0.070583239197731
Transformer-onehot,VH_framework,Q,-0.1467576920986175
Transformer-onehot,VH_framework,Q,-0.0543244257569313
Transformer-onehot,VH_framework,Q,-0.063027411699295
Transformer-onehot,VH_framework,Q,-0.255434513092041
Transformer-onehot,VH_framework,Q,-0.1361936330795288
Transformer-onehot,VH_framework,Q,-0.1556921601295471
Transformer-onehot,VH_framework,Q,-0.1520895063877105
Transformer-onehot,VH_framework,Q,-0.0707930624485015
Transformer-onehot,VH_framework,Q,-0.1371109038591385
Transformer-onehot,VH_framework,Q,-0.0589035786688327
Transformer-onehot,VH_framework,Q,-0.1502675265073776
Transformer-onehot,VH_framework,Q,-0.1611447036266327
Transformer-onehot,VH_framework,Q,-0.1405256390571594
Transformer-onehot,VH_framework,Q,-0.1600229740142822
Transformer-onehot,VH_framework,Q,-0.0509344488382339
Transformer-onehot,VH_framework,Q,-0.1308257281780243
Transformer-onehot,VH_framework,Q,-0.0608715824782848
Transformer-onehot,VH_framework,Q,-0.1566814184188842
Transformer-onehot,VH_framework,Q,-0.1591292768716812
Transformer-onehot,VH_framework,Q,-0.2700161933898926
Transformer-onehot,VH_framework,Q,-0.2733599543571472
Transformer-onehot,VH_framework,Q,-0.2553124129772186
Transformer-onehot,VH_framework,Q,-0.0733127743005752
Transformer-onehot,VH_framework,Q,-0.1557009071111679
Transformer-onehot,VH_framework,Q,-0.1675269901752472
Transformer-onehot,VH_framework,Q,-0.2907160222530365
Transformer-onehot,VH_framework,Q,-0.0777097940444946
Transformer-onehot,VH_framework,Q,-0.2597208321094513
Transformer-onehot,VH_framework,Q,-0.1485116779804229
Transformer-onehot,VH_framework,Q,-0.2670502364635467
Transformer-onehot,VH_framework,Q,-0.0773660764098167
Transformer-onehot,VH_framework,Q,-0.1387615203857422
Transformer-onehot,VH_framework,Q,-0.0661933794617652
Transformer-onehot,VH_framework,Q,-0.0648174211382865
Transformer-onehot,VH_framework,Q,-0.2915550172328949
Transformer-onehot,VH_framework,Q,-0.0669685676693916
Transformer-onehot,VH_framework,Q,-0.0767874345183372
Transformer-onehot,VH_framework,Q,-0.0718277022242546
Transformer-onehot,VH_framework,Q,-0.0680202022194862
Transformer-onehot,VH_framework,Q,-0.1716122925281524
Transformer-onehot,VH_framework,Q,-0.0717254057526588
Transformer-onehot,VH_framework,Q,-0.1544771343469619
Transformer-onehot,VH_framework,Q,-0.2799606323242187
Transformer-onehot,VH_framework,Q,-0.1381209790706634
Transformer-onehot,VH_framework,Q,-0.1548963487148285
Transformer-onehot,VH_framework,Q,-0.1356975734233856
Transformer-onehot,VH_framework,Q,-0.0530480928719043
Transformer-onehot,VH_framework,Q,-0.2906244993209839
Transformer-onehot,VH_framework,Q,-0.1441579312086105
Transformer-onehot,VH_framework,Q,-0.256565511226654
Transformer-onehot,VH_framework,Q,-0.0696394965052604
Transformer-onehot,VH_framework,Q,-0.1522442996501922
Transformer-onehot,VH_framework,Q,-0.0649478062987327
Transformer-onehot,VH_framework,Q,-0.1294339597225189
Transformer-onehot,VH_framework,Q,-0.1596598029136657
Transformer-onehot,VH_framework,Q,-0.0597589910030365
Transformer-onehot,VH_framework,Q,-0.2708956599235534
Transformer-onehot,VH_framework,Q,-0.0668055340647697
Transformer-onehot,VH_framework,Q,-0.0552365593612194
Transformer-onehot,VH_framework,Q,-0.062256321310997
Transformer-onehot,VH_framework,Q,-0.2474892288446426
Transformer-onehot,VH_framework,Q,-0.0678513646125793
Transformer-onehot,VH_framework,Q,-0.0650883018970489
Transformer-onehot,VH_framework,Q,-0.1672791689634323
Transformer-onehot,VH_framework,Q,-0.301673024892807
Transformer-onehot,VH_framework,Q,-0.1613818258047104
Transformer-onehot,VH_framework,Q,-0.1399221718311309
Transformer-onehot,VH_framework,Q,-0.3026243448257446
Transformer-onehot,VH_framework,Q,-0.0595747791230678
Transformer-onehot,VH_framework,Q,-0.1266731321811676
Transformer-onehot,VH_framework,Q,-0.2649645209312439
Transformer-onehot,VH_framework,Q,-0.0678796246647834
Transformer-onehot,VH_framework,Q,-0.1595705896615982
Transformer-onehot,VH_framework,Q,-0.1399894058704376
Transformer-onehot,VH_framework,Q,-0.1575475633144378
Transformer-onehot,VH_framework,Q,-0.2787758409976959
Transformer-onehot,VH_framework,Q,-0.1589046418666839
Transformer-onehot,VH_framework,Q,-0.1544654369354248
Transformer-onehot,VH_framework,Q,-0.0736172720789909
Transformer-onehot,VH_framework,Q,-0.0648791417479515
Transformer-onehot,VH_framework,Q,-0.1633413881063461
Transformer-onehot,VH_framework,Q,-0.1258763670921325
Transformer-onehot,VH_framework,Q,-0.2765011787414551
Transformer-onehot,VH_framework,Q,-0.0646922290325164
Transformer-onehot,VH_framework,Q,-0.2511731088161468
Transformer-onehot,VH_framework,Q,-0.1377247869968414
Transformer-onehot,VH_framework,Q,-0.1557714343070984
Transformer-onehot,VH_framework,Q,-0.0607664249837398
Transformer-onehot,VH_framework,Q,-0.064754918217659
Transformer-onehot,VH_framework,Q,-0.2521937787532806
Transformer-onehot,VH_framework,Q,-0.282531201839447
Transformer-onehot,VH_framework,Q,-0.2688068151473999
Transformer-onehot,VH_framework,Q,-0.2505123913288116
Transformer-onehot,VH_framework,Q,-0.2788128852844238
Transformer-onehot,VH_framework,Q,-0.0543078929185867
Transformer-onehot,VH_framework,Q,-0.1750050187110901
Transformer-onehot,VH_framework,Q,-0.1543271243572235
Transformer-onehot,VH_framework,Q,-0.0748047456145286
Transformer-onehot,VH_framework,Q,-0.1358312964439392
Transformer-onehot,VH_framework,Q,-0.2806843817234039
Transformer-onehot,VH_framework,Q,-0.0707632526755333
Transformer-onehot,VH_framework,Q,-0.1392820179462433
Transformer-onehot,VH_framework,Q,-0.1729623973369598
Transformer-onehot,VH_framework,Q,-0.1208944469690322
Transformer-onehot,VH_framework,Q,-0.1288612335920334
Transformer-onehot,VH_framework,Q,-0.2579914629459381
Transformer-onehot,VH_framework,Q,-0.0749502629041671
Transformer-onehot,VH_framework,Q,-0.156551644206047
Transformer-onehot,VH_framework,Q,-0.0654432401061058
Transformer-onehot,VH_framework,Q,-0.2909104824066162
Transformer-onehot,VH_framework,Q,-0.067883126437664
Transformer-onehot,VH_framework,Q,-0.1600240767002105
Transformer-onehot,VH_framework,Q,-0.1632342934608459
Transformer-onehot,VH_framework,Q,-0.2729348242282867
Transformer-onehot,VH_framework,Q,-0.149119347333908
Transformer-onehot,VH_framework,Q,-0.124820739030838
Transformer-onehot,VH_framework,Q,-0.1559297442436218
Transformer-onehot,VH_framework,Q,-0.0683527886867523
Transformer-onehot,VH_framework,Q,-0.1638087481260299
Transformer-onehot,VH_framework,Q,-0.1399373114109039
Transformer-onehot,VH_framework,Q,-0.2511333227157593
Transformer-onehot,VH_framework,Q,-0.1431141197681427
Transformer-onehot,VH_framework,Q,-0.1583750545978546
Transformer-onehot,VH_framework,Q,-0.1459521651268005
Transformer-onehot,VH_framework,Q,-0.1323862075805664
Transformer-onehot,VH_framework,Q,-0.1711146533489227
Transformer-onehot,VH_framework,Q,-0.2840714156627655
Transformer-onehot,VH_framework,Q,-0.1567917466163635
Transformer-onehot,VH_framework,Q,-0.063998706638813
Transformer-onehot,VH_framework,Q,-0.1559585332870483
Transformer-onehot,VH_framework,Q,-0.1656173467636108
Transformer-onehot,VH_framework,Q,-0.0545803681015968
Transformer-onehot,VH_framework,Q,-0.0729362294077873
Transformer-onehot,VH_framework,Q,-0.1513913124799728
Transformer-onehot,VH_framework,Q,-0.1482436954975128
Transformer-onehot,VH_framework,Q,-0.1568419784307479
Transformer-onehot,VH_framework,Q,-0.1540087461471557
Transformer-onehot,VH_framework,Q,-0.2577460408210754
Transformer-onehot,VH_framework,Q,-0.0701413229107856
Transformer-onehot,VH_framework,Q,-0.0703866481781005
Transformer-onehot,VH_framework,Q,-0.1467727720737457
Transformer-onehot,VH_framework,Q,-0.1454060077667236
Transformer-onehot,VH_framework,Q,-0.0687570199370384
Transformer-onehot,VH_framework,Q,-0.0646992102265358
Transformer-onehot,VH_framework,Q,-0.0555415339767932
Transformer-onehot,VH_framework,Q,-0.154529184103012
Transformer-onehot,VH_framework,Q,-0.1537125706672668
Transformer-onehot,VH_framework,Q,-0.0667645707726478
Transformer-onehot,VH_framework,Q,-0.2698704600334167
Transformer-onehot,VH_framework,Q,-0.0554512441158294
Transformer-onehot,VH_framework,Q,-0.069248728454113
Transformer-onehot,VH_framework,Q,-0.0739414393901825
Transformer-onehot,VH_framework,Q,-0.0603705123066902
Transformer-onehot,VH_framework,Q,-0.0538594983518123
Transformer-onehot,VH_framework,Q,-0.267025887966156
Transformer-onehot,VH_framework,Q,-0.1621927917003631
Transformer-onehot,VH_framework,Q,-0.0736067220568656
Transformer-onehot,VH_framework,Q,-0.2971224188804626
Transformer-onehot,VH_framework,Q,-0.1436404585838318
Transformer-onehot,VH_framework,Q,-0.1324512362480163
Transformer-onehot,VH_framework,Q,-0.0680682212114334
Transformer-onehot,VH_framework,Q,-0.0750204473733902
Transformer-onehot,VH_framework,Q,-0.1741906106472015
Transformer-onehot,VH_framework,Q,-0.0692738741636276
Transformer-onehot,VH_framework,Q,-0.0571922175586223
Transformer-onehot,VH_framework,Q,-0.0706904157996177
Transformer-onehot,VH_framework,Q,-0.0617794133722782
Transformer-onehot,VH_framework,Q,-0.0717237442731857
Transformer-onehot,VH_framework,Q,-0.1707416027784347
Transformer-onehot,VH_framework,Q,-0.1532720625400543
Transformer-onehot,VH_framework,Q,-0.1332584917545318
Transformer-onehot,VH_framework,Q,-0.168327510356903
Transformer-onehot,VH_framework,Q,-0.1503608226776123
Transformer-onehot,VH_framework,Q,-0.1604354679584503
Transformer-onehot,VH_framework,Q,-0.1460936963558197
Transformer-onehot,VH_framework,Q,-0.0631084963679313
Transformer-onehot,VH_framework,Q,-0.0790210291743278
Transformer-onehot,VH_framework,Q,-0.147002711892128
Transformer-onehot,VH_framework,Q,-0.0756902247667312
Transformer-onehot,VH_framework,Q,-0.0733470916748046
Transformer-onehot,VH_framework,Q,-0.1316475868225097
Transformer-onehot,VH_framework,Q,-0.158973291516304
Transformer-onehot,VH_framework,Q,-0.0581831075251102
Transformer-onehot,VH_framework,Q,-0.2678951621055603
Transformer-onehot,VH_framework,Q,-0.1383852660655975
Transformer-onehot,VH_framework,Q,-0.1272300481796264
Transformer-onehot,VH_framework,Q,-0.0591753050684928
Transformer-onehot,VH_framework,Q,-0.1673438847064972
Transformer-onehot,VH_framework,Q,-0.0693994089961052
Transformer-onehot,VH_framework,Q,-0.0607158429920673
Transformer-onehot,VH_framework,Q,-0.1620889753103256
Transformer-onehot,VH_framework,Q,-0.2627461850643158
Transformer-onehot,VH_framework,Q,-0.0610405318439006
Transformer-onehot,VH_framework,Q,-0.1453682482242584
Transformer-onehot,VH_framework,Q,-0.1464759111404419
Transformer-onehot,VH_framework,Q,-0.2651175856590271
Transformer-onehot,VH_framework,Q,-0.1246068552136421
Transformer-onehot,VH_framework,Q,-0.0640420466661453
Transformer-onehot,VH_framework,Q,-0.164909541606903
Transformer-onehot,VH_framework,Q,-0.2897622585296631
Transformer-onehot,VH_framework,Q,-0.0537980608642101
Transformer-onehot,VH_framework,Q,-0.1404440999031067
Transformer-onehot,VH_framework,Q,-0.2809328436851501
Transformer-onehot,VH_framework,Q,-0.140079379081726
Transformer-onehot,VH_framework,Q,-0.1688975095748901
Transformer-onehot,VH_framework,Q,-0.0540733784437179
Transformer-onehot,VH_framework,Q,-0.1267595887184143
Transformer-onehot,VH_framework,R,0.0
Transformer-onehot,VH_framework,R,0.0
Transformer-onehot,VH_framework,R,0.0
Transformer-onehot,VH_framework,R,0.0
Transformer-onehot,VH_framework,R,0.0
Transformer-onehot,VH_framework,R,0.0
Transformer-onehot,VH_framework,R,0.0
Transformer-onehot,VH_framework,R,0.0
Transformer-onehot,VH_framework,R,0.0
Transformer-onehot,VH_framework,R,0.0
Transformer-onehot,VH_framework,R,0.0
Transformer-onehot,VH_framework,R,0.0
Transformer-onehot,VH_framework,R,0.0
Transformer-onehot,VH_framework,R,0.0
Transformer-onehot,VH_framework,R,0.0
Transformer-onehot,VH_framework,R,0.0
Transformer-onehot,VH_framework,R,0.0
Transformer-onehot,VH_framework,R,0.0
Transformer-onehot,VH_framework,R,0.0
Transformer-onehot,VH_framework,R,0.0
Transformer-onehot,VH_framework,R,0.0
Transformer-onehot,VH_framework,R,0.0
Transformer-onehot,VH_framework,R,0.0
Transformer-onehot,VH_framework,R,0.0
Transformer-onehot,VH_framework,R,0.0
Transformer-onehot,VH_framework,R,0.0
Transformer-onehot,VH_framework,R,0.0
Transformer-onehot,VH_framework,R,0.0
Transformer-onehot,VH_framework,R,0.0
Transformer-onehot,VH_framework,R,0.0
Transformer-onehot,VH_framework,R,0.0
Transformer-onehot,VH_framework,R,0.0
Transformer-onehot,VH_framework,R,0.0
Transformer-onehot,VH_framework,R,0.0
Transformer-onehot,VH_framework,R,0.0
Transformer-onehot,VH_framework,R,0.0
Transformer-onehot,VH_framework,R,0.0
Transformer-onehot,VH_framework,R,0.0
Transformer-onehot,VH_framework,R,0.0
Transformer-onehot,VH_framework,R,0.0
Transformer-onehot,VH_framework,R,0.0
Transformer-onehot,VH_framework,R,0.0
Transformer-onehot,VH_framework,R,0.0
Transformer-onehot,VH_framework,R,0.0
Transformer-onehot,VH_framework,R,0.0
Transformer-onehot,VH_framework,R,0.0
Transformer-onehot,VH_framework,R,0.0
Transformer-onehot,VH_framework,R,0.0
Transformer-onehot,VH_framework,R,0.0
Transformer-onehot,VH_framework,R,0.0
Transformer-onehot,VH_framework,R,0.0
Transformer-onehot,VH_framework,R,0.0
Transformer-onehot,VH_framework,R,0.0
Transformer-onehot,VH_framework,R,0.0
Transformer-onehot,VH_framework,R,0.0
Transformer-onehot,VH_framework,R,0.0
Transformer-onehot,VH_framework,R,0.0
Transformer-onehot,VH_framework,R,0.0
Transformer-onehot,VH_framework,R,0.0
Transformer-onehot,VH_framework,R,0.0
Transformer-onehot,VH_framework,R,0.0
Transformer-onehot,VH_framework,R,0.0
Transformer-onehot,VH_framework,R,0.0
Transformer-onehot,VH_framework,R,0.0
Transformer-onehot,VH_framework,R,0.0
Transformer-onehot,VH_framework,R,0.0
Transformer-onehot,VH_framework,R,0.0
Transformer-onehot,VH_framework,R,0.0
Transformer-onehot,VH_framework,R,0.0
Transformer-onehot,VH_framework,R,0.0
Transformer-onehot,VH_framework,R,0.0
Transformer-onehot,VH_framework,R,0.0
Transformer-onehot,VH_framework,R,0.0
Transformer-onehot,VH_framework,R,0.0
Transformer-onehot,VH_framework,R,0.0
Transformer-onehot,VH_framework,R,0.0
Transformer-onehot,VH_framework,R,0.0
Transformer-onehot,VH_framework,R,0.0
Transformer-onehot,VH_framework,R,0.0
Transformer-onehot,VH_framework,R,0.0
Transformer-onehot,VH_framework,R,0.0
Transformer-onehot,VH_framework,R,0.0
Transformer-onehot,VH_framework,R,0.0
Transformer-onehot,VH_framework,R,0.0
Transformer-onehot,VH_framework,R,0.0
Transformer-onehot,VH_framework,R,0.0
Transformer-onehot,VH_framework,R,0.0
Transformer-onehot,VH_framework,R,0.0
Transformer-onehot,VH_framework,R,0.0
Transformer-onehot,VH_framework,R,0.0
Transformer-onehot,VH_framework,R,0.0
Transformer-onehot,VH_framework,R,0.0
Transformer-onehot,VH_framework,R,0.0
Transformer-onehot,VH_framework,R,0.0
Transformer-onehot,VH_framework,R,0.0
Transformer-onehot,VH_framework,R,0.0
Transformer-onehot,VH_framework,R,0.0
Transformer-onehot,VH_framework,R,0.0
Transformer-onehot,VH_framework,R,0.0
Transformer-onehot,VH_framework,R,0.0
Transformer-onehot,VH_framework,R,0.0
Transformer-onehot,VH_framework,R,0.0
Transformer-onehot,VH_framework,R,0.0
Transformer-onehot,VH_framework,R,0.0
Transformer-onehot,VH_framework,R,0.0
Transformer-onehot,VH_framework,R,0.0
Transformer-onehot,VH_framework,R,0.0
Transformer-onehot,VH_framework,R,0.0
Transformer-onehot,VH_framework,R,0.0
Transformer-onehot,VH_framework,R,0.0
Transformer-onehot,VH_framework,R,0.0
Transformer-onehot,VH_framework,R,0.0
Transformer-onehot,VH_framework,R,0.0
Transformer-onehot,VH_framework,R,0.0
Transformer-onehot,VH_framework,R,0.0
Transformer-onehot,VH_framework,R,0.0
Transformer-onehot,VH_framework,R,0.0
Transformer-onehot,VH_framework,R,0.0
Transformer-onehot,VH_framework,R,0.0
Transformer-onehot,VH_framework,R,0.0
Transformer-onehot,VH_framework,R,0.0
Transformer-onehot,VH_framework,R,0.0
Transformer-onehot,VH_framework,R,0.0
Transformer-onehot,VH_framework,R,0.0
Transformer-onehot,VH_framework,R,0.0
Transformer-onehot,VH_framework,R,0.0
Transformer-onehot,VH_framework,R,0.0
Transformer-onehot,VH_framework,R,0.0
Transformer-onehot,VH_framework,R,0.0
Transformer-onehot,VH_framework,R,0.0
Transformer-onehot,VH_framework,R,0.0
Transformer-onehot,VH_framework,R,0.0
Transformer-onehot,VH_framework,R,0.0
Transformer-onehot,VH_framework,R,0.0
Transformer-onehot,VH_framework,R,0.0
Transformer-onehot,VH_framework,R,0.0
Transformer-onehot,VH_framework,R,0.0
Transformer-onehot,VH_framework,R,0.0
Transformer-onehot,VH_framework,R,0.0
Transformer-onehot,VH_framework,R,0.0
Transformer-onehot,VH_framework,R,0.0
Transformer-onehot,VH_framework,R,0.0
Transformer-onehot,VH_framework,R,0.0
Transformer-onehot,VH_framework,R,0.0
Transformer-onehot,VH_framework,R,0.0
Transformer-onehot,VH_framework,R,0.0
Transformer-onehot,VH_framework,R,0.0
Transformer-onehot,VH_framework,R,0.0
Transformer-onehot,VH_framework,R,0.0
Transformer-onehot,VH_framework,R,0.0
Transformer-onehot,VH_framework,R,0.0
Transformer-onehot,VH_framework,R,0.0
Transformer-onehot,VH_framework,R,0.0
Transformer-onehot,VH_framework,R,0.0
Transformer-onehot,VH_framework,R,0.0
Transformer-onehot,VH_framework,R,0.0
Transformer-onehot,VH_framework,R,0.0
Transformer-onehot,VH_framework,R,0.0
Transformer-onehot,VH_framework,R,0.0
Transformer-onehot,VH_framework,R,0.0
Transformer-onehot,VH_framework,R,0.0
Transformer-onehot,VH_framework,R,0.0
Transformer-onehot,VH_framework,R,0.0
Transformer-onehot,VH_framework,R,0.0
Transformer-onehot,VH_framework,R,0.0
Transformer-onehot,VH_framework,R,0.0
Transformer-onehot,VH_framework,R,0.0
Transformer-onehot,VH_framework,R,0.0
Transformer-onehot,VH_framework,R,0.0
Transformer-onehot,VH_framework,R,0.0
Transformer-onehot,VH_framework,R,0.0
Transformer-onehot,VH_framework,R,0.0
Transformer-onehot,VH_framework,R,0.0
Transformer-onehot,VH_framework,R,0.0
Transformer-onehot,VH_framework,R,0.0
Transformer-onehot,VH_framework,R,0.0
Transformer-onehot,VH_framework,R,0.0
Transformer-onehot,VH_framework,R,0.0
Transformer-onehot,VH_framework,R,0.0
Transformer-onehot,VH_framework,R,0.0
Transformer-onehot,VH_framework,R,0.0
Transformer-onehot,VH_framework,R,0.0
Transformer-onehot,VH_framework,R,0.0
Transformer-onehot,VH_framework,R,0.0
Transformer-onehot,VH_framework,R,0.0
Transformer-onehot,VH_framework,R,0.0
Transformer-onehot,VH_framework,R,0.0
Transformer-onehot,VH_framework,R,0.0
Transformer-onehot,VH_framework,R,0.0
Transformer-onehot,VH_framework,R,0.0
Transformer-onehot,VH_framework,R,0.0
Transformer-onehot,VH_framework,R,0.0
Transformer-onehot,VH_framework,R,0.0
Transformer-onehot,VH_framework,R,0.0
Transformer-onehot,VH_framework,R,0.0
Transformer-onehot,VH_framework,R,0.0
Transformer-onehot,VH_framework,R,0.0
Transformer-onehot,VH_framework,R,0.0
Transformer-onehot,VH_framework,R,0.0
Transformer-onehot,VH_framework,R,0.0
Transformer-onehot,VH_framework,R,0.0
Transformer-onehot,VH_framework,R,0.0
Transformer-onehot,VH_framework,R,0.0
Transformer-onehot,VH_framework,R,0.0
Transformer-onehot,VH_framework,R,0.0
Transformer-onehot,VH_framework,R,0.0
Transformer-onehot,VH_framework,R,0.0
Transformer-onehot,VH_framework,R,0.0
Transformer-onehot,VH_framework,R,0.0
Transformer-onehot,VH_framework,R,0.0
Transformer-onehot,VH_framework,R,0.0
Transformer-onehot,VH_framework,R,0.0
Transformer-onehot,VH_framework,R,0.0
Transformer-onehot,VH_framework,R,0.0
Transformer-onehot,VH_framework,R,0.0
Transformer-onehot,VH_framework,R,0.0
Transformer-onehot,VH_framework,R,0.0
Transformer-onehot,VH_framework,R,0.0
Transformer-onehot,VH_framework,R,0.0
Transformer-onehot,VH_framework,R,0.0
Transformer-onehot,VH_framework,R,0.0
Transformer-onehot,VH_framework,R,0.0
Transformer-onehot,VH_framework,R,0.0
Transformer-onehot,VH_framework,R,0.0
Transformer-onehot,VH_framework,R,0.0
Transformer-onehot,VH_framework,R,0.0
Transformer-onehot,VH_framework,R,0.0
Transformer-onehot,VH_framework,R,0.0
Transformer-onehot,VH_framework,R,0.0
Transformer-onehot,VH_framework,R,0.0
Transformer-onehot,VH_framework,R,0.0
Transformer-onehot,VH_framework,R,0.0
Transformer-onehot,VH_framework,R,0.0
Transformer-onehot,VH_framework,R,0.0
Transformer-onehot,VH_framework,R,0.0
Transformer-onehot,VH_framework,R,0.0
Transformer-onehot,VH_framework,R,0.0
Transformer-onehot,VH_framework,R,0.0
Transformer-onehot,VH_framework,R,0.0
Transformer-onehot,VH_framework,R,0.0
Transformer-onehot,VH_framework,R,0.0
Transformer-onehot,VH_framework,R,0.0
Transformer-onehot,VH_framework,R,0.0
Transformer-onehot,VH_framework,R,0.0
Transformer-onehot,VH_framework,R,0.0
Transformer-onehot,VH_framework,R,0.0
Transformer-onehot,VH_framework,R,0.0
Transformer-onehot,VH_framework,R,0.0
Transformer-onehot,VH_framework,R,0.0
Transformer-onehot,VH_framework,R,0.0
Transformer-onehot,VH_framework,R,0.0
Transformer-onehot,VH_framework,R,0.0
Transformer-onehot,VH_framework,R,0.0
Transformer-onehot,VH_framework,R,0.0
Transformer-onehot,VH_framework,R,0.0
Transformer-onehot,VH_framework,R,0.0
Transformer-onehot,VH_framework,R,0.0
Transformer-onehot,VH_framework,R,0.0
Transformer-onehot,VH_framework,R,0.0
Transformer-onehot,VH_framework,R,0.0
Transformer-onehot,VH_framework,R,0.0
Transformer-onehot,VH_framework,R,0.0
Transformer-onehot,VH_framework,R,0.0
Transformer-onehot,VH_framework,R,0.0
Transformer-onehot,VH_framework,R,0.0
Transformer-onehot,VH_framework,R,0.0
Transformer-onehot,VH_framework,R,0.0
Transformer-onehot,VH_framework,R,0.0
Transformer-onehot,VH_framework,R,0.0
Transformer-onehot,VH_framework,R,0.0
Transformer-onehot,VH_framework,R,0.0
Transformer-onehot,VH_framework,R,0.0
Transformer-onehot,VH_framework,R,0.0
Transformer-onehot,VH_framework,R,0.0
Transformer-onehot,VH_framework,R,0.0
Transformer-onehot,VH_framework,R,0.0
Transformer-onehot,VH_framework,R,0.0
Transformer-onehot,VH_framework,R,0.0
Transformer-onehot,VH_framework,R,0.0
Transformer-onehot,VH_framework,R,0.0
Transformer-onehot,VH_framework,R,0.0
Transformer-onehot,VH_framework,R,0.0
Transformer-onehot,VH_framework,R,0.0
Transformer-onehot,VH_framework,R,0.0
Transformer-onehot,VH_framework,R,0.0
Transformer-onehot,VH_framework,R,0.0
Transformer-onehot,VH_framework,R,0.0
Transformer-onehot,VH_framework,R,0.0
Transformer-onehot,VH_framework,R,0.0
Transformer-onehot,VH_framework,R,0.0
Transformer-onehot,VH_framework,R,0.0
Transformer-onehot,VH_framework,R,0.0
Transformer-onehot,VH_framework,R,0.0
Transformer-onehot,VH_framework,R,0.0
Transformer-onehot,VH_framework,R,0.0
Transformer-onehot,VH_framework,R,0.0
Transformer-onehot,VH_framework,R,0.0
Transformer-onehot,VH_framework,R,0.0
Transformer-onehot,VH_framework,R,0.0
Transformer-onehot,VH_framework,R,0.0
Transformer-onehot,VH_framework,R,0.0
Transformer-onehot,VH_framework,R,0.0
Transformer-onehot,VH_framework,R,0.0
Transformer-onehot,VH_framework,R,0.0
Transformer-onehot,VH_framework,R,0.0
Transformer-onehot,VH_framework,R,0.0
Transformer-onehot,VH_framework,R,0.0
Transformer-onehot,VH_framework,R,0.0
Transformer-onehot,VH_framework,R,0.0
Transformer-onehot,VH_framework,R,0.0
Transformer-onehot,VH_framework,R,0.0
Transformer-onehot,VH_framework,R,0.0
Transformer-onehot,VH_framework,R,0.0
Transformer-onehot,VH_framework,R,0.0
Transformer-onehot,VH_framework,R,0.0
Transformer-onehot,VH_framework,R,0.0
Transformer-onehot,VH_framework,R,0.0
Transformer-onehot,VH_framework,R,0.0
Transformer-onehot,VH_framework,R,0.0
Transformer-onehot,VH_framework,R,0.0
Transformer-onehot,VH_framework,R,0.0
Transformer-onehot,VH_framework,R,0.0
Transformer-onehot,VH_framework,R,0.0
Transformer-onehot,VH_framework,R,0.0
Transformer-onehot,VH_framework,R,0.0
Transformer-onehot,VH_framework,R,0.0
Transformer-onehot,VH_framework,R,0.0
Transformer-onehot,VH_framework,R,0.0
Transformer-onehot,VH_framework,R,0.0
Transformer-onehot,VH_framework,R,0.0
Transformer-onehot,VH_framework,R,0.0
Transformer-onehot,VH_framework,R,0.0
Transformer-onehot,VH_framework,R,0.0
Transformer-onehot,VH_framework,R,0.0
Transformer-onehot,VH_framework,R,0.0
Transformer-onehot,VH_framework,R,0.0
Transformer-onehot,VH_framework,R,0.0
Transformer-onehot,VH_framework,R,0.0
Transformer-onehot,VH_framework,R,0.0
Transformer-onehot,VH_framework,R,0.0
Transformer-onehot,VH_framework,R,0.0
Transformer-onehot,VH_framework,R,0.0
Transformer-onehot,VH_framework,R,0.0
Transformer-onehot,VH_framework,R,0.0
Transformer-onehot,VH_framework,R,0.0
Transformer-onehot,VH_framework,R,0.0
Transformer-onehot,VH_framework,R,0.0
Transformer-onehot,VH_framework,R,0.0
Transformer-onehot,VH_framework,R,0.0
Transformer-onehot,VH_framework,R,0.0
Transformer-onehot,VH_framework,R,0.0
Transformer-onehot,VH_framework,R,0.0
Transformer-onehot,VH_framework,R,0.0
Transformer-onehot,VH_framework,R,0.0
Transformer-onehot,VH_framework,R,0.0
Transformer-onehot,VH_framework,R,0.0
Transformer-onehot,VH_framework,R,0.0
Transformer-onehot,VH_framework,R,0.0
Transformer-onehot,VH_framework,R,0.0
Transformer-onehot,VH_framework,R,0.0
Transformer-onehot,VH_framework,R,0.0
Transformer-onehot,VH_framework,R,0.0
Transformer-onehot,VH_framework,R,0.0
Transformer-onehot,VH_framework,R,0.0
Transformer-onehot,VH_framework,R,0.0
Transformer-onehot,VH_framework,R,0.0
Transformer-onehot,VH_framework,R,0.0
Transformer-onehot,VH_framework,R,0.0
Transformer-onehot,VH_framework,R,0.0
Transformer-onehot,VH_framework,R,0.0
Transformer-onehot,VH_framework,R,0.0
Transformer-onehot,VH_framework,R,0.0
Transformer-onehot,VH_framework,R,0.0
Transformer-onehot,VH_framework,R,0.0
Transformer-onehot,VH_framework,R,0.0
Transformer-onehot,VH_framework,R,0.0
Transformer-onehot,VH_framework,R,0.0
Transformer-onehot,VH_framework,R,0.0
Transformer-onehot,VH_framework,R,0.0
Transformer-onehot,VH_framework,R,0.0
Transformer-onehot,VH_framework,R,0.0
Transformer-onehot,VH_framework,R,0.0
Transformer-onehot,VH_framework,R,0.0
Transformer-onehot,VH_framework,R,0.0
Transformer-onehot,VH_framework,R,0.0
Transformer-onehot,VH_framework,R,0.0
Transformer-onehot,VH_framework,R,0.0
Transformer-onehot,VH_framework,R,0.0
Transformer-onehot,VH_framework,R,0.0
Transformer-onehot,VH_framework,R,0.0
Transformer-onehot,VH_framework,R,0.0
Transformer-onehot,VH_framework,R,0.0
Transformer-onehot,VH_framework,R,0.0
Transformer-onehot,VH_framework,R,0.0
Transformer-onehot,VH_framework,R,0.0
Transformer-onehot,VH_framework,R,0.0
Transformer-onehot,VH_framework,R,0.0
Transformer-onehot,VH_framework,R,0.0
Transformer-onehot,VH_framework,R,0.0
Transformer-onehot,VH_framework,R,0.0
Transformer-onehot,VH_framework,R,0.0
Transformer-onehot,VH_framework,R,0.0
Transformer-onehot,VH_framework,R,0.0
Transformer-onehot,VH_framework,R,0.0
Transformer-onehot,VH_framework,R,0.0
Transformer-onehot,VH_framework,R,0.0
Transformer-onehot,VH_framework,R,0.0
Transformer-onehot,VH_framework,R,0.0
Transformer-onehot,VH_framework,R,0.0
Transformer-onehot,VH_framework,R,0.0
Transformer-onehot,VH_framework,R,0.0
Transformer-onehot,VH_framework,R,0.0
Transformer-onehot,VH_framework,R,0.0
Transformer-onehot,VH_framework,R,0.0
Transformer-onehot,VH_framework,R,0.0
Transformer-onehot,VH_framework,R,0.0
Transformer-onehot,VH_framework,R,0.0
Transformer-onehot,VH_framework,R,0.0
Transformer-onehot,VH_framework,R,0.0
Transformer-onehot,VH_framework,R,0.0
Transformer-onehot,VH_framework,R,0.0
Transformer-onehot,VH_framework,R,0.0
Transformer-onehot,VH_framework,R,0.0
Transformer-onehot,VH_framework,R,0.0
Transformer-onehot,VH_framework,R,0.0
Transformer-onehot,VH_framework,R,0.0
Transformer-onehot,VH_framework,R,0.0
Transformer-onehot,VH_framework,R,0.0
Transformer-onehot,VH_framework,R,0.0
Transformer-onehot,VH_framework,R,0.0
Transformer-onehot,VH_framework,R,0.0
Transformer-onehot,VH_framework,R,0.0
Transformer-onehot,VH_framework,R,0.0
Transformer-onehot,VH_framework,R,0.0
Transformer-onehot,VH_framework,R,0.0
Transformer-onehot,VH_framework,R,0.0
Transformer-onehot,VH_framework,R,0.0
Transformer-onehot,VH_framework,R,0.0
Transformer-onehot,VH_framework,R,0.0
Transformer-onehot,VH_framework,R,0.0
Transformer-onehot,VH_framework,R,0.0
Transformer-onehot,VH_framework,R,0.0
Transformer-onehot,VH_framework,R,0.0
Transformer-onehot,VH_framework,R,0.0
Transformer-onehot,VH_framework,R,0.0
Transformer-onehot,VH_framework,R,0.0
Transformer-onehot,VH_framework,R,0.0
Transformer-onehot,VH_framework,R,0.0
Transformer-onehot,VH_framework,R,0.0
Transformer-onehot,VH_framework,R,0.0
Transformer-onehot,VH_framework,R,0.0
Transformer-onehot,VH_framework,R,0.0
Transformer-onehot,VH_framework,R,0.0
Transformer-onehot,VH_framework,R,0.0
Transformer-onehot,VH_framework,R,0.0
Transformer-onehot,VH_framework,R,0.0
Transformer-onehot,VH_framework,R,0.0
Transformer-onehot,VH_framework,R,0.0
Transformer-onehot,VH_framework,R,0.0
Transformer-onehot,VH_framework,R,0.0
Transformer-onehot,VH_framework,R,0.0
Transformer-onehot,VH_framework,R,0.0
Transformer-onehot,VH_framework,R,0.0
Transformer-onehot,VH_framework,R,0.0
Transformer-onehot,VH_framework,R,0.0
Transformer-onehot,VH_framework,R,0.0
Transformer-onehot,VH_framework,R,0.0
Transformer-onehot,VH_framework,R,0.0
Transformer-onehot,VH_framework,R,0.0
Transformer-onehot,VH_framework,R,0.0
Transformer-onehot,VH_framework,R,0.0
Transformer-onehot,VH_framework,R,0.0
Transformer-onehot,VH_framework,R,0.0
Transformer-onehot,VH_framework,R,0.0
Transformer-onehot,VH_framework,R,0.0
Transformer-onehot,VH_framework,R,0.0
Transformer-onehot,VH_framework,R,0.0
Transformer-onehot,VH_framework,R,0.0
Transformer-onehot,VH_framework,R,0.0
Transformer-onehot,VH_framework,R,0.0
Transformer-onehot,VH_framework,R,0.0
Transformer-onehot,VH_framework,R,0.0
Transformer-onehot,VH_framework,R,0.0
Transformer-onehot,VH_framework,R,0.0
Transformer-onehot,VH_framework,R,0.0
Transformer-onehot,VH_framework,R,0.0
Transformer-onehot,VH_framework,R,0.0
Transformer-onehot,VH_framework,R,0.0
Transformer-onehot,VH_framework,R,0.0
Transformer-onehot,VH_framework,R,0.0
Transformer-onehot,VH_framework,R,0.0
Transformer-onehot,VH_framework,R,0.0
Transformer-onehot,VH_framework,R,0.0
Transformer-onehot,VH_framework,R,0.0
Transformer-onehot,VH_framework,R,0.0
Transformer-onehot,VH_framework,R,0.0
Transformer-onehot,VH_framework,R,0.0
Transformer-onehot,VH_framework,R,0.0
Transformer-onehot,VH_framework,R,0.0
Transformer-onehot,VH_framework,R,0.0
Transformer-onehot,VH_framework,S,-0.2008001506328582
Transformer-onehot,VH_framework,S,0.0
Transformer-onehot,VH_framework,S,0.0
Transformer-onehot,VH_framework,S,-0.2128973305225372
Transformer-onehot,VH_framework,S,0.0130388988181948
Transformer-onehot,VH_framework,S,0.0
Transformer-onehot,VH_framework,S,0.0
Transformer-onehot,VH_framework,S,0.0
Transformer-onehot,VH_framework,S,0.0
Transformer-onehot,VH_framework,S,0.0
Transformer-onehot,VH_framework,S,0.0
Transformer-onehot,VH_framework,S,0.010546563193202
Transformer-onehot,VH_framework,S,0.0
Transformer-onehot,VH_framework,S,0.012482164427638
Transformer-onehot,VH_framework,S,0.0
Transformer-onehot,VH_framework,S,0.0
Transformer-onehot,VH_framework,S,0.0
Transformer-onehot,VH_framework,S,-0.2129572629928589
Transformer-onehot,VH_framework,S,0.0
Transformer-onehot,VH_framework,S,0.0
Transformer-onehot,VH_framework,S,-0.0085128266364336
Transformer-onehot,VH_framework,S,-0.0084405122324824
Transformer-onehot,VH_framework,S,-0.2243240177631378
Transformer-onehot,VH_framework,S,-0.0086929975077509
Transformer-onehot,VH_framework,S,0.0
Transformer-onehot,VH_framework,S,0.0
Transformer-onehot,VH_framework,S,0.0
Transformer-onehot,VH_framework,S,0.0
Transformer-onehot,VH_framework,S,-0.2326047122478485
Transformer-onehot,VH_framework,S,0.0
Transformer-onehot,VH_framework,S,0.0
Transformer-onehot,VH_framework,S,-0.0086240712553262
Transformer-onehot,VH_framework,S,0.0
Transformer-onehot,VH_framework,S,-0.0078674620017409
Transformer-onehot,VH_framework,S,0.0
Transformer-onehot,VH_framework,S,-0.2237711101770401
Transformer-onehot,VH_framework,S,0.0
Transformer-onehot,VH_framework,S,-0.2151072025299072
Transformer-onehot,VH_framework,S,0.0
Transformer-onehot,VH_framework,S,0.0
Transformer-onehot,VH_framework,S,-0.2078392952680587
Transformer-onehot,VH_framework,S,-0.1981227695941925
Transformer-onehot,VH_framework,S,0.0
Transformer-onehot,VH_framework,S,0.0
Transformer-onehot,VH_framework,S,-0.0085433712229132
Transformer-onehot,VH_framework,S,0.0
Transformer-onehot,VH_framework,S,-0.0083558661863207
Transformer-onehot,VH_framework,S,0.0
Transformer-onehot,VH_framework,S,0.0
Transformer-onehot,VH_framework,S,0.0
Transformer-onehot,VH_framework,S,-0.2167536914348602
Transformer-onehot,VH_framework,S,-0.2146385610103607
Transformer-onehot,VH_framework,S,0.0
Transformer-onehot,VH_framework,S,0.0
Transformer-onehot,VH_framework,S,-0.2324939519166946
Transformer-onehot,VH_framework,S,0.0
Transformer-onehot,VH_framework,S,0.0114898644387722
Transformer-onehot,VH_framework,S,0.0
Transformer-onehot,VH_framework,S,-0.2359205931425094
Transformer-onehot,VH_framework,S,0.0
Transformer-onehot,VH_framework,S,0.0
Transformer-onehot,VH_framework,S,0.0
Transformer-onehot,VH_framework,S,-0.2097533643245697
Transformer-onehot,VH_framework,S,-0.2198948562145233
Transformer-onehot,VH_framework,S,-0.008474419824779
Transformer-onehot,VH_framework,S,0.0
Transformer-onehot,VH_framework,S,-0.2020037472248077
Transformer-onehot,VH_framework,S,0.0
Transformer-onehot,VH_framework,S,0.0
Transformer-onehot,VH_framework,S,0.0
Transformer-onehot,VH_framework,S,0.0
Transformer-onehot,VH_framework,S,-0.2191213071346283
Transformer-onehot,VH_framework,S,0.0
Transformer-onehot,VH_framework,S,0.0
Transformer-onehot,VH_framework,S,0.0115404482930898
Transformer-onehot,VH_framework,S,0.0
Transformer-onehot,VH_framework,S,0.0117315845564007
Transformer-onehot,VH_framework,S,-0.0079581663012504
Transformer-onehot,VH_framework,S,0.0
Transformer-onehot,VH_framework,S,0.0
Transformer-onehot,VH_framework,S,0.0
Transformer-onehot,VH_framework,S,-0.2179965525865554
Transformer-onehot,VH_framework,S,0.0
Transformer-onehot,VH_framework,S,0.0
Transformer-onehot,VH_framework,S,-0.0087279202416539
Transformer-onehot,VH_framework,S,-0.0083226049318909
Transformer-onehot,VH_framework,S,-0.0084816012531518
Transformer-onehot,VH_framework,S,0.0
Transformer-onehot,VH_framework,S,0.0
Transformer-onehot,VH_framework,S,0.0
Transformer-onehot,VH_framework,S,0.0
Transformer-onehot,VH_framework,S,0.0
Transformer-onehot,VH_framework,S,-0.0086740292608737
Transformer-onehot,VH_framework,S,-0.0085050873458385
Transformer-onehot,VH_framework,S,0.0
Transformer-onehot,VH_framework,S,0.0
Transformer-onehot,VH_framework,S,0.0
Transformer-onehot,VH_framework,S,-0.0091550322249531
Transformer-onehot,VH_framework,S,0.0
Transformer-onehot,VH_framework,S,0.0
Transformer-onehot,VH_framework,S,0.0
Transformer-onehot,VH_framework,S,0.0126903401687741
Transformer-onehot,VH_framework,S,-0.2037207782268524
Transformer-onehot,VH_framework,S,0.0
Transformer-onehot,VH_framework,S,0.0
Transformer-onehot,VH_framework,S,-0.0084036532789468
Transformer-onehot,VH_framework,S,0.0
Transformer-onehot,VH_framework,S,0.0
Transformer-onehot,VH_framework,S,0.0112834088504314
Transformer-onehot,VH_framework,S,-0.2199958562850952
Transformer-onehot,VH_framework,S,-0.0048677967861294
Transformer-onehot,VH_framework,S,-0.2275858074426651
Transformer-onehot,VH_framework,S,0.0
Transformer-onehot,VH_framework,S,0.0
Transformer-onehot,VH_framework,S,-0.0086646890267729
Transformer-onehot,VH_framework,S,0.0
Transformer-onehot,VH_framework,S,0.0
Transformer-onehot,VH_framework,S,0.0
Transformer-onehot,VH_framework,S,0.0
Transformer-onehot,VH_framework,S,-0.2173769772052765
Transformer-onehot,VH_framework,S,0.0129993231967091
Transformer-onehot,VH_framework,S,0.0
Transformer-onehot,VH_framework,S,0.0
Transformer-onehot,VH_framework,S,-0.1998756229877472
Transformer-onehot,VH_framework,S,0.0
Transformer-onehot,VH_framework,S,0.0
Transformer-onehot,VH_framework,S,0.0
Transformer-onehot,VH_framework,S,0.0
Transformer-onehot,VH_framework,S,0.0
Transformer-onehot,VH_framework,S,0.0
Transformer-onehot,VH_framework,S,0.0
Transformer-onehot,VH_framework,S,-0.201276808977127
Transformer-onehot,VH_framework,S,0.0
Transformer-onehot,VH_framework,S,0.0
Transformer-onehot,VH_framework,S,0.0
Transformer-onehot,VH_framework,S,0.0096507649868726
Transformer-onehot,VH_framework,S,0.0
Transformer-onehot,VH_framework,S,0.0
Transformer-onehot,VH_framework,S,-0.2150350511074066
Transformer-onehot,VH_framework,S,0.0
Transformer-onehot,VH_framework,S,0.0
Transformer-onehot,VH_framework,S,0.0
Transformer-onehot,VH_framework,S,0.0
Transformer-onehot,VH_framework,S,0.0
Transformer-onehot,VH_framework,S,-0.2083146870136261
Transformer-onehot,VH_framework,S,0.0
Transformer-onehot,VH_framework,S,0.0
Transformer-onehot,VH_framework,S,0.0
Transformer-onehot,VH_framework,S,0.0
Transformer-onehot,VH_framework,S,0.0
Transformer-onehot,VH_framework,S,0.0
Transformer-onehot,VH_framework,S,-0.0087961731478571
Transformer-onehot,VH_framework,S,0.0
Transformer-onehot,VH_framework,S,-0.0087132817134261
Transformer-onehot,VH_framework,S,0.0
Transformer-onehot,VH_framework,S,-0.2222121804952621
Transformer-onehot,VH_framework,S,-0.2103060632944107
Transformer-onehot,VH_framework,S,0.0
Transformer-onehot,VH_framework,S,0.0
Transformer-onehot,VH_framework,S,0.0
Transformer-onehot,VH_framework,S,-0.2350045293569564
Transformer-onehot,VH_framework,S,-0.2057303637266159
Transformer-onehot,VH_framework,S,0.0
Transformer-onehot,VH_framework,S,0.0
Transformer-onehot,VH_framework,S,0.0
Transformer-onehot,VH_framework,S,0.0
Transformer-onehot,VH_framework,S,0.0
Transformer-onehot,VH_framework,S,0.0
Transformer-onehot,VH_framework,S,-0.0086026582866907
Transformer-onehot,VH_framework,S,0.0
Transformer-onehot,VH_framework,S,0.0
Transformer-onehot,VH_framework,S,0.0
Transformer-onehot,VH_framework,S,-0.2135866582393646
Transformer-onehot,VH_framework,S,0.0
Transformer-onehot,VH_framework,S,0.0
Transformer-onehot,VH_framework,S,-0.2077539265155792
Transformer-onehot,VH_framework,S,0.0
Transformer-onehot,VH_framework,S,-0.2124306857585907
Transformer-onehot,VH_framework,S,-0.0085773020982742
Transformer-onehot,VH_framework,S,-0.200648695230484
Transformer-onehot,VH_framework,S,0.0
Transformer-onehot,VH_framework,S,-0.239412635564804
Transformer-onehot,VH_framework,S,0.0
Transformer-onehot,VH_framework,S,-0.008750763721764
Transformer-onehot,VH_framework,S,0.0
Transformer-onehot,VH_framework,S,0.0
Transformer-onehot,VH_framework,S,0.0
Transformer-onehot,VH_framework,S,-0.207965612411499
Transformer-onehot,VH_framework,S,0.0
Transformer-onehot,VH_framework,S,-0.215383306145668
Transformer-onehot,VH_framework,S,-0.2258045226335525
Transformer-onehot,VH_framework,S,0.0
Transformer-onehot,VH_framework,S,0.0132270427420735
Transformer-onehot,VH_framework,S,0.0
Transformer-onehot,VH_framework,S,-0.1962677091360092
Transformer-onehot,VH_framework,S,0.0
Transformer-onehot,VH_framework,S,0.0
Transformer-onehot,VH_framework,S,0.0
Transformer-onehot,VH_framework,S,0.0089508760720491
Transformer-onehot,VH_framework,S,0.0
Transformer-onehot,VH_framework,S,0.0
Transformer-onehot,VH_framework,S,0.0
Transformer-onehot,VH_framework,S,0.0
Transformer-onehot,VH_framework,S,0.0
Transformer-onehot,VH_framework,S,-0.2314121574163437
Transformer-onehot,VH_framework,S,0.0
Transformer-onehot,VH_framework,S,0.012338831089437
Transformer-onehot,VH_framework,S,0.0
Transformer-onehot,VH_framework,S,0.0130947586148977
Transformer-onehot,VH_framework,S,-0.2399281412363052
Transformer-onehot,VH_framework,S,0.0
Transformer-onehot,VH_framework,S,-0.0087857786566019
Transformer-onehot,VH_framework,S,0.0
Transformer-onehot,VH_framework,S,-0.0085591608658432
Transformer-onehot,VH_framework,S,0.0
Transformer-onehot,VH_framework,S,0.0109306508675217
Transformer-onehot,VH_framework,S,-0.0087208393961191
Transformer-onehot,VH_framework,S,-0.222303032875061
Transformer-onehot,VH_framework,S,0.0
Transformer-onehot,VH_framework,S,0.0
Transformer-onehot,VH_framework,S,0.0
Transformer-onehot,VH_framework,S,-0.1954896450042724
Transformer-onehot,VH_framework,S,0.0
Transformer-onehot,VH_framework,S,-0.0085721015930175
Transformer-onehot,VH_framework,S,0.0
Transformer-onehot,VH_framework,S,0.0
Transformer-onehot,VH_framework,S,0.0
Transformer-onehot,VH_framework,S,0.0
Transformer-onehot,VH_framework,S,-0.2022584825754165
Transformer-onehot,VH_framework,S,0.0
Transformer-onehot,VH_framework,S,-0.2130913138389587
Transformer-onehot,VH_framework,S,-0.2342386841773986
Transformer-onehot,VH_framework,S,0.0
Transformer-onehot,VH_framework,S,0.0
Transformer-onehot,VH_framework,S,-0.0086555192247033
Transformer-onehot,VH_framework,S,-0.2142870724201202
Transformer-onehot,VH_framework,S,0.0
Transformer-onehot,VH_framework,S,0.0
Transformer-onehot,VH_framework,S,-0.0054891910403966
Transformer-onehot,VH_framework,S,0.0
Transformer-onehot,VH_framework,S,-0.2186526805162429
Transformer-onehot,VH_framework,S,0.0
Transformer-onehot,VH_framework,S,0.0
Transformer-onehot,VH_framework,S,-0.0086444206535816
Transformer-onehot,VH_framework,S,-0.2186203002929687
Transformer-onehot,VH_framework,S,-0.0086402799934148
Transformer-onehot,VH_framework,S,-0.2073029279708862
Transformer-onehot,VH_framework,S,0.0
Transformer-onehot,VH_framework,S,0.0
Transformer-onehot,VH_framework,S,0.0
Transformer-onehot,VH_framework,S,0.0
Transformer-onehot,VH_framework,S,0.0
Transformer-onehot,VH_framework,S,0.0
Transformer-onehot,VH_framework,S,-0.0045798169448971
Transformer-onehot,VH_framework,S,0.0
Transformer-onehot,VH_framework,S,0.0107204765081405
Transformer-onehot,VH_framework,S,-0.2124836593866348
Transformer-onehot,VH_framework,S,0.0
Transformer-onehot,VH_framework,S,-0.2100726068019867
Transformer-onehot,VH_framework,S,0.0
Transformer-onehot,VH_framework,S,0.0
Transformer-onehot,VH_framework,S,0.0129231493920087
Transformer-onehot,VH_framework,S,-0.0038086727727204
Transformer-onehot,VH_framework,S,-0.2141045033931732
Transformer-onehot,VH_framework,S,0.0
Transformer-onehot,VH_framework,S,0.0
Transformer-onehot,VH_framework,S,-0.2120331823825836
Transformer-onehot,VH_framework,S,0.0108967460691928
Transformer-onehot,VH_framework,S,0.0
Transformer-onehot,VH_framework,S,0.0
Transformer-onehot,VH_framework,S,0.0128732752054929
Transformer-onehot,VH_framework,S,0.0
Transformer-onehot,VH_framework,S,0.0130304796621203
Transformer-onehot,VH_framework,S,-0.2095929980278015
Transformer-onehot,VH_framework,S,0.0
Transformer-onehot,VH_framework,S,-0.2036410570144653
Transformer-onehot,VH_framework,S,0.0
Transformer-onehot,VH_framework,S,-0.2172980308532714
Transformer-onehot,VH_framework,S,0.0
Transformer-onehot,VH_framework,S,0.0
Transformer-onehot,VH_framework,S,-0.215352401137352
Transformer-onehot,VH_framework,S,0.0
Transformer-onehot,VH_framework,S,0.0116650750860571
Transformer-onehot,VH_framework,S,0.0131065258756279
Transformer-onehot,VH_framework,S,-0.2327433973550796
Transformer-onehot,VH_framework,S,0.0
Transformer-onehot,VH_framework,S,-0.2003433257341385
Transformer-onehot,VH_framework,S,0.0
Transformer-onehot,VH_framework,S,-0.2086968272924423
Transformer-onehot,VH_framework,S,0.011517777107656
Transformer-onehot,VH_framework,S,-0.2209924459457397
Transformer-onehot,VH_framework,S,0.0
Transformer-onehot,VH_framework,S,0.0
Transformer-onehot,VH_framework,S,0.0128144305199384
Transformer-onehot,VH_framework,S,0.0
Transformer-onehot,VH_framework,S,0.0
Transformer-onehot,VH_framework,S,0.0
Transformer-onehot,VH_framework,S,0.0
Transformer-onehot,VH_framework,S,-0.2082520723342895
Transformer-onehot,VH_framework,S,0.0
Transformer-onehot,VH_framework,S,-0.00482580345124
Transformer-onehot,VH_framework,S,0.0120182335376739
Transformer-onehot,VH_framework,S,0.0
Transformer-onehot,VH_framework,S,-0.2000977993011474
Transformer-onehot,VH_framework,S,-0.2089659720659256
Transformer-onehot,VH_framework,S,0.0
Transformer-onehot,VH_framework,S,0.0
Transformer-onehot,VH_framework,S,0.0
Transformer-onehot,VH_framework,S,0.0
Transformer-onehot,VH_framework,S,0.0
Transformer-onehot,VH_framework,S,-0.204520434141159
Transformer-onehot,VH_framework,S,-0.2073351740837097
Transformer-onehot,VH_framework,S,0.0
Transformer-onehot,VH_framework,S,0.0128629282116889
Transformer-onehot,VH_framework,S,0.0
Transformer-onehot,VH_framework,S,0.0
Transformer-onehot,VH_framework,S,0.0128416288644075
Transformer-onehot,VH_framework,S,-0.2230895757675171
Transformer-onehot,VH_framework,S,-0.0055179800838232
Transformer-onehot,VH_framework,S,0.0
Transformer-onehot,VH_framework,S,0.0
Transformer-onehot,VH_framework,S,0.0
Transformer-onehot,VH_framework,S,0.0
Transformer-onehot,VH_framework,S,0.0
Transformer-onehot,VH_framework,S,0.0
Transformer-onehot,VH_framework,S,0.011311400681734
Transformer-onehot,VH_framework,S,0.0
Transformer-onehot,VH_framework,S,0.0
Transformer-onehot,VH_framework,S,0.0
Transformer-onehot,VH_framework,S,0.0
Transformer-onehot,VH_framework,S,0.0105600338429212
Transformer-onehot,VH_framework,S,0.0101775741204619
Transformer-onehot,VH_framework,S,-0.2202398031949997
Transformer-onehot,VH_framework,S,0.0
Transformer-onehot,VH_framework,S,-0.2035678774118423
Transformer-onehot,VH_framework,S,0.0
Transformer-onehot,VH_framework,S,0.0
Transformer-onehot,VH_framework,S,-0.2048140168190002
Transformer-onehot,VH_framework,S,0.0
Transformer-onehot,VH_framework,S,0.0
Transformer-onehot,VH_framework,S,0.0
Transformer-onehot,VH_framework,S,0.012662723660469
Transformer-onehot,VH_framework,S,0.0
Transformer-onehot,VH_framework,S,0.0
Transformer-onehot,VH_framework,S,0.0129819698631763
Transformer-onehot,VH_framework,S,0.0
Transformer-onehot,VH_framework,S,0.0
Transformer-onehot,VH_framework,S,0.0
Transformer-onehot,VH_framework,S,0.0100751314312219
Transformer-onehot,VH_framework,S,0.0
Transformer-onehot,VH_framework,S,-0.1669407486915588
Transformer-onehot,VH_framework,S,0.0
Transformer-onehot,VH_framework,S,0.0
Transformer-onehot,VH_framework,S,0.0
Transformer-onehot,VH_framework,S,0.0
Transformer-onehot,VH_framework,S,0.0
Transformer-onehot,VH_framework,S,-0.215611070394516
Transformer-onehot,VH_framework,S,0.0
Transformer-onehot,VH_framework,S,-0.2156778126955032
Transformer-onehot,VH_framework,S,0.0118894502520561
Transformer-onehot,VH_framework,S,-0.0072477785870432
Transformer-onehot,VH_framework,S,0.0
Transformer-onehot,VH_framework,S,0.0
Transformer-onehot,VH_framework,S,0.0
Transformer-onehot,VH_framework,S,0.0
Transformer-onehot,VH_framework,S,-0.2071470022201538
Transformer-onehot,VH_framework,S,0.0122545752674341
Transformer-onehot,VH_framework,S,-0.2106409072875976
Transformer-onehot,VH_framework,S,0.0
Transformer-onehot,VH_framework,S,-0.2065316885709762
Transformer-onehot,VH_framework,S,0.0130641916766762
Transformer-onehot,VH_framework,S,0.0
Transformer-onehot,VH_framework,S,0.0
Transformer-onehot,VH_framework,S,-0.2303846329450607
Transformer-onehot,VH_framework,S,0.0
Transformer-onehot,VH_framework,S,0.0130874644964933
Transformer-onehot,VH_framework,S,0.0113137383013963
Transformer-onehot,VH_framework,S,0.0
Transformer-onehot,VH_framework,S,0.0
Transformer-onehot,VH_framework,S,-0.2082609832286834
Transformer-onehot,VH_framework,S,0.0
Transformer-onehot,VH_framework,S,0.0
Transformer-onehot,VH_framework,S,0.0
Transformer-onehot,VH_framework,S,0.0
Transformer-onehot,VH_framework,S,0.0
Transformer-onehot,VH_framework,S,0.0
Transformer-onehot,VH_framework,S,0.0
Transformer-onehot,VH_framework,S,0.0
Transformer-onehot,VH_framework,S,-0.2231271266937255
Transformer-onehot,VH_framework,S,-0.2021423578262329
Transformer-onehot,VH_framework,S,0.0108954552561044
Transformer-onehot,VH_framework,S,0.0
Transformer-onehot,VH_framework,S,0.0
Transformer-onehot,VH_framework,S,0.0
Transformer-onehot,VH_framework,S,0.0
Transformer-onehot,VH_framework,S,-0.2270386517047882
Transformer-onehot,VH_framework,S,0.0
Transformer-onehot,VH_framework,S,0.0
Transformer-onehot,VH_framework,S,0.0
Transformer-onehot,VH_framework,S,0.0118741150945425
Transformer-onehot,VH_framework,S,-0.2120129019021988
Transformer-onehot,VH_framework,S,0.0113293202593922
Transformer-onehot,VH_framework,S,0.0
Transformer-onehot,VH_framework,S,0.0
Transformer-onehot,VH_framework,S,-0.2140585780143737
Transformer-onehot,VH_framework,S,-0.2117759734392166
Transformer-onehot,VH_framework,S,0.0
Transformer-onehot,VH_framework,S,0.0129150599241256
Transformer-onehot,VH_framework,S,0.0
Transformer-onehot,VH_framework,S,0.0131914913654327
Transformer-onehot,VH_framework,S,0.0
Transformer-onehot,VH_framework,S,0.0130180623382329
Transformer-onehot,VH_framework,S,0.0
Transformer-onehot,VH_framework,S,0.0
Transformer-onehot,VH_framework,S,0.0124335503205657
Transformer-onehot,VH_framework,S,-0.2075476050376892
Transformer-onehot,VH_framework,S,0.0
Transformer-onehot,VH_framework,S,0.0
Transformer-onehot,VH_framework,S,-0.2189001441001892
Transformer-onehot,VH_framework,S,0.0
Transformer-onehot,VH_framework,S,-0.2049669176340103
Transformer-onehot,VH_framework,S,0.010827082209289
Transformer-onehot,VH_framework,S,-0.2090851962566375
Transformer-onehot,VH_framework,S,-0.2154123932123184
Transformer-onehot,VH_framework,S,0.0
Transformer-onehot,VH_framework,S,0.0
Transformer-onehot,VH_framework,S,-0.2033577114343643
Transformer-onehot,VH_framework,S,0.0
Transformer-onehot,VH_framework,S,0.0129991937428712
Transformer-onehot,VH_framework,S,-0.2072163522243499
Transformer-onehot,VH_framework,S,0.0
Transformer-onehot,VH_framework,S,0.0
Transformer-onehot,VH_framework,S,-0.0048824725672602
Transformer-onehot,VH_framework,S,0.0
Transformer-onehot,VH_framework,S,-0.0037346524186432
Transformer-onehot,VH_framework,S,0.0
Transformer-onehot,VH_framework,S,0.0
Transformer-onehot,VH_framework,S,0.0
Transformer-onehot,VH_framework,S,-0.2083856761455536
Transformer-onehot,VH_framework,S,-0.0042133494280278
Transformer-onehot,VH_framework,S,0.0
Transformer-onehot,VH_framework,S,0.0
Transformer-onehot,VH_framework,S,0.0
Transformer-onehot,VH_framework,S,0.0
Transformer-onehot,VH_framework,S,0.0115317720919847
Transformer-onehot,VH_framework,S,0.0106235072016716
Transformer-onehot,VH_framework,S,0.0
Transformer-onehot,VH_framework,S,-0.0045863604173064
Transformer-onehot,VH_framework,S,-0.2156398296356201
Transformer-onehot,VH_framework,S,0.0107765644788742
Transformer-onehot,VH_framework,S,-0.0061101191677153
Transformer-onehot,VH_framework,S,0.0
Transformer-onehot,VH_framework,S,0.0
Transformer-onehot,VH_framework,S,0.0
Transformer-onehot,VH_framework,S,0.0108807329088449
Transformer-onehot,VH_framework,S,-0.2287784367799759
Transformer-onehot,VH_framework,S,0.0104531208053231
Transformer-onehot,VH_framework,S,0.0
Transformer-onehot,VH_framework,S,0.0
Transformer-onehot,VH_framework,S,0.0
Transformer-onehot,VH_framework,S,0.0
Transformer-onehot,VH_framework,S,0.0
Transformer-onehot,VH_framework,S,-0.2063568383455276
Transformer-onehot,VH_framework,S,0.0
Transformer-onehot,VH_framework,S,-0.2230776995420456
Transformer-onehot,VH_framework,S,0.0128771401941776
Transformer-onehot,VH_framework,S,-0.2122443914413452
Transformer-onehot,VH_framework,S,-0.0037253000773489
Transformer-onehot,VH_framework,S,0.0107035422697663
Transformer-onehot,VH_framework,S,0.0106454221531748
Transformer-onehot,VH_framework,S,-0.1981056183576584
Transformer-onehot,VH_framework,S,0.0107888206839561
Transformer-onehot,VH_framework,S,0.0116795245558023
Transformer-onehot,VH_framework,S,0.0
Transformer-onehot,VH_framework,S,-0.2121456563472747
Transformer-onehot,VH_framework,S,0.0
Transformer-onehot,VH_framework,S,0.0
Transformer-onehot,VH_framework,S,0.0121509134769439
Transformer-onehot,VH_framework,S,0.0
Transformer-onehot,VH_framework,S,0.0
Transformer-onehot,VH_framework,S,-0.2232501804828643
Transformer-onehot,VH_framework,S,0.0117095978930592
Transformer-onehot,VH_framework,S,0.0
Transformer-onehot,VH_framework,S,-0.2140350937843322
Transformer-onehot,VH_framework,S,-0.0047548478469252
Transformer-onehot,VH_framework,S,0.0
Transformer-onehot,VH_framework,S,0.0
Transformer-onehot,VH_framework,S,0.0127956764772534
Transformer-onehot,VH_framework,S,0.0
Transformer-onehot,VH_framework,S,0.0
Transformer-onehot,VH_framework,S,0.011093015782535
Transformer-onehot,VH_framework,S,0.0
Transformer-onehot,VH_framework,S,0.0
Transformer-onehot,VH_framework,S,0.0
Transformer-onehot,VH_framework,S,0.0122329136356711
Transformer-onehot,VH_framework,S,0.0131902704015374
Transformer-onehot,VH_framework,S,0.0
Transformer-onehot,VH_framework,S,-0.2364125847816467
Transformer-onehot,VH_framework,S,0.0
Transformer-onehot,VH_framework,S,0.0
Transformer-onehot,VH_framework,T,0.0
Transformer-onehot,VH_framework,T,0.0
Transformer-onehot,VH_framework,T,0.0
Transformer-onehot,VH_framework,T,0.0
Transformer-onehot,VH_framework,T,0.0
Transformer-onehot,VH_framework,T,0.0
Transformer-onehot,VH_framework,T,0.0
Transformer-onehot,VH_framework,T,0.0
Transformer-onehot,VH_framework,T,0.0
Transformer-onehot,VH_framework,T,0.0
Transformer-onehot,VH_framework,T,0.0
Transformer-onehot,VH_framework,T,0.0
Transformer-onehot,VH_framework,T,0.0
Transformer-onehot,VH_framework,T,0.0
Transformer-onehot,VH_framework,T,0.0
Transformer-onehot,VH_framework,T,0.0
Transformer-onehot,VH_framework,T,0.0
Transformer-onehot,VH_framework,T,0.0
Transformer-onehot,VH_framework,T,0.0
Transformer-onehot,VH_framework,T,0.0
Transformer-onehot,VH_framework,T,0.0
Transformer-onehot,VH_framework,T,0.0
Transformer-onehot,VH_framework,T,0.0
Transformer-onehot,VH_framework,T,0.0
Transformer-onehot,VH_framework,T,0.0
Transformer-onehot,VH_framework,T,0.0
Transformer-onehot,VH_framework,T,0.0
Transformer-onehot,VH_framework,T,0.0
Transformer-onehot,VH_framework,T,0.0
Transformer-onehot,VH_framework,T,0.0
Transformer-onehot,VH_framework,T,0.0
Transformer-onehot,VH_framework,T,0.0
Transformer-onehot,VH_framework,T,0.0
Transformer-onehot,VH_framework,T,0.0
Transformer-onehot,VH_framework,T,0.0
Transformer-onehot,VH_framework,T,0.0
Transformer-onehot,VH_framework,T,0.0
Transformer-onehot,VH_framework,T,0.0
Transformer-onehot,VH_framework,T,0.0
Transformer-onehot,VH_framework,T,0.0
Transformer-onehot,VH_framework,T,0.0
Transformer-onehot,VH_framework,T,0.0
Transformer-onehot,VH_framework,T,0.0
Transformer-onehot,VH_framework,T,0.0
Transformer-onehot,VH_framework,T,0.0
Transformer-onehot,VH_framework,T,0.0
Transformer-onehot,VH_framework,T,0.0
Transformer-onehot,VH_framework,T,0.0
Transformer-onehot,VH_framework,T,0.0
Transformer-onehot,VH_framework,T,0.0
Transformer-onehot,VH_framework,T,0.0
Transformer-onehot,VH_framework,T,0.0
Transformer-onehot,VH_framework,T,0.0
Transformer-onehot,VH_framework,T,0.0
Transformer-onehot,VH_framework,T,0.0
Transformer-onehot,VH_framework,T,0.0
Transformer-onehot,VH_framework,T,-0.0311128851026296
Transformer-onehot,VH_framework,T,0.0
Transformer-onehot,VH_framework,T,0.0
Transformer-onehot,VH_framework,T,0.0
Transformer-onehot,VH_framework,T,0.0
Transformer-onehot,VH_framework,T,0.0
Transformer-onehot,VH_framework,T,0.0
Transformer-onehot,VH_framework,T,0.0
Transformer-onehot,VH_framework,T,0.0
Transformer-onehot,VH_framework,T,0.0
Transformer-onehot,VH_framework,T,0.0
Transformer-onehot,VH_framework,T,0.0
Transformer-onehot,VH_framework,T,0.0
Transformer-onehot,VH_framework,T,0.0
Transformer-onehot,VH_framework,T,0.0
Transformer-onehot,VH_framework,T,0.0
Transformer-onehot,VH_framework,T,0.0
Transformer-onehot,VH_framework,T,0.0
Transformer-onehot,VH_framework,T,0.0
Transformer-onehot,VH_framework,T,0.0
Transformer-onehot,VH_framework,T,0.0
Transformer-onehot,VH_framework,T,0.0
Transformer-onehot,VH_framework,T,0.0
Transformer-onehot,VH_framework,T,0.0
Transformer-onehot,VH_framework,T,0.0
Transformer-onehot,VH_framework,T,0.0
Transformer-onehot,VH_framework,T,0.0
Transformer-onehot,VH_framework,T,0.0
Transformer-onehot,VH_framework,T,0.0
Transformer-onehot,VH_framework,T,0.0
Transformer-onehot,VH_framework,T,0.0
Transformer-onehot,VH_framework,T,0.0
Transformer-onehot,VH_framework,T,0.0
Transformer-onehot,VH_framework,T,0.0
Transformer-onehot,VH_framework,T,0.0
Transformer-onehot,VH_framework,T,0.0
Transformer-onehot,VH_framework,T,0.0
Transformer-onehot,VH_framework,T,0.0
Transformer-onehot,VH_framework,T,-0.0345379076898098
Transformer-onehot,VH_framework,T,0.0
Transformer-onehot,VH_framework,T,0.0
Transformer-onehot,VH_framework,T,0.0
Transformer-onehot,VH_framework,T,0.0
Transformer-onehot,VH_framework,T,0.0
Transformer-onehot,VH_framework,T,0.0
Transformer-onehot,VH_framework,T,0.0
Transformer-onehot,VH_framework,T,0.0
Transformer-onehot,VH_framework,T,0.0
Transformer-onehot,VH_framework,T,0.0
Transformer-onehot,VH_framework,T,0.0
Transformer-onehot,VH_framework,T,0.0
Transformer-onehot,VH_framework,T,0.0
Transformer-onehot,VH_framework,T,0.0
Transformer-onehot,VH_framework,T,0.0
Transformer-onehot,VH_framework,T,0.0
Transformer-onehot,VH_framework,T,0.0
Transformer-onehot,VH_framework,T,0.0
Transformer-onehot,VH_framework,T,0.0
Transformer-onehot,VH_framework,T,0.0
Transformer-onehot,VH_framework,T,0.0
Transformer-onehot,VH_framework,T,0.0
Transformer-onehot,VH_framework,T,0.0
Transformer-onehot,VH_framework,T,0.0
Transformer-onehot,VH_framework,T,0.0
Transformer-onehot,VH_framework,T,0.0
Transformer-onehot,VH_framework,T,0.0
Transformer-onehot,VH_framework,T,0.0
Transformer-onehot,VH_framework,T,0.0
Transformer-onehot,VH_framework,T,0.0
Transformer-onehot,VH_framework,T,0.0
Transformer-onehot,VH_framework,T,0.0
Transformer-onehot,VH_framework,T,0.0
Transformer-onehot,VH_framework,T,0.0
Transformer-onehot,VH_framework,T,0.0
Transformer-onehot,VH_framework,T,0.0
Transformer-onehot,VH_framework,T,0.0
Transformer-onehot,VH_framework,T,0.0
Transformer-onehot,VH_framework,T,0.0
Transformer-onehot,VH_framework,T,0.0
Transformer-onehot,VH_framework,T,0.0
Transformer-onehot,VH_framework,T,0.0
Transformer-onehot,VH_framework,T,0.0
Transformer-onehot,VH_framework,T,0.0
Transformer-onehot,VH_framework,T,-0.0348428860306739
Transformer-onehot,VH_framework,T,0.0
Transformer-onehot,VH_framework,T,0.0
Transformer-onehot,VH_framework,T,0.0
Transformer-onehot,VH_framework,T,0.0
Transformer-onehot,VH_framework,T,0.0
Transformer-onehot,VH_framework,T,0.0
Transformer-onehot,VH_framework,T,0.0
Transformer-onehot,VH_framework,T,0.0
Transformer-onehot,VH_framework,T,0.0
Transformer-onehot,VH_framework,T,0.0
Transformer-onehot,VH_framework,T,0.0
Transformer-onehot,VH_framework,T,0.0
Transformer-onehot,VH_framework,T,0.0
Transformer-onehot,VH_framework,T,0.0
Transformer-onehot,VH_framework,T,0.0
Transformer-onehot,VH_framework,T,0.0
Transformer-onehot,VH_framework,T,0.0
Transformer-onehot,VH_framework,T,0.0
Transformer-onehot,VH_framework,T,0.0
Transformer-onehot,VH_framework,T,-0.0355453640222549
Transformer-onehot,VH_framework,T,0.0
Transformer-onehot,VH_framework,T,0.0
Transformer-onehot,VH_framework,T,-0.0360346175730228
Transformer-onehot,VH_framework,T,0.0
Transformer-onehot,VH_framework,T,0.0
Transformer-onehot,VH_framework,T,0.0
Transformer-onehot,VH_framework,T,0.0
Transformer-onehot,VH_framework,T,0.0
Transformer-onehot,VH_framework,T,0.0
Transformer-onehot,VH_framework,T,0.0
Transformer-onehot,VH_framework,T,0.0
Transformer-onehot,VH_framework,T,0.0
Transformer-onehot,VH_framework,T,0.0
Transformer-onehot,VH_framework,T,0.0
Transformer-onehot,VH_framework,T,0.0
Transformer-onehot,VH_framework,T,0.0
Transformer-onehot,VH_framework,T,0.0
Transformer-onehot,VH_framework,T,0.0
Transformer-onehot,VH_framework,T,0.0
Transformer-onehot,VH_framework,T,0.0
Transformer-onehot,VH_framework,T,0.0
Transformer-onehot,VH_framework,T,0.0
Transformer-onehot,VH_framework,T,0.0
Transformer-onehot,VH_framework,T,0.0
Transformer-onehot,VH_framework,T,0.0
Transformer-onehot,VH_framework,T,0.0
Transformer-onehot,VH_framework,T,0.0
Transformer-onehot,VH_framework,T,0.0
Transformer-onehot,VH_framework,T,0.0
Transformer-onehot,VH_framework,T,0.0
Transformer-onehot,VH_framework,T,0.0
Transformer-onehot,VH_framework,T,0.0
Transformer-onehot,VH_framework,T,0.0
Transformer-onehot,VH_framework,T,0.0
Transformer-onehot,VH_framework,T,0.0
Transformer-onehot,VH_framework,T,0.0
Transformer-onehot,VH_framework,T,0.0
Transformer-onehot,VH_framework,T,0.0
Transformer-onehot,VH_framework,T,0.0
Transformer-onehot,VH_framework,T,0.0
Transformer-onehot,VH_framework,T,0.0
Transformer-onehot,VH_framework,T,0.0
Transformer-onehot,VH_framework,T,0.0
Transformer-onehot,VH_framework,T,0.0
Transformer-onehot,VH_framework,T,0.0
Transformer-onehot,VH_framework,T,0.0
Transformer-onehot,VH_framework,T,0.0
Transformer-onehot,VH_framework,T,0.0
Transformer-onehot,VH_framework,T,0.0
Transformer-onehot,VH_framework,T,0.0
Transformer-onehot,VH_framework,T,0.0
Transformer-onehot,VH_framework,T,0.0
Transformer-onehot,VH_framework,T,0.0
Transformer-onehot,VH_framework,T,0.0
Transformer-onehot,VH_framework,T,0.0
Transformer-onehot,VH_framework,T,0.0
Transformer-onehot,VH_framework,T,0.0
Transformer-onehot,VH_framework,T,0.0
Transformer-onehot,VH_framework,T,0.0
Transformer-onehot,VH_framework,T,0.0
Transformer-onehot,VH_framework,T,0.0
Transformer-onehot,VH_framework,T,0.0
Transformer-onehot,VH_framework,T,0.0
Transformer-onehot,VH_framework,T,0.0
Transformer-onehot,VH_framework,T,0.0
Transformer-onehot,VH_framework,T,0.0
Transformer-onehot,VH_framework,T,0.0
Transformer-onehot,VH_framework,T,0.0
Transformer-onehot,VH_framework,T,0.0
Transformer-onehot,VH_framework,T,0.0
Transformer-onehot,VH_framework,T,0.0
Transformer-onehot,VH_framework,T,0.0
Transformer-onehot,VH_framework,T,0.0
Transformer-onehot,VH_framework,T,0.0
Transformer-onehot,VH_framework,T,0.0
Transformer-onehot,VH_framework,T,0.0
Transformer-onehot,VH_framework,T,0.0
Transformer-onehot,VH_framework,T,-0.0349352918565273
Transformer-onehot,VH_framework,T,0.0
Transformer-onehot,VH_framework,T,0.0
Transformer-onehot,VH_framework,T,0.0
Transformer-onehot,VH_framework,T,0.0
Transformer-onehot,VH_framework,T,0.0
Transformer-onehot,VH_framework,T,0.0
Transformer-onehot,VH_framework,T,0.0
Transformer-onehot,VH_framework,T,0.0
Transformer-onehot,VH_framework,T,0.0
Transformer-onehot,VH_framework,T,0.0
Transformer-onehot,VH_framework,T,0.0
Transformer-onehot,VH_framework,T,0.0
Transformer-onehot,VH_framework,T,-0.0285053495317697
Transformer-onehot,VH_framework,T,-0.0267614312469959
Transformer-onehot,VH_framework,T,0.0
Transformer-onehot,VH_framework,T,0.0
Transformer-onehot,VH_framework,T,-0.0255529321730136
Transformer-onehot,VH_framework,T,0.0
Transformer-onehot,VH_framework,T,0.0
Transformer-onehot,VH_framework,T,0.0
Transformer-onehot,VH_framework,T,0.0
Transformer-onehot,VH_framework,T,0.0
Transformer-onehot,VH_framework,T,0.0
Transformer-onehot,VH_framework,T,0.0
Transformer-onehot,VH_framework,T,0.0
Transformer-onehot,VH_framework,T,0.0
Transformer-onehot,VH_framework,T,-0.0282983779907226
Transformer-onehot,VH_framework,T,-0.0248909574002027
Transformer-onehot,VH_framework,T,0.0
Transformer-onehot,VH_framework,T,-0.0288861878216266
Transformer-onehot,VH_framework,T,0.0
Transformer-onehot,VH_framework,T,-0.0253886859863996
Transformer-onehot,VH_framework,T,0.0
Transformer-onehot,VH_framework,T,0.0
Transformer-onehot,VH_framework,T,0.0
Transformer-onehot,VH_framework,T,0.0
Transformer-onehot,VH_framework,T,-0.0277421027421951
Transformer-onehot,VH_framework,T,0.0
Transformer-onehot,VH_framework,T,-0.0271295476704835
Transformer-onehot,VH_framework,T,0.0
Transformer-onehot,VH_framework,T,-0.0267216134816408
Transformer-onehot,VH_framework,T,0.0
Transformer-onehot,VH_framework,T,0.0
Transformer-onehot,VH_framework,T,0.0
Transformer-onehot,VH_framework,T,-0.0325642526149749
Transformer-onehot,VH_framework,T,0.0
Transformer-onehot,VH_framework,T,0.0
Transformer-onehot,VH_framework,T,0.0
Transformer-onehot,VH_framework,T,0.0
Transformer-onehot,VH_framework,T,0.0
Transformer-onehot,VH_framework,T,0.0
Transformer-onehot,VH_framework,T,-0.0326580666005611
Transformer-onehot,VH_framework,T,0.0
Transformer-onehot,VH_framework,T,0.0
Transformer-onehot,VH_framework,T,0.0
Transformer-onehot,VH_framework,T,0.0
Transformer-onehot,VH_framework,T,-0.0254620779305696
Transformer-onehot,VH_framework,T,-0.0292512197047472
Transformer-onehot,VH_framework,T,0.0
Transformer-onehot,VH_framework,T,0.0
Transformer-onehot,VH_framework,T,0.0
Transformer-onehot,VH_framework,T,0.0
Transformer-onehot,VH_framework,T,0.0
Transformer-onehot,VH_framework,T,0.0
Transformer-onehot,VH_framework,T,-0.0279638525098562
Transformer-onehot,VH_framework,T,0.0
Transformer-onehot,VH_framework,T,0.0
Transformer-onehot,VH_framework,T,0.0
Transformer-onehot,VH_framework,T,0.0
Transformer-onehot,VH_framework,T,-0.023717138916254
Transformer-onehot,VH_framework,T,0.0
Transformer-onehot,VH_framework,T,-0.0284442640841007
Transformer-onehot,VH_framework,T,0.0
Transformer-onehot,VH_framework,T,0.0
Transformer-onehot,VH_framework,T,0.0
Transformer-onehot,VH_framework,T,0.0
Transformer-onehot,VH_framework,T,0.0
Transformer-onehot,VH_framework,T,0.0
Transformer-onehot,VH_framework,T,0.0
Transformer-onehot,VH_framework,T,0.0
Transformer-onehot,VH_framework,T,0.0
Transformer-onehot,VH_framework,T,0.0
Transformer-onehot,VH_framework,T,0.0
Transformer-onehot,VH_framework,T,0.0
Transformer-onehot,VH_framework,T,0.0
Transformer-onehot,VH_framework,T,0.0
Transformer-onehot,VH_framework,T,0.0
Transformer-onehot,VH_framework,T,-0.0305305067449808
Transformer-onehot,VH_framework,T,0.0
Transformer-onehot,VH_framework,T,0.0
Transformer-onehot,VH_framework,T,0.0
Transformer-onehot,VH_framework,T,0.0
Transformer-onehot,VH_framework,T,0.0
Transformer-onehot,VH_framework,T,0.0
Transformer-onehot,VH_framework,T,0.0
Transformer-onehot,VH_framework,T,0.0
Transformer-onehot,VH_framework,T,0.0
Transformer-onehot,VH_framework,T,0.0
Transformer-onehot,VH_framework,T,0.0
Transformer-onehot,VH_framework,T,0.0
Transformer-onehot,VH_framework,T,0.0
Transformer-onehot,VH_framework,T,-0.0248109716922044
Transformer-onehot,VH_framework,T,0.0
Transformer-onehot,VH_framework,T,0.0
Transformer-onehot,VH_framework,T,0.0
Transformer-onehot,VH_framework,T,0.0
Transformer-onehot,VH_framework,T,0.0
Transformer-onehot,VH_framework,T,-0.0296154748648405
Transformer-onehot,VH_framework,T,0.0
Transformer-onehot,VH_framework,T,0.0
Transformer-onehot,VH_framework,T,-0.0274867862462997
Transformer-onehot,VH_framework,T,0.0
Transformer-onehot,VH_framework,T,0.0
Transformer-onehot,VH_framework,T,-0.0260017216205596
Transformer-onehot,VH_framework,T,-0.0282273292541503
Transformer-onehot,VH_framework,T,0.0
Transformer-onehot,VH_framework,T,0.0
Transformer-onehot,VH_framework,T,-0.0301595088094472
Transformer-onehot,VH_framework,T,0.0
Transformer-onehot,VH_framework,T,0.0
Transformer-onehot,VH_framework,T,0.0
Transformer-onehot,VH_framework,T,0.0
Transformer-onehot,VH_framework,T,0.0
Transformer-onehot,VH_framework,T,-0.027979377657175
Transformer-onehot,VH_framework,T,0.0
Transformer-onehot,VH_framework,T,0.0
Transformer-onehot,VH_framework,T,0.0
Transformer-onehot,VH_framework,T,0.0
Transformer-onehot,VH_framework,T,0.0
Transformer-onehot,VH_framework,T,0.0
Transformer-onehot,VH_framework,T,0.0
Transformer-onehot,VH_framework,T,0.0
Transformer-onehot,VH_framework,T,0.0
Transformer-onehot,VH_framework,T,0.0
Transformer-onehot,VH_framework,T,0.0
Transformer-onehot,VH_framework,T,0.0
Transformer-onehot,VH_framework,T,0.0
Transformer-onehot,VH_framework,T,0.0
Transformer-onehot,VH_framework,T,-0.030211079865694
Transformer-onehot,VH_framework,T,0.0
Transformer-onehot,VH_framework,T,0.0
Transformer-onehot,VH_framework,T,0.0
Transformer-onehot,VH_framework,T,-0.0284613687545061
Transformer-onehot,VH_framework,T,-0.0297419819980859
Transformer-onehot,VH_framework,T,0.0
Transformer-onehot,VH_framework,T,0.0
Transformer-onehot,VH_framework,T,0.0
Transformer-onehot,VH_framework,T,0.0
Transformer-onehot,VH_framework,T,0.0
Transformer-onehot,VH_framework,T,-0.0256395693868398
Transformer-onehot,VH_framework,T,0.0
Transformer-onehot,VH_framework,T,0.0
Transformer-onehot,VH_framework,T,0.0
Transformer-onehot,VH_framework,T,0.0
Transformer-onehot,VH_framework,T,0.0
Transformer-onehot,VH_framework,T,0.0
Transformer-onehot,VH_framework,T,0.0
Transformer-onehot,VH_framework,T,0.0
Transformer-onehot,VH_framework,T,0.0
Transformer-onehot,VH_framework,T,0.0
Transformer-onehot,VH_framework,T,0.0
Transformer-onehot,VH_framework,T,-0.0340479873120784
Transformer-onehot,VH_framework,T,0.0
Transformer-onehot,VH_framework,T,-0.0303556211292743
Transformer-onehot,VH_framework,T,0.0
Transformer-onehot,VH_framework,T,-0.0315545052289962
Transformer-onehot,VH_framework,T,0.0
Transformer-onehot,VH_framework,T,0.0
Transformer-onehot,VH_framework,T,0.0
Transformer-onehot,VH_framework,T,0.0
Transformer-onehot,VH_framework,T,0.0
Transformer-onehot,VH_framework,T,0.0
Transformer-onehot,VH_framework,T,-0.0317754782736301
Transformer-onehot,VH_framework,T,0.0
Transformer-onehot,VH_framework,T,0.0
Transformer-onehot,VH_framework,T,0.0
Transformer-onehot,VH_framework,T,0.0
Transformer-onehot,VH_framework,T,0.0
Transformer-onehot,VH_framework,T,0.0
Transformer-onehot,VH_framework,T,0.0
Transformer-onehot,VH_framework,T,0.0
Transformer-onehot,VH_framework,T,0.0
Transformer-onehot,VH_framework,T,0.0
Transformer-onehot,VH_framework,T,-0.0293697007000446
Transformer-onehot,VH_framework,T,0.0
Transformer-onehot,VH_framework,T,0.0
Transformer-onehot,VH_framework,T,-0.0257744453847408
Transformer-onehot,VH_framework,T,0.0
Transformer-onehot,VH_framework,T,0.0
Transformer-onehot,VH_framework,T,0.0
Transformer-onehot,VH_framework,T,0.0
Transformer-onehot,VH_framework,T,0.0
Transformer-onehot,VH_framework,T,0.0
Transformer-onehot,VH_framework,T,0.0
Transformer-onehot,VH_framework,T,0.0
Transformer-onehot,VH_framework,T,0.0
Transformer-onehot,VH_framework,T,0.0
Transformer-onehot,VH_framework,T,0.0
Transformer-onehot,VH_framework,T,0.0
Transformer-onehot,VH_framework,T,-0.0263001825660467
Transformer-onehot,VH_framework,T,0.0
Transformer-onehot,VH_framework,T,0.0
Transformer-onehot,VH_framework,T,0.0
Transformer-onehot,VH_framework,T,0.0
Transformer-onehot,VH_framework,T,-0.0261142309755086
Transformer-onehot,VH_framework,T,0.0
Transformer-onehot,VH_framework,T,-0.0335777252912521
Transformer-onehot,VH_framework,T,-0.0281984787434339
Transformer-onehot,VH_framework,T,-0.0256346557289361
Transformer-onehot,VH_framework,T,0.0
Transformer-onehot,VH_framework,T,0.0
Transformer-onehot,VH_framework,T,0.0
Transformer-onehot,VH_framework,T,0.0
Transformer-onehot,VH_framework,T,0.0
Transformer-onehot,VH_framework,T,0.0
Transformer-onehot,VH_framework,T,-0.0310841184109449
Transformer-onehot,VH_framework,T,0.0
Transformer-onehot,VH_framework,T,0.0
Transformer-onehot,VH_framework,T,0.0
Transformer-onehot,VH_framework,T,-0.0265926215797662
Transformer-onehot,VH_framework,T,0.0
Transformer-onehot,VH_framework,T,-0.0280762799084186
Transformer-onehot,VH_framework,T,0.0
Transformer-onehot,VH_framework,T,0.0
Transformer-onehot,VH_framework,T,0.0
Transformer-onehot,VH_framework,T,0.0
Transformer-onehot,VH_framework,T,0.0
Transformer-onehot,VH_framework,T,0.0
Transformer-onehot,VH_framework,T,0.0
Transformer-onehot,VH_framework,T,0.0
Transformer-onehot,VH_framework,T,-0.0289712883532047
Transformer-onehot,VH_framework,T,0.0
Transformer-onehot,VH_framework,T,0.0
Transformer-onehot,VH_framework,T,0.0
Transformer-onehot,VH_framework,T,-0.0334145873785018
Transformer-onehot,VH_framework,T,0.0
Transformer-onehot,VH_framework,T,0.0
Transformer-onehot,VH_framework,T,-0.0272881593555212
Transformer-onehot,VH_framework,T,0.0
Transformer-onehot,VH_framework,T,0.0
Transformer-onehot,VH_framework,T,0.0
Transformer-onehot,VH_framework,T,-0.0280030965805053
Transformer-onehot,VH_framework,T,0.0
Transformer-onehot,VH_framework,T,-0.0321911796927452
Transformer-onehot,VH_framework,T,-0.0282777566462755
Transformer-onehot,VH_framework,T,0.0
Transformer-onehot,VH_framework,T,0.0
Transformer-onehot,VH_framework,T,-0.0285514816641807
Transformer-onehot,VH_framework,T,0.0
Transformer-onehot,VH_framework,T,0.0
Transformer-onehot,VH_framework,T,0.0
Transformer-onehot,VH_framework,T,0.0
Transformer-onehot,VH_framework,T,-0.0298189427703619
Transformer-onehot,VH_framework,T,0.0
Transformer-onehot,VH_framework,T,0.0
Transformer-onehot,VH_framework,T,-0.0254379268735647
Transformer-onehot,VH_framework,T,0.0
Transformer-onehot,VH_framework,T,0.0
Transformer-onehot,VH_framework,T,0.0
Transformer-onehot,VH_framework,T,0.0
Transformer-onehot,VH_framework,T,-0.0252680163830518
Transformer-onehot,VH_framework,T,0.0
Transformer-onehot,VH_framework,V,0.0
Transformer-onehot,VH_framework,V,0.0
Transformer-onehot,VH_framework,V,0.0
Transformer-onehot,VH_framework,V,0.0
Transformer-onehot,VH_framework,V,0.0
Transformer-onehot,VH_framework,V,0.0
Transformer-onehot,VH_framework,V,0.0665508434176445
Transformer-onehot,VH_framework,V,0.0
Transformer-onehot,VH_framework,V,0.0
Transformer-onehot,VH_framework,V,0.0802380442619323
Transformer-onehot,VH_framework,V,0.0
Transformer-onehot,VH_framework,V,0.0702602118253707
Transformer-onehot,VH_framework,V,0.0
Transformer-onehot,VH_framework,V,0.0
Transformer-onehot,VH_framework,V,0.0
Transformer-onehot,VH_framework,V,0.0750528946518898
Transformer-onehot,VH_framework,V,0.0
Transformer-onehot,VH_framework,V,0.0
Transformer-onehot,VH_framework,V,0.0
Transformer-onehot,VH_framework,V,0.0
Transformer-onehot,VH_framework,V,0.0
Transformer-onehot,VH_framework,V,0.0
Transformer-onehot,VH_framework,V,0.0
Transformer-onehot,VH_framework,V,0.0
Transformer-onehot,VH_framework,V,0.0
Transformer-onehot,VH_framework,V,0.0
Transformer-onehot,VH_framework,V,0.0763162747025489
Transformer-onehot,VH_framework,V,0.0
Transformer-onehot,VH_framework,V,0.0
Transformer-onehot,VH_framework,V,0.0
Transformer-onehot,VH_framework,V,0.0
Transformer-onehot,VH_framework,V,0.0
Transformer-onehot,VH_framework,V,0.0
Transformer-onehot,VH_framework,V,0.0
Transformer-onehot,VH_framework,V,0.0
Transformer-onehot,VH_framework,V,0.0
Transformer-onehot,VH_framework,V,0.0
Transformer-onehot,VH_framework,V,0.0
Transformer-onehot,VH_framework,V,0.0
Transformer-onehot,VH_framework,V,0.0
Transformer-onehot,VH_framework,V,0.0
Transformer-onehot,VH_framework,V,0.0
Transformer-onehot,VH_framework,V,0.0
Transformer-onehot,VH_framework,V,0.0807408690452575
Transformer-onehot,VH_framework,V,0.0
Transformer-onehot,VH_framework,V,0.0
Transformer-onehot,VH_framework,V,0.0
Transformer-onehot,VH_framework,V,0.0
Transformer-onehot,VH_framework,V,0.078402504324913
Transformer-onehot,VH_framework,V,0.0
Transformer-onehot,VH_framework,V,0.0
Transformer-onehot,VH_framework,V,0.0
Transformer-onehot,VH_framework,V,0.0
Transformer-onehot,VH_framework,V,0.0
Transformer-onehot,VH_framework,V,0.0
Transformer-onehot,VH_framework,V,0.0
Transformer-onehot,VH_framework,V,0.0
Transformer-onehot,VH_framework,V,0.0
Transformer-onehot,VH_framework,V,0.0
Transformer-onehot,VH_framework,V,0.0
Transformer-onehot,VH_framework,V,0.0
Transformer-onehot,VH_framework,V,0.0
Transformer-onehot,VH_framework,V,0.0
Transformer-onehot,VH_framework,V,0.0
Transformer-onehot,VH_framework,V,0.0
Transformer-onehot,VH_framework,V,0.0
Transformer-onehot,VH_framework,V,0.0
Transformer-onehot,VH_framework,V,0.0
Transformer-onehot,VH_framework,V,0.0
Transformer-onehot,VH_framework,V,0.0768770575523376
Transformer-onehot,VH_framework,V,0.0
Transformer-onehot,VH_framework,V,0.0
Transformer-onehot,VH_framework,V,0.0
Transformer-onehot,VH_framework,V,0.0
Transformer-onehot,VH_framework,V,0.0
Transformer-onehot,VH_framework,V,0.0
Transformer-onehot,VH_framework,V,0.0
Transformer-onehot,VH_framework,V,0.0
Transformer-onehot,VH_framework,V,0.0
Transformer-onehot,VH_framework,V,0.0
Transformer-onehot,VH_framework,V,0.0
Transformer-onehot,VH_framework,V,0.0
Transformer-onehot,VH_framework,V,0.0
Transformer-onehot,VH_framework,V,0.0
Transformer-onehot,VH_framework,V,0.0
Transformer-onehot,VH_framework,V,0.0
Transformer-onehot,VH_framework,V,0.0
Transformer-onehot,VH_framework,V,0.0
Transformer-onehot,VH_framework,V,0.0801774188876152
Transformer-onehot,VH_framework,V,0.080378346145153
Transformer-onehot,VH_framework,V,0.0
Transformer-onehot,VH_framework,V,0.0
Transformer-onehot,VH_framework,V,0.0
Transformer-onehot,VH_framework,V,0.0
Transformer-onehot,VH_framework,V,0.0
Transformer-onehot,VH_framework,V,0.0
Transformer-onehot,VH_framework,V,0.0749737694859504
Transformer-onehot,VH_framework,V,0.0760756880044937
Transformer-onehot,VH_framework,V,0.0790997222065925
Transformer-onehot,VH_framework,V,0.0778196305036544
Transformer-onehot,VH_framework,V,0.0
Transformer-onehot,VH_framework,V,0.0
Transformer-onehot,VH_framework,V,0.0
Transformer-onehot,VH_framework,V,0.0
Transformer-onehot,VH_framework,V,0.0
Transformer-onehot,VH_framework,V,0.0
Transformer-onehot,VH_framework,V,0.0
Transformer-onehot,VH_framework,V,0.0
Transformer-onehot,VH_framework,V,0.0
Transformer-onehot,VH_framework,V,0.0
Transformer-onehot,VH_framework,V,0.0
Transformer-onehot,VH_framework,V,0.0
Transformer-onehot,VH_framework,V,0.0
Transformer-onehot,VH_framework,V,0.0
Transformer-onehot,VH_framework,V,0.0
Transformer-onehot,VH_framework,V,0.0
Transformer-onehot,VH_framework,V,0.0
Transformer-onehot,VH_framework,V,0.0
Transformer-onehot,VH_framework,V,0.0
Transformer-onehot,VH_framework,V,0.0
Transformer-onehot,VH_framework,V,0.0
Transformer-onehot,VH_framework,V,0.0
Transformer-onehot,VH_framework,V,0.0762096941471099
Transformer-onehot,VH_framework,V,0.0
Transformer-onehot,VH_framework,V,0.0
Transformer-onehot,VH_framework,V,0.0
Transformer-onehot,VH_framework,V,0.0
Transformer-onehot,VH_framework,V,0.0708281844854354
Transformer-onehot,VH_framework,V,0.0
Transformer-onehot,VH_framework,V,0.0
Transformer-onehot,VH_framework,V,0.0
Transformer-onehot,VH_framework,V,0.0
Transformer-onehot,VH_framework,V,0.0
Transformer-onehot,VH_framework,V,0.0
Transformer-onehot,VH_framework,V,0.0
Transformer-onehot,VH_framework,V,0.0
Transformer-onehot,VH_framework,V,0.0812693387269973
Transformer-onehot,VH_framework,V,0.0
Transformer-onehot,VH_framework,V,0.0
Transformer-onehot,VH_framework,V,0.0
Transformer-onehot,VH_framework,V,0.0
Transformer-onehot,VH_framework,V,0.0
Transformer-onehot,VH_framework,V,0.0
Transformer-onehot,VH_framework,V,0.0765657126903534
Transformer-onehot,VH_framework,V,0.0
Transformer-onehot,VH_framework,V,0.0
Transformer-onehot,VH_framework,V,0.0
Transformer-onehot,VH_framework,V,0.0731448680162429
Transformer-onehot,VH_framework,V,0.0811635851860046
Transformer-onehot,VH_framework,V,0.0
Transformer-onehot,VH_framework,V,0.0
Transformer-onehot,VH_framework,V,0.0
Transformer-onehot,VH_framework,V,0.0
Transformer-onehot,VH_framework,V,0.0
Transformer-onehot,VH_framework,V,0.0
Transformer-onehot,VH_framework,V,0.0
Transformer-onehot,VH_framework,V,0.0
Transformer-onehot,VH_framework,V,0.0
Transformer-onehot,VH_framework,V,0.0
Transformer-onehot,VH_framework,V,0.0
Transformer-onehot,VH_framework,V,0.0
Transformer-onehot,VH_framework,V,0.0
Transformer-onehot,VH_framework,V,0.0
Transformer-onehot,VH_framework,V,0.0
Transformer-onehot,VH_framework,V,0.0
Transformer-onehot,VH_framework,V,0.0
Transformer-onehot,VH_framework,V,0.0
Transformer-onehot,VH_framework,V,0.0
Transformer-onehot,VH_framework,V,0.0
Transformer-onehot,VH_framework,V,0.0733470320701599
Transformer-onehot,VH_framework,V,0.0
Transformer-onehot,VH_framework,V,0.0
Transformer-onehot,VH_framework,V,0.0
Transformer-onehot,VH_framework,V,0.0
Transformer-onehot,VH_framework,V,0.0
Transformer-onehot,VH_framework,V,0.0
Transformer-onehot,VH_framework,V,0.0
Transformer-onehot,VH_framework,V,0.0
Transformer-onehot,VH_framework,V,0.0
Transformer-onehot,VH_framework,V,0.0
Transformer-onehot,VH_framework,V,0.0
Transformer-onehot,VH_framework,V,0.0
Transformer-onehot,VH_framework,V,0.0
Transformer-onehot,VH_framework,V,0.0
Transformer-onehot,VH_framework,V,0.0
Transformer-onehot,VH_framework,V,0.0
Transformer-onehot,VH_framework,V,0.0
Transformer-onehot,VH_framework,V,0.0
Transformer-onehot,VH_framework,V,0.0
Transformer-onehot,VH_framework,V,0.0
Transformer-onehot,VH_framework,V,0.0
Transformer-onehot,VH_framework,V,0.0
Transformer-onehot,VH_framework,V,0.0
Transformer-onehot,VH_framework,V,0.0753251761198043
Transformer-onehot,VH_framework,V,0.0
Transformer-onehot,VH_framework,V,0.0
Transformer-onehot,VH_framework,V,0.0
Transformer-onehot,VH_framework,V,0.0
Transformer-onehot,VH_framework,V,0.0
Transformer-onehot,VH_framework,V,0.0
Transformer-onehot,VH_framework,V,0.074878491461277
Transformer-onehot,VH_framework,V,0.0
Transformer-onehot,VH_framework,V,0.0
Transformer-onehot,VH_framework,V,0.0
Transformer-onehot,VH_framework,V,0.0
Transformer-onehot,VH_framework,V,0.0
Transformer-onehot,VH_framework,V,0.0
Transformer-onehot,VH_framework,V,0.0
Transformer-onehot,VH_framework,V,0.0
Transformer-onehot,VH_framework,V,0.0
Transformer-onehot,VH_framework,V,0.0807763114571571
Transformer-onehot,VH_framework,V,0.0
Transformer-onehot,VH_framework,V,0.0
Transformer-onehot,VH_framework,V,0.0
Transformer-onehot,VH_framework,V,0.0
Transformer-onehot,VH_framework,V,0.0
Transformer-onehot,VH_framework,V,0.0
Transformer-onehot,VH_framework,V,0.0
Transformer-onehot,VH_framework,V,0.0
Transformer-onehot,VH_framework,V,0.0
Transformer-onehot,VH_framework,V,0.0
Transformer-onehot,VH_framework,V,0.0
Transformer-onehot,VH_framework,V,0.0
Transformer-onehot,VH_framework,V,0.0
Transformer-onehot,VH_framework,V,0.0
Transformer-onehot,VH_framework,V,0.0
Transformer-onehot,VH_framework,V,0.0
Transformer-onehot,VH_framework,V,0.079511784017086
Transformer-onehot,VH_framework,V,0.0
Transformer-onehot,VH_framework,V,0.0
Transformer-onehot,VH_framework,V,0.0
Transformer-onehot,VH_framework,V,0.0
Transformer-onehot,VH_framework,V,0.0
Transformer-onehot,VH_framework,V,0.0
Transformer-onehot,VH_framework,V,0.0
Transformer-onehot,VH_framework,V,0.0
Transformer-onehot,VH_framework,V,0.0
Transformer-onehot,VH_framework,V,0.0
Transformer-onehot,VH_framework,V,0.0
Transformer-onehot,VH_framework,V,0.075950026512146
Transformer-onehot,VH_framework,V,0.0
Transformer-onehot,VH_framework,V,0.0
Transformer-onehot,VH_framework,V,0.0
Transformer-onehot,VH_framework,V,0.0
Transformer-onehot,VH_framework,V,0.0
Transformer-onehot,VH_framework,V,0.0
Transformer-onehot,VH_framework,V,0.0
Transformer-onehot,VH_framework,V,0.0
Transformer-onehot,VH_framework,V,0.0
Transformer-onehot,VH_framework,V,0.0
Transformer-onehot,VH_framework,V,0.0
Transformer-onehot,VH_framework,V,0.0
Transformer-onehot,VH_framework,V,0.0
Transformer-onehot,VH_framework,V,0.0
Transformer-onehot,VH_framework,V,0.0
Transformer-onehot,VH_framework,V,0.0769767835736274
Transformer-onehot,VH_framework,V,0.0
Transformer-onehot,VH_framework,V,0.0
Transformer-onehot,VH_framework,V,0.0
Transformer-onehot,VH_framework,V,0.0
Transformer-onehot,VH_framework,V,0.0
Transformer-onehot,VH_framework,V,0.0
Transformer-onehot,VH_framework,V,0.0
Transformer-onehot,VH_framework,V,0.0
Transformer-onehot,VH_framework,V,0.0
Transformer-onehot,VH_framework,V,0.0
Transformer-onehot,VH_framework,V,0.0
Transformer-onehot,VH_framework,V,0.0
Transformer-onehot,VH_framework,V,0.0
Transformer-onehot,VH_framework,V,0.0
Transformer-onehot,VH_framework,V,0.0
Transformer-onehot,VH_framework,V,0.0
Transformer-onehot,VH_framework,V,0.0
Transformer-onehot,VH_framework,V,0.0
Transformer-onehot,VH_framework,V,0.0
Transformer-onehot,VH_framework,V,0.0
Transformer-onehot,VH_framework,V,0.0
Transformer-onehot,VH_framework,V,0.0
Transformer-onehot,VH_framework,V,0.0
Transformer-onehot,VH_framework,V,0.0
Transformer-onehot,VH_framework,V,0.0
Transformer-onehot,VH_framework,V,0.0
Transformer-onehot,VH_framework,V,0.0
Transformer-onehot,VH_framework,V,0.0
Transformer-onehot,VH_framework,V,0.0
Transformer-onehot,VH_framework,V,0.0
Transformer-onehot,VH_framework,V,0.0
Transformer-onehot,VH_framework,V,0.0
Transformer-onehot,VH_framework,V,0.0
Transformer-onehot,VH_framework,V,0.0
Transformer-onehot,VH_framework,V,0.0
Transformer-onehot,VH_framework,V,0.0
Transformer-onehot,VH_framework,V,0.0681221038103103
Transformer-onehot,VH_framework,V,0.0
Transformer-onehot,VH_framework,V,0.0
Transformer-onehot,VH_framework,V,0.0
Transformer-onehot,VH_framework,V,0.0
Transformer-onehot,VH_framework,V,0.0
Transformer-onehot,VH_framework,V,0.0
Transformer-onehot,VH_framework,V,0.0
Transformer-onehot,VH_framework,V,0.0704932585358619
Transformer-onehot,VH_framework,V,0.0
Transformer-onehot,VH_framework,V,0.0
Transformer-onehot,VH_framework,V,0.0
Transformer-onehot,VH_framework,V,0.0
Transformer-onehot,VH_framework,V,0.0
Transformer-onehot,VH_framework,V,0.0
Transformer-onehot,VH_framework,V,0.0
Transformer-onehot,VH_framework,V,0.0
Transformer-onehot,VH_framework,V,0.0
Transformer-onehot,VH_framework,V,0.0
Transformer-onehot,VH_framework,V,0.0
Transformer-onehot,VH_framework,V,0.0
Transformer-onehot,VH_framework,V,0.0
Transformer-onehot,VH_framework,V,0.0
Transformer-onehot,VH_framework,V,0.0698097199201583
Transformer-onehot,VH_framework,V,0.0
Transformer-onehot,VH_framework,V,0.0
Transformer-onehot,VH_framework,V,0.0
Transformer-onehot,VH_framework,V,0.0746865943074226
Transformer-onehot,VH_framework,V,0.0
Transformer-onehot,VH_framework,V,0.0
Transformer-onehot,VH_framework,V,0.0
Transformer-onehot,VH_framework,V,0.0748080387711525
Transformer-onehot,VH_framework,V,0.0
Transformer-onehot,VH_framework,V,0.0
Transformer-onehot,VH_framework,V,0.0623343959450721
Transformer-onehot,VH_framework,V,0.0
Transformer-onehot,VH_framework,V,0.0646238178014755
Transformer-onehot,VH_framework,V,0.0741272494196891
Transformer-onehot,VH_framework,V,0.0708013400435447
Transformer-onehot,VH_framework,V,0.0673313811421394
Transformer-onehot,VH_framework,V,0.0
Transformer-onehot,VH_framework,V,0.0697749704122543
Transformer-onehot,VH_framework,V,0.0
Transformer-onehot,VH_framework,V,0.0
Transformer-onehot,VH_framework,V,0.0
Transformer-onehot,VH_framework,V,0.0
Transformer-onehot,VH_framework,V,0.0
Transformer-onehot,VH_framework,V,0.0
Transformer-onehot,VH_framework,V,0.0
Transformer-onehot,VH_framework,V,0.0
Transformer-onehot,VH_framework,V,0.0
Transformer-onehot,VH_framework,V,0.0669296979904174
Transformer-onehot,VH_framework,V,0.0
Transformer-onehot,VH_framework,V,0.0
Transformer-onehot,VH_framework,V,0.0
Transformer-onehot,VH_framework,V,0.0
Transformer-onehot,VH_framework,V,0.0
Transformer-onehot,VH_framework,V,0.0
Transformer-onehot,VH_framework,V,0.0
Transformer-onehot,VH_framework,V,0.0
Transformer-onehot,VH_framework,V,0.0
Transformer-onehot,VH_framework,V,0.0
Transformer-onehot,VH_framework,V,0.0650222525000572
Transformer-onehot,VH_framework,V,0.0
Transformer-onehot,VH_framework,V,0.0
Transformer-onehot,VH_framework,V,0.0
Transformer-onehot,VH_framework,V,0.0
Transformer-onehot,VH_framework,V,0.0
Transformer-onehot,VH_framework,V,0.0
Transformer-onehot,VH_framework,V,0.0
Transformer-onehot,VH_framework,V,0.0
Transformer-onehot,VH_framework,V,0.0
Transformer-onehot,VH_framework,V,0.0654724761843681
Transformer-onehot,VH_framework,V,0.0
Transformer-onehot,VH_framework,V,0.0
Transformer-onehot,VH_framework,V,0.0
Transformer-onehot,VH_framework,V,0.0
Transformer-onehot,VH_framework,V,0.0
Transformer-onehot,VH_framework,V,0.0
Transformer-onehot,VH_framework,V,0.0711347013711929
Transformer-onehot,VH_framework,V,0.0609489120543003
Transformer-onehot,VH_framework,V,0.0
Transformer-onehot,VH_framework,V,0.0
Transformer-onehot,VH_framework,V,0.0
Transformer-onehot,VH_framework,V,0.0
Transformer-onehot,VH_framework,V,0.0
Transformer-onehot,VH_framework,V,0.0
Transformer-onehot,VH_framework,V,0.0
Transformer-onehot,VH_framework,V,0.0
Transformer-onehot,VH_framework,V,0.0
Transformer-onehot,VH_framework,V,0.0
Transformer-onehot,VH_framework,V,0.0
Transformer-onehot,VH_framework,V,0.0
Transformer-onehot,VH_framework,V,0.0
Transformer-onehot,VH_framework,V,0.0
Transformer-onehot,VH_framework,V,0.0
Transformer-onehot,VH_framework,V,0.0
Transformer-onehot,VH_framework,V,0.0
Transformer-onehot,VH_framework,V,0.0748873725533485
Transformer-onehot,VH_framework,V,0.0
Transformer-onehot,VH_framework,V,0.0
Transformer-onehot,VH_framework,V,0.0685446709394455
Transformer-onehot,VH_framework,V,0.0
Transformer-onehot,VH_framework,V,0.0
Transformer-onehot,VH_framework,V,0.0
Transformer-onehot,VH_framework,V,0.0
Transformer-onehot,VH_framework,V,0.0
Transformer-onehot,VH_framework,V,0.0
Transformer-onehot,VH_framework,V,0.0
Transformer-onehot,VH_framework,V,0.0
Transformer-onehot,VH_framework,V,0.0
Transformer-onehot,VH_framework,V,0.0
Transformer-onehot,VH_framework,V,0.0
Transformer-onehot,VH_framework,V,0.0
Transformer-onehot,VH_framework,V,0.0
Transformer-onehot,VH_framework,V,0.0
Transformer-onehot,VH_framework,V,0.0
Transformer-onehot,VH_framework,V,0.0
Transformer-onehot,VH_framework,V,0.0
Transformer-onehot,VH_framework,V,0.0
Transformer-onehot,VH_framework,V,0.0
Transformer-onehot,VH_framework,V,0.0
Transformer-onehot,VH_framework,V,0.0
Transformer-onehot,VH_framework,V,0.0
Transformer-onehot,VH_framework,V,0.0
Transformer-onehot,VH_framework,V,0.0
Transformer-onehot,VH_framework,V,0.0
Transformer-onehot,VH_framework,V,0.0
Transformer-onehot,VH_framework,V,0.0
Transformer-onehot,VH_framework,V,0.0
Transformer-onehot,VH_framework,V,0.0
Transformer-onehot,VH_framework,V,0.0
Transformer-onehot,VH_framework,V,0.0
Transformer-onehot,VH_framework,V,0.0704907029867172
Transformer-onehot,VH_framework,V,0.0
Transformer-onehot,VH_framework,V,0.0
Transformer-onehot,VH_framework,V,0.0
Transformer-onehot,VH_framework,V,0.0
Transformer-onehot,VH_framework,V,0.0
Transformer-onehot,VH_framework,V,0.0675286799669265
Transformer-onehot,VH_framework,V,0.069903664290905
Transformer-onehot,VH_framework,V,0.0
Transformer-onehot,VH_framework,V,0.0
Transformer-onehot,VH_framework,V,0.0664315670728683
Transformer-onehot,VH_framework,V,0.0616318210959434
Transformer-onehot,VH_framework,V,0.0
Transformer-onehot,VH_framework,V,0.0
Transformer-onehot,VH_framework,V,0.0
Transformer-onehot,VH_framework,V,0.0642332807183265
Transformer-onehot,VH_framework,V,0.0
Transformer-onehot,VH_framework,V,0.0
Transformer-onehot,VH_framework,V,0.0668030753731727
Transformer-onehot,VH_framework,V,0.0
Transformer-onehot,VH_framework,V,0.0
Transformer-onehot,VH_framework,V,0.0
Transformer-onehot,VH_framework,V,0.0
Transformer-onehot,VH_framework,V,0.0
Transformer-onehot,VH_framework,V,0.0732460170984268
Transformer-onehot,VH_framework,V,0.0
Transformer-onehot,VH_framework,V,0.0
Transformer-onehot,VH_framework,V,0.0
Transformer-onehot,VH_framework,V,0.0
Transformer-onehot,VH_framework,V,0.0749023482203483
Transformer-onehot,VH_framework,V,0.0
Transformer-onehot,VH_framework,V,0.0688945055007934
Transformer-onehot,VH_framework,V,0.0
Transformer-onehot,VH_framework,V,0.0687183812260627
Transformer-onehot,VH_framework,V,0.0
Transformer-onehot,VH_framework,V,0.0696321576833725
Transformer-onehot,VH_framework,V,0.0
Transformer-onehot,VH_framework,V,0.0
Transformer-onehot,VH_framework,V,0.0
Transformer-onehot,VH_framework,V,0.0
Transformer-onehot,VH_framework,V,0.0
Transformer-onehot,VH_framework,V,0.0
Transformer-onehot,VH_framework,V,0.0
Transformer-onehot,VH_framework,V,0.0
Transformer-onehot,VH_framework,V,0.0783412754535675
Transformer-onehot,VH_framework,V,0.0
Transformer-onehot,VH_framework,V,0.0749840438365936
Transformer-onehot,VH_framework,V,0.0
Transformer-onehot,VH_framework,V,0.0
Transformer-onehot,VH_framework,V,0.0
Transformer-onehot,VH_framework,V,0.0
Transformer-onehot,VH_framework,V,0.0
Transformer-onehot,VH_framework,V,0.0
Transformer-onehot,VH_framework,V,0.0
Transformer-onehot,VH_framework,V,0.0
Transformer-onehot,VH_framework,V,0.0
Transformer-onehot,VH_framework,V,0.0
Transformer-onehot,VH_framework,V,0.0
Transformer-onehot,VH_framework,V,0.0
Transformer-onehot,VH_framework,V,0.0
Transformer-onehot,VH_framework,V,0.0
Transformer-onehot,VH_framework,V,0.0
Transformer-onehot,VH_framework,V,0.0
Transformer-onehot,VH_framework,V,0.0
Transformer-onehot,VH_framework,V,0.0
Transformer-onehot,VH_framework,V,0.0
Transformer-onehot,VH_framework,V,0.0
Transformer-onehot,VH_framework,V,0.0
Transformer-onehot,VH_framework,V,0.0
Transformer-onehot,VH_framework,V,0.0
Transformer-onehot,VH_framework,V,0.0
Transformer-onehot,VH_framework,V,0.0
Transformer-onehot,VH_framework,V,0.0
Transformer-onehot,VH_framework,V,0.0
Transformer-onehot,VH_framework,V,0.0
Transformer-onehot,VH_framework,W,0.0
Transformer-onehot,VH_framework,W,0.0
Transformer-onehot,VH_framework,W,0.0
Transformer-onehot,VH_framework,W,0.0
Transformer-onehot,VH_framework,W,0.0
Transformer-onehot,VH_framework,W,0.0
Transformer-onehot,VH_framework,W,0.0
Transformer-onehot,VH_framework,W,0.0
Transformer-onehot,VH_framework,W,0.0
Transformer-onehot,VH_framework,W,0.0
Transformer-onehot,VH_framework,W,0.0
Transformer-onehot,VH_framework,W,0.0
Transformer-onehot,VH_framework,W,0.0
Transformer-onehot,VH_framework,W,0.0
Transformer-onehot,VH_framework,W,0.0
Transformer-onehot,VH_framework,W,0.0
Transformer-onehot,VH_framework,W,0.0
Transformer-onehot,VH_framework,W,0.0
Transformer-onehot,VH_framework,W,0.0
Transformer-onehot,VH_framework,W,0.0
Transformer-onehot,VH_framework,W,0.0
Transformer-onehot,VH_framework,W,0.0
Transformer-onehot,VH_framework,W,0.0
Transformer-onehot,VH_framework,W,0.0
Transformer-onehot,VH_framework,W,0.0
Transformer-onehot,VH_framework,W,0.0
Transformer-onehot,VH_framework,W,0.0
Transformer-onehot,VH_framework,W,0.0
Transformer-onehot,VH_framework,W,0.0
Transformer-onehot,VH_framework,W,0.0
Transformer-onehot,VH_framework,W,0.0
Transformer-onehot,VH_framework,W,0.0
Transformer-onehot,VH_framework,W,0.0
Transformer-onehot,VH_framework,W,0.0
Transformer-onehot,VH_framework,W,0.0
Transformer-onehot,VH_framework,W,0.0
Transformer-onehot,VH_framework,W,0.0
Transformer-onehot,VH_framework,W,0.0
Transformer-onehot,VH_framework,W,0.0
Transformer-onehot,VH_framework,W,0.0
Transformer-onehot,VH_framework,W,0.0
Transformer-onehot,VH_framework,W,0.0
Transformer-onehot,VH_framework,W,0.0
Transformer-onehot,VH_framework,W,0.0
Transformer-onehot,VH_framework,W,0.0
Transformer-onehot,VH_framework,W,0.0
Transformer-onehot,VH_framework,W,0.0
Transformer-onehot,VH_framework,W,0.0
Transformer-onehot,VH_framework,W,0.0
Transformer-onehot,VH_framework,W,0.0
Transformer-onehot,VH_framework,W,0.0
Transformer-onehot,VH_framework,W,0.0
Transformer-onehot,VH_framework,W,0.0
Transformer-onehot,VH_framework,W,0.0
Transformer-onehot,VH_framework,W,0.0
Transformer-onehot,VH_framework,W,0.0
Transformer-onehot,VH_framework,W,0.1206143945455551
Transformer-onehot,VH_framework,W,0.0
Transformer-onehot,VH_framework,W,0.0
Transformer-onehot,VH_framework,W,0.0
Transformer-onehot,VH_framework,W,0.0
Transformer-onehot,VH_framework,W,0.0
Transformer-onehot,VH_framework,W,0.0
Transformer-onehot,VH_framework,W,0.0
Transformer-onehot,VH_framework,W,0.0
Transformer-onehot,VH_framework,W,0.0
Transformer-onehot,VH_framework,W,0.0
Transformer-onehot,VH_framework,W,0.0
Transformer-onehot,VH_framework,W,0.0
Transformer-onehot,VH_framework,W,0.0
Transformer-onehot,VH_framework,W,0.0
Transformer-onehot,VH_framework,W,0.0
Transformer-onehot,VH_framework,W,0.0
Transformer-onehot,VH_framework,W,0.0
Transformer-onehot,VH_framework,W,0.0
Transformer-onehot,VH_framework,W,0.0
Transformer-onehot,VH_framework,W,0.0
Transformer-onehot,VH_framework,W,0.0
Transformer-onehot,VH_framework,W,0.0
Transformer-onehot,VH_framework,W,0.0
Transformer-onehot,VH_framework,W,0.0
Transformer-onehot,VH_framework,W,0.0
Transformer-onehot,VH_framework,W,0.0
Transformer-onehot,VH_framework,W,0.0
Transformer-onehot,VH_framework,W,0.0
Transformer-onehot,VH_framework,W,0.0
Transformer-onehot,VH_framework,W,0.0
Transformer-onehot,VH_framework,W,0.0
Transformer-onehot,VH_framework,W,0.0
Transformer-onehot,VH_framework,W,0.0
Transformer-onehot,VH_framework,W,0.0
Transformer-onehot,VH_framework,W,0.0
Transformer-onehot,VH_framework,W,0.0
Transformer-onehot,VH_framework,W,0.0
Transformer-onehot,VH_framework,W,0.1337558776140213
Transformer-onehot,VH_framework,W,0.0
Transformer-onehot,VH_framework,W,0.0
Transformer-onehot,VH_framework,W,0.0
Transformer-onehot,VH_framework,W,0.0
Transformer-onehot,VH_framework,W,0.0
Transformer-onehot,VH_framework,W,0.0
Transformer-onehot,VH_framework,W,0.0
Transformer-onehot,VH_framework,W,0.0
Transformer-onehot,VH_framework,W,0.0
Transformer-onehot,VH_framework,W,0.0
Transformer-onehot,VH_framework,W,0.0
Transformer-onehot,VH_framework,W,0.0
Transformer-onehot,VH_framework,W,0.0
Transformer-onehot,VH_framework,W,0.0
Transformer-onehot,VH_framework,W,0.0
Transformer-onehot,VH_framework,W,0.0
Transformer-onehot,VH_framework,W,0.0
Transformer-onehot,VH_framework,W,0.0
Transformer-onehot,VH_framework,W,0.0
Transformer-onehot,VH_framework,W,0.0
Transformer-onehot,VH_framework,W,0.0
Transformer-onehot,VH_framework,W,0.0
Transformer-onehot,VH_framework,W,0.0
Transformer-onehot,VH_framework,W,0.0
Transformer-onehot,VH_framework,W,0.0
Transformer-onehot,VH_framework,W,0.0
Transformer-onehot,VH_framework,W,0.0
Transformer-onehot,VH_framework,W,0.0
Transformer-onehot,VH_framework,W,0.0
Transformer-onehot,VH_framework,W,0.0
Transformer-onehot,VH_framework,W,0.0
Transformer-onehot,VH_framework,W,0.0
Transformer-onehot,VH_framework,W,0.0
Transformer-onehot,VH_framework,W,0.0
Transformer-onehot,VH_framework,W,0.0
Transformer-onehot,VH_framework,W,0.0
Transformer-onehot,VH_framework,W,0.0
Transformer-onehot,VH_framework,W,0.0
Transformer-onehot,VH_framework,W,0.0
Transformer-onehot,VH_framework,W,0.0
Transformer-onehot,VH_framework,W,0.0
Transformer-onehot,VH_framework,W,0.0
Transformer-onehot,VH_framework,W,0.0
Transformer-onehot,VH_framework,W,0.0
Transformer-onehot,VH_framework,W,0.1425357908010482
Transformer-onehot,VH_framework,W,0.0
Transformer-onehot,VH_framework,W,0.0
Transformer-onehot,VH_framework,W,0.0
Transformer-onehot,VH_framework,W,0.0
Transformer-onehot,VH_framework,W,0.0
Transformer-onehot,VH_framework,W,0.0
Transformer-onehot,VH_framework,W,0.0
Transformer-onehot,VH_framework,W,0.0
Transformer-onehot,VH_framework,W,0.0
Transformer-onehot,VH_framework,W,0.0
Transformer-onehot,VH_framework,W,0.0
Transformer-onehot,VH_framework,W,0.0
Transformer-onehot,VH_framework,W,0.0
Transformer-onehot,VH_framework,W,0.0
Transformer-onehot,VH_framework,W,0.0
Transformer-onehot,VH_framework,W,0.0
Transformer-onehot,VH_framework,W,0.0
Transformer-onehot,VH_framework,W,0.0
Transformer-onehot,VH_framework,W,0.0
Transformer-onehot,VH_framework,W,0.1381773650646209
Transformer-onehot,VH_framework,W,0.0
Transformer-onehot,VH_framework,W,0.0
Transformer-onehot,VH_framework,W,0.1450197249650955
Transformer-onehot,VH_framework,W,0.0
Transformer-onehot,VH_framework,W,0.0
Transformer-onehot,VH_framework,W,0.0
Transformer-onehot,VH_framework,W,0.0
Transformer-onehot,VH_framework,W,0.0
Transformer-onehot,VH_framework,W,0.0
Transformer-onehot,VH_framework,W,0.0
Transformer-onehot,VH_framework,W,0.0
Transformer-onehot,VH_framework,W,0.0
Transformer-onehot,VH_framework,W,0.0
Transformer-onehot,VH_framework,W,0.0
Transformer-onehot,VH_framework,W,0.0
Transformer-onehot,VH_framework,W,0.0
Transformer-onehot,VH_framework,W,0.0
Transformer-onehot,VH_framework,W,0.0
Transformer-onehot,VH_framework,W,0.0
Transformer-onehot,VH_framework,W,0.0
Transformer-onehot,VH_framework,W,0.0
Transformer-onehot,VH_framework,W,0.0
Transformer-onehot,VH_framework,W,0.0
Transformer-onehot,VH_framework,W,0.0
Transformer-onehot,VH_framework,W,0.0
Transformer-onehot,VH_framework,W,0.0
Transformer-onehot,VH_framework,W,0.0
Transformer-onehot,VH_framework,W,0.0
Transformer-onehot,VH_framework,W,0.0
Transformer-onehot,VH_framework,W,0.0
Transformer-onehot,VH_framework,W,0.0
Transformer-onehot,VH_framework,W,0.0
Transformer-onehot,VH_framework,W,0.0
Transformer-onehot,VH_framework,W,0.0
Transformer-onehot,VH_framework,W,0.0
Transformer-onehot,VH_framework,W,0.0
Transformer-onehot,VH_framework,W,0.0
Transformer-onehot,VH_framework,W,0.0
Transformer-onehot,VH_framework,W,0.0
Transformer-onehot,VH_framework,W,0.0
Transformer-onehot,VH_framework,W,0.0
Transformer-onehot,VH_framework,W,0.0
Transformer-onehot,VH_framework,W,0.0
Transformer-onehot,VH_framework,W,0.0
Transformer-onehot,VH_framework,W,0.0
Transformer-onehot,VH_framework,W,0.0
Transformer-onehot,VH_framework,W,0.0
Transformer-onehot,VH_framework,W,0.0
Transformer-onehot,VH_framework,W,0.0
Transformer-onehot,VH_framework,W,0.0
Transformer-onehot,VH_framework,W,0.0
Transformer-onehot,VH_framework,W,0.0
Transformer-onehot,VH_framework,W,0.0
Transformer-onehot,VH_framework,W,0.0
Transformer-onehot,VH_framework,W,0.0
Transformer-onehot,VH_framework,W,0.0
Transformer-onehot,VH_framework,W,0.0
Transformer-onehot,VH_framework,W,0.0
Transformer-onehot,VH_framework,W,0.0
Transformer-onehot,VH_framework,W,0.0
Transformer-onehot,VH_framework,W,0.0
Transformer-onehot,VH_framework,W,0.0
Transformer-onehot,VH_framework,W,0.0
Transformer-onehot,VH_framework,W,0.0
Transformer-onehot,VH_framework,W,0.0
Transformer-onehot,VH_framework,W,0.0
Transformer-onehot,VH_framework,W,0.0
Transformer-onehot,VH_framework,W,0.0
Transformer-onehot,VH_framework,W,0.0
Transformer-onehot,VH_framework,W,0.0
Transformer-onehot,VH_framework,W,0.0
Transformer-onehot,VH_framework,W,0.0
Transformer-onehot,VH_framework,W,0.0
Transformer-onehot,VH_framework,W,0.0
Transformer-onehot,VH_framework,W,0.0
Transformer-onehot,VH_framework,W,0.0
Transformer-onehot,VH_framework,W,0.0
Transformer-onehot,VH_framework,W,0.1395215988159179
Transformer-onehot,VH_framework,W,0.0
Transformer-onehot,VH_framework,W,0.0
Transformer-onehot,VH_framework,W,0.0
Transformer-onehot,VH_framework,W,0.0
Transformer-onehot,VH_framework,W,0.0
Transformer-onehot,VH_framework,W,0.0
Transformer-onehot,VH_framework,W,0.0
Transformer-onehot,VH_framework,W,0.0
Transformer-onehot,VH_framework,W,0.0
Transformer-onehot,VH_framework,W,0.0
Transformer-onehot,VH_framework,W,0.0
Transformer-onehot,VH_framework,W,0.0
Transformer-onehot,VH_framework,W,0.1088452711701393
Transformer-onehot,VH_framework,W,0.1018250733613967
Transformer-onehot,VH_framework,W,0.0
Transformer-onehot,VH_framework,W,0.0
Transformer-onehot,VH_framework,W,0.0977896973490715
Transformer-onehot,VH_framework,W,0.0
Transformer-onehot,VH_framework,W,0.0
Transformer-onehot,VH_framework,W,0.0
Transformer-onehot,VH_framework,W,0.0
Transformer-onehot,VH_framework,W,0.0
Transformer-onehot,VH_framework,W,0.0
Transformer-onehot,VH_framework,W,0.0
Transformer-onehot,VH_framework,W,0.0
Transformer-onehot,VH_framework,W,0.0
Transformer-onehot,VH_framework,W,0.1082512438297271
Transformer-onehot,VH_framework,W,0.0955467596650123
Transformer-onehot,VH_framework,W,0.0
Transformer-onehot,VH_framework,W,0.1126229986548423
Transformer-onehot,VH_framework,W,0.0
Transformer-onehot,VH_framework,W,0.0972586944699287
Transformer-onehot,VH_framework,W,0.0
Transformer-onehot,VH_framework,W,0.0
Transformer-onehot,VH_framework,W,0.0
Transformer-onehot,VH_framework,W,0.0
Transformer-onehot,VH_framework,W,0.1096771731972694
Transformer-onehot,VH_framework,W,0.0
Transformer-onehot,VH_framework,W,0.1040884777903556
Transformer-onehot,VH_framework,W,0.0
Transformer-onehot,VH_framework,W,0.1039351820945739
Transformer-onehot,VH_framework,W,0.0
Transformer-onehot,VH_framework,W,0.0
Transformer-onehot,VH_framework,W,0.0
Transformer-onehot,VH_framework,W,0.1256654113531112
Transformer-onehot,VH_framework,W,0.0
Transformer-onehot,VH_framework,W,0.0
Transformer-onehot,VH_framework,W,0.0
Transformer-onehot,VH_framework,W,0.0
Transformer-onehot,VH_framework,W,0.0
Transformer-onehot,VH_framework,W,0.0
Transformer-onehot,VH_framework,W,0.1263362318277359
Transformer-onehot,VH_framework,W,0.0
Transformer-onehot,VH_framework,W,0.0
Transformer-onehot,VH_framework,W,0.0
Transformer-onehot,VH_framework,W,0.0
Transformer-onehot,VH_framework,W,0.0972080305218696
Transformer-onehot,VH_framework,W,0.1114784926176071
Transformer-onehot,VH_framework,W,0.0
Transformer-onehot,VH_framework,W,0.0
Transformer-onehot,VH_framework,W,0.0
Transformer-onehot,VH_framework,W,0.0
Transformer-onehot,VH_framework,W,0.0
Transformer-onehot,VH_framework,W,0.0
Transformer-onehot,VH_framework,W,0.106664665043354
Transformer-onehot,VH_framework,W,0.0
Transformer-onehot,VH_framework,W,0.0
Transformer-onehot,VH_framework,W,0.0
Transformer-onehot,VH_framework,W,0.0
Transformer-onehot,VH_framework,W,0.0907508581876754
Transformer-onehot,VH_framework,W,0.0
Transformer-onehot,VH_framework,W,0.1086265072226524
Transformer-onehot,VH_framework,W,0.0
Transformer-onehot,VH_framework,W,0.0
Transformer-onehot,VH_framework,W,0.0
Transformer-onehot,VH_framework,W,0.0
Transformer-onehot,VH_framework,W,0.0
Transformer-onehot,VH_framework,W,0.0
Transformer-onehot,VH_framework,W,0.0
Transformer-onehot,VH_framework,W,0.0
Transformer-onehot,VH_framework,W,0.0
Transformer-onehot,VH_framework,W,0.0
Transformer-onehot,VH_framework,W,0.0
Transformer-onehot,VH_framework,W,0.0
Transformer-onehot,VH_framework,W,0.0
Transformer-onehot,VH_framework,W,0.0
Transformer-onehot,VH_framework,W,0.0
Transformer-onehot,VH_framework,W,0.118766114115715
Transformer-onehot,VH_framework,W,0.0
Transformer-onehot,VH_framework,W,0.0
Transformer-onehot,VH_framework,W,0.0
Transformer-onehot,VH_framework,W,0.0
Transformer-onehot,VH_framework,W,0.0
Transformer-onehot,VH_framework,W,0.0
Transformer-onehot,VH_framework,W,0.0
Transformer-onehot,VH_framework,W,0.0
Transformer-onehot,VH_framework,W,0.0
Transformer-onehot,VH_framework,W,0.0
Transformer-onehot,VH_framework,W,0.0
Transformer-onehot,VH_framework,W,0.0
Transformer-onehot,VH_framework,W,0.0
Transformer-onehot,VH_framework,W,0.0945601910352706
Transformer-onehot,VH_framework,W,0.0
Transformer-onehot,VH_framework,W,0.0
Transformer-onehot,VH_framework,W,0.0
Transformer-onehot,VH_framework,W,0.0
Transformer-onehot,VH_framework,W,0.0
Transformer-onehot,VH_framework,W,0.1139954477548599
Transformer-onehot,VH_framework,W,0.0
Transformer-onehot,VH_framework,W,0.0
Transformer-onehot,VH_framework,W,0.1072585880756378
Transformer-onehot,VH_framework,W,0.0
Transformer-onehot,VH_framework,W,0.0
Transformer-onehot,VH_framework,W,0.0993375182151794
Transformer-onehot,VH_framework,W,0.1111170873045921
Transformer-onehot,VH_framework,W,0.0
Transformer-onehot,VH_framework,W,0.0
Transformer-onehot,VH_framework,W,0.1135680377483367
Transformer-onehot,VH_framework,W,0.0
Transformer-onehot,VH_framework,W,0.0
Transformer-onehot,VH_framework,W,0.0
Transformer-onehot,VH_framework,W,0.0
Transformer-onehot,VH_framework,W,0.0
Transformer-onehot,VH_framework,W,0.1065335348248481
Transformer-onehot,VH_framework,W,0.0
Transformer-onehot,VH_framework,W,0.0
Transformer-onehot,VH_framework,W,0.0
Transformer-onehot,VH_framework,W,0.0
Transformer-onehot,VH_framework,W,0.0
Transformer-onehot,VH_framework,W,0.0
Transformer-onehot,VH_framework,W,0.0
Transformer-onehot,VH_framework,W,0.0
Transformer-onehot,VH_framework,W,0.0
Transformer-onehot,VH_framework,W,0.0
Transformer-onehot,VH_framework,W,0.0
Transformer-onehot,VH_framework,W,0.0
Transformer-onehot,VH_framework,W,0.0
Transformer-onehot,VH_framework,W,0.0
Transformer-onehot,VH_framework,W,0.1180919185280799
Transformer-onehot,VH_framework,W,0.0
Transformer-onehot,VH_framework,W,0.0
Transformer-onehot,VH_framework,W,0.0
Transformer-onehot,VH_framework,W,0.1084117442369461
Transformer-onehot,VH_framework,W,0.1169060096144676
Transformer-onehot,VH_framework,W,0.0
Transformer-onehot,VH_framework,W,0.0
Transformer-onehot,VH_framework,W,0.0
Transformer-onehot,VH_framework,W,0.0
Transformer-onehot,VH_framework,W,0.0
Transformer-onehot,VH_framework,W,0.0977699011564254
Transformer-onehot,VH_framework,W,0.0
Transformer-onehot,VH_framework,W,0.0
Transformer-onehot,VH_framework,W,0.0
Transformer-onehot,VH_framework,W,0.0
Transformer-onehot,VH_framework,W,0.0
Transformer-onehot,VH_framework,W,0.0
Transformer-onehot,VH_framework,W,0.0
Transformer-onehot,VH_framework,W,0.0
Transformer-onehot,VH_framework,W,0.0
Transformer-onehot,VH_framework,W,0.0
Transformer-onehot,VH_framework,W,0.0
Transformer-onehot,VH_framework,W,0.1324850767850875
Transformer-onehot,VH_framework,W,0.0
Transformer-onehot,VH_framework,W,0.1176365986466407
Transformer-onehot,VH_framework,W,0.0
Transformer-onehot,VH_framework,W,0.1195219755172729
Transformer-onehot,VH_framework,W,0.0
Transformer-onehot,VH_framework,W,0.0
Transformer-onehot,VH_framework,W,0.0
Transformer-onehot,VH_framework,W,0.0
Transformer-onehot,VH_framework,W,0.0
Transformer-onehot,VH_framework,W,0.0
Transformer-onehot,VH_framework,W,0.1196246743202209
Transformer-onehot,VH_framework,W,0.0
Transformer-onehot,VH_framework,W,0.0
Transformer-onehot,VH_framework,W,0.0
Transformer-onehot,VH_framework,W,0.0
Transformer-onehot,VH_framework,W,0.0
Transformer-onehot,VH_framework,W,0.0
Transformer-onehot,VH_framework,W,0.0
Transformer-onehot,VH_framework,W,0.0
Transformer-onehot,VH_framework,W,0.0
Transformer-onehot,VH_framework,W,0.0
Transformer-onehot,VH_framework,W,0.1140096709132194
Transformer-onehot,VH_framework,W,0.0
Transformer-onehot,VH_framework,W,0.0
Transformer-onehot,VH_framework,W,0.0982244983315467
Transformer-onehot,VH_framework,W,0.0
Transformer-onehot,VH_framework,W,0.0
Transformer-onehot,VH_framework,W,0.0
Transformer-onehot,VH_framework,W,0.0
Transformer-onehot,VH_framework,W,0.0
Transformer-onehot,VH_framework,W,0.0
Transformer-onehot,VH_framework,W,0.0
Transformer-onehot,VH_framework,W,0.0
Transformer-onehot,VH_framework,W,0.0
Transformer-onehot,VH_framework,W,0.0
Transformer-onehot,VH_framework,W,0.0
Transformer-onehot,VH_framework,W,0.0
Transformer-onehot,VH_framework,W,0.1002146527171135
Transformer-onehot,VH_framework,W,0.0
Transformer-onehot,VH_framework,W,0.0
Transformer-onehot,VH_framework,W,0.0
Transformer-onehot,VH_framework,W,0.0
Transformer-onehot,VH_framework,W,0.1005385816097259
Transformer-onehot,VH_framework,W,0.0
Transformer-onehot,VH_framework,W,0.129904493689537
Transformer-onehot,VH_framework,W,0.1101747304201126
Transformer-onehot,VH_framework,W,0.0974737703800201
Transformer-onehot,VH_framework,W,0.0
Transformer-onehot,VH_framework,W,0.0
Transformer-onehot,VH_framework,W,0.0
Transformer-onehot,VH_framework,W,0.0
Transformer-onehot,VH_framework,W,0.0
Transformer-onehot,VH_framework,W,0.0
Transformer-onehot,VH_framework,W,0.122759073972702
Transformer-onehot,VH_framework,W,0.0
Transformer-onehot,VH_framework,W,0.0
Transformer-onehot,VH_framework,W,0.0
Transformer-onehot,VH_framework,W,0.1027905568480491
Transformer-onehot,VH_framework,W,0.0
Transformer-onehot,VH_framework,W,0.1104568466544151
Transformer-onehot,VH_framework,W,0.0
Transformer-onehot,VH_framework,W,0.0
Transformer-onehot,VH_framework,W,0.0
Transformer-onehot,VH_framework,W,0.0
Transformer-onehot,VH_framework,W,0.0
Transformer-onehot,VH_framework,W,0.0
Transformer-onehot,VH_framework,W,0.0
Transformer-onehot,VH_framework,W,0.0
Transformer-onehot,VH_framework,W,0.1126075014472007
Transformer-onehot,VH_framework,W,0.0
Transformer-onehot,VH_framework,W,0.0
Transformer-onehot,VH_framework,W,0.0
Transformer-onehot,VH_framework,W,0.129909873008728
Transformer-onehot,VH_framework,W,0.0
Transformer-onehot,VH_framework,W,0.0
Transformer-onehot,VH_framework,W,0.1022985130548477
Transformer-onehot,VH_framework,W,0.0
Transformer-onehot,VH_framework,W,0.0
Transformer-onehot,VH_framework,W,0.0
Transformer-onehot,VH_framework,W,0.1068377792835235
Transformer-onehot,VH_framework,W,0.0
Transformer-onehot,VH_framework,W,0.1262251585721969
Transformer-onehot,VH_framework,W,0.1079283878207206
Transformer-onehot,VH_framework,W,0.0
Transformer-onehot,VH_framework,W,0.0
Transformer-onehot,VH_framework,W,0.110062651336193
Transformer-onehot,VH_framework,W,0.0
Transformer-onehot,VH_framework,W,0.0
Transformer-onehot,VH_framework,W,0.0
Transformer-onehot,VH_framework,W,0.0
Transformer-onehot,VH_framework,W,0.117520272731781
Transformer-onehot,VH_framework,W,0.0
Transformer-onehot,VH_framework,W,0.0
Transformer-onehot,VH_framework,W,0.0969755724072456
Transformer-onehot,VH_framework,W,0.0
Transformer-onehot,VH_framework,W,0.0
Transformer-onehot,VH_framework,W,0.0
Transformer-onehot,VH_framework,W,0.0
Transformer-onehot,VH_framework,W,0.0968269184231758
Transformer-onehot,VH_framework,W,0.0
Transformer-onehot,VH_framework,Y,-0.113127551972866
Transformer-onehot,VH_framework,Y,-0.1337854862213134
Transformer-onehot,VH_framework,Y,-0.0863194614648819
Transformer-onehot,VH_framework,Y,-0.1207107678055763
Transformer-onehot,VH_framework,Y,-0.0860728174448013
Transformer-onehot,VH_framework,Y,-0.090177871286869
Transformer-onehot,VH_framework,Y,-0.1992191076278686
Transformer-onehot,VH_framework,Y,-0.1337496638298034
Transformer-onehot,VH_framework,Y,-0.132132351398468
Transformer-onehot,VH_framework,Y,-0.23305144906044
Transformer-onehot,VH_framework,Y,-0.0897851735353469
Transformer-onehot,VH_framework,Y,-0.2105792462825775
Transformer-onehot,VH_framework,Y,-0.1208436489105224
Transformer-onehot,VH_framework,Y,-0.0941542759537696
Transformer-onehot,VH_framework,Y,-0.1206978037953376
Transformer-onehot,VH_framework,Y,-0.2060708105564117
Transformer-onehot,VH_framework,Y,-0.1194948852062225
Transformer-onehot,VH_framework,Y,-0.1213209480047226
Transformer-onehot,VH_framework,Y,-0.1268706917762756
Transformer-onehot,VH_framework,Y,-0.126183733344078
Transformer-onehot,VH_framework,Y,-0.1288944035768509
Transformer-onehot,VH_framework,Y,-0.1287461668252945
Transformer-onehot,VH_framework,Y,-0.1327440738677978
Transformer-onehot,VH_framework,Y,-0.1169350668787956
Transformer-onehot,VH_framework,Y,-0.0894502103328704
Transformer-onehot,VH_framework,Y,-0.1173745393753051
Transformer-onehot,VH_framework,Y,-0.2231769561767578
Transformer-onehot,VH_framework,Y,-0.119847297668457
Transformer-onehot,VH_framework,Y,-0.1365242451429367
Transformer-onehot,VH_framework,Y,-0.1190359592437744
Transformer-onehot,VH_framework,Y,-0.1314038783311844
Transformer-onehot,VH_framework,Y,-0.1205689311027526
Transformer-onehot,VH_framework,Y,-0.1301229149103164
Transformer-onehot,VH_framework,Y,-0.0906020775437355
Transformer-onehot,VH_framework,Y,-0.0919757783412933
Transformer-onehot,VH_framework,Y,-0.1369975954294204
Transformer-onehot,VH_framework,Y,-0.1189838722348213
Transformer-onehot,VH_framework,Y,-0.1229907497763633
Transformer-onehot,VH_framework,Y,-0.1167835891246795
Transformer-onehot,VH_framework,Y,-0.0956635847687721
Transformer-onehot,VH_framework,Y,-0.1273400783538818
Transformer-onehot,VH_framework,Y,-0.1114721223711967
Transformer-onehot,VH_framework,Y,-0.1229389831423759
Transformer-onehot,VH_framework,Y,-0.2296116352081298
Transformer-onehot,VH_framework,Y,-0.1198361665010452
Transformer-onehot,VH_framework,Y,-0.0865321606397628
Transformer-onehot,VH_framework,Y,-0.0839912444353103
Transformer-onehot,VH_framework,Y,-0.1332913041114807
Transformer-onehot,VH_framework,Y,-0.2176150232553482
Transformer-onehot,VH_framework,Y,-0.1322492212057113
Transformer-onehot,VH_framework,Y,-0.1343251317739486
Transformer-onehot,VH_framework,Y,-0.1272431313991546
Transformer-onehot,VH_framework,Y,-0.1329218298196792
Transformer-onehot,VH_framework,Y,-0.1268978118896484
Transformer-onehot,VH_framework,Y,-0.1366498470306396
Transformer-onehot,VH_framework,Y,-0.1274765729904174
Transformer-onehot,VH_framework,Y,0.0
Transformer-onehot,VH_framework,Y,-0.122487723827362
Transformer-onehot,VH_framework,Y,-0.1372657418251037
Transformer-onehot,VH_framework,Y,-0.0848879590630531
Transformer-onehot,VH_framework,Y,-0.087479643523693
Transformer-onehot,VH_framework,Y,-0.1167894378304481
Transformer-onehot,VH_framework,Y,-0.1193918213248252
Transformer-onehot,VH_framework,Y,-0.1262909322977066
Transformer-onehot,VH_framework,Y,-0.1121272146701812
Transformer-onehot,VH_framework,Y,-0.1225376725196838
Transformer-onehot,VH_framework,Y,-0.1193983927369117
Transformer-onehot,VH_framework,Y,-0.12437205016613
Transformer-onehot,VH_framework,Y,-0.1310027092695236
Transformer-onehot,VH_framework,Y,-0.2123685032129287
Transformer-onehot,VH_framework,Y,-0.1254694908857345
Transformer-onehot,VH_framework,Y,-0.1353181153535843
Transformer-onehot,VH_framework,Y,-0.1295411437749862
Transformer-onehot,VH_framework,Y,-0.0893241763114929
Transformer-onehot,VH_framework,Y,-0.1298933625221252
Transformer-onehot,VH_framework,Y,-0.1307647824287414
Transformer-onehot,VH_framework,Y,-0.0931670293211937
Transformer-onehot,VH_framework,Y,-0.0945440381765365
Transformer-onehot,VH_framework,Y,-0.1240046992897987
Transformer-onehot,VH_framework,Y,-0.0880400016903877
Transformer-onehot,VH_framework,Y,-0.1158145293593406
Transformer-onehot,VH_framework,Y,-0.1248182877898216
Transformer-onehot,VH_framework,Y,-0.1332457661628723
Transformer-onehot,VH_framework,Y,-0.0915711298584938
Transformer-onehot,VH_framework,Y,-0.1180078536272049
Transformer-onehot,VH_framework,Y,-0.0860090255737304
Transformer-onehot,VH_framework,Y,-0.1117035746574401
Transformer-onehot,VH_framework,Y,-0.1319346874952316
Transformer-onehot,VH_framework,Y,-0.2239737212657928
Transformer-onehot,VH_framework,Y,-0.2278798818588256
Transformer-onehot,VH_framework,Y,-0.1158769875764846
Transformer-onehot,VH_framework,Y,-0.130116581916809
Transformer-onehot,VH_framework,Y,-0.1167440637946128
Transformer-onehot,VH_framework,Y,-0.1130244135856628
Transformer-onehot,VH_framework,Y,0.0
Transformer-onehot,VH_framework,Y,-0.1345469057559967
Transformer-onehot,VH_framework,Y,-0.2202671766281128
Transformer-onehot,VH_framework,Y,-0.2079924643039703
Transformer-onehot,VH_framework,Y,-0.2195565402507782
Transformer-onehot,VH_framework,Y,-0.2289162278175354
Transformer-onehot,VH_framework,Y,-0.1219258531928062
Transformer-onehot,VH_framework,Y,-0.1349968463182449
Transformer-onehot,VH_framework,Y,-0.1151367202401161
Transformer-onehot,VH_framework,Y,-0.1168455183506012
Transformer-onehot,VH_framework,Y,-0.1262374818325042
Transformer-onehot,VH_framework,Y,-0.1122432202100753
Transformer-onehot,VH_framework,Y,-0.1259071230888366
Transformer-onehot,VH_framework,Y,-0.1326502412557602
Transformer-onehot,VH_framework,Y,-0.1284704804420471
Transformer-onehot,VH_framework,Y,-0.1328372210264206
Transformer-onehot,VH_framework,Y,-0.1262474209070205
Transformer-onehot,VH_framework,Y,-0.1298253983259201
Transformer-onehot,VH_framework,Y,-0.087038367986679
Transformer-onehot,VH_framework,Y,-0.1205551847815513
Transformer-onehot,VH_framework,Y,-0.1159369498491287
Transformer-onehot,VH_framework,Y,-0.1329848319292068
Transformer-onehot,VH_framework,Y,-0.1232890039682388
Transformer-onehot,VH_framework,Y,-0.1160425990819931
Transformer-onehot,VH_framework,Y,-0.1199706643819809
Transformer-onehot,VH_framework,Y,-0.1342063993215561
Transformer-onehot,VH_framework,Y,-0.0865771323442459
Transformer-onehot,VH_framework,Y,-0.1216817274689674
Transformer-onehot,VH_framework,Y,-0.2094387114048004
Transformer-onehot,VH_framework,Y,-0.1125928536057472
Transformer-onehot,VH_framework,Y,-0.1214278489351272
Transformer-onehot,VH_framework,Y,-0.1171147301793098
Transformer-onehot,VH_framework,Y,-0.0874319151043891
Transformer-onehot,VH_framework,Y,-0.210002064704895
Transformer-onehot,VH_framework,Y,-0.1319427192211151
Transformer-onehot,VH_framework,Y,-0.1233041584491729
Transformer-onehot,VH_framework,Y,-0.0869964584708213
Transformer-onehot,VH_framework,Y,-0.1134998202323913
Transformer-onehot,VH_framework,Y,-0.1171517521142959
Transformer-onehot,VH_framework,Y,-0.1290829479694366
Transformer-onehot,VH_framework,Y,-0.1151846200227737
Transformer-onehot,VH_framework,Y,-0.1169653981924057
Transformer-onehot,VH_framework,Y,-0.2308591157197952
Transformer-onehot,VH_framework,Y,-0.1265473663806915
Transformer-onehot,VH_framework,Y,-0.1229179799556732
Transformer-onehot,VH_framework,Y,0.0
Transformer-onehot,VH_framework,Y,-0.1245053112506866
Transformer-onehot,VH_framework,Y,-0.1140923947095871
Transformer-onehot,VH_framework,Y,-0.0842480957508087
Transformer-onehot,VH_framework,Y,-0.2098884284496307
Transformer-onehot,VH_framework,Y,-0.1178347244858741
Transformer-onehot,VH_framework,Y,-0.0903630182147026
Transformer-onehot,VH_framework,Y,-0.1317901760339737
Transformer-onehot,VH_framework,Y,-0.2158992439508438
Transformer-onehot,VH_framework,Y,-0.2276853322982788
Transformer-onehot,VH_framework,Y,-0.1214949861168861
Transformer-onehot,VH_framework,Y,-0.1333599537611007
Transformer-onehot,VH_framework,Y,-0.1205352991819381
Transformer-onehot,VH_framework,Y,-0.0889779180288314
Transformer-onehot,VH_framework,Y,-0.1146982163190841
Transformer-onehot,VH_framework,Y,-0.1156033426523208
Transformer-onehot,VH_framework,Y,-0.137032464146614
Transformer-onehot,VH_framework,Y,-0.1299588084220886
Transformer-onehot,VH_framework,Y,-0.1218623369932174
Transformer-onehot,VH_framework,Y,-0.1132972687482833
Transformer-onehot,VH_framework,Y,0.0
Transformer-onehot,VH_framework,Y,-0.1379687190055847
Transformer-onehot,VH_framework,Y,-0.1265631765127182
Transformer-onehot,VH_framework,Y,0.0
Transformer-onehot,VH_framework,Y,-0.1301621347665786
Transformer-onehot,VH_framework,Y,-0.1273746192455291
Transformer-onehot,VH_framework,Y,-0.1272654682397842
Transformer-onehot,VH_framework,Y,-0.1167877539992332
Transformer-onehot,VH_framework,Y,-0.1118684336543083
Transformer-onehot,VH_framework,Y,-0.1150408610701561
Transformer-onehot,VH_framework,Y,-0.2145101428031921
Transformer-onehot,VH_framework,Y,-0.128689557313919
Transformer-onehot,VH_framework,Y,-0.1187526285648346
Transformer-onehot,VH_framework,Y,-0.1327262371778488
Transformer-onehot,VH_framework,Y,-0.1182780116796493
Transformer-onehot,VH_framework,Y,-0.1258406490087509
Transformer-onehot,VH_framework,Y,-0.1181345805525779
Transformer-onehot,VH_framework,Y,-0.131071537733078
Transformer-onehot,VH_framework,Y,-0.1209918558597564
Transformer-onehot,VH_framework,Y,-0.1090999618172645
Transformer-onehot,VH_framework,Y,-0.1132392808794975
Transformer-onehot,VH_framework,Y,-0.0858273729681968
Transformer-onehot,VH_framework,Y,-0.1316009014844894
Transformer-onehot,VH_framework,Y,-0.1325061470270156
Transformer-onehot,VH_framework,Y,-0.1123852953314781
Transformer-onehot,VH_framework,Y,-0.1172236204147338
Transformer-onehot,VH_framework,Y,-0.1248319074511528
Transformer-onehot,VH_framework,Y,-0.1317109912633896
Transformer-onehot,VH_framework,Y,-0.1280082017183303
Transformer-onehot,VH_framework,Y,-0.0859981626272201
Transformer-onehot,VH_framework,Y,-0.1269232630729675
Transformer-onehot,VH_framework,Y,-0.1295740157365799
Transformer-onehot,VH_framework,Y,-0.1229594275355339
Transformer-onehot,VH_framework,Y,-0.0879920572042465
Transformer-onehot,VH_framework,Y,-0.2073297202587127
Transformer-onehot,VH_framework,Y,-0.1100461259484291
Transformer-onehot,VH_framework,Y,-0.1235861405730247
Transformer-onehot,VH_framework,Y,-0.1301049590110778
Transformer-onehot,VH_framework,Y,-0.133316233754158
Transformer-onehot,VH_framework,Y,-0.1104499772191047
Transformer-onehot,VH_framework,Y,-0.1235905289649963
Transformer-onehot,VH_framework,Y,-0.2050702571868896
Transformer-onehot,VH_framework,Y,-0.1352337747812271
Transformer-onehot,VH_framework,Y,-0.1257525980472564
Transformer-onehot,VH_framework,Y,-0.1166334748268127
Transformer-onehot,VH_framework,Y,-0.1364084333181381
Transformer-onehot,VH_framework,Y,-0.1293096095323562
Transformer-onehot,VH_framework,Y,-0.1197008565068245
Transformer-onehot,VH_framework,Y,-0.1227485314011573
Transformer-onehot,VH_framework,Y,-0.0878653973340988
Transformer-onehot,VH_framework,Y,-0.1362564861774444
Transformer-onehot,VH_framework,Y,-0.2287101000547409
Transformer-onehot,VH_framework,Y,-0.1197079792618751
Transformer-onehot,VH_framework,Y,-0.1291524767875671
Transformer-onehot,VH_framework,Y,-0.1165310218930244
Transformer-onehot,VH_framework,Y,-0.1181596368551254
Transformer-onehot,VH_framework,Y,-0.0874830409884452
Transformer-onehot,VH_framework,Y,-0.123234823346138
Transformer-onehot,VH_framework,Y,-0.1358747482299804
Transformer-onehot,VH_framework,Y,-0.1266105473041534
Transformer-onehot,VH_framework,Y,-0.0922945439815521
Transformer-onehot,VH_framework,Y,-0.1160747781395912
Transformer-onehot,VH_framework,Y,-0.109708659350872
Transformer-onehot,VH_framework,Y,-0.0925366058945655
Transformer-onehot,VH_framework,Y,-0.1256178617477417
Transformer-onehot,VH_framework,Y,-0.0898738205432891
Transformer-onehot,VH_framework,Y,-0.0845485106110572
Transformer-onehot,VH_framework,Y,-0.0937940329313278
Transformer-onehot,VH_framework,Y,-0.2214931845664978
Transformer-onehot,VH_framework,Y,-0.114165760576725
Transformer-onehot,VH_framework,Y,-0.1315866857767105
Transformer-onehot,VH_framework,Y,-0.1222040131688118
Transformer-onehot,VH_framework,Y,-0.1370143294334411
Transformer-onehot,VH_framework,Y,-0.126790165901184
Transformer-onehot,VH_framework,Y,-0.0856985822319984
Transformer-onehot,VH_framework,Y,-0.1133715063333511
Transformer-onehot,VH_framework,Y,-0.1218771040439605
Transformer-onehot,VH_framework,Y,-0.1318714469671249
Transformer-onehot,VH_framework,Y,0.0
Transformer-onehot,VH_framework,Y,-0.1314247399568557
Transformer-onehot,VH_framework,Y,-0.2209281176328659
Transformer-onehot,VH_framework,Y,-0.1315145641565323
Transformer-onehot,VH_framework,Y,-0.0936318635940551
Transformer-onehot,VH_framework,Y,-0.1223086416721344
Transformer-onehot,VH_framework,Y,-0.1275834739208221
Transformer-onehot,VH_framework,Y,-0.1350741684436798
Transformer-onehot,VH_framework,Y,-0.1227027475833892
Transformer-onehot,VH_framework,Y,-0.1170569136738777
Transformer-onehot,VH_framework,Y,-0.087148979306221
Transformer-onehot,VH_framework,Y,-0.121676281094551
Transformer-onehot,VH_framework,Y,-0.1331943720579147
Transformer-onehot,VH_framework,Y,0.0
Transformer-onehot,VH_framework,Y,0.0
Transformer-onehot,VH_framework,Y,-0.1278409659862518
Transformer-onehot,VH_framework,Y,-0.1219483390450477
Transformer-onehot,VH_framework,Y,0.0
Transformer-onehot,VH_framework,Y,-0.2251794636249542
Transformer-onehot,VH_framework,Y,-0.1318475902080536
Transformer-onehot,VH_framework,Y,-0.0766751319169998
Transformer-onehot,VH_framework,Y,-0.1298391669988632
Transformer-onehot,VH_framework,Y,-0.1213007494807243
Transformer-onehot,VH_framework,Y,-0.0761452987790107
Transformer-onehot,VH_framework,Y,-0.1340323388576507
Transformer-onehot,VH_framework,Y,-0.0831325128674507
Transformer-onehot,VH_framework,Y,-0.1260019838809967
Transformer-onehot,VH_framework,Y,0.0
Transformer-onehot,VH_framework,Y,0.0
Transformer-onehot,VH_framework,Y,-0.1238824054598808
Transformer-onehot,VH_framework,Y,0.0
Transformer-onehot,VH_framework,Y,-0.1241350620985031
Transformer-onehot,VH_framework,Y,0.0
Transformer-onehot,VH_framework,Y,-0.0833720341324806
Transformer-onehot,VH_framework,Y,-0.0711555331945419
Transformer-onehot,VH_framework,Y,-0.0866266340017318
Transformer-onehot,VH_framework,Y,-0.1294944286346435
Transformer-onehot,VH_framework,Y,0.0
Transformer-onehot,VH_framework,Y,-0.1199756935238838
Transformer-onehot,VH_framework,Y,0.0
Transformer-onehot,VH_framework,Y,-0.1233790665864944
Transformer-onehot,VH_framework,Y,0.0
Transformer-onehot,VH_framework,Y,-0.0872572660446167
Transformer-onehot,VH_framework,Y,-0.1335678845643997
Transformer-onehot,VH_framework,Y,-0.1296454519033432
Transformer-onehot,VH_framework,Y,0.0
Transformer-onehot,VH_framework,Y,-0.1324977129697799
Transformer-onehot,VH_framework,Y,-0.1329308599233627
Transformer-onehot,VH_framework,Y,-0.1138673201203346
Transformer-onehot,VH_framework,Y,-0.1233430132269859
Transformer-onehot,VH_framework,Y,-0.08858373016119
Transformer-onehot,VH_framework,Y,-0.1218704506754875
Transformer-onehot,VH_framework,Y,0.0
Transformer-onehot,VH_framework,Y,-0.1302505731582641
Transformer-onehot,VH_framework,Y,-0.1275873631238937
Transformer-onehot,VH_framework,Y,-0.2041358947753906
Transformer-onehot,VH_framework,Y,-0.082624964416027
Transformer-onehot,VH_framework,Y,0.0
Transformer-onehot,VH_framework,Y,0.0
Transformer-onehot,VH_framework,Y,-0.1141825020313263
Transformer-onehot,VH_framework,Y,-0.0753368064761161
Transformer-onehot,VH_framework,Y,-0.1219773516058921
Transformer-onehot,VH_framework,Y,-0.0845050141215324
Transformer-onehot,VH_framework,Y,-0.2100101113319397
Transformer-onehot,VH_framework,Y,-0.0772593542933464
Transformer-onehot,VH_framework,Y,0.0
Transformer-onehot,VH_framework,Y,-0.1183177083730697
Transformer-onehot,VH_framework,Y,-0.129369780421257
Transformer-onehot,VH_framework,Y,-0.0786285698413848
Transformer-onehot,VH_framework,Y,-0.0873596221208572
Transformer-onehot,VH_framework,Y,0.0
Transformer-onehot,VH_framework,Y,-0.0730490237474441
Transformer-onehot,VH_framework,Y,0.0
Transformer-onehot,VH_framework,Y,-0.1259669065475464
Transformer-onehot,VH_framework,Y,-0.1279764175415039
Transformer-onehot,VH_framework,Y,-0.1201133728027343
Transformer-onehot,VH_framework,Y,-0.1242008060216903
Transformer-onehot,VH_framework,Y,-0.1141856461763382
Transformer-onehot,VH_framework,Y,-0.2075585424900055
Transformer-onehot,VH_framework,Y,-0.0868590027093887
Transformer-onehot,VH_framework,Y,-0.1315179765224456
Transformer-onehot,VH_framework,Y,-0.1308416724205017
Transformer-onehot,VH_framework,Y,-0.2198402285575866
Transformer-onehot,VH_framework,Y,-0.1153217628598213
Transformer-onehot,VH_framework,Y,-0.0832456350326538
Transformer-onehot,VH_framework,Y,-0.118736632168293
Transformer-onehot,VH_framework,Y,-0.220592200756073
Transformer-onehot,VH_framework,Y,-0.0773940458893776
Transformer-onehot,VH_framework,Y,0.0
Transformer-onehot,VH_framework,Y,-0.190472200512886
Transformer-onehot,VH_framework,Y,-0.1281152516603469
Transformer-onehot,VH_framework,Y,-0.1962024271488189
Transformer-onehot,VH_framework,Y,-0.2180269062519073
Transformer-onehot,VH_framework,Y,-0.2114624679088592
Transformer-onehot,VH_framework,Y,-0.2038601040840149
Transformer-onehot,VH_framework,Y,-0.1357748806476593
Transformer-onehot,VH_framework,Y,-0.2090912759304046
Transformer-onehot,VH_framework,Y,-0.1250788420438766
Transformer-onehot,VH_framework,Y,-0.1233923137187957
Transformer-onehot,VH_framework,Y,-0.0766280367970466
Transformer-onehot,VH_framework,Y,-0.1255929619073867
Transformer-onehot,VH_framework,Y,-0.075798787176609
Transformer-onehot,VH_framework,Y,0.0
Transformer-onehot,VH_framework,Y,-0.128082662820816
Transformer-onehot,VH_framework,Y,-0.081038624048233
Transformer-onehot,VH_framework,Y,-0.1139954477548599
Transformer-onehot,VH_framework,Y,-0.2016356587409973
Transformer-onehot,VH_framework,Y,-0.08531354367733
Transformer-onehot,VH_framework,Y,0.0
Transformer-onehot,VH_framework,Y,-0.0721656084060669
Transformer-onehot,VH_framework,Y,-0.0889640673995018
Transformer-onehot,VH_framework,Y,0.0
Transformer-onehot,VH_framework,Y,-0.1212449520826339
Transformer-onehot,VH_framework,Y,-0.0927035138010978
Transformer-onehot,VH_framework,Y,0.0
Transformer-onehot,VH_framework,Y,0.0
Transformer-onehot,VH_framework,Y,-0.1104597523808479
Transformer-onehot,VH_framework,Y,-0.1972880363464355
Transformer-onehot,VH_framework,Y,0.0
Transformer-onehot,VH_framework,Y,-0.1334274113178253
Transformer-onehot,VH_framework,Y,-0.1324915885925293
Transformer-onehot,VH_framework,Y,-0.1271148025989532
Transformer-onehot,VH_framework,Y,-0.0781702622771263
Transformer-onehot,VH_framework,Y,-0.1340732872486114
Transformer-onehot,VH_framework,Y,0.0
Transformer-onehot,VH_framework,Y,-0.070930004119873
Transformer-onehot,VH_framework,Y,-0.1186897158622741
Transformer-onehot,VH_framework,Y,-0.1985690593719482
Transformer-onehot,VH_framework,Y,-0.1280440688133239
Transformer-onehot,VH_framework,Y,-0.0787286683917045
Transformer-onehot,VH_framework,Y,-0.124731034040451
Transformer-onehot,VH_framework,Y,-0.1237296089529991
Transformer-onehot,VH_framework,Y,-0.1273352056741714
Transformer-onehot,VH_framework,Y,-0.0866693556308746
Transformer-onehot,VH_framework,Y,-0.2115739732980728
Transformer-onehot,VH_framework,Y,-0.1857399493455886
Transformer-onehot,VH_framework,Y,-0.1314234584569931
Transformer-onehot,VH_framework,Y,-0.0702485218644142
Transformer-onehot,VH_framework,Y,-0.1250902414321899
Transformer-onehot,VH_framework,Y,0.0
Transformer-onehot,VH_framework,Y,-0.1119822412729263
Transformer-onehot,VH_framework,Y,-0.0766884833574295
Transformer-onehot,VH_framework,Y,-0.1223150566220283
Transformer-onehot,VH_framework,Y,0.0
Transformer-onehot,VH_framework,Y,0.0
Transformer-onehot,VH_framework,Y,-0.1124627664685249
Transformer-onehot,VH_framework,Y,-0.1244171634316444
Transformer-onehot,VH_framework,Y,-0.1195242777466774
Transformer-onehot,VH_framework,Y,-0.1121036782860755
Transformer-onehot,VH_framework,Y,-0.123511679470539
Transformer-onehot,VH_framework,Y,0.0
Transformer-onehot,VH_framework,Y,-0.1369797885417938
Transformer-onehot,VH_framework,Y,-0.1243321150541305
Transformer-onehot,VH_framework,Y,-0.2218382954597473
Transformer-onehot,VH_framework,Y,-0.0763512998819351
Transformer-onehot,VH_framework,Y,-0.1252306699752807
Transformer-onehot,VH_framework,Y,-0.2051636129617691
Transformer-onehot,VH_framework,Y,-0.0776017904281616
Transformer-onehot,VH_framework,Y,-0.1340668648481369
Transformer-onehot,VH_framework,Y,-0.0670311376452446
Transformer-onehot,VH_framework,Y,-0.0715836733579635
Transformer-onehot,VH_framework,Y,-0.1145547479391098
Transformer-onehot,VH_framework,Y,0.0
Transformer-onehot,VH_framework,Y,-0.1243029609322547
Transformer-onehot,VH_framework,Y,0.0
Transformer-onehot,VH_framework,Y,-0.1284042000770568
Transformer-onehot,VH_framework,Y,0.0
Transformer-onehot,VH_framework,Y,-0.1260955482721328
Transformer-onehot,VH_framework,Y,-0.1308077275753021
Transformer-onehot,VH_framework,Y,-0.1216583326458931
Transformer-onehot,VH_framework,Y,-0.0838201195001602
Transformer-onehot,VH_framework,Y,-0.069174975156784
Transformer-onehot,VH_framework,Y,-0.0874039009213447
Transformer-onehot,VH_framework,Y,0.0
Transformer-onehot,VH_framework,Y,-0.0909815803170204
Transformer-onehot,VH_framework,Y,-0.0780124962329864
Transformer-onehot,VH_framework,Y,-0.1118110790848732
Transformer-onehot,VH_framework,Y,-0.0810382440686225
Transformer-onehot,VH_framework,Y,-0.1279053092002868
Transformer-onehot,VH_framework,Y,-0.0809363946318626
Transformer-onehot,VH_framework,Y,-0.0731250047683715
Transformer-onehot,VH_framework,Y,-0.1353570520877838
Transformer-onehot,VH_framework,Y,-0.1262422353029251
Transformer-onehot,VH_framework,Y,-0.1261444985866546
Transformer-onehot,VH_framework,Y,0.0
Transformer-onehot,VH_framework,Y,-0.1229674741625785
Transformer-onehot,VH_framework,Y,-0.1329653710126876
Transformer-onehot,VH_framework,Y,0.0
Transformer-onehot,VH_framework,Y,-0.2095096707344055
Transformer-onehot,VH_framework,Y,-0.119838036596775
Transformer-onehot,VH_framework,Y,-0.0819507166743278
Transformer-onehot,VH_framework,Y,-0.0876284092664718
Transformer-onehot,VH_framework,Y,-0.1227411553263664
Transformer-onehot,VH_framework,Y,-0.1145063936710357
Transformer-onehot,VH_framework,Y,-0.2024886012077331
Transformer-onehot,VH_framework,Y,-0.2093404084444046
Transformer-onehot,VH_framework,Y,-0.0814296156167984
Transformer-onehot,VH_framework,Y,-0.0822140574455261
Transformer-onehot,VH_framework,Y,-0.2000283300876617
Transformer-onehot,VH_framework,Y,-0.189130038022995
Transformer-onehot,VH_framework,Y,0.0
Transformer-onehot,VH_framework,Y,-0.1223691031336784
Transformer-onehot,VH_framework,Y,-0.0865389704704284
Transformer-onehot,VH_framework,Y,-0.1950244456529617
Transformer-onehot,VH_framework,Y,-0.1198984235525131
Transformer-onehot,VH_framework,Y,0.0
Transformer-onehot,VH_framework,Y,-0.2011794000864029
Transformer-onehot,VH_framework,Y,0.0
Transformer-onehot,VH_framework,Y,0.0
Transformer-onehot,VH_framework,Y,0.0
Transformer-onehot,VH_framework,Y,-0.1214666441082954
Transformer-onehot,VH_framework,Y,-0.1272277981042862
Transformer-onehot,VH_framework,Y,-0.2164400517940521
Transformer-onehot,VH_framework,Y,-0.1333999335765838
Transformer-onehot,VH_framework,Y,-0.0799695253372192
Transformer-onehot,VH_framework,Y,-0.0735975801944732
Transformer-onehot,VH_framework,Y,0.0
Transformer-onehot,VH_framework,Y,-0.2203503251075744
Transformer-onehot,VH_framework,Y,-0.1351743191480636
Transformer-onehot,VH_framework,Y,-0.2075031101703643
Transformer-onehot,VH_framework,Y,0.0
Transformer-onehot,VH_framework,Y,-0.2067759335041046
Transformer-onehot,VH_framework,Y,0.0
Transformer-onehot,VH_framework,Y,-0.2090593874454498
Transformer-onehot,VH_framework,Y,-0.0908108577132225
Transformer-onehot,VH_framework,Y,-0.1209755688905716
Transformer-onehot,VH_framework,Y,-0.074763223528862
Transformer-onehot,VH_framework,Y,-0.1324430704116821
Transformer-onehot,VH_framework,Y,-0.084309883415699
Transformer-onehot,VH_framework,Y,-0.1261085122823715
Transformer-onehot,VH_framework,Y,-0.0823940336704254
Transformer-onehot,VH_framework,Y,0.0
Transformer-onehot,VH_framework,Y,-0.2280375659465789
Transformer-onehot,VH_framework,Y,-0.1165685877203941
Transformer-onehot,VH_framework,Y,-0.2207923233509063
Transformer-onehot,VH_framework,Y,0.0
Transformer-onehot,VH_framework,Y,-0.0731810331344604
Transformer-onehot,VH_framework,Y,-0.1260017603635788
Transformer-onehot,VH_framework,Y,0.0
Transformer-onehot,VH_framework,Y,-0.1199253350496292
Transformer-onehot,VH_framework,Y,-0.0779270231723785
Transformer-onehot,VH_framework,Y,-0.0711788684129715
Transformer-onehot,VH_framework,Y,0.0
Transformer-onehot,VH_framework,Y,-0.1316682547330856
Transformer-onehot,VH_framework,Y,0.0
Transformer-onehot,VH_framework,Y,0.0
Transformer-onehot,VH_framework,Y,-0.1270080655813217
Transformer-onehot,VH_framework,Y,-0.1190693750977516
Transformer-onehot,VH_framework,Y,0.0
Transformer-onehot,VH_framework,Y,-0.0805469900369644
Transformer-onehot,VH_framework,Y,-0.0825268104672432
Transformer-onehot,VH_framework,Y,-0.118227295577526
Transformer-onehot,VH_framework,Y,-0.0693585127592086
Transformer-onehot,VH_framework,Y,0.0
Transformer-onehot,VH_framework,Y,-0.0892875790596008
Transformer-onehot,VH_framework,Y,-0.1287537068128585
Transformer-onehot,VH_framework,Y,0.0
Transformer-onehot,VH_framework,Y,-0.0791417583823204
Transformer-onehot,VH_framework,Y,-0.1264943182468414
Transformer-onehot,VH_framework,Y,-0.0776253119111061
Transformer-onehot,VH_framework,Y,-0.1346521526575088
Transformer-onehot,VH_framework,Y,0.0
Transformer-onehot,VH_framework,Y,-0.0711789727210998
